0.000868123620735896,0.000897641948471208,1.49999613798942,-2.29279356151057e-08,0.5
0.000868123620735896,0.000897641948471208,1.49999613798942,-2.29279356151057e-08,0.5
0.00332524480541615,0.00232733457509898,1.50000927697387,-1.02130883489471e-07,0.5
0.00694515914570535,0.00309431724119419,1.5012286570746,1.59871446771029e-06,0.5
0.010132270750057,0.00393322242562991,1.50205417870568,2.78450003258106e-06,0.5
0,0,1.50328018886349,5.44035547048467e-06,0.5
0.00105190010118822,0.000460994729057872,1.50002533655807,2.13520321245118e-07,0.5
0,0,1.50143725211144,2.86505065970413e-06,0.5
0,0,1.49927041798817,-5.96994162067669e-07,0.5
0,0,1.49865696141408,-1.47928959930042e-06,0.5
0,0,1.49765271106488,-3.00449242168414e-06,0.5
0,0,1.49671371887803,-4.48420056320362e-06,0.5
0,0,1.49579834613722,-5.75808528057451e-06,0.5
0,0,1.49488820520412,-7.37936435104891e-06,0.5
0,0,1.4940317035433,-8.29335525491754e-06,0.5
0,0,1.49312977095725,-1.01519328035175e-05,0.5
0,0,1.49231986698459,-1.10308728994345e-05,0.5
0,0,1.49145181389277,-1.28421481791753e-05,0.5
0,0,1.49067212662952,-1.39003122556118e-05,0.5
0,0,1.48985869557609,-1.55419365176077e-05,0.5
0,0,1.48910922615184,-1.66296520742409e-05,0.5
0,0,1.48833647815469,-1.82429222779768e-05,0.5
0,0,1.48762391948608,-1.92055681975483e-05,0.5
0,0,1.48687441221286,-2.08866040504054e-05,0.5
0,0,1.48619734562409,-2.17812246008664e-05,0.5
0,0,1.48547336332423,-2.34642146688577e-05,0.5
0,0,1.4848251242859,-2.439048587873e-05,0.5
0,0,1.4841348455101,-2.60059469534476e-05,0.5
0,0,1.48351267104729,-2.69482144710729e-05,0.5
0,0,1.48285402531057,-2.85205984302419e-05,0.5
0,0,1.48225908899414,-2.97254668887269e-05,0.5
0,0,1.48166481894535,-3.10126898103779e-05,0.5
0,0.00139001661331136,1.48109623208471,-3.22628747168233e-05,0.5
0,0.00327889519377944,1.48134987398268,-3.23603244245305e-05,0.5
0,0.00507720661467596,1.48145926632778,-3.2620562699294e-05,0.5
0,0.00727567114892433,1.4832966546104,-3.04512533627378e-05,0.5
0,0.00953606778873652,1.48632691817524,-2.64919658667266e-05,0.5
0,0.0114943349637641,1.48879467218974,-2.32185586695274e-05,0.5
0,0.0135080547199253,1.49183625754429,-1.90923164022052e-05,0.5
0,0.0153809992262505,1.49513727716937,-1.44847912178645e-05,0.5
0,0.0171292125897839,1.49861652321989,-9.53019476770914e-06,0.5
0.0087560706985858,0.0187392234988051,1.50225673935196,-4.24651727648555e-06,0.5
0.0329399578919858,0.021737352363912,1.51201454568728,9.76880774184728e-06,0.5
0.0512742488759643,0.0188310745995967,1.51982939806928,2.24688000479023e-05,0.5
0.0632317297402353,0.00326332115388335,1.52615807625519,3.54036734258206e-05,0.5
0.0691116742828684,0.0157566988373477,1.52695632725794,3.47926812856418e-05,0.5
0.0917155227284279,0,1.53881468288552,5.75234660163106e-05,0.5
0.0692222318765352,0.00196172582090222,1.52744666804818,3.95531854174471e-05,0.5
0.0961027018082867,0.000641807491177903,1.53882448143892,5.703433620082e-05,0.5
0.089361795496215,0,1.53571786062091,5.40140868931871e-05,0.5
0.0830593376124607,0,1.53264391329099,5.02408393574582e-05,0.5
0.0830591813840971,0,1.53224890009082,5.03950520365798e-05,0.5
0.0803285004874828,0,1.53070924635121,4.8937903906952e-05,0.5
0.0778897155533349,0,1.5292663490255,4.7489145067932e-05,0.5
0.0755425314302296,0,1.52785416633352,4.60434267227459e-05,0.5
0.0733262979555164,0,1.52648566880382,4.46002813138804e-05,0.5
0.0712334586577252,0,1.52515836419967,4.31620031297574e-05,0.5
0.0692609324434357,0,1.52387123521954,4.17293341845006e-05,0.5
0.0514085738627832,0,1.52262305851815,4.09568101085022e-05,0.5
0.0604052917237122,0,1.52127458389277,3.88587467329814e-05,0.5
0.0538457127300931,0,1.52008845717254,3.76468751525794e-05,0.5
0.0530589940192492,0,1.51886484184512,3.60638848379948e-05,0.5
0.0510625284287812,0,1.51770446576157,3.46018922475774e-05,0.5
0.037572925712884,0,1.51656893534727,3.36049933640247e-05,0.5
0.0439026156634717,0,1.51524841727141,3.14771327258775e-05,0.5
0.0260585031375906,0,1.51414373697951,3.06466048049894e-05,0.5
0.0334212870751453,0,1.51274663332431,2.82850051981846e-05,0.5
0.0289060657438103,0,1.51160522380809,2.67892583186202e-05,0.5
0.0272609885670279,0,1.51041431485049,2.50473126903217e-05,0.5
0.0257582851978523,0,1.50927232756004,2.3349716587059e-05,0.5
0.0120693945216102,0,1.50816284432462,2.21686986393265e-05,0.5
0.018666204106586,0,1.506861885275,1.98367665044058e-05,0.5
0.00111760760486041,0,1.50578045064208,1.88133072424946e-05,0.5
0.00841128856038508,0,1.50441013404174,1.62892626250119e-05,0.5
0.00404405659295789,0,1.5032915330655,1.46214030448384e-05,0.5
0.002494918250274,0,1.50212437196757,1.27183196968208e-05,0.5
0.00108700973783487,0,1.50100577464829,1.0865752947713e-05,0.5
0,0,1.49991940307219,9.41146395578098e-06,0.5
0,0,1.498667851692,7.06888174903374e-06,0.5
0,0,1.49761159662342,5.95472609756645e-06,0.5
0,0,1.49619562456931,3.17152011911315e-06,0.5
0,0,1.49509246760001,1.42605782872133e-06,0.5
0,0,1.49389914123621,-6.82253900229456e-07,0.5
0,0,1.4927732265762,-2.61751135631798e-06,0.5
0,0,1.49164327320509,-4.58562501746861e-06,0.5
0,0,1.49052201466336,-6.51123371162304e-06,0.5
0,0,1.48938319031512,-8.56907031556431e-06,0.5
0,0,1.48827915940651,-1.03455111341987e-05,0.5
0,0,1.4870737230877,-1.27131376669265e-05,0.5
0,0,1.48601436085053,-1.46460423188832e-05,0.5
0,0,1.48494213285568,-1.66822667786701e-05,0.5
0,0,1.48391088932589,-1.86718536799912e-05,0.5
0,0,1.48291156408261,-2.06302073550534e-05,0.5
0,0,1.48194471661406,-2.25549620744309e-05,0.5
0,0,1.48100933386267,-2.44462373963388e-05,0.5
0,0,1.48010456500367,-2.63040995906796e-05,0.5
0,0,1.479229565787,-2.81286378007975e-05,0.5
0,0,1.47838352020249,-2.99199611870871e-05,0.5
0,0,1.47756563705891,-3.16781959729044e-05,0.5
0,0,1.47677514947278,-3.34034847308101e-05,0.5
0,0,1.47601131397194,-3.50959852589633e-05,0.5
0,0,1.47527340968748,-3.67558695932072e-05,0.5
0,0,1.47456073756861,-3.8383323054318e-05,0.5
0,0,1.47387261962864,-3.99785433444127e-05,0.5
0,0,1.47320839821966,-4.15417396877976e-05,0.5
0,0,1.47256743533477,-4.30731320145861e-05,0.5
0,0,1.47194911193684,-4.45729501850523e-05,0.5
0,0,1.47135282731256,-4.60414332528418e-05,0.5
0,0,1.47077799845102,-4.7478828765243e-05,0.5
0,0,1.4702240594455,-4.88853920988002e-05,0.5
0,0.00166968313330764,1.46969046091782,-5.02613858286309e-05,0.5
0,0.00455557728481566,1.47179361677621,-4.79556983939919e-05,0.5
0,0.00713102373236897,1.47369065932326,-4.57927442486126e-05,0.5
0,0.0097728954614553,1.4760547378834,-4.29521316617446e-05,0.5
0,0.012348942239745,1.47890701729573,-3.93346565426088e-05,0.5
0,0.0148235390236814,1.48208632177504,-3.51638816160631e-05,0.5
0.0105629433277378,0.018311646535374,1.49079176954152,-2.3180488713513e-05,0.5
0.0312370256938043,0.0136138096510426,1.49985844699529,-8.6465724870466e-06,0.5
0,0,1.50692768700397,8.24698304647679e-06,0.5
0,0,1.49217034554699,-1.66125546475142e-05,0.5
0,0,1.49443915075148,-1.16167020295364e-05,0.5
0,0,1.4907696897806,-1.62925406994994e-05,0.5
0,0,1.4876910052176,-2.03929355975886e-05,0.5
0,0,1.48461283996889,-2.45234543925582e-05,0.5
0,0,1.48164405436341,-2.85978489308858e-05,0.5
0,0,1.4787711744458,-3.26144422800267e-05,0.5
0,0,1.47599284405787,-3.65733398792616e-05,0.5
0,0,1.47330586423784,-4.0473800453791e-05,0.5
0,0,1.47070738449045,-4.43154310074594e-05,0.5
0,0,1.46819461946771,-4.80978688617804e-05,0.5
0,0,1.46576488896545,-5.18208370406067e-05,0.5
0,0,1.46341560751385,-5.54841287671492e-05,0.5
0,0,1.46114428152585,-5.90876045966338e-05,0.5
0,0,1.45894850544484,-6.26311876968137e-05,0.5
0,0,1.45682595823628,-6.61148597190848e-05,0.5
0,0,1.45477440000678,-6.95386568464552e-05,0.5
0,0,1.45279166877645,-7.29026660713829e-05,0.5
0,0,1.45087567739228,-7.62070216810954e-05,0.5
0,0,1.44902441057664,-7.9451901940849e-05,0.5
0,0,1.44723592210445,-8.26375259642233e-05,0.5
0,0,1.44550833210301,-8.57641507604317e-05,0.5
0,0,1.44383982446871,-8.88320684491184e-05,0.5
0,0,1.44222864439519,-9.18416036336323e-05,0.5
0,0,1.44067309600774,-9.47931109242489e-05,0.5
0,0,1.43917154009906,-9.76869726032675e-05,0.5
0,0,1.43772239196163,-0.000100523596424345,0.5
0,0,1.43632411931225,-0.000103303413538836,0.5
0,0,1.43497524030453,-0.000106026876542287,0.5
0,0,1.43367432162531,-0.000108509218733034,0.5
0,0,1.43232388294741,-0.0001113664982317,0.5
0,0,1.43109867780821,-0.000113895964889856,0.5
0,0,1.42988637260312,-0.000116458443893628,0.5
0,0.00121731333628879,1.42872320059742,-0.000118956577936764,0.5
0,0.00508206083295151,1.4305005739776,-0.000117385797676853,0.5
0,0.00876123223051293,1.4331984135936,-0.000114403340968568,0.5
0,0.0123590258064719,1.43624838931029,-0.000110857494732855,0.5
0,0.0158833307063823,1.44008334622631,-0.000106129537708092,0.5
0,0.0195965796539387,1.44711213790107,-9.68468051908012e-05,0.5
0,0.0231299858899947,1.45601078088433,-8.4693233933499e-05,0.5
0,0.0261442663757639,1.46408505003226,-7.34180688131613e-05,0.5
0,0.00334403237002966,1.47105887297284,-5.75128319354137e-05,0.5
0,0.0217546728545325,1.47021082255914,-6.28118463488568e-05,0.5
0,0,1.48383713449725,-3.57483823281764e-05,0.5
0,0.00852280473919743,1.47065045756535,-5.83336814058901e-05,0.5
0,0.00864298300535282,1.49090891099081,-2.87455137015267e-05,0.5
0,0.00815993481346661,1.49372913009416,-2.35809279061413e-05,0.5
0,0.00632443782453515,1.50279227512026,-9.52034233446479e-06,0.5
0,0.00974136177838848,1.50907848256396,-2.54237368858574e-07,0.5
0.00242192374007625,0,1.5171527079121,1.46175603244827e-05,0.5
0,0.00113133569084061,1.50446213524244,-3.82701492305409e-06,0.5
0,0.00144995961987308,1.51389667518974,1.04115995571194e-05,0.5
0,0,1.51401679809431,1.18854808676907e-05,0.5
0,0,1.50706897639931,2.80110748473017e-06,0.5
0,0,1.50644461953817,2.43922100876831e-06,0.5
0,0,1.50381653317894,-5.75947907096119e-07,0.5
0,0,1.50138378165594,-3.53718297465459e-06,0.5
0,0,1.49900437584568,-6.47090985281109e-06,0.5
0,0,1.49670369597752,-9.3768711182676e-06,0.5
0,0,1.49447667405204,-1.22516311076724e-05,0.5
0,0,1.49232146859657,-1.50946900502053e-05,0.5
0,0,1.4902357908984,-1.7905033615402e-05,0.5
0,0,1.4882174981223,-2.0681835158854e-05,0.5
0,0,1.48626451202138,-2.34243278425846e-05,0.5
0,0,1.48437482846824,-2.61318217730415e-05,0.5
0,0,1.48254651281899,-2.88036965512632e-05,0.5
0,0,1.48077769747548,-3.1439397939669e-05,0.5
0,0,1.47906657923674,-3.40384340879461e-05,0.5
0,0,1.47741141680945,-3.66003720411652e-05,0.5
0,0,1.47581052841612,-3.91248344075246e-05,0.5
0,0,1.47426228950482,-4.16114961950792e-05,0.5
0,0,1.47276513055483,-4.40600818065538e-05,0.5
0,0,1.47131753497404,-4.64703621849356e-05,0.5
0,0,1.469918037084,-4.88421521024234e-05,0.5
0,4.85292372087603e-05,1.46856522018871,-5.11753075857488e-05,0.5
0,0.00184767225861971,1.46829921615331,-5.20062533401575e-05,0.5
0,0.00449101284315923,1.47268856228029,-4.62695083990133e-05,0.5
0,0.00667607502765683,1.47700018923233,-4.04040147429699e-05,0.5
0,0.00894956228822419,1.48216317129977,-3.32770914805706e-05,0.5
0,0.0111626387554228,1.48841916198075,-2.44385546467271e-05,0.5
0,0.0137471320788866,1.49765716221906,-1.12037863669179e-05,0.5
0,0.00386559008779483,1.50477786175611,1.76958825739478e-06,0.5
0.00196241030206943,0.0117508907783461,1.50580472620826,2.05466150757684e-06,0.5
0.0306689250598531,0.00642925610530109,1.51856113892287,2.23356985559391e-05,0.5
0.0382041277018109,0.00978604357567196,1.5211900826943,2.63477605851233e-05,0.5
0.0630786220895073,0.0104733881999351,1.53165967485956,4.22888872701946e-05,0.5
0.0785493755274451,0.0082752515396676,1.53832648003326,5.35631408129255e-05,0.5
0.0967936358761969,0.00864780590140432,1.54593936193759,6.57052559965848e-05,0.5
0.113589244979982,0.00597156639437053,1.55323520398212,7.81296827259956e-05,0.5
0.125535996397216,0.00639117293727319,1.55809663752554,8.6459592997563e-05,0.5
0.142217604697517,0.00509666352698931,1.56520189531586,9.84906367674537e-05,0.5
0.1516994167208,0.00293114864325398,1.56925432109308,0.000106254434451076,0.5
0.155365222051404,0,1.57085947800932,0.000110431091833889,0.5
0.135068870778288,0,1.56238810128748,9.99769536178359e-05,0.5
0.134531226542612,0,1.56210991640745,0.000100872618817889,0.5
0.126822665443157,0,1.55888579485668,9.77862132444461e-05,0.5
0.119856288537718,0,1.55590714597874,9.47347239229838e-05,0.5
0.113054264418488,0,1.55298339379832,9.16922018674288e-05,0.5
0.106526088528975,0,1.55015064226764,8.86583346887482e-05,0.5
0.100252613064263,0,1.54740257420328,8.56384401959971e-05,0.5
0.0942277252068285,0,1.54473717038513,8.26336655478648e-05,0.5
0.0884434318336948,0,1.54215179139759,7.96458777879056e-05,0.5
0.0828922789662455,0,1.53964397594725,7.6676688443748e-05,0.5
0.0775670314330109,0,1.53721133503679,7.37276243900892e-05,0.5
0.0724607119883562,0,1.53485156488978,7.08001049347817e-05,0.5
0.0675665847138835,0,1.53256244146179,6.78954512882226e-05,0.5
0.062878146795669,0,1.5303418177208,6.50148907786349e-05,0.5
0.0583891194471169,0,1.52818762064529,6.21595616405457e-05,0.5
0.0540934393800981,0,1.52609784840374,5.9330517465191e-05,0.5
0.0499852505984036,0,1.52407056764076,5.65287314626253e-05,0.5
0.0460588965306751,0,1.52210391087561,5.37551005233433e-05,0.5
0.0423089124835668,0,1.52019607400664,5.10104490917404e-05,0.5
0.0387300184021149,0,1.51834531391746,4.82955328595395e-05,0.5
0.0353171119240519,0,1.51654994618033,4.56110422874927e-05,0.5
0.0320652617155193,0,1.51480834285269,4.29576059631986e-05,0.5
0.0289697010761694,0,1.51311893036281,4.03357938025265e-05,0.5
0.0260258218021858,0,1.51148018748084,3.77461201017938e-05,0.5
0.0232291682962556,0,1.50989064337146,3.51890464475121e-05,0.5
0.0205754319140176,0,1.50834887572491,3.26649844902071e-05,0.5
0.018060445536968,0,1.50685350896285,3.01742985885145e-05,0.5
0.0156801783622512,0,1.50540321251601,2.77173083294745e-05,0.5
0,0,1.50399669917058,2.64971316866804e-05,0.5
0,0,1.5017107807007,2.20132091382736e-05,0.5
0,0,1.50020293542821,1.96859126475454e-05,0.5
0,0,1.4984689297162,1.67271230363861e-05,0.5
0,0,1.49682136173153,1.38711931556981e-05,0.5
0,0,1.49521765037984,1.1048231424437e-05,0.5
0,0,1.49366372961212,8.26873315597566e-06,0.5
0,0,1.492157585509,5.91717152387574e-06,0.5
0,0,1.49037484836078,2.52848408679589e-06,0.5
0,0,1.48889430376221,9.48791730952917e-07,0.5
0,0,1.48646724167468,-3.80324883695643e-06,0.5
0,0,1.48481584082674,-6.55084066901085e-06,0.5
0,0,1.48295027749026,-9.86680012778445e-06,0.5
0,0,1.48117538545698,-1.30728378134097e-05,0.5
0,0,1.47944999360622,-1.62342812949649e-05,0.5
0,0,1.47777962461147,-1.93415566573158e-05,0.5
0,0,1.47616211549648,-2.18635317739587e-05,0.5
0,0,1.47423471187262,-2.57064373612532e-05,0.5
0,0,1.47264990054623,-2.79173018264055e-05,0.5
0,0,1.47058583413644,-3.20892476669086e-05,0.5
0,0,1.46893293298,-3.5067539448178e-05,0.5
0,0,1.46719832867875,-3.83479342634438e-05,0.5
0,0,1.46553889116937,-4.15320486386258e-05,0.5
0,0,1.46392949776909,-4.45117474417742e-05,0.5
0,0,1.46228166831288,-4.7808524975103e-05,0.5
0,0,1.46075931660893,-4.89137051004342e-05,0.5
0,0,1.45812033474921,-5.47134785305228e-05,0.5
0,0,1.45647117999927,-5.74498876005034e-05,0.5
0,0,1.45451343830941,-6.10900984292322e-05,0.5
0,0,1.4526736246982,-6.45583377759312e-05,0.5
0,0,1.45088429566009,-6.79783368705003e-05,0.5
0,0,1.44915537025301,-7.13315355680007e-05,0.5
0,0,1.4474841506428,-7.4619300096826e-05,0.5
0,0,1.44586911244643,-7.78421320614366e-05,0.5
0,0,1.44430861752752,-8.10006208477e-05,0.5
0,0,1.44280109904503,-8.38072344100886e-05,0.5
0,0,1.44115149338178,-8.72740228384075e-05,0.5
0,0,1.43970961486457,-8.92382748281084e-05,0.5
0,0,1.43760087820538,-9.37353244837704e-05,0.5
0,0,1.43608718171142,-9.65832694167051e-05,0.5
0,0,1.43441940514998,-9.98749839866937e-05,0.5
0,0,1.43283841596967,-0.000103045902992505,0.5
0,0,1.43130677343349,-0.000106102045624648,0.5
0,0,1.42979024943135,-0.000108996733763036,0.5
0,0,1.42819656697149,-0.000112331274312718,0.5
0,0,1.42677330347131,-0.000114255681395241,0.5
0,0,1.42468664991475,-0.000118695480904403,0.5
0,0,1.42320308292982,-0.000121427882023422,0.5
0,0,1.42152319482793,-0.000124740063897247,0.5
0,0,1.41996373729067,-0.000127843217069574,0.5
0,0,1.4184424714495,-0.00013076183493298,0.5
0,0,1.41686314627022,-0.000134003299366443,0.5
0,0,1.41543059279131,-0.000136392641078074,0.5
0,0,1.41361774628273,-0.000140147214898074,0.5
0,0,1.41218560074925,-0.000142441949366578,0.5
0,0,1.41029729453536,-0.000146258205166045,0.5
0,0,1.40879594009803,-0.000148840734490449,0.5
0,0,1.4070065726999,-0.00015238035687448,0.5
0,0,1.40547271197111,-0.000155074376677914,0.5
0,0,1.40372529965124,-0.000158532690556867,0.5
0,0,1.40220826975521,-0.000161080805780624,0.5
0,0.00100959845839438,1.40039245341885,-0.000164687392837978,0.5
0,0,1.40211583547978,-0.00016269076330751,0.5
0,0.00625916700389609,1.39783588985598,-0.000169544130659936,0.5
0,0.00586378836504715,1.40350900108161,-0.000162303395515844,0.5
0,0.0122865049043622,1.40308509636633,-0.000163522645159749,0.5
0,0.0159695676721991,1.40744561793378,-0.000158187183125763,0.5
0,0.0197187570491397,1.41079015648481,-0.000153998430874407,0.5
0,0.0233255316234738,1.41215577650887,-0.000152532955839776,0.5
0,0.0271070286561898,1.41577978190118,-0.00014795130022823,0.5
0,0.0307810158267153,1.42251251785093,-0.000138918439796199,0.5
0,0.0338286138207634,1.42728940003797,-0.000132363673989957,0.5
0,0.0368963075432016,1.43304033898733,-0.00012443457897566,0.5
0,0.0401169518567685,1.4430679289554,-0.000110403129673267,0.5
0,0.0156575778486345,1.44970557224643,-9.39380634454187e-05,0.5
0,0.0367936488918982,1.45840824357863,-8.64095798021448e-05,0.5
0,0,1.46265629093696,-6.23020222489172e-05,0.5
0,0.011241124868018,1.4519908401785,-8.88303125110514e-05,0.5
0,0.000435981352374366,1.47494832965722,-5.2205343447162e-05,0.5
0,0,1.46047474287503,-7.19378239697185e-05,0.5
0,0,1.45973349052003,-7.32108530514481e-05,0.5
0,0,1.45771543083634,-7.57185827438184e-05,0.5
0,0,1.45497951574389,-7.95057578146408e-05,0.5
0,0.000693610753364588,1.45233888352552,-8.322017737531e-05,0.5
0,0.00250157813268409,1.45479629078799,-7.98428881472897e-05,0.5
0,0.00402179519798465,1.45813663347922,-7.50543846225923e-05,0.5
0,0.00556918212807298,1.46198044679191,-6.95186788532381e-05,0.5
0,0.007156491448213,1.46711925665013,-6.20692812391393e-05,0.5
0,0.00862008864548137,1.47314642236749,-5.32222510591357e-05,0.5
0,0.0103427303125716,1.48180578508201,-4.05125082616479e-05,0.5
0,0.0107975331983706,1.48989020826401,-2.81789426366824e-05,0.5
0,0.00959139459568905,1.49736966307326,-1.62935536889612e-05,0.5
0,0.0115957310079437,1.50481769822245,-5.07025042665959e-06,0.5
0,0.0111512197426826,1.51218479437678,6.69849557165051e-06,0.5
0,0.0108385551035077,1.51911495693312,1.78679161986949e-05,0.5
0,0.0102152539300881,1.52590299074596,2.89801829198632e-05,0.5
0,0.00914364526037957,1.53211230314026,3.94051435114088e-05,0.5
0.0117677789040051,0.00758777110544427,1.53751428987567,4.8778427764775e-05,0.5
0.0212393231204289,0.00546018032322078,1.54176926973228,5.65816830348241e-05,0.5
0.0304712425226463,0.00316716839846,1.54593463079611,6.42953696740738e-05,0.5
0.0308941463903657,0,1.54639873335686,6.672900075786e-05,0.5
0.00747801320134191,0,1.53677943523828,5.44263635845337e-05,0.5
0.00439684547660914,0,1.53561211729158,5.3874103742299e-05,0.5
0,0,1.53144174317766,4.9209772652442e-05,0.5
0,0,1.5275632659805,4.46447178608268e-05,0.5
0,0,1.5237701575028,4.01172617050611e-05,0.5
0,0,1.52010067363528,3.56334607767867e-05,0.5
0,0,1.5165469374248,3.11978751968839e-05,0.5
0,0,1.51310592222196,2.68112557105785e-05,0.5
0,0,1.50977392783595,2.24750429621569e-05,0.5
0,0,1.50654748990083,1.81903958411536e-05,0.5
0,0,1.5034232537477,1.39583798104744e-05,0.5
0,0,1.50039798887646,9.77994153750121e-06,0.5
0,0,1.49746858111655,5.65592090373838e-06,0.5
0,0,1.49463202833906,1.58705651196098e-06,0.5
0,0,1.49188543584606,-2.42600812358067e-06,0.5
0,0,1.48922601204287,-6.38271887147438e-06,0.5
0,0,1.48665106428876,-1.02826055566473e-05,0.5
0,0,1.48415799493226,-1.41252768275859e-05,0.5
0,0,1.48174429751996,-1.79104152973839e-05,0.5
0,0,1.47940755317132,-2.16377729450953e-05,0.5
0,0,1.4771454271113,-2.53071667637303e-05,0.5
0,0,1.47495566535384,-2.89184746420796e-05,0.5
0,0,1.47283609152886,-3.24716314682008e-05,0.5
0,0,1.4707846038463,-3.59666254430406e-05,0.5
0,0,1.46879917219085,-3.94034945932634e-05,0.5
0,0,1.4668778353412,-4.27823234729328e-05,0.5
0,0,1.4650186983083,-4.61032400442234e-05,0.5
0,0,1.46321992978694,-4.93664127278588e-05,0.5
0,0,1.46147975971569,-5.25720476144493e-05,0.5
0,0,1.45979647693998,-5.57203858283653e-05,0.5
0,0,1.45816842697396,-5.88117010362129e-05,0.5
0,0,1.45659400985632,-6.18462970923917e-05,0.5
0,0,1.45507167809603,-6.48245058146037e-05,0.5
0,0,1.45359993470394,-6.77466848825505e-05,0.5
0,0,1.45217733130619,-7.06132158534066e-05,0.5
0,0,1.45080246633598,-7.34245022879881e-05,0.5
0,0,1.44947398330005,-7.61809679818479e-05,0.5
0,0,1.44819056911659,-7.88830552958313e-05,0.5
0,0,1.44695095252132,-8.15312235809003e-05,0.5
0,0,1.44575390253892,-8.41259476923111e-05,0.5
0,0,1.44459822701661,-8.6667716588474e-05,0.5
0,0,1.44348277121738,-8.91570320100732e-05,0.5
0,0,1.44240641647018,-9.15944072352456e-05,0.5
0,0,1.44136807887451,-9.39803659068363e-05,0.5
0,0.000610215169212863,1.44036670805709,-9.63154409279544e-05,0.5
0,0.00418854247961633,1.4430235689228,-9.35355126052776e-05,0.5
0,0.00785354685026809,1.44891456446815,-8.6051716281626e-05,0.5
0,0.0111853808855704,1.45490364252319,-7.82098648838152e-05,0.5
0,0.0145090605216008,1.46218919853359,-6.84101753962897e-05,0.5
0,0.0176249999575551,1.47052808219869,-5.68850147792641e-05,0.5
0,0.0194576735340396,1.47925887694093,-4.43308415966214e-05,0.5
0,0.00760328616199787,1.48640029807064,-3.08729611432338e-05,0.5
0,0.0188487080683817,1.49068088464054,-2.67981610865511e-05,0.5
0,0,1.50045293988458,-6.68171093307431e-06,0.5
0,0.00719110727945232,1.48861765346703,-2.64664619529571e-05,0.5
0,0.0077088155812301,1.50752527341992,1.38145385013718e-06,0.5
0,0.00725907517302837,1.51239492982396,9.62865006150408e-06,0.5
0.00200506170400286,0.00822547344895617,1.51896039815926,1.96740874034414e-05,0.5
0.0197488930516104,0.00234880687799616,1.52701470533608,3.35448862120391e-05,0.5
0.0196377208053638,0.0047694911826996,1.52641942288766,3.30087668844783e-05,0.5
0.0438480873516123,0.00484774050882384,1.53668327645951,4.89529959046832e-05,0.5
0.0552017246682122,0.00364983827227243,1.5414714263098,5.74127596619416e-05,0.5
0.0638464325774949,0.0022849226391785,1.54508816463343,6.40011241233068e-05,0.5
0.0686907229562322,0.000164793118834513,1.54712218380221,6.84151999877176e-05,0.5
0.0569394094672532,0,1.54215254518931,6.27190147332319e-05,0.5
0.051172820493348,0,1.53963236264724,6.02094434600004e-05,0.5
0.046067128063626,0,1.53740313478483,5.81644416453463e-05,0.5
0.0396012794582882,0,1.53457452417032,5.51291273491029e-05,0.5
0.0334477541568512,0,1.53184969093663,5.21173786813016e-05,0.5
0.0275245354236962,0,1.52920157485851,4.91217558102249e-05,0.5
0.0218475356221821,0,1.52663542090589,4.61455179336766e-05,0.5
0.0164074439307765,0,1.52414815504279,4.31906383873684e-05,0.5
0.0111971859141507,0,1.52173744056139,4.02584684499282e-05,0.5
0.00620955114167255,0,1.51940089608463,3.73503837239156e-05,0.5
0.00143762338649802,0,1.51713623744436,3.44676396830487e-05,0.5
0,0,1.51494125785,3.16114019721936e-05,0.5
0,0,1.51281382762994,2.87827465346883e-05,0.5
0,0,1.51075189088362,2.5982664896758e-05,0.5
0,0,1.50875346269548,2.32120684184862e-05,0.5
0,0,1.50681662639691,2.0471792472555e-05,0.5
0,0,1.50493953095142,1.77626004049461e-05,0.5
0,0,1.50312038844639,1.5085187310322e-05,0.5
0,0,1.5013574716885,1.24401836272014e-05,0.5
0,0,1.49964911189805,9.82815856190058e-06,0.5
0,0,1.49799369649796,7.24962334916292e-06,0.5
0,0,1.4963896669933,4.70503435712734e-06,0.5
0,0,1.49483551693739,2.19479604390695e-06,0.5
0,0,1.49332978998088,-2.80736227287955e-07,0.5
0,0,1.49187107800004,-2.72125350787574e-06,0.5
0,0,1.490458019301,-5.12649071218143e-06,0.5
0,0,1.48908929689665,-7.49622418826554e-06,0.5
0,0,1.48776363685297,-9.83026940558382e-06,0.5
0,0,1.48647980670202,-1.2128478754026e-05,0.5
0,0,1.4852366139186,-1.4390739449137e-05,0.5
0,0,1.48403290445786,-1.66169715385665e-05,0.5
0,0,1.48286756135139,-1.88071260050253e-05,0.5
0,0,1.48173950335922,-2.09611829612462e-05,0.5
0,0,1.48064768367533,-2.3079149932659e-05,0.5
0,0,1.47959108868453,-2.51610602236863e-05,0.5
0,0,1.47856873676842,-2.72069713637618e-05,0.5
0,0,1.47757967715843,-2.92169636293494e-05,0.5
0,0,1.47662298883398,-3.11911386384198e-05,0.5
0,0,1.47569777946383,-3.31296180140007e-05,0.5
0,0,1.47480318438875,-3.50325421135789e-05,0.5
0,0,1.47393836564403,-3.69000688212787e-05,0.5
0,0,1.47310251101981,-3.87323723998857e-05,0.5
0,0,1.47229483315799,-4.05296423999204e-05,0.5
0,0,1.471514568684,-4.22920826230951e-05,0.5
0,0,1.47076097737209,-4.40199101376127e-05,0.5
0,0,1.47003334134267,-4.57133543428821e-05,0.5
0,0,1.46933096429051,-4.7372656081338e-05,0.5
0,0.000246997321736253,1.46865317074233,-4.89980667951595e-05,0.5
0,0.00281301703116009,1.46967629808639,-4.82378002260893e-05,0.5
0,0.0057479149368315,1.47346745027517,-4.35075336601115e-05,0.5
0,0.00836850115041394,1.47718179732817,-3.87097845497667e-05,0.5
0,0.0114401338185282,1.4836753898498,-2.99342098967131e-05,0.5
0,0.0147787071255607,1.49452904161097,-1.47006093975609e-05,0.5
0.0120341913189048,0.00825175003368399,1.50089309375947,-3.62928472452179e-06,0.5
0.0239431479211487,0.0156933889859081,1.50490619251118,1.00810293556483e-06,0.5
0.0470668039846531,0.0056788181107157,1.51560941847163,1.91523267483791e-05,0.5
0.0482618399721008,0.00959815891763478,1.51762745167215,2.15051486182573e-05,0.5
0.0768880125449616,0.0121128869422911,1.52785239946196,3.69365173575468e-05,0.5
0.0933612384108326,0.0100301098340485,1.53535776824159,4.92132764968284e-05,0.5
0.109470543762866,0.0119536900245722,1.54178993586672,5.9258232945201e-05,0.5
0.128938691831194,0.0103834370633824,1.55005072174691,7.27887333929564e-05,0.5
0.13973053874813,0.0106583358486263,1.55433568346999,8.02611984936986e-05,0.5
0.156010923040179,0.0101036089893512,1.56110220211191,9.15495709894438e-05,0.5
0.175112905539498,0.0059556578632276,1.56947463890785,0.000106035001316892,0.5
0.179558136420787,0.0060036500425588,1.57101641735313,0.0001097502257368,0.5
0.188871328379049,0.00336205163942607,1.57495644854371,0.000117342095142377,0.5
0.190778152640767,3.89876593948847e-05,1.57573412208959,0.000120424304844231,0.5
0.177415739104185,0,1.5700750093203,0.00011403755126822,0.5
0.174607808737872,0,1.56877998180093,0.000113626508502765,0.5
0.168830924299328,0,1.56626751243743,0.000111568816086701,0.5
0.162976050610317,0,1.56368289468238,0.000109196136010556,0.5
0.157320110154016,0,1.5611644411868,0.000106823109404609,0.5
0.151884875886317,0,1.55871932554054,0.000104447602834889,0.5
0.146666069781982,0,1.55634613477422,0.000102073429873271,0.5
0.141657313628604,0,1.55404276337801,9.97023006667351e-05,0.5
0.136852127339446,0,1.55180707215802,9.73360186966576e-05,0.5
0.132244247927317,0,1.54963699370806,9.4976264913642e-05,0.5
0.127827622394697,0,1.54753052998676,9.26246251214711e-05,0.5
0.123596405423957,0,1.54548575155529,9.02825902744557e-05,0.5
0.119544951270128,0,1.54350079489633,8.79515612408076e-05,0.5
0.115667806409671,0,1.5415738599836,8.56328529051908e-05,0.5
0.111959702360456,0,1.53970320790803,8.33276981795908e-05,0.5
0.108415548798759,0,1.53788715860227,8.10372518291976e-05,0.5
0.105030426945773,0,1.53612408865424,7.87625941329037e-05,0.5
0.101799583215368,0,1.5344124292072,7.65047343835516e-05,0.5
0.0987184231119952,0,1.5327506639425,7.42646142351193e-05,0.5
0.0225915428032794,0,1.53113732714179,7.50333790058653e-05,0.5
0.0633003796660122,0,1.52699809675881,6.70763780815739e-05,0.5
0.0432026504888488,0,1.52495223308566,6.48283177039045e-05,0.5
0.0370629389747569,0,1.52221743162452,6.08082882821367e-05,0.5
0.0314176431090882,0,1.51965406526191,5.69959736153403e-05,0.5
0.0259540316617412,0,1.51715025951779,5.32054998152765e-05,0.5
0.0207213959665391,0,1.51472343754596,4.94654802951064e-05,0.5
0.015707934421963,0,1.51236970730525,4.57755691886091e-05,0.5
0.010907833055011,0,1.51008714827193,4.21362221472991e-05,0.5
0.00631462143368382,0,1.50787362397457,3.85478112367671e-05,0.5
0.00192214331438754,0,1.50572710165067,3.5010624330909e-05,0.5
0,0,1.50364561224482,3.15248963560984e-05,0.5
0,0,1.50162725339584,2.80908066999467e-05,0.5
0,0,1.49967018617225,2.47084836047722e-05,0.5
0,0,1.49777263278399,2.13780070806408e-05,0.5
0,0,1.49593287426073,1.80994118839656e-05,0.5
0,0,1.49414924824512,1.4872690309244e-05,0.5
0,0,1.49242014687404,1.16977948431865e-05,0.5
0,0,1.49074401474739,9.28297571552266e-06,0.5
0,0,1.48852545436615,4.92401658975542e-06,0.5
0,0,1.48683064477943,1.90884338496013e-06,0.5
0,0,1.48501410140834,-1.46191730153334e-06,0.5
0,0,1.48327497563414,-4.73892273645691e-06,0.5
0,0,1.48158578373552,-6.37291260062268e-06,0.5
0,0,1.47836774431798,-1.27053654481079e-05,0.5
0,0,1.47645741859608,-1.58709939194688e-05,0.5
0,0,1.47415003443927,-1.99655258587772e-05,0.5
0,0,1.47196914350401,-2.38994375548719e-05,0.5
0,0,1.46984697856178,-2.77775595794124e-05,0.5
0,0,1.46779347649644,-3.15846044617308e-05,0.5
0,0,1.46580563352891,-3.53215458802133e-05,0.5
0,0,1.46388169963531,-3.89888865276905e-05,0.5
0,0,1.46201980361212,-4.1818906121344e-05,0.5
0,0,1.45934418283489,-4.6958045599227e-05,0.5
0,0,1.45741820054427,-5.03776394973106e-05,0.5
0,0,1.45520389008033,-5.45005386086363e-05,0.5
0,0,1.45316736398881,-5.83231179838532e-05,0.5
0,0,1.45116304032243,-6.1246183285995e-05,0.5
0,0,1.44822002730435,-6.68074929028117e-05,0.5
0,0,1.44614076717322,-7.0507262398925e-05,0.5
0,0,1.44384108086724,-7.47020558209884e-05,0.5
0,0,1.4416514653969,-7.87620479333353e-05,0.5
0,0,1.43952860304459,-8.21781636794824e-05,0.5
0,0,1.43683390278171,-8.7232029605519e-05,0.5
0,0,1.43472060122571,-9.03653139583678e-05,0.5
0,0,1.43169272154762,-9.59076785708072e-05,0.5
0,0,1.42940068912942,-9.99296404912227e-05,0.5
0,0,1.42695045139263,-0.000104322468388223,0.5
0,0,1.42461238721672,-0.000108581168059768,0.5
0,0,1.42234947934495,-0.0001121285928755,0.5
0,0,1.41950776305889,-0.000117394875364564,0.5
0,0,1.41726961138993,-0.000120706746366894,0.5
0,0,1.41420555062477,-0.000126257884327521,0.5
0,0,1.41181910403842,-0.000130400264686189,0.5
0,0,1.40930158245478,-0.000134871773646089,0.5
0,0,1.40690003331277,-0.000139204137754805,0.5
0,0,1.40457857193344,-0.000142698957699462,0.5
0,0,1.40156137380501,-0.000148211595937336,0.5
0,0,1.39925232499741,-0.000151684264017088,0.5
0,0,1.39621339005937,-0.000157083417822656,0.5
0,0,1.39376204033882,-0.00016130630622171,0.5
0,0,1.39122003135799,-0.000165777322107793,0.5
0,0,1.38879372657171,-0.000169898190957444,0.5
0,0,1.3862312698849,-0.000174518346560457,0.5
0,0,1.38393381753824,-0.000177290945289778,0.5
0,0,1.38024923340594,-0.000183842570791895,0.5
0,0,1.37779876841224,-0.000187815360735047,0.5
0,0,1.37501256037234,-0.000192505224209395,0.5
0,0,1.37238725834713,-0.000196997266575589,0.5
0,0,1.36984924591211,-0.000201402626472534,0.5
0,0,1.36740832611398,-0.000205418166111393,0.5
0,0,1.36480850462769,-0.000210071392003181,0.5
0,0,1.36250501847204,-0.00021316916835803,0.5
0,0,1.35935815240532,-0.000218821850144561,0.5
0,0,1.35701308377769,-0.000222497958406373,0.5
0,0.000611631253585656,1.35429083211062,-0.000227198413113263,0.5
0,0.00622198290943005,1.35381287217276,-0.000228683785442725,0.5
0,0.0121522628304609,1.35615996260297,-0.000226292154277582,0.5
0,0.0178302167617095,1.35837747551696,-0.000223979558524989,0.5
0,0.0234116077554258,1.36165308181755,-0.000220189837055081,0.5
0,0.0286826552591515,1.36566096257004,-0.000215294251307539,0.5
0,0.0336763680213094,1.37023363595749,-0.000209529268603629,0.5
0,0.0383321930085907,1.37895121700889,-0.000197962073226527,0.5
0,0.0147414439187288,1.38816357942456,-0.000177356557337881,0.5
0,0.0378407927077305,1.39312202102684,-0.000176607811697264,0.5
0,0.00798730259545145,1.40321576537617,-0.000152955417278046,0.5
0,0.0296192931254403,1.40118726119059,-0.000161616868716271,0.5
0,0.000330295541981553,1.41614180485507,-0.000131532485988938,0.5
0,0.0196784313041707,1.40275468000952,-0.000155703500495524,0.5
0,0.0124995511092951,1.42582692792781,-0.000120332900775028,0.5
0,0.0175445351905982,1.42653478238796,-0.000120012552496876,0.5
0,0.0188540226904365,1.43545537419212,-0.000107105557679285,0.5
0,0.0149931422733488,1.44432425094163,-9.27640443253656e-05,0.5
0,0.0199258014648026,1.45126316071994,-8.34471177160796e-05,0.5
0,0,1.45837532615219,-6.53247267314057e-05,0.5
0,0.00750560976953902,1.44313020017557,-9.17190416139264e-05,0.5
0,0.00597780603657324,1.46435785712957,-5.99118957836566e-05,0.5
0,0.00370975790463691,1.46326909480004,-6.03321636876627e-05,0.5
0,0.00381275112867663,1.46497693106739,-5.75939294969277e-05,0.5
0,0.00362336669267195,1.46885653732855,-5.14445332761464e-05,0.5
0,0.00293900826855673,1.47133890952037,-4.72330416564272e-05,0.5
0,0.00204497296441106,1.47273820152064,-4.45948855357844e-05,0.5
0,0.000871025248219571,1.47293176485377,-4.36925366241987e-05,0.5
0,0,1.47063165706278,-4.64049784326167e-05,0.5
0,0,1.46362237149316,-5.59803848156415e-05,0.5
0,0,1.46096803812428,-5.9560578353203e-05,0.5
0,0,1.45674389123384,-6.53336176570702e-05,0.5
0,0,1.45275270433261,-7.09591966211436e-05,0.5
0,0,1.44887604760464,-7.64944731786596e-05,0.5
0,0,1.4451339527275,-8.19321385996905e-05,0.5
0,0,1.44151966810347,-8.72713546038881e-05,0.5
0,0,1.43802940634193,-9.25128512736729e-05,0.5
0,0,1.43465904421952,-9.76570445512421e-05,0.5
0,0,1.43140467618022,-0.00010270450571018,0.5
0,0,1.42826253161141,-0.000107655854493928,0.5
0,0.000851922444336894,1.4252289814581,-0.000112511772819311,0.5
0,0.00354964842286696,1.4289641683424,-0.000107829754179335,0.5
0,0.00572326713541958,1.43357023387958,-0.000101677321273208,0.5
0,0.00793114614978729,1.43899745504726,-9.42970092654672e-05,0.5
0,0.0105899528854331,1.44979544292176,-7.91457676126905e-05,0.5
0,0,1.455754135372,-6.60452595221578e-05,0.5
0,0.00424339129338502,1.44187574653025,-8.91197713432637e-05,0.5
0,0.00540569501420624,1.46156201133185,-6.05668147883567e-05,0.5
0,0.00519789128125096,1.46683380283471,-5.23359276841887e-05,0.5
0,0.00635455683665528,1.47333761344714,-4.28735357539006e-05,0.5
0,0.00430915481562047,1.48199028292415,-2.93168462929484e-05,0.5
0,0.00626234138024969,1.48779798528297,-2.0791090173105e-05,0.5
0,0,1.49638962917846,-5.72424770404465e-06,0.5
0,0,1.48069881867238,-2.88328933654273e-05,0.5
0,0,1.48211170894058,-2.63394343825972e-05,0.5
0,0,1.47793712669646,-3.17935446180931e-05,0.5
0,0,1.47421471172903,-3.69829574355748e-05,0.5
0,0,1.47054514452228,-4.2118603947255e-05,0.5
0,0,1.46700378343278,-4.71759231020109e-05,0.5
0,0,1.46357894033982,-5.21507558655145e-05,0.5
0,0,1.46026818837116,-5.7044034859151e-05,0.5
0,0,1.45706768594915,-6.18554981048286e-05,0.5
0,0,1.45397392985952,-6.65852369900783e-05,0.5
0,0,1.45098351234315,-7.12333695815382e-05,0.5
0,0,1.44809315471122,-7.58000950000565e-05,0.5
0,0,1.44529969634918,-8.02856777016517e-05,0.5
0,0,1.44260009076186,-8.46904441532727e-05,0.5
0,0,1.43999140073103,-8.90147777413117e-05,0.5
0,0,1.4374707938629,-9.3259114314545e-05,0.5
0,0,1.43503553831025,-9.7423937944959e-05,0.5
0,0,1.43268299869283,-0.000101509776957156,0.5
0,0.00113843142605425,1.43041063220093,-0.000105517200200511,0.5
0,0.00452404560608282,1.43735541474917,-9.6484627790163e-05,0.5
0,0.00739021862423435,1.44675055040836,-8.35703632223133e-05,0.5
0,0.00297318856171784,1.45443280227434,-7.12097105951201e-05,0.5
0,0.00883393646644287,1.4559039462899,-7.0468938463539e-05,0.5
0,0.00260535605979449,1.46847714864807,-5.05034852163834e-05,0.5
0,0.00744575259742565,1.46684220814054,-5.38482247999456e-05,0.5
0,0.00771983736405658,1.48115874594256,-3.27593960587071e-05,0.5
0,0.0059153270799723,1.48703349979303,-2.31901266814674e-05,0.5
0,0.00819673660897182,1.49324337516549,-1.4221740638735e-05,0.5
0,0.00277064279516511,1.50206946485665,5.06876576719081e-07,0.5
0,0.00443279784793712,1.50133502216502,-5.17658201903484e-07,0.5
0,0.00408871596943149,1.51033638056523,1.33573888947167e-05,0.5
0,0.00251346004889134,1.51399471953932,1.97741017022702e-05,0.5
0,0.000552573146023033,1.51539693962583,2.27387821116957e-05,0.5
0,0,1.51211772908311,1.89254927813637e-05,0.5
0,0,1.50691348690114,1.21158319517204e-05,0.5
0,0,1.50467257147895,9.46004904129312e-06,0.5
0,0,1.50106950240202,4.83315406111247e-06,0.5
0,0,1.49764584903814,2.89889169293099e-07,0.5
0,0,1.49431472750243,-4.19984228850975e-06,0.5
0,0,1.49109196442332,-8.6314186577535e-06,0.5
0,0,1.48797246568233,-1.30028739929019e-05,0.5
0,0,1.4849532741456,-1.73137940941122e-05,0.5
0,0,1.48203118925739,-2.15635224582704e-05,0.5
0,0,1.47920316921362,-2.57515610269326e-05,0.5
0,0,1.47646627396834,-2.98774878714026e-05,0.5
0,0,1.47381766948578,-3.39409656605058e-05,0.5
0,0,1.4712546222422,-3.79417341150635e-05,0.5
0,0,1.4687744953746,-4.1879605416241e-05,0.5
0,0,1.46637474477297,-4.57544594390577e-05,0.5
0,0,1.46405291537963,-4.95662393168798e-05,0.5
0,0,1.46180663764578,-5.33149472400159e-05,0.5
0,0,1.45963362414415,-5.70006404888304e-05,0.5
0,0,1.45753166632948,-6.06234276868348e-05,0.5
0,0,1.45549863144002,-6.41834652623626e-05,0.5
0,0,1.45353245953339,-6.76809541076611e-05,0.5
0,0,1.45163116065065,-7.11161364248903e-05,0.5
0,0,1.44979281210244,-7.44892927490652e-05,0.5
0,0,1.44801555587172,-7.78007391385127e-05,0.5
0,0,1.44629759612753,-8.10508245239111e-05,0.5
0,0,1.44463719684477,-8.42399282074594e-05,0.5
0,0,1.44303267952513,-8.73684575041652e-05,0.5
0,0,1.44148242101439,-9.04368455176712e-05,0.5
0,0,1.43998485141188,-9.34455490434368e-05,0.5
0,0.00161886484295951,1.43853845206773,-9.63950465924746e-05,0.5
0,0.00523723717227821,1.44473023416617,-8.85548668908267e-05,0.5
0,0.00843819614627561,1.45298339869047,-7.74252061589557e-05,0.5
0,0.0114845090271077,1.46163727432226,-6.55203806633261e-05,0.5
0,0.00483342461878345,1.4689797036768,-5.30948006148137e-05,0.5
0,0.0125667679634531,1.47232921376505,-4.99216357866274e-05,0.5
0,0.000558094671652084,1.48351200754749,-3.05512812231618e-05,0.5
0,0.00746351362757301,1.47576309398523,-4.33409770399226e-05,0.5
0,0.00920981456734725,1.49475864314003,-1.570970278759e-05,0.5
0,0.000696691042217417,1.49863748209185,-7.37721002380964e-06,0.5
0,0.00435556926437429,1.49294129425177,-1.64579249034129e-05,0.5
0,0.00572285555145155,1.50631272195701,3.32916706777043e-06,0.5
0,0.0053016657185748,1.51181789862042,1.23337119229175e-05,0.5
0,0.00489840495568957,1.51568239079206,1.86746466668813e-05,0.5
0,0.00461213460330919,1.52093924811874,2.7158932235696e-05,0.5
0,0.00337148442671116,1.5240533602111,3.27205611574468e-05,0.5
0,0.00229318722633972,1.52773218016466,3.90729069724591e-05,0.5
0,0.000271066337008249,1.52910970510249,4.22072416751147e-05,0.5
0,0,1.52493961505827,3.72357516209864e-05,0.5
0,0,1.5217057899848,3.3365237071797e-05,0.5
0,0,1.51953046789864,3.10042612822921e-05,0.5
0,0,1.5166169598477,2.74988433560232e-05,0.5
0,0,1.51382239176784,2.40348507610551e-05,0.5
0,0,1.51110595884334,2.0601309267458e-05,0.5
0,0,1.50847500766926,1.72011086652432e-05,0.5
0,0,1.50592611447265,1.38360502318213e-05,0.5
0,0,1.50345688948448,1.05070795972743e-05,0.5
0,0,1.50106485586859,7.21522420068407e-06,0.5
0,0,1.49874764360531,3.96139018080374e-06,0.5
0,0,1.49650296215,7.46403733397614e-07,0.5
0,0,1.49432860117932,-2.42899080593056e-06,0.5
0,0,1.49222242692657,-5.56412547379671e-06,0.5
0,0,1.49018237928872,-8.65840460258508e-06,0.5
0,0,1.48820646895722,-1.1711300758769e-05,0.5
0,0,1.48629277468434,-1.47223509123701e-05,0.5
0,0,1.48443944066208,-1.76911527928989e-05,0.5
0,0,1.4826446740113,-2.06173614279931e-05,0.5
0,0,1.48090674237576,-2.35006858550389e-05,0.5
0,0,1.47922397161643,-2.63408859974778e-05,0.5
0,0,1.47759474360173,-2.91377696977604e-05,0.5
0,0,1.47601749408932,-3.18911898993244e-05,0.5
0,0,1.47449071069544,-3.46010419703439e-05,0.5
0,0,1.47301293094804,-3.72672611623508e-05,0.5
0,0,1.47158274041988,-3.98898201971653e-05,0.5
0,0,1.47019877093815,-4.24687269758952e-05,0.5
0,0,1.46885969886734,-4.50040224040631e-05,0.5
0,0,1.46756424346199,-4.74957783272135e-05,0.5
0,0,1.46631116528646,-4.99440955716258e-05,0.5
0,0,1.46509926469873,-5.23491020850183e-05,0.5
0,0,1.46392738039538,-5.47109511723783e-05,0.5
0,0,1.46279438801524,-5.70298198222908e-05,0.5
0,0,1.46169919879913,-5.93059071193584e-05,0.5
0,0,1.46064075830323,-6.15394327385237e-05,0.5
0,0,1.45961804516381,-6.37306355173043e-05,0.5
0,0,1.45863006991114,-6.58797721021453e-05,0.5
0,0.000731908795585674,1.45767587383047,-6.79871156652784e-05,0.5
0,0.00355044498669226,1.460199977044,-6.51872240575752e-05,0.5
0,0.0063196898708732,1.46435973691611,-5.99027567898906e-05,0.5
0,0.00895137624360003,1.46886034616619,-5.40068316919821e-05,0.5
0,0.0119694292603875,1.47638942375167,-4.37042637958495e-05,0.5
0,0.0145019264845676,1.48377342653099,-3.32999041055906e-05,0.5
0,0.0169786179654297,1.49205251160629,-2.14560390510956e-05,0.5
0,0.00698755681301162,1.49953292013626,-7.91880324216906e-06,0.5
0,0.0160251517745601,1.50346472460989,-3.7007990439614e-06,0.5
0,0,1.51334501340515,1.54450423844609e-05,0.5
0,0.00542438286612671,1.50175721629257,-3.15465714843756e-06,0.5
0,0.00637940260895781,1.51869604237565,2.19204708549933e-05,0.5
0,0.0052201684190425,1.52185408978232,2.78066692425463e-05,0.5
0.0044335896755106,0.00589889487058754,1.52782084246906,3.70589699818398e-05,0.5
0.0212883636969877,0.00622208119579212,1.53477387266803,4.81513936285661e-05,0.5
0.0415146281825735,0.00676370421826078,1.54317944926556,6.14921815281154e-05,0.5
0.0574052197228781,0.00399482016866392,1.55003344467005,7.3293523316741e-05,0.5
0.0663398488319758,0.00403165044323617,1.55356145437437,7.96250429366003e-05,0.5
0.08113057476484,0.00272150009557029,1.55978498247036,9.02681820718555e-05,0.5
0.086751885743834,0.00013275607088336,1.5621371496745,9.54486449034985e-05,0.5
0.0730345844734841,0,1.55633448404234,8.86492251593655e-05,0.5
0.068735828298151,0,1.55441543093553,8.71199669068784e-05,0.5
0.0636560790360277,0,1.55219490553488,8.52633117254457e-05,0.5
0.0574377623891029,0,1.54946339039694,8.24970040918242e-05,0.5
0.0514911781725214,0,1.54682213803884,7.97435134232838e-05,0.5
0.0457649047265348,0,1.5442541848956,7.6996729907459e-05,0.5
0.0402707185845846,0,1.54176341135975,7.42602972404123e-05,0.5
0.0350003722202258,0,1.53934709514459,7.15362050166383e-05,0.5
0.0299471930089763,0,1.53700303301135,6.8826014013619e-05,0.5
0.0251044509765816,0,1.53472900300513,6.61312718450491e-05,0.5
0.0204656771441616,0,1.53252286939065,6.3453412561732e-05,0.5
0.0160246203492547,0,1.53038256839097,6.07937784845007e-05,0.5
0.0117752448745272,0,1.52830610740104,5.81536215001058e-05,0.5
0.00771172154024094,0,1.52629156204228,5.55341079072778e-05,0.5
0.00382842002132598,0,1.52433707362217,5.29363225151502e-05,0.5
0.000119901334991275,0,1.52244084665015,5.03612726442586e-05,0.5
0,0,1.52060114646039,4.78098919332192e-05,0.5
0,0,1.51881629692922,4.52830439746962e-05,0.5
0,0,1.51708467828441,4.27815257859508e-05,0.5
0,0,1.51540472500238,4.0306071121721e-05,0.5
0,0,1.51377492378954,3.78573536364333e-05,0.5
0,0,1.51219381164423,3.54359899024892e-05,0.5
0,0,1.510659973996,3.30425422910616e-05,0.5
0,0,1.50917204291883,3.06775217215423e-05,0.5
0,0,1.5077286954153,2.83413902855115e-05,0.5
0,0,1.50632865176874,2.60345637508304e-05,0.5
0,0,1.5049706739605,2.37574139512108e-05,0.5
0,0,1.50365356414964,2.15102710663743e-05,0.5
0,0,1.50237616321247,1.92934257976826e-05,0.5
0,0,1.5011373493394,1.71071314439047e-05,0.5
0,0,1.49993603668683,1.49516058815754e-05,0.5
0,0,1.49877117408169,1.28270334542018e-05,0.5
0,0,1.49764174377659,1.07335667743837e-05,0.5
0,0,1.4965467602533,8.67132844273143e-06,0.5
0,0,1.49548526907285,6.64041268729298e-06,0.5
0,0,1.49445634577005,4.64088692703473e-06,0.5
0,0,1.49345909479081,2.67279326276358e-06,0.5
0,0,1.49249264847048,7.36149898726554e-07,0.5
0,0,1.4915561660514,-1.16904750202004e-06,0.5
0,0,1.49064883273826,-3.04282452551715e-06,0.5
0,0,1.48976985878958,-4.88522677526226e-06,0.5
0,0,1.48891847864396,-6.69631869832369e-06,0.5
0,0,1.48809395007956,-8.47618246663207e-06,0.5
0,0,1.48729555340557,-1.02249169109857e-05,0.5
0,0,1.48652259068439,-1.19426365054159e-05,0.5
0,0,1.48577438498319,-1.36294703996624e-05,0.5
0,0,1.48505027965372,-1.52855614976094e-05,0.5
0,0,1.48434963763928,-1.69110655796272e-05,0.5
0,0,1.48367184080764,-1.85061504668565e-05,0.5
0,0,1.48301628930906,-2.00709952255578e-05,0.5
0,0,1.48238240095816,-2.16057894097332e-05,0.5
0,0,1.48176961063897,-2.31107323403057e-05,0.5
0,0,1.481177369732,-2.45860324192181e-05,0.5
0,0,1.48060514556255,-2.60319064768855e-05,0.5
0,0,1.48005242086951,-2.74485791515036e-05,0.5
0,0,1.47951869329363,-2.88362822987834e-05,0.5
0,0,1.47900347488471,-3.01952544307446e-05,0.5
0,0,1.47850629162683,-3.15257401822596e-05,0.5
0,0,1.47802668298091,-3.28279898040998e-05,0.5
0,0,1.47756420144405,-3.41022586812899e-05,0.5
0,0,1.4771184121248,-3.53488068756268e-05,0.5
0,0,1.4766888923339,-3.65678986912755e-05,0.5
0,0,1.47627523118986,-3.77598022623944e-05,0.5
0,0,1.47587702923864,-3.89247891617968e-05,0.5
0,0.00123875607292967,1.47549389808716,-4.00631340296934e-05,0.5
0,0.00405627010353307,1.47814421178973,-3.69442359516157e-05,0.5
0,0.00660787321701885,1.48102952583534,-3.33227064318446e-05,0.5
0,0.00916596223271012,1.4843558581203,-2.90217782237959e-05,0.5
0,0.0116725126692119,1.48834069239808,-2.36802452927713e-05,0.5
0.00387789434754051,0.014053707936619,1.49277280324024,-1.75755953781427e-05,0.5
0.01652376822018,0.0162924015791509,1.49756786972559,-1.08232595630916e-05,0.5
0.0363473830257835,0.0190492880016064,1.50544765830468,4.09474834318863e-07,0.5
0.0592738197162538,0.0210312312029145,1.51476738955654,1.41381105528476e-05,0.5
0.0721463780861167,0.00882269994500299,1.52115397481376,2.65491881295639e-05,0.5
0.0876120897798955,0.0196518458266202,1.52631241314996,3.26113846962436e-05,0.5
0.10740149133576,0.00671298748047438,1.53579835063568,4.98136696770957e-05,0.5
0.119437532272137,0.0148505363351654,1.53974335874123,5.50283723291648e-05,0.5
0.131000796622934,0,1.54916000853177,7.24316310235089e-05,0.5
0.112352141612026,0.00286505237150547,1.53788240156215,5.61562045969798e-05,0.5
0.132323620099446,0,1.54991852888606,7.47313057287895e-05,0.5
0.115826633920334,0,1.54072085373225,6.31430911108973e-05,0.5
0.116609133376111,0,1.54130944923135,6.46253195733088e-05,0.5
0.112614881212806,0,1.53934850589866,6.29460015671813e-05,0.5
0.109274578102642,0,1.53760445980991,6.12771563554668e-05,0.5
0.105997286318124,0,1.53588161685252,5.96132256845091e-05,0.5
0.0922616599701831,0,1.53421354605818,5.8381814155846e-05,0.5
0.0960175952892995,0,1.5323614905693,5.60832487613195e-05,0.5
0.0616133240792064,0,1.5307483372992,5.56564510720903e-05,0.5
0.0770483069909902,0,1.52846994408689,5.20856559366696e-05,0.5
0.0675355984635541,0,1.52677418512717,5.04045343047964e-05,0.5
0.0639442981533098,0,1.52492731235762,4.8146420510446e-05,0.5
0.0605974475013404,0,1.52316466626869,4.59605241646128e-05,0.5
0.0573951456516018,0,1.52144983343185,4.37819568725545e-05,0.5
0.0543497537939759,0,1.51978735356235,4.16215128147956e-05,0.5
0.0514550869897709,0,1.51817518628069,3.94798155520656e-05,0.5
0.0487068370661547,0,1.51661190902359,3.73577229123194e-05,0.5
0.0254025980687843,0,1.51509606490974,3.61016524094292e-05,0.5
0.0360415287259786,0,1.51317581639912,3.27956392667648e-05,0.5
0.0289654900763654,0,1.51166851372284,3.08233951489826e-05,0.5
0.026128370462811,0,1.51006557300913,2.84618913335455e-05,0.5
0.0234923101639676,0,1.50853171738662,2.61675072219939e-05,0.5
0.0173143136269369,0,1.50704077570374,2.40435174855302e-05,0.5
0.017305421602458,0,1.50552821853153,2.1596775915974e-05,0.5
0,0,1.50411595508065,2.07941278505337e-05,0.5
0,0,1.50209610770979,1.66893453638958e-05,0.5
0,0,1.5006459156552,1.467951774524e-05,0.5
0,0,1.49903257571627,1.20489205707229e-05,0.5
0,0,1.49750158032332,9.52234730453722e-06,0.5
0,0,1.49601162334244,7.01986233415906e-06,0.5
0,0,1.49456834252973,4.55389013181915e-06,0.5
0,0,1.49316985433737,2.12420994101652e-06,0.5
0,0,1.49181495873633,-1.14091918561676e-07,0.5
0,0,1.49040877508097,-2.70458995627117e-06,0.5
0,0,1.48911966074969,-4.22173570776639e-06,0.5
0,0,1.48736502092893,-7.75901180708631e-06,0.5
0,0,1.48604236853139,-9.76976279354519e-06,0.5
0,0,1.48447961962456,-1.26947248106105e-05,0.5
0,0,1.4830910733307,-1.51866186963526e-05,0.5
0,0,1.48170125248698,-1.77250320938176e-05,0.5
0,0,1.48034378237572,-1.99619574936848e-05,0.5
0,0,1.47884866228979,-2.29127536408615e-05,0.5
0,0,1.47754754388038,-2.49352022603582e-05,0.5
0,0,1.4759634254296,-2.80809595559864e-05,0.5
0,0,1.47464434701226,-3.0183045209175e-05,0.5
0,0,1.47305428394762,-3.33230349872946e-05,0.5
0,0,1.47170605708023,-3.55435546131032e-05,0.5
0,0,1.47012972029153,-3.86525846688217e-05,0.5
0,0,1.46876909726676,-4.08983046236215e-05,0.5
0,0,1.46717562463918,-4.40627176195073e-05,0.5
0,0,1.46580946581141,-4.6294500978057e-05,0.5
0,0,1.46418338484814,-4.95404708690694e-05,0.5
0,0,1.46280467865418,-5.18007977692654e-05,0.5
0,0,1.46116247550299,-5.50790183513056e-05,0.5
0,0,1.45976730618239,-5.73945503032354e-05,0.5
0,0,1.45812246995128,-6.06765629089351e-05,0.5
0,0,1.45671551615876,-6.3023725960264e-05,0.5
0,0,1.45506232145228,-6.63287705517006e-05,0.5
0,0,1.4536480486818,-6.8683784346828e-05,0.5
0,0,1.45197884400427,-7.20280699266772e-05,0.5
0,0,1.45055662765002,-7.43964053431394e-05,0.5
0,0,1.44887452387691,-7.77681200742587e-05,0.5
0,0,1.44744284151193,-8.01610382167429e-05,0.5
0,0,1.44575404632523,-8.35450289344636e-05,0.5
0,0,1.44431411327684,-8.5958044526517e-05,0.5
0,0,1.44261910848878,-8.93548737108384e-05,0.5
0,0,1.44117313755121,-9.17772896762641e-05,0.5
0,0,1.43946947975189,-9.519251604547e-05,0.5
0,0,1.43801823744671,-9.76217275679962e-05,0.5
0,0,1.43630621920733,-0.000101052886812083,0.5
0,0,1.4348495728343,-0.0001034915559384,0.5
0,0,1.43315856242994,-0.000106904469215125,0.5
0,0,1.43170360768552,-0.000109343951175407,0.5
0,0,1.43002117016002,-0.000112749333578112,0.5
0,0,1.42857460085177,-0.00011517963167161,0.5
0,0,1.42689953818539,-0.000118578280510064,0.5
0,0,1.42546153382895,-0.000121354271289474,0.5
0,0,1.42400571946221,-0.000124248430257856,0.5
0,0,1.42261289916688,-0.000127062361894747,0.5
0,0,1.42126886878676,-0.000129819777670408,0.5
0,0,1.41997440279665,-0.00013251771098584,0.5
0,0,1.41872787190948,-0.000135156925780531,0.5
0,2.76665152397952e-05,1.41752791265482,-0.000137738035053231,0.5
0,0.00411849274128287,1.41680660686948,-0.000139664033146685,0.5
0,0.00862356295963992,1.4206592932746,-0.000135272548006802,0.5
0,0.0125422711421694,1.42343650354216,-0.000132138244080288,0.5
0,0.0168240826591748,1.42954815151403,-0.000124403833513804,0.5
0,0.0205273579079547,1.43512574429274,-0.000117127158300796,0.5
0,0.0224797674783491,1.44680429338958,-0.000100736330775005,0.5
0,0.0101579131583088,1.45310214838736,-8.81483962756481e-05,0.5
0,0.0241671752810026,1.45915727535062,-8.26314740732512e-05,0.5
0,0,1.46716629134122,-5.99452408890768e-05,0.5
0,0.00911956303566589,1.45626142362309,-8.25471993635785e-05,0.5
0,0.00608716615951021,1.47873618472478,-4.90504180665077e-05,0.5
0,0.00577434970870146,1.48011304650056,-4.6062060508317e-05,0.5
0,0.00803706368596364,1.48743425715536,-3.55821079044544e-05,0.5
0,0.0077657701730728,1.49680740130746,-2.11636604267418e-05,0.5
0,0.00924529207311802,1.50425161540883,-9.82430705516884e-06,0.5
0,0.00274744511322347,1.51169343629481,3.2722631946858e-06,0.5
0,0.00605572144035323,1.5114989161132,3.1288631815854e-06,0.5
0.0165537672914563,0.00631825955472145,1.5229696184241,2.07243736472083e-05,0.5
0.0293152102006168,0.00543240000193025,1.5284451309938,3.01321253993614e-05,0.5
0.0415539383375832,0.00469083436934076,1.53367159790444,3.89967465317297e-05,0.5
0.0529595493990438,0.00351414355140017,1.53857962336531,4.75813094743242e-05,0.5
0.0601841555458009,0.00157401063484808,1.54173864553701,5.37465033249495e-05,0.5
0.058978777061243,0,1.54134005139308,5.48137951875123e-05,0.5
0.0416158275363582,0,1.53409108370608,4.59312704325308e-05,0.5
0.0389209706227021,0,1.53294806064537,4.5435258394191e-05,0.5
0.030703056910935,0,1.52951598945236,4.18163089364791e-05,0.5
0.023162960930098,0,1.52630845962242,3.82535804893435e-05,0.5
0.0158417297145225,0,1.52317403264394,3.47143215329717e-05,0.5
0.00882502879316725,0,1.52014096514104,3.12012606791369e-05,0.5
0.00209449572463256,0,1.51720319559164,2.77185124101202e-05,0.5
0,0,1.51435820314149,2.42670979341441e-05,0.5
0,0,1.51160298472781,2.08485609168588e-05,0.5
0,0,1.50893471739317,1.74642146320407e-05,0.5
0,0,1.50635066762332,1.41152824251356e-05,0.5
0,0,1.50384820126494,1.08028800528832e-05,0.5
0,0,1.50142477762244,7.52802512633771e-06,0.5
0,0,1.49907794604555,4.29164192127156e-06,0.5
0,0,1.49680534231023,1.09456662767067e-06,0.5
0,0,1.49460468520861,-2.06244777039896e-06,0.5
0,0,1.4924737732769,-5.17872684360882e-06,0.5
0,0,1.49041048166463,-8.2536703030395e-06,0.5
0,0,1.48841275913727,-1.12867478079758e-05,0.5
0,0,1.48647862520653,-1.4277494985324e-05,0.5
0,0,1.48460616738236,-1.72255096501256e-05,0.5
0,0,1.48279353854133,-2.01304482172493e-05,0.5
0,0,1.48103895440606,-2.29920222948244e-05,0.5
0,0,1.47934069113075,-2.58099954504488e-05,0.5
0,0,1.47769708298796,-2.85841801416479e-05,0.5
0,0,1.47610652015234,-3.13144348024869e-05,0.5
0,0,1.47456744657667,-3.40006610786354e-05,0.5
0,0,1.47307835795641,-3.66428012035679e-05,0.5
0,0,1.4716377997786,-3.92408355089437e-05,0.5
0,0,1.47024436545151,-4.17947800625537e-05,0.5
0,0,1.46889669451143,-4.42154615637966e-05,0.5
0,0,1.46755370255665,-4.67171347935067e-05,0.5
0,0,1.46625183346429,-4.89647418871856e-05,0.5
0,0,1.46489131151005,-5.16963706352858e-05,0.5
0,0,1.46366078544197,-5.34772202908151e-05,0.5
0,0,1.46222813362004,-5.65608795932941e-05,0.5
0,0,1.46101903754709,-5.84017279786386e-05,0.5
0,0,1.4596246266978,-6.13544400863208e-05,0.5
0,0,1.45841563422996,-6.34479342150932e-05,0.5
0,0,1.45711234295346,-6.61536267759847e-05,0.5
0,0,1.45592819435306,-6.82320470132798e-05,0.5
0,0,1.4546578556233,-7.0940183725462e-05,0.5
0,0,1.45351607448138,-7.28377388788339e-05,0.5
0,0,1.45223521695579,-7.56603817960478e-05,0.5
0,0,1.4511229348009,-7.75005530438369e-05,0.5
0,0,1.44985554712677,-8.03124927250317e-05,0.5
0,0,1.44875846619876,-8.22138759065927e-05,0.5
0,0,1.44753276804605,-8.49255886266852e-05,0.5
0,0,1.4464541136016,-8.68376728761678e-05,0.5
0,0,1.44525990415589,-8.95043133713908e-05,0.5
0,0,1.44420715771869,-9.1347784339328e-05,0.5
0,0,1.44302466985506,-9.40308848562773e-05,0.5
0,0,1.44199599321579,-9.58196200856164e-05,0.5
0,0.000860601831218437,1.44085386474476,-9.84694086722756e-05,0.5
0,0,1.44353830455621,-9.51062489038448e-05,0.5
0,0.00389688305645964,1.43969336759221,-0.000101325043734887,0.5
0,0.00391250587785368,1.44744066965807,-9.11189786193305e-05,0.5
0,0.00852949977313887,1.44838413192372,-9.02698483233912e-05,0.5
0,0.0112420286860353,1.45314724324312,-8.41704042388852e-05,0.5
0,0.0140327842025518,1.45784927697815,-7.78750684118975e-05,0.5
0,0.016810170393079,1.46322529287797,-7.05607149839329e-05,0.5
0,0.0193712779266078,1.46909017759253,-6.23906709544079e-05,0.5
0,0.0188318042868979,1.47993714095537,-4.62095048167473e-05,0.5
0,0.0204513353046388,1.48694506427096,-3.58327031924974e-05,0.5
0,0.0176939236831102,1.49491732816564,-2.30624522381059e-05,0.5
0,0.022193723639002,1.5006403173201,-1.50323496275512e-05,0.5
0,0.0134590160199814,1.50984302233101,1.02092848200328e-06,0.5
0,0.0200565834939693,1.51527060747861,8.41537558520797e-06,0.5
0.0181480989953742,0.0136015141022629,1.52420943028507,2.37823932218937e-05,0.5
0.0361503847056018,0.0162437158729684,1.53152422152357,3.50478850178306e-05,0.5
0.0509773677893918,0.00807408952810757,1.53855977119496,4.81243639519452e-05,0.5
0.0604612856704284,0.0116654236988521,1.54205688878642,5.37137777461993e-05,0.5
0.0821196630100135,0.0103072379622241,1.55137799124906,6.89867960451344e-05,0.5
0.098386737078718,0.00891541951822725,1.55835370264751,8.10269603318895e-05,0.5
0.113739016008826,0.00532545838948073,1.56515398164559,9.31899119770814e-05,0.5
0.121333290813827,0.00426031317449186,1.56830752589174,9.95359567877503e-05,0.5
0.130564173559438,0.00119605381321163,1.572378607824,0.00010755679835356,0.5
0.121905629668553,0,1.56890059235499,0.000104652689659653,0.5
0.109104182742536,0,1.56360966966962,9.87440417218805e-05,0.5
0.104452917217401,0,1.56171091409446,9.76132147677772e-05,0.5
0.0960346269518456,0,1.55823608271777,9.41922032415046e-05,0.5
0.0881471886701431,0,1.55493710254706,9.08007984630568e-05,0.5
0.0805046451667837,0,1.55171964837336,8.74201410134603e-05,0.5
0.0731609305335026,0,1.54860150310737,8.40534213737703e-05,0.5
0.0661012715697827,0,1.5455777908428,8.0704287669835e-05,0.5
0.0593176652078259,0,1.54264586804833,7.73743633423601e-05,0.5
0.0528012879648055,0,1.53980282072892,7.40655525089441e-05,0.5
0.046543762281415,0,1.53704588223805,7.07795629256539e-05,0.5
0.0405369849450672,0,1.53437237659061,6.7517995160873e-05,0.5
0.0347731413386865,0,1.53177972316839,6.42823341122239e-05,0.5
0.0292446906912974,0,1.52926543184157,6.10739570301263e-05,0.5
0.0239443559671228,0,1.52682709962431,5.78941386698724e-05,0.5
0.0188651135463811,0,1.52446240726147,5.47440566027138e-05,0.5
0.0140001834301405,0,1.52216911598889,5.16247962133058e-05,0.5
0.00934301983873437,0,1.51994506442381,4.85373554692581e-05,0.5
0.00488730220310459,0,1.51778816558548,4.54826494623591e-05,0.5
0.000626926529343187,0,1.51569640403918,4.24615147338829e-05,0.5
0,0,1.51366783315859,3.94747133938415e-05,0.5
0,0,1.51170057250113,3.65229370438842e-05,0.5
0,0,1.50979280529152,3.36068105130359e-05,0.5
0,0,1.50794277600871,3.07268954150444e-05,0.5
0,0,1.50614878807179,2.78836935356868e-05,0.5
0,0,1.50440920162054,2.50776500579947e-05,0.5
0,0,1.50272243138653,2.23091566329818e-05,0.5
0,0,1.50108694465092,1.95785543030996e-05,0.5
0,0,1.49950125928511,1.68861362853088e-05,0.5
0,0,1.49796394187082,1.42321506203284e-05,0.5
0,0,1.49647360589603,1.16168026943184e-05,0.5
0,0,1.49502891002371,9.04025763895601e-06,0.5
0,0,1.49362855643009,6.50264261558869e-06,0.5
0,0,1.49227128920953,4.00404898887836e-06,0.5
0,0,1.49095589284326,1.54453439509996e-06,0.5
0,0,1.48968119072912,-8.75875289985307e-07,0.5
0,0,1.48844604376981,-3.25718407899129e-06,0.5
0,0,1.48724934901715,-5.59942409203088e-06,0.5
0,0,1.48609003837006,-7.90265386283982e-06,0.5
0,0,1.4849670773238,-1.0166956727836e-05,0.5
0,0,1.48387946376856,-1.23924392942395e-05,0.5
0,0,1.48282622683513,-1.4579229983559e-05,0.5
0,0,1.48180642578583,-1.67274776469221e-05,0.5
0,0,1.48081914894869,-1.77508548815604e-05,0.5
0,0,1.47963524083881,-2.09403971127942e-05,0.5
0,0,1.47869315816721,-2.27287659013659e-05,0.5
0,0,1.47768448708184,-2.49118475549722e-05,0.5
0,0,1.47672996043328,-2.70029230365758e-05,0.5
0,0,1.47580231973437,-2.90640828765537e-05,0.5
0,0,1.47490525582368,-3.0938632853008e-05,0.5
0,0,1.47399525761623,-3.30862172212697e-05,0.5
0,0,1.47315107783183,-3.35493008857618e-05,0.5
0,0,1.47190070881219,-3.71061511790623e-05,0.5
0,0,1.47104884699319,-3.87072728922342e-05,0.5
0,0,1.47006685069053,-4.08775898589988e-05,0.5
0,0,1.46914813477657,-4.29366188756854e-05,0.5
0,0,1.46825422832905,-4.4967780842215e-05,0.5
0,0,1.46739081312709,-4.69586120478506e-05,0.5
0,0,1.46655657752771,-4.89099404299217e-05,0.5
0,0,1.46575081344169,-5.06182498023286e-05,0.5
0,0,1.46494591193705,-5.26813682368678e-05,0.5
0,0,1.46419560973041,-5.3120854011001e-05,0.5
0,0,1.46328010668101,-5.61940879158292e-05,0.5
0,0,1.46257685972729,-5.76254616416715e-05,0.5
0,0,1.46180318861785,-5.95285738807804e-05,0.5
0,0,1.46108214178268,-6.1327269871029e-05,0.5
0,0,1.46038189643659,-6.30991322558267e-05,0.5
0,0,1.45970706013332,-6.48325174882973e-05,0.5
0,0,1.45905657903506,-6.65283580660354e-05,0.5
0,0,1.45842987012919,-6.78882779383164e-05,0.5
0,0,1.45776392073739,-6.98124353651343e-05,0.5
0,0,1.45717825726546,-7.09707712152793e-05,0.5
0,0,1.45648543777415,-7.29615003849072e-05,0.5
0,0,1.45591103489663,-7.40909962371846e-05,0.5
0,0,1.45521985584476,-7.60569891168478e-05,0.5
0,0,1.45464567304172,-7.72134706049835e-05,0.5
0,0,1.45396648409576,-7.91242806469862e-05,0.5
0,0,1.45339497507442,-8.0582605311784e-05,0.5
0,0,1.4528108775032,-8.21352965725602e-05,0.5
0,0,1.45225603870573,-8.36376613035303e-05,0.5
0,0,1.45172180579796,-8.51075897826374e-05,0.5
0,0,1.4512089968778,-8.65427895033878e-05,0.5
0,0,1.45071694336938,-8.79437482432295e-05,0.5
0,0.00108320155092879,1.4502451175402,-8.93108416488993e-05,0.5
0,0.00447968694880727,1.45187575833725,-8.77560463293793e-05,0.5
0,0.00775564142920744,1.45414030711303,-8.52055746382305e-05,0.5
0,0.010967159214823,1.45666827065279,-8.22224929161902e-05,0.5
0,0.014504758885052,1.4619671958401,-7.53147808490025e-05,0.5
0,0.0175011954415966,1.46647058502774,-6.92743826110245e-05,0.5
0,0.020508813578265,1.47173106829302,-6.21083801537999e-05,0.5
0,0.0238954987468998,1.48047350819662,-4.99171109029678e-05,0.5
0,0.021810386041014,1.48922379318718,-3.62357600377322e-05,0.5
0,0.0147689523119583,1.4963149970528,-2.38038542667826e-05,0.5
0,0.00755693357049679,1.5039904457389,-1.05055117073251e-05,0.5
0.0170774293268143,0.0183898543590895,1.51110320256725,-1.69349549401787e-06,0.5
0.0276838159721081,0,1.51828802539566,1.56810705610437e-05,0.5
0.00894135784630646,0.00415242943994107,1.50818307708145,-1.51623643915741e-06,0.5
0.0375378185102505,0.00218537256095899,1.5204508116885,1.74473412519067e-05,0.5
0.0360599131959166,0.000273527597475652,1.51959431650676,1.76226393136932e-05,0.5
0.0312416069217482,0,1.51719239354681,1.49632567358067e-05,0.5
0.0274050678711263,0,1.51520911400939,1.29392878017537e-05,0.5
0.025744670864217,0,1.51413897301033,1.21449893112056e-05,0.5
0.0226536945135528,0,1.5124558190871,1.04502145360024e-05,0.5
0.0197917981684766,0,1.51084886426339,8.76603318649709e-06,0.5
0.0170609146249874,0,1.50928576035409,7.08972921378676e-06,0.5
0.0144803072297701,0,1.50777285783615,5.42222791189743e-06,0.5
0.0120434961519567,0,1.50630801781864,3.76520107979222e-06,0.5
0.00974640231776247,0,1.5048898928739,2.1195212548435e-06,0.5
0.0075846848596598,0,1.50351704931749,4.86154606423365e-07,0.5
0.00555419645442087,0,1.50218811739517,-1.13402021197564e-06,0.5
0.000873275916101593,0,1.50090177130497,-2.62669676466538e-06,0.5
0.000346466837180432,0,1.49962363171028,-4.32183145212503e-06,0.5
0,0,1.49840744046396,-5.5156115092685e-06,0.5
0,0,1.49711134958732,-7.53068469815475e-06,0.5
0,0,1.49595154050572,-8.5552392090963e-06,0.5
0,0,1.49465132240535,-1.07160938971532e-05,0.5
0,0,1.49351554792634,-1.19288403172912e-05,0.5
0,0,1.49230233064276,-1.39168143217925e-05,0.5
0,0,1.49119341300108,-1.5277648089437e-05,0.5
0,0,1.49004713704857,-1.71747241101137e-05,0.5
0,0,1.4889845227771,-1.84625021259031e-05,0.5
0,0,1.48787253763505,-2.04300848684617e-05,0.5
0,0,1.4868580656782,-2.16184797768768e-05,0.5
0,0,1.48577211849561,-2.36474653977223e-05,0.5
0,0,1.48479649655534,-2.485166458734e-05,0.5
0,0,1.48375052224526,-2.68431002140116e-05,0.5
0,0,1.48280778533552,-2.80971067461261e-05,0.5
0,0,1.48180609999875,-3.003496883708e-05,0.5
0,0,1.48089755018875,-3.12753742314015e-05,0.5
0,0,1.47992995067818,-3.32117806134997e-05,0.5
0,0,1.47905651433456,-3.44045737870525e-05,0.5
0,0,1.47814175118711,-3.63269008389738e-05,0.5
0,0,1.47730669747245,-3.78182155093793e-05,0.5
0,0,1.47647620702479,-3.94081798694598e-05,0.5
0,0,1.47568026664373,-4.09547579599212e-05,0.5
0,0,1.47491058014034,-4.2476424404758e-05,0.5
0,0,1.47416765551168,-4.39703322949994e-05,0.5
0,0,1.47345065635665,-4.54366320806847e-05,0.5
0,0,1.47275887820265,-4.68753544137211e-05,0.5
0,0.00096661672511612,1.47209162336353,-4.8286560388271e-05,0.5
0,0.00390422780294209,1.47610712505004,-4.31442532395568e-05,0.5
0,0.00664742866893682,1.48142790942323,-3.59207252474982e-05,0.5
0,0.00931640479952562,1.48728402517685,-2.78079542393372e-05,0.5
0,0.012460204889281,1.4964316018521,-1.48988306168908e-05,0.5
0.0123537088210296,0.0111749547491479,1.50429343054596,-2.66870052646206e-06,0.5
0.0327953050275359,0.0156213377750663,1.51232282882744,8.68163884185193e-06,0.5
0.0480656990402574,0.00512720170966501,1.51962822447246,2.21857145410387e-05,0.5
0.0568190759827047,0.0130555525827989,1.52219991359587,2.50680611872208e-05,0.5
0.0800165353169533,0,1.5332919877182,4.47635997317862e-05,0.5
0.0551043214900806,0.00352707054616291,1.52155372013867,2.75218300157924e-05,0.5
0.0894219643449266,0.0050231652144751,1.53594112294385,4.88655154367088e-05,0.5
0.102198088078954,0.00435098090440263,1.54116409907971,5.79597410170958e-05,0.5
0.112985437987435,0.0041191889495044,1.54546403609697,6.52715169266486e-05,0.5
0.129681472142566,0.00437713916735806,1.5522981324692,7.6405300297413e-05,0.5
0.144808771186093,0.00404070555568339,1.55851173945943,8.69070805084208e-05,0.5
0.157935137862264,0.00323598684176581,1.56390044524695,9.63242383086092e-05,0.5
0.165107991169788,0.0013152602699179,1.56680385863555,0.000102272691394689,0.5
0.165649768060835,0,1.56691951525371,0.000104178758361091,0.5
0.152891524374414,0,1.56142604374268,9.78999132180033e-05,0.5
0.152129696463704,0,1.56091468367267,9.84901080281643e-05,0.5
0.146684226849605,0,1.55846966950733,9.64404557026169e-05,0.5
0.141733609892653,0,1.55618836559214,9.43938833943958e-05,0.5
0.136918720772825,0,1.5539523611791,9.23443415199912e-05,0.5
0.132308348114198,0,1.55178433149824,9.02904871534037e-05,0.5
0.127889696960572,0,1.54968005623001,8.82363870647329e-05,0.5
0.123658002107872,0,1.54763796195186,8.61833104616816e-05,0.5
0.119607369776102,0,1.54565610312523,8.41329756763827e-05,0.5
0.115732263164096,0,1.54373265211477,8.20869208199087e-05,0.5
0.112027309675616,0,1.54186583552323,8.0046609881519e-05,0.5
0.108487323075962,0,1.54005394150937,7.80134196276339e-05,0.5
0.105107292705803,0,1.53829531622253,7.59886460057316e-05,0.5
0.10188237757027,0,1.53658836184845,7.39735074490989e-05,0.5
0.0988078999798446,0,1.53493153450709,7.19691484817947e-05,0.5
0.0958793395380807,0,1.53332334226516,6.99766431035093e-05,0.5
0.0930923273495456,0,1.53176234322146,6.79969980387782e-05,0.5
0.090442640455978,0,1.53024714366773,6.60311558449049e-05,0.5
0.067468994370334,0,1.5287763963211,6.49157912249287e-05,0.5
0.0776438390081025,0,1.52676822703501,6.15706693108907e-05,0.5
0.070594914662367,0,1.52526617499088,5.96773213184412e-05,0.5
0.0676392167223928,0,1.52363650547538,5.73534311878093e-05,0.5
0.0648858754577035,0,1.52207623723528,5.5091237074364e-05,0.5
0.0622589790766028,0,1.52055791210053,5.2845834234594e-05,0.5
0.00349335758437693,0,1.5190848458151,5.29236476302624e-05,0.5
0.0356958037531365,0,1.5160608204592,4.68710235637751e-05,0.5
0.0203178013097402,0,1.51436205598401,4.47980994093781e-05,0.5
0.0159672979027159,0,1.51223472072969,4.15061233298762e-05,0.5
0.0119787944297434,0,1.51023332011097,3.8371512648566e-05,0.5
0.00813703677369586,0,1.50828015163318,3.52585776065487e-05,0.5
0.00447503196926245,0,1.50638699844525,3.21881527595064e-05,0.5
0.000984200122077659,0,1.50455103113924,2.91599708812889e-05,0.5
0,0,1.50277075537905,2.61743624860222e-05,0.5
0,0,1.501044538479,2.32315880298555e-05,0.5
0,0,1.4993708222937,2.03318466365755e-05,0.5
0,0,1.4977480967769,1.74752964959864e-05,0.5
0,0,1.49617490171424,1.46620535488466e-05,0.5
0,0,1.49464982440857,1.1892194643841e-05,0.5
0,0,1.49317149799753,9.85530097794822e-06,0.5
0,0,1.4911596071763,5.92062836469435e-06,0.5
0,0,1.48965266895859,3.28304910603717e-06,0.5
0,0,1.48802350089499,2.95345686135663e-07,0.5
0,0,1.48646496132676,-2.45882994515577e-06,0.5
0,0,1.48481342081072,-5.60492413753382e-06,0.5
0,0,1.48331841397394,-6.28244911827724e-06,0.5
0,0,1.47986700356481,-1.31837726873657e-05,0.5
0,0,1.47803294484885,-1.5997630246466e-05,0.5
0,0,1.475681608445,-2.00420125165538e-05,0.5
0,0,1.47347428429485,-2.38993391903955e-05,0.5
0,0,1.47132354448655,-2.77094532636986e-05,0.5
0,0,1.46924279337859,-3.14515353279856e-05,0.5
0,0,1.46722868660473,-3.51266262824902e-05,0.5
0,0,1.46527947386501,-3.87350808136283e-05,0.5
0,0,1.46339323442042,-4.22773057865378e-05,0.5
0,0,1.46156813735665,-4.57537556126293e-05,0.5
0,0,1.45980240824963,-4.91649083551393e-05,0.5
0,0,1.45809433157697,-5.20761964154074e-05,0.5
0,0,1.45601499258697,-5.61831482199253e-05,0.5
0,0,1.45432975962731,-5.88574246960925e-05,0.5
0,0,1.4519956444617,-6.33581438161532e-05,0.5
0,0,1.45019500190407,-6.65775197222286e-05,0.5
0,0,1.44815121965357,-7.04445036335248e-05,0.5
0,0,1.44629623860667,-7.37060978767283e-05,0.5
0,0,1.44418566682425,-7.77483845394672e-05,0.5
0,0,1.44236054147585,-8.05324988753644e-05,0.5
0,0,1.43980114757756,-8.53954165079618e-05,0.5
0,0,1.43788341378533,-8.85966244282219e-05,0.5
0,0,1.43555310877326,-9.29225183583827e-05,0.5
0,0,1.43353264740227,-9.65788387106622e-05,0.5
0,0,1.4314531660268,-0.000100456860004619,0.5
0,0,1.42948934489119,-0.000103493104573403,0.5
0,0,1.42693161805093,-0.000108347256857816,0.5
0,0,1.42496085232562,-0.000111625104318165,0.5
0,0,1.42261627005815,-0.000115978684660797,0.5
0,0,1.42057114871788,-0.000119536744894816,0.5
0,0,1.41835588208251,-0.000123670400165199,0.5
0,0,1.41635376678802,-0.000126998685230169,0.5
0,0,1.41402382458452,-0.000131401100288183,0.5
0,0,1.41205218530097,-0.000134539418193075,0.5
0,0,1.40960698808421,-0.00013913479027978,0.5
0,0,1.40760189844558,-0.000142377469900239,0.5
0,0,1.40518437344766,-0.000146866353665012,0.5
0,0,1.40314237292662,-0.000150242478230878,0.5
0,0,1.4007813384213,-0.000154608545713949,0.5
0,0,1.39874032692327,-0.000157949459090107,0.5
0,0,1.39638693953811,-0.000162332581581465,0.5
0,0,1.39436417831033,-0.000165578568831233,0.5
0,0,1.39201027832156,-0.000169995300715262,0.5
0,0,1.39000137753055,-0.000173216374659438,0.5
0,0,1.38766564487299,-0.000177593364150112,0.5
0,0,1.3856683073491,-0.0001808272357207,0.5
0,0,1.38342641728387,-0.00018507862541647,0.5
0,0,1.38146117828303,-0.000188270716162662,0.5
0,0,1.37926972843985,-0.000192460787141728,0.5
0,0,1.37735392080627,-0.000195567018929047,0.5
0,0.00149196229764697,1.37519772860309,-0.000199721282615434,0.5
0,1.1035111665691e-05,1.37409837981188,-0.000201698444964014,0.5
0,0.00936514178623248,1.37147011896611,-0.000206466986127104,0.5
0,0.00858279543023492,1.37170260197128,-0.000206663312119214,0.5
0,0.0175794864251191,1.37004341600961,-0.000210011004663238,0.5
0,0.0222104232051599,1.37260712689794,-0.000207342661260844,0.5
0,0.0273748449867907,1.37616951167747,-0.000203205474858138,0.5
0,0.0324179768076817,1.37892053785637,-0.000200104423132896,0.5
0,0.0373568626320378,1.38264271141236,-0.000195627653675981,0.5
0,0.041990206399631,1.38668447976216,-0.00019058948586129,0.5
0,0.0465084992372074,1.39514438041971,-0.000179394628396443,0.5
0,0.0371688770058305,1.40530963398089,-0.000161757685621292,0.5
0,0.0182137437068836,1.41168393129485,-0.000146953871241279,0.5
0,0.0331713885893219,1.42146753591781,-0.000136857148539543,0.5
0,0,1.42680251286573,-0.000114672960149001,0.5
0,0.0174510146252975,1.41508158695879,-0.000141198975487479,0.5
0,0,1.43784285509131,-9.95261856557618e-05,0.5
0,0.0016434311631394,1.41934899988205,-0.000130217301409834,0.5
0,0.00150732760498273,1.43099222450295,-0.000113097969509141,0.5
0,0.0020950269215336,1.4299671405415,-0.000114367267415635,0.5
0,0.00481490929895627,1.43342011325157,-0.000109856613196777,0.5
0,0.00725789523157782,1.44084728853881,-9.94514559914815e-05,0.5
0,0.00931853825548376,1.44835903070743,-8.87142303872492e-05,0.5
0,0.0113228491164264,1.45707664323146,-7.61393764949655e-05,0.5
0,0.0060698828651167,1.46457819298785,-6.34546817620209e-05,0.5
0,0.0114100326872775,1.46995770733532,-5.64318089230844e-05,0.5
0,0,1.47913845651734,-3.88769477603156e-05,0.5
0,0.00207663556153936,1.46397022784441,-6.22175615743224e-05,0.5
0,0.00253605623934516,1.47727284153132,-4.25004713395255e-05,0.5
0,0.00075798834591785,1.47779250944172,-4.07303203741339e-05,0.5
0,0,1.47463177396728,-4.47781267135832e-05,0.5
0,0,1.46880601862893,-5.26509022228531e-05,0.5
0,0,1.46685931584112,-5.51814415762856e-05,0.5
0,0,1.46332332159352,-5.99276006734179e-05,0.5
0,0,1.45998800434692,-6.45634402157985e-05,0.5
0,0,1.45674440660312,-6.91325911375823e-05,0.5
0,0,1.45361235099074,-7.36293074305018e-05,0.5
0,0,1.45058610853712,-7.80520507538756e-05,0.5
0,0,1.44766265541224,-8.24010213516855e-05,0.5
0,0,1.44483863547163,-8.66760965058869e-05,0.5
0,0,1.44211087275605,-9.0877311327342e-05,0.5
0,0.00134742632807263,1.43947629770184,-9.5004756824309e-05,0.5
0,0.00411189605125215,1.44539790896802,-8.70944843646961e-05,0.5
0,0.00611909545042986,1.45149367273682,-7.85894958444296e-05,0.5
0,0.00820201511164525,1.45829403849378,-6.90216626790265e-05,0.5
0,0.0102622065001406,1.46697024060223,-5.66038521683446e-05,0.5
0,0,1.4741074608585,-4.30077300391997e-05,0.5
0,0.00437636312594299,1.46059367009021,-6.41811452243401e-05,0.5
0,0.00661444737300727,1.47953411196579,-3.68543611258111e-05,0.5
0,0.0061437881574734,1.48487294253664,-2.82332647323686e-05,0.5
0,0.00727907948316109,1.49255394841576,-1.68289676987615e-05,0.5
0,0.00123754315028676,1.49984272252033,-4.2074261067504e-06,0.5
0,0.00295114611816595,1.49633986095014,-9.34824243682425e-06,0.5
0,0.00307335524776406,1.50665980522735,6.32052425141275e-06,0.5
0,0.00154298677930314,1.51033374702057,1.27939847222936e-05,0.5
0,0,1.50937621162596,1.23337091717862e-05,0.5
0,0,1.50138843305509,1.64641271855207e-06,0.5
0,0,1.50031731586973,6.0051090760526e-07,0.5
0,0,1.49661886320456,-4.05303005143406e-06,0.5
0,0,1.49317619871847,-8.59425328252923e-06,0.5
0,0,1.48981201782144,-1.30836255324497e-05,0.5
0,0,1.48655990709985,-1.75146209225092e-05,0.5
0,0,1.4834128957265,-2.18840353405567e-05,0.5
0,0,1.4803682480928,-2.61917696134827e-05,0.5
0,0,1.47742263461551,-3.04371302195781e-05,0.5
0,0,1.47457293525407,-3.46196509823246e-05,0.5
0,0,1.47181612790466,-3.87389305698596e-05,0.5
0,0,1.46914930132766,-4.2794655294277e-05,0.5
0,0,1.46656964814306,-4.67865890142096e-05,0.5
0,0,1.46407446101739,-5.07145688121816e-05,0.5
0,0,1.46166112855567,-5.45785000358484e-05,0.5
0,0,1.45932713144817,-5.83783517572688e-05,0.5
0,0,1.45707003877651,-6.21141524636986e-05,0.5
0,0,1.45488750448484,-6.57859859941449e-05,0.5
0,0,1.45277726400628,-6.93939877041437e-05,0.5
0,0,1.45073713103736,-7.29383408471283e-05,0.5
0,0,1.44876499445373,-7.64192731605838e-05,0.5
0,0,1.44685881536017,-7.98370536459488e-05,0.5
0,0,1.44501662426882,-8.31919895317996e-05,0.5
0,0,1.44323651839957,-8.64844234104188e-05,0.5
0,0,1.44151665909681,-8.97147305383816e-05,0.5
0,0.000868606718365616,1.43985526935725,-9.2883316292299e-05,0.5
0,0.00414190709519845,1.44442863991342,-8.72642794278901e-05,0.5
0,0.00723122558458914,1.45182685866889,-7.73681929112457e-05,0.5
0,0.0101254244894972,1.4597346395054,-6.65368277678319e-05,0.5
0,0.0097008444246165,1.46830109985392,-5.38328210841971e-05,0.5
0,0.0123886808625137,1.47622125253819,-4.26870307595529e-05,0.5
0,0,1.48329557709602,-2.81734251816198e-05,0.5
0,0.00557463182032497,1.47163079795428,-4.76189932502947e-05,0.5
0,0.00699674032340445,1.49152991082543,-1.86505448678144e-05,0.5
0,0.00656268852071248,1.49602055841529,-1.12030081886957e-05,0.5
0,0.00673971887010856,1.50397563983336,8.20506958274923e-07,0.5
0,0.00587411364717811,1.51155408316057,1.28172925559238e-05,0.5
0,0.00747230849235995,1.51870287780656,2.37386373447746e-05,0.5
0,0.000687656711205572,1.52637795524108,3.72450731106656e-05,0.5
0,0.000397534548833188,1.51933664959799,2.74062707556684e-05,0.5
0,0,1.52120646958811,3.10616264431349e-05,0.5
0,0,1.51584893472866,2.43708359861194e-05,0.5
0,0,1.51394273685909,2.22202873196422e-05,0.5
0,0,1.51089584108158,1.85234014210714e-05,0.5
0,0,1.50800840400946,1.48773708558376e-05,0.5
0,0,1.50519738323623,1.12683254018191e-05,0.5
0,0,1.50247646855969,7.69722485028591e-06,0.5
0,0,1.49984131109177,4.16652853502512e-06,0.5
0,0,1.49728950800885,6.76940218105744e-07,0.5
0,0,1.49481843590272,-2.77057917753687e-06,0.5
0,0,1.49242560304325,-6.17522170748307e-06,0.5
0,0,1.4901085990886,-9.53625414478875e-06,0.5
0,0,1.48786509912966,-1.28530259364338e-05,0.5
0,0,1.48569285927382,-1.61249625550867e-05,0.5
0,0,1.48358971362788,-1.93515614452235e-05,0.5
0,0,1.48155357121889,-2.25323878079396e-05,0.5
0,0,1.47958241307535,-2.56670706586377e-05,0.5
0,0,1.47767428942814,-2.87552990774655e-05,0.5
0,0,1.47582731703096,-3.17968186534438e-05,0.5
0,0,1.47403967659406,-3.47914281109824e-05,0.5
0,0,1.47230961032636,-3.77389761099444e-05,0.5
0,0,1.4706354195809,-4.0639358210566e-05,0.5
0,0,1.46901546259915,-4.34925139950207e-05,0.5
0,0,1.46744815234967,-4.62984243378168e-05,0.5
0,0,1.46593195445683,-4.90571088176136e-05,0.5
0,0,1.46446538521581,-5.17686232634062e-05,0.5
0,0,1.46304700968971,-5.44330574283856e-05,0.5
0,0,1.46167543988542,-5.70505327851091e-05,0.5
0,0,1.46034933300463,-5.9621200435938e-05,0.5
0,0,1.45906738976664,-6.21452391329962e-05,0.5
0,0,1.45782835279986,-6.46228534021912e-05,0.5
0,0,1.45663100509903,-6.70542717661096e-05,0.5
0,0.000215093444071478,1.45547416854513,-6.94397450608561e-05,0.5
0,0.00287160959233891,1.45715294768677,-6.78311078707968e-05,0.5
0,0.00619045736845348,1.46423008643483,-5.84694316956342e-05,0.5
0,0.00901881409651281,1.47136610650413,-4.87008022807289e-05,0.5
0,0.00861197424383373,1.48063999435878,-3.49762657993607e-05,0.5
0,0.00443910055513652,1.48770241926592,-2.34892653129789e-05,0.5
0,0.0112301843306876,1.49274089733,-1.73526112370058e-05,0.5
0,0,1.50161015910441,1.78436902435468e-06,0.5
0,0,1.49047763926988,-1.78131573231906e-05,0.5
0,0,1.49281802727506,-1.33126133958401e-05,0.5
0,0,1.49080395986738,-1.5953328556629e-05,0.5
0,0,1.4890696126973,-1.8429458777923e-05,0.5
0,0,1.4873432346747,-2.0893525166525e-05,0.5
0,0,1.48567629434057,-2.33292274621351e-05,0.5
0,0,1.48406235313099,-2.57330169505789e-05,0.5
0,0,1.48250063002847,-2.81051055489415e-05,0.5
0,0,1.48098947096504,-3.04448889912005e-05,0.5
0,0,1.47952738757926,-3.27519781520205e-05,0.5
0,0,1.4781129239184,-3.50260040492052e-05,0.5
0,0,1.47674467520395,-3.72666488790018e-05,0.5
0,0.00040256384484706,1.47542128310421,-3.94736381304459e-05,0.5
0,0.0026319077654244,1.47931380564929,-3.43214917184351e-05,0.5
0,0.00530250445790208,1.4875056311968,-2.28278009559867e-05,0.5
0,0.00782153689464788,1.49664661408489,-9.68750863405725e-06,0.5
0,0,1.50286458414381,2.26939569829778e-06,0.5
0,0.00233492722024178,1.49228874807489,-1.43981528966118e-05,0.5
0,0.00436550820673056,1.50755193739517,7.70839306074338e-06,0.5
0,0.00509857689182903,1.51526744927754,1.97051310872647e-05,0.5
0.00882109246860168,0.00243105205509452,1.52188416775858,3.05599932561123e-05,0.5
0.0162882436296414,0.00443990202406125,1.52457222118119,3.47770683270879e-05,0.5
0.0419779927076057,0.00144978385887473,1.53573254872127,5.25732641259189e-05,0.5
0.0383835824087975,0.00139349029771109,1.53380658880429,5.0626925876826e-05,0.5
0.0524098829391597,0.00078398784749661,1.53962475266095,6.0008135436937e-05,0.5
0.0534674424339112,0,1.53996273845145,6.1829294808625e-05,0.5
0.0393579758898332,0,1.53384219108539,5.40535117052663e-05,0.5
0.0390086065286128,0,1.53346640027182,5.42726841091271e-05,0.5
0.0336382757655911,0,1.53101472684831,5.1685582131892e-05,0.5
0.0288064549952017,0,1.52874133785038,4.91288176144966e-05,0.5
0.0241086676963182,0,1.52651282999612,4.65864366614169e-05,0.5
0.0196212112005398,0,1.52435436057247,4.4057693758339e-05,0.5
0.0153302380819746,0,1.52226136113611,4.15463211940329e-05,0.5
0.0112309938182336,0,1.52023226120737,3.90530857042378e-05,0.5
0.00731742771596773,0,1.51826506280858,3.65792606530629e-05,0.5
0.00358387641325286,0,1.51635789591127,3.41259383769306e-05,0.5
2.48417452911769e-05,0,1.51450894505764,3.16941494728234e-05,0.5
0,0,1.51271645814835,2.92848470509366e-05,0.5
0,0,1.51097874252953,2.68989134348991e-05,0.5
0,0,1.50929416298464,2.45371632385491e-05,0.5
0,0,1.50766113953793,2.22003468281704e-05,0.5
0,0,1.50607814538617,1.98891535465855e-05,0.5
0,0,1.50454370490767,1.76042148013099e-05,0.5
0,0,1.50305639175239,1.53461070088007e-05,0.5
0,0,1.50161482700854,1.31153544034274e-05,0.5
0,0,1.50021767744264,1.09124317169491e-05,0.5
0,0,1.49886365381003,8.73776673439576e-06,0.5
0,0,1.49755150923261,6.59174273192358e-06,0.5
0,0,1.4962800376413,4.47470080197396e-06,0.5
0,0,1.49504807228029,2.38694207081899e-06,0.5
0,0,1.49385448427048,3.2872981334849e-07,0.5
0,0,1.49269818122987,-1.69970853026719e-06,0.5
0,0,1.49157810594822,-3.69817943161409e-06,0.5
0,0,1.49049323511396,-5.66652144054676e-06,0.5
0,0,1.489442578091,-7.60460343714185e-06,0.5
0,0,1.48842517574359,-9.5123229652419e-06,0.5
0,0,1.48744009930691,-1.13896046439116e-05,0.5
0,0,1.48648644930189,-1.32363986532948e-05,0.5
0,0,1.48556335449209,-1.50526792915187e-05,0.5
0,0,1.48466997088116,-1.68384435994428e-05,0.5
0,0,1.48380548074904,-1.85937100501943e-05,0.5
0,0,1.48296909172537,-2.0318517300569e-05,0.5
0,0,1.48216003589871,-2.20129230015085e-05,0.5
0,0,1.48137756895983,-2.36770026649892e-05,0.5
0,0,1.48062096937793,-2.53108485847794e-05,0.5
0,0,1.47988953760838,-2.69145688086324e-05,0.5
0,0,1.47918259533061,-2.84882861595967e-05,0.5
0,0,1.478499484715,-3.00321373042239e-05,0.5
0,0,1.47783956771769,-3.15462718655577e-05,0.5
0,0.00153621499198255,1.47720222540194,-3.303085157888e-05,0.5
0,0.0049908848902992,1.48415937495041,-2.38169175116929e-05,0.5
0,0.00787121189139436,1.49167845361851,-1.33815271993782e-05,0.5
0.011088291517254,0.0108105701238229,1.50006971281872,-1.56311826471487e-06,0.5
0.0281508461528527,0.00593902892019632,1.50756460913725,1.07203539666168e-05,0.5
0.0467094869588232,0.012879426592533,1.51450437679433,1.98784586995443e-05,0.5
0.0601724455955535,0,1.52213241096191,3.5786525998525e-05,0.5
0.0414110119018905,0.00294810397626794,1.51230255660654,1.94494965402749e-05,0.5
0.075805389891282,0.00291890652513979,1.52686591938205,4.11426723260832e-05,0.5
0.0802761488918819,0.00176992527322447,1.528493658229,4.46731409168481e-05,0.5
0.0881317409194902,0.00199954760084683,1.53144647381785,4.94626518636455e-05,0.5
0.0997922417095049,0.00226790119646216,1.53606181935301,5.69146892764269e-05,0.5
0.110916675020744,0.00223280811605048,1.54047599578656,6.42137397618109e-05,0.5
0.123331160496512,0.00223330051028924,1.54545100785904,7.2397767143316e-05,0.5
0.131735046580558,0.00143745687611989,1.54875727744167,7.83309350491168e-05,0.5
0.13684319550332,0.000107271592449673,1.5506781452196,8.22828413034588e-05,0.5
0.128962648742889,0,1.54712160014987,7.83637013035882e-05,0.5
0.125673051716039,0,1.54544795074875,7.68824428935366e-05,0.5
0.122979971134903,0,1.54403757090408,7.58278166138141e-05,0.5
0.119141715519643,0,1.54212774341379,7.39637343489401e-05,0.5
0.115515032318766,0,1.5402882137629,7.21053722236669e-05,0.5
0.112035504078316,0,1.53849773844166,7.0249390703028e-05,0.5
0.108716838510541,0,1.53676083489361,6.83976206699185e-05,0.5
0.105552905858214,0,1.53507548051762,6.65517548969826e-05,0.5
0.0961858063927606,0,1.53344020935274,6.49725148286479e-05,0.5
0.0975213995279607,0,1.53177731067066,6.28419696955232e-05,0.5
0.0579324062167655,0,1.53022756672636,6.25166868003733e-05,0.5
0.0783493844245993,0,1.52815331596294,5.88168953238633e-05,0.5
0.0678429902416626,0,1.52658747853707,5.71928287210885e-05,0.5
0.064665503929081,0,1.52488205228964,5.4935572908591e-05,0.5
0.0617231818760325,0,1.52325840775111,5.27646780458391e-05,0.5
0.0589095008932992,0,1.52167719174319,5.06013648674888e-05,0.5
0.0562384312778408,0,1.52014357695012,4.84584426149476e-05,0.5
0.0537042237993536,0,1.51865566735589,4.63362350453568e-05,0.5
0.0513030645005728,0,1.51721220380135,4.42354541399995e-05,0.5
0.0474885477441791,0,1.51581188441876,4.22197484428317e-05,0.5
0.0376997681743296,0,1.51442005367318,4.04242773808275e-05,0.5
0.0407824120739113,0,1.51290951613514,3.78864987264749e-05,0.5
0,0,1.51158047486083,3.75660825909746e-05,0.5
0.020089563524202,0,1.50947704674089,3.31578755918131e-05,0.5
0.00882685650794839,0,1.50805120576918,3.12806189786466e-05,0.5
0.00592362275607582,0,1.5064184703107,2.86436400844397e-05,0.5
0.00327273421117224,0,1.5048738613424,2.61216453802702e-05,0.5
0.000741044460838064,0,1.50336856531356,2.36196341237626e-05,0.5
0,0,1.50190955847369,2.11523353358913e-05,0.5
0,0,1.50049487444438,1.87195237117122e-05,0.5
0,0,1.49912334792736,1.63214687478789e-05,0.5
0,0,1.4977937420648,1.39583686650207e-05,0.5
0,0,1.49650487152242,1.16303790490167e-05,0.5
0,0,1.49525558731883,9.99719940828285e-06,0.5
0,0,1.49380183995128,6.92776148105011e-06,0.5
0,0,1.49259173323019,4.9234122703961e-06,0.5
0,0,1.49127826909739,2.40296448897862e-06,0.5
0,0,1.49006457141799,1.28225354345628e-07,0.5
0,0,1.4888619323045,-2.06380699722892e-06,0.5
0,0,1.48762585600488,-4.49890489522606e-06,0.5
0,0,1.48647334867441,-6.33312796007773e-06,0.5
0,0,1.48509153051106,-9.20770687100919e-06,0.5
0,0,1.48394916573918,-1.0905073886347e-05,0.5
0,0,1.48247815065047,-1.39653649686884e-05,0.5
0,0,1.48128828668305,-1.59156937955916e-05,0.5
0,0,1.47986998803481,-1.87960322106682e-05,0.5
0,0,1.47864632344863,-2.09215559142e-05,0.5
0,0,1.47726918257158,-2.3717799041965e-05,0.5
0,0,1.47605003420751,-2.57746195107055e-05,0.5
0,0,1.47463214558197,-2.8707923824555e-05,0.5
0,0,1.47341793555872,-3.06918040424283e-05,0.5
0,0,1.47198167282372,-3.3709717360009e-05,0.5
0,0,1.47075881289696,-3.60871592974739e-05,0.5
0,0,1.46951009678418,-3.86058892346052e-05,0.5
0,0,1.46831189549785,-4.10593748410688e-05,0.5
0,0,1.46715121103019,-4.34703912906019e-05,0.5
0,0,1.46602904391344,-4.58358148424897e-05,0.5
0,0,1.46494416021677,-4.81560600861985e-05,0.5
0,0,1.46389555525353,-5.04314319347808e-05,0.5
0,0,1.46288222694789,-5.26622579350096e-05,0.5
0,0,1.46190320729686,-5.48488818033525e-05,0.5
0,0,1.46095755760923,-5.69916600362956e-05,0.5
0,0,1.46004436799569,-5.90909613491314e-05,0.5
0,0,1.45916275628679,-6.11471655443485e-05,0.5
0,0,1.45831186707302,-6.31606625552752e-05,0.5
0,0,1.45749087077036,-6.513185152241e-05,0.5
0,0,1.45669896272398,-6.70611399235205e-05,0.5
0,0,1.45593536234638,-6.89489427511909e-05,0.5
0,0,1.4551993122889,-7.07956817360401e-05,0.5
0,0,1.45449007764521,-7.26017846132433e-05,0.5
0,0,1.45380694518523,-7.43676844302136e-05,0.5
0,0,1.45314922261856,-7.60938188933868e-05,0.5
0,0,1.45251623788582,-7.77806297521538e-05,0.5
0,0,1.45190733847703,-7.94285622180824e-05,0.5
0,0,1.4513218907758,-8.10380644176589e-05,0.5
0,0.00201696249970522,1.45075927942819,-8.2609586876866e-05,0.5
0,0.00589677553416183,1.45494978576669,-7.75889807797112e-05,0.5
0,0.00926568621485339,1.45903891970227,-7.24481036699664e-05,0.5
0,0.0126740093981983,1.46385454103028,-6.62345508614336e-05,0.5
0,0.0159546894248462,1.4696047150017,-5.85525150155202e-05,0.5
0,0.0192083727851974,1.48106387224436,-4.25740832101809e-05,0.5
0,0.0151221832835369,1.48767525636706,-3.15879852185911e-05,0.5
0.0164985908057878,0.022733500509764,1.49621701554291,-2.04751681209168e-05,0.5
0.0314507166635712,0.00982829385866036,1.50369350017271,-6.19504477802838e-06,0.5
0.0459868085588801,0.0203506335567416,1.50858803300188,-6.76242387013263e-07,0.5
0.0106119262721811,0,1.5186038330785,1.90684751375428e-05,0.5
0.0216238794561165,0.00104407393448276,1.50582333605994,-7.4757131445332e-07,0.5
0,0,1.51255400204538,1.10588447354185e-05,0.5
0.00324124959035133,0,1.506445886816,2.77292012305912e-06,0.5
0,0,1.5053002164187,1.83261717928228e-06,0.5
0,0,1.50287550207019,-9.6817897248565e-07,0.5
0,0,1.50062922117187,-3.68179043836236e-06,0.5
0,0,1.49843532806042,-6.37753733519552e-06,0.5
0,0,1.49631393281664,-9.04755655608307e-06,0.5
0,0,1.49426064615232,-1.16894933149231e-05,0.5
0,0,1.49227370418727,-1.43026896805135e-05,0.5
0,0,1.49035101102719,-1.68861939316905e-05,0.5
0,0,1.48849059412616,-1.94392046982954e-05,0.5
0,0,1.48669054184136,-2.1960980812824e-05,0.5
0,0,1.48494901002163,-2.44508523976263e-05,0.5
0,0,1.48326421810183,-2.68091386588962e-05,0.5
0,0,1.48158984530644,-2.93029754799416e-05,0.5
0,0,1.47997931588676,-3.14450378817649e-05,0.5
0,0,1.47828835391909,-3.4228907940247e-05,0.5
0,0,1.47675909369432,-3.60162753510303e-05,0.5
0,0,1.47499568884089,-3.9132096450136e-05,0.5
0,0,1.47349011052811,-4.10491922132327e-05,0.5
0,0,1.47178480196035,-4.40381591771607e-05,0.5
0,0,1.4702846071737,-4.61982216922403e-05,0.5
0,0,1.46867724324295,-4.89988806029569e-05,0.5
0,0,1.4672118816446,-5.11392759136887e-05,0.5
0,0,1.46563415947184,-5.39909443118455e-05,0.5
0,0,1.46421692793788,-5.59927356261965e-05,0.5
0,0,1.46263051267979,-5.8971045178416e-05,0.5
0,0,1.4612443984825,-6.09606098835077e-05,0.5
0,0,1.45967949770424,-6.39368630341321e-05,0.5
0,0,1.45831131945082,-6.60034817559315e-05,0.5
0,0,1.45679376582425,-6.89061525452312e-05,0.5
0,0,1.45544884478377,-7.09897733245621e-05,0.5
0,0,1.45396390789679,-7.38769170357729e-05,0.5
0,0,1.45264900281487,-7.59112343194264e-05,0.5
0,0,1.45117703321524,-7.88321698126974e-05,0.5
0,0,1.44988854114121,-8.08368649867517e-05,0.5
0,0,1.44843270073224,-8.37643774882206e-05,0.5
0,0,1.44716434757232,-8.57792056603485e-05,0.5
0,0,1.44573506813466,-8.86771285340752e-05,0.5
0,0,1.44448621749871,-9.069584957811e-05,0.5
0,0,1.44308212822916,-9.35709939673078e-05,0.5
0,0,1.44185487674064,-9.55672513347925e-05,0.5
0,0,1.44046826326032,-9.84398549719116e-05,0.5
0,0,1.43926204353553,-0.000100410469597536,0.5
0,0,1.43789096914694,-0.000103278538352775,0.5
0,0,1.43670321081904,-0.000105236585769825,0.5
0,0.00119442950080136,1.43535060656195,-0.000108086375957895,0.5
0,0,1.43634417562121,-0.000107026453412093,0.5
0,0.00452914100646092,1.43340286480348,-0.000111982769727819,0.5
0,0.00336299839674426,1.43837789317497,-0.000105505883487696,0.5
0,0.00868056419808697,1.43773677487176,-0.000107009097349328,0.5
0,0.0114950684536726,1.44212054480639,-0.000101505772491326,0.5
0,0.0146348486972018,1.4474473157439,-9.44299718998614e-05,0.5
0,0.0179497724964524,1.45497782418863,-8.41760651778998e-05,0.5
0,0.0212322689574462,1.46481652663199,-7.04423711556887e-05,0.5
0,0,1.47074155228416,-5.56022361388485e-05,0.5
0,0.0141454380041527,1.46014051893088,-7.4859521642529e-05,0.5
0,0,1.48159548620824,-3.94550117205944e-05,0.5
0,0.00499665314631572,1.46559671670184,-6.40323457404034e-05,0.5
0,0.00730441274800708,1.48349917097661,-3.85462580506145e-05,0.5
0,0.00756406205607329,1.48864829699646,-3.02498680817864e-05,0.5
0,0.00932349704023261,1.49563935764591,-1.99613822652348e-05,0.5
0,0.00873352777643379,1.50420144999785,-6.60998240601987e-06,0.5
0,0.00424817294589689,1.51144775176956,5.74082703559967e-06,0.5
0,0.00794754110412154,1.51476833365695,1.0644153881654e-05,0.5
0.0117997760275332,0,1.52475908086793,2.95355718554605e-05,0.5
0,0,1.51131662325035,9.39157229793213e-06,0.5
0,0,1.51317239239654,1.32745351172404e-05,0.5
0,0,1.51020556929069,1.00667266383719e-05,0.5
0,0,1.50759037119802,6.99836769911628e-06,0.5
0,0,1.50500237868941,3.94364843754329e-06,0.5
0,0,1.50250208343023,9.13169580725382e-07,0.5
0,0,1.50008092412529,-2.08743136529539e-06,0.5
0,0,1.49773742072111,-5.05794496355859e-06,0.5
0,0,1.49546901825906,-7.99707147420888e-06,0.5
0,0,1.49327339467163,-1.09038223414201e-05,0.5
0,0,1.49114828703635,-1.37772587198148e-05,0.5
0,0,1.48909151539138,-1.66165317075901e-05,0.5
0,0,1.48710097572206,-1.94208706219717e-05,0.5
0,0,1.48517463756875,-2.21895798225135e-05,0.5
0,0,1.48331054105905,-2.49220343964043e-05,0.5
0,0,1.48150679416785,-2.76176762598361e-05,0.5
0,0,1.47976157007766,-3.02760104218497e-05,0.5
0,0,1.47807310465281,-3.28966014395579e-05,0.5
0,0,1.47643969401971,-3.54790700496973e-05,0.5
0,0,1.47485969224886,-3.80230899687875e-05,0.5
0,0,1.47333150913396,-4.0528384853528e-05,0.5
0,0,1.47185360806391,-4.29947254136329e-05,0.5
0,0,1.47042450398337,-4.54219266696626e-05,0.5
0,0,1.46904276143815,-4.78098453487797e-05,0.5
0,0,1.46770699270165,-5.01583774117017e-05,0.5
0,0,1.46641585597856,-5.24674557044536e-05,0.5
0,0,1.46516805368277,-5.47370477288354e-05,0.5
0,0,1.46396233078592,-5.69671535258176e-05,0.5
0,0,1.46279747323361,-5.91578036663595e-05,0.5
0,0.00178216756687208,1.46167230642642,-6.13090573444144e-05,0.5
0,0.00543450302923059,1.46955828168019,-5.08255128693935e-05,0.5
0,0.00831169942621112,1.47761566886597,-3.96240722699603e-05,0.5
0,0.00324362124709808,1.48578916106019,-2.63958208437223e-05,0.5
0,0.00984309076790165,1.48801499031816,-2.4323270633044e-05,0.5
0,0,1.49943602812407,-4.62704238476019e-06,0.5
0,0.00364997352434438,1.48745139260293,-2.32048991600002e-05,0.5
0,0.00612525743047537,1.50458946045646,1.37819688110369e-06,0.5
0.0107928376525498,0.00299025305808896,1.51133629526866,1.27763863436631e-05,0.5
0.0169161295593867,0.00553418616153267,1.51340779014251,1.57957228595639e-05,0.5
0.0443284822044306,0.00677680858519855,1.52491324793335,3.30724447438775e-05,0.5
0.0574268580801416,0,1.53102558252496,4.43867341700416e-05,0.5
0.0313888844449868,0,1.51934548467634,2.77888967324611e-05,0.5
0.0370366530748397,0,1.52157531493374,3.16841131788955e-05,0.5
0.0316730062717881,0,1.51912265747618,2.91332474833673e-05,0.5
0.0272659864989512,0,1.51698639100634,2.66598343601779e-05,0.5
0.0228945273459226,0,1.51486256641811,2.42004845900486e-05,0.5
0.0187360853302357,0,1.51280972216171,2.17552724363101e-05,0.5
0.0147674043798457,0,1.51082018798389,1.933044240201e-05,0.5
0.0109855099712632,0,1.50889298011418,1.69260477666419e-05,0.5
0.00738427342437178,0,1.50702607434356,1.45433371345409e-05,0.5
0.00395818205889175,0,1.50521764995084,1.21832635118878e-05,0.5
0.000701848032207158,0,1.50346592745469,9.8467432223525e-06,0.5
0,0,1.50176919144129,7.53461602586494e-06,0.5
0,0,1.50012578468879,5.24765542350591e-06,0.5
0,0,1.49853410648935,2.98657101945448e-06,0.5
0,0,1.49699261042766,7.52011962233724e-07,0.5
0,0,1.49549980234042,-1.45542995548152e-06,0.5
0,0,1.49405423834512,-3.63521731435236e-06,0.5
0,0,1.49265452295099,-5.78686423006262e-06,0.5
0,0,1.49129930724633,-7.90993364767461e-06,0.5
0,0,1.48998728715914,-1.00040347632999e-05,0.5
0,0,1.48871720178807,-1.20688205671152e-05,0.5
0,0,1.4874878318005,-1.41039855021591e-05,0.5
0,0,1.48629799789508,-1.61092632335866e-05,0.5
0,0,1.48514655932587,-1.80844245233018e-05,0.5
0,0,1.48403241248545,-2.00292752051284e-05,0.5
0,0,1.48295448954463,-2.19436542558981e-05,0.5
0,0,1.4819117571463,-2.38274319580496e-05,0.5
0,0,1.48090321515108,-2.56805081495373e-05,0.5
0,0.000344223546849356,1.47992789543266,-2.75028105570364e-05,0.5
0,0.00252405600251854,1.48217649636929,-2.47929327944898e-05,0.5
0,0.0050719444441111,1.48755766198493,-1.75073418644026e-05,0.5
0.0011845544271997,0.00739272891416539,1.49334231331887,-9.44329154426229e-06,0.5
0.0185740689643938,0.0097726038530846,1.50028119165504,3.95954304817033e-07,0.5
0.0385207862116507,0.0120830380049083,1.50834713690878,1.20635567978229e-05,0.5
0.0583431760172629,0.012320755484763,1.51657443927149,2.4558485179587e-05,0.5
0.0768348878175992,0.0126276527877083,1.52421608966754,3.63163691330184e-05,0.5
0.0954257090351477,0.0119201349231991,1.53200736957816,4.86189978908142e-05,0.5
0.114491419742429,0.013121968425879,1.5398133276274,6.07475780681585e-05,0.5
0.131427189258857,0.00930116235063244,1.54720642943047,7.33163322523997e-05,0.5
0.146602944212798,0.0119762086836203,1.55316696335009,8.27193401444191e-05,0.5
0.166531213991576,0.0095921802434648,1.56172364582534,9.69798683320138e-05,0.5
0.180069112228306,0.00979213608578598,1.56722838158316,0.000106454947108127,0.5
0.196779402630489,0.00881257614872647,1.57423944949441,0.000118395243431569,0.5
0.209904020829875,0.00728707923955612,1.57974379695883,0.000128340531977351,0.5
0.220803277424266,0.00526841590114286,1.5843269343507,0.000137003909084514,0.5
0.228009536578873,0.00246602020215859,1.58737793089071,0.000143520941313597,0.5
0.225401740947531,0,1.58631892554493,0.000144056203156928,0.5
0.211671230340555,0,1.58056493096927,0.000137561442270381,0.5
0.209148049752687,0,1.57945299284864,0.000137546043808504,0.5
0.202151121475036,0,1.57649250053721,0.000134936159442275,0.5
0.195677201224214,0,1.57370501422858,0.000132334018841802,0.5
0.189383520617585,0,1.57097751695982,0.000129729392408814,0.5
0.183334762888862,0,1.5683313298441,0.000127122487543482,0.5
0.177517159742504,0,1.56576191115712,0.000124517490467438,0.5
0.171924672769688,0,1.56326726729695,0.000121915980429399,0.5
0.166550229142226,0,1.56084506362196,0.000119319932613582,0.5
0.161387149032176,0,1.55849309530106,0.000116731128793904,0.5
0.156428958240006,0,1.5562092254289,0.000114151259278939,0.5
0.151669407786085,0,1.55399139149625,0.000111581911370381,0.5
0.147102461718945,0,1.55183760135937,0.000109024576484335,0.5
0.142722289724712,0,1.54974593079648,0.000106480654235891,0.5
0.138523259367464,0,1.54771452094234,0.000103951456774513,0.5
0.13449992873288,0,1.54574157585615,0.000101438212866197,0.5
0.130647039348415,0,1.54382536018097,9.89420718067303e-05,0.5
0.126959509385262,0,1.54196419689641,9.64641071621593e-05,0.5
0.123432427128035,0,1.54015646515978,9.40053203456053e-05,0.5
0.073448429112229,0,1.53840059823239,9.34710351353339e-05,0.5
0.100175265270333,0,1.53582858482853,8.83962125876584e-05,0.5
0.0865293378006539,0,1.53402350052431,8.62297459006127e-05,0.5
0.0823823612769939,0,1.53198801886853,8.31784308092722e-05,0.5
0.0785294715895767,0,1.53005493450394,8.02516404876868e-05,0.5
0.0748214376625472,0,1.52816947719282,7.73416684488987e-05,0.5
0.0712792965753216,0,1.5263393287396,7.446552832879e-05,0.5
0.0678960462908059,0,1.52456218057439,7.1623197201573e-05,0.5
0.0646674017209523,0,1.52283661822422,6.88152096976618e-05,0.5
0.0615888504503987,0,1.52116115259183,6.60420090863531e-05,0.5
0.0586560662843374,0,1.51953435602407,6.3303982196004e-05,0.5
0.0558648579770515,0,1.51795484542444,6.06014707941002e-05,0.5
0.0322978624406478,0,1.51642128275671,5.87891998587653e-05,0.5
0.0420510478256872,0,1.51414255302289,5.44521250868655e-05,0.5
0.0346308960070957,0,1.5125307002229,5.18144316123935e-05,0.5
0.0312564573031518,0,1.5107408026824,4.86938362536821e-05,0.5
0.0281100007974516,0,1.50902891850487,4.56601499676428e-05,0.5
0.0251008333473636,0,1.50736265781395,4.26639348209891e-05,0.5
0,0,1.50574618170416,4.18900423929135e-05,0.5
0,0,1.50199515060738,3.44599199606275e-05,0.5
0,0,1.50001866142272,3.14680766600741e-05,0.5
0,0,1.4974756969459,2.7134477180831e-05,0.5
0,0,1.4950817150996,2.29904787989786e-05,0.5
0,0,1.49274677669868,1.88942060685689e-05,0.5
0,0,1.4904846902294,1.48667821894424e-05,0.5
0,0,1.48829201580092,1.09073156588084e-05,0.5
0,0,1.48616694787529,7.01552598349508e-06,0.5
0,0,1.48410750589456,3.19108887266995e-06,0.5
0,0,1.4821118013495,-5.66374225724732e-07,0.5
0,0,1.48017800363505,-4.257269698443e-06,0.5
0,0,1.47830434253386,-7.88203453058706e-06,0.5
0,0,1.47648910531759,-1.01525016811522e-05,0.5
0,0,1.47325824457899,-1.643761975569e-05,0.5
0,0,1.47124550942113,-1.99699566070309e-05,0.5
0,0,1.46887779898826,-2.42879601407935e-05,0.5
0,0,1.46663188346536,-2.84527079259782e-05,0.5
0,0,1.46444829138902,-3.25514445259636e-05,0.5
0,0,1.46233545281823,-3.65718574715812e-05,0.5
0,0,1.46029041746742,-3.99659792287498e-05,0.5
0,0,1.45768895003759,-4.49857809919594e-05,0.5
0,0,1.45564419803342,-4.79366418107966e-05,0.5
0,0,1.4524982298421,-5.38629916265459e-05,0.5
0,0,1.45022872144408,-5.7898264655866e-05,0.5
0,0,1.44774493760595,-6.24251323431914e-05,0.5
0,0,1.44537629000894,-6.68097183653433e-05,0.5
0,0,1.44307944522667,-7.11147529500834e-05,0.5
0,0,1.44085958991689,-7.47525151135158e-05,0.5
0,0,1.43806186511654,-8.00574255313721e-05,0.5
0,0,1.43585479014321,-8.34277851508312e-05,0.5
0,0,1.43270129375958,-8.92272188271e-05,0.5
0,0,1.43031016048465,-9.34821051463384e-05,0.5
0,0,1.42775610928771,-9.81075780886148e-05,0.5
0,0,1.42531744732808,-0.000102592931937308,0.5
0,0,1.4229567230684,-0.000106302788412447,0.5
0,0,1.41990916359474,-0.000111954684046459,0.5
0,0,1.41755504199581,-0.000115613070756601,0.5
0,0,1.41443601911032,-0.000121251949132529,0.5
0,0,1.41192975865945,-0.000125665675068832,0.5
0,0,1.40932322602856,-0.000130339318473929,0.5
0,0,1.40683135953088,-0.000134822038345099,0.5
0,0,1.40436432552206,-0.000138667814705621,0.5
0,0,1.4012575891257,-0.000144328879202325,0.5
0,0,1.39883767547685,-0.000147826874127609,0.5
0,0,1.3953698794976,-0.00015392043868893,0.5
0,0,1.39275167149273,-0.000158365396644642,0.5
0,0,1.38995508341483,-0.000163204015842147,0.5
0,0,1.38729370511068,-0.000167882202831451,0.5
0,0,1.38472273531019,-0.000172233103418322,0.5
0,0,1.38194373783506,-0.000177172569175708,0.5
0,0,1.37949807609129,-0.000180559638421818,0.5
0,0,1.37582339425887,-0.000186899935785364,0.5
0,0,1.37324032395557,-0.000190921025051078,0.5
0,0,1.3700505135458,-0.000196266043184886,0.5
0,0,1.36728527094648,-0.000200904886481342,0.5
0,0,1.36451517873878,-0.000205565750964884,0.5
0,0,1.3618018702095,-0.000210041778731498,0.5
0,0,1.35899947774904,-0.000214887169901793,0.5
0,0,1.35646900647097,-0.000219279270636592,0.5
0,0,1.35396754751313,-0.000223686050681716,0.5
0,0,1.35157161618615,-0.000227973764225291,0.5
0,0,1.34926726631682,-0.000232159995721421,0.5
0,0.000769132053025261,1.34705352122459,-0.000236243940914016,0.5
0,0.00780648775112544,1.34546888280082,-0.000239486535143401,0.5
0,0.0148535982321863,1.34474559964085,-0.000241549451119054,0.5
0,0.0217276309009045,1.34637993022953,-0.000240375332270764,0.5
0,0.0284062006650588,1.34710096263608,-0.000240355952934461,0.5
0,0.0351067005625409,1.34867096286286,-0.000239186277078678,0.5
0,0.0415783956040291,1.35058027693355,-0.000237476030370291,0.5
0,0.0471793256247434,1.36477963790626,-0.000218953835629584,0.5
0,0.0518991574168251,1.37122672129109,-0.000210388259193149,0.5
0,0.0261439097390644,1.37956355186942,-0.000190306918948377,0.5
0,0.0431455362716328,1.38939454022215,-0.000181223937937277,0.5
0,0,1.39355829178944,-0.000151982993764266,0.5
0,0.0235270808675448,1.38284695138516,-0.000184443555410782,0.5
0,0,1.40607640398659,-0.000139354478415032,0.5
0,0.0037820143954609,1.3871803449033,-0.000171843435598815,0.5
0,0.00440026131630431,1.40225124635717,-0.000150149782683207,0.5
0,0.00642237406365664,1.40352169017173,-0.000148549463956516,0.5
0,0.0103368781661497,1.41022717424648,-0.000139797060904827,0.5
0,0.013433690417931,1.41927343198005,-0.000127350328718594,0.5
0,0.0151839819236454,1.42834277586963,-0.000114409582485402,0.5
0,0.00251355461997546,1.43549580757205,-0.000100452528162941,0.5
0,0.0137879509652992,1.43248283672373,-0.000107445552062934,0.5
0,0.0027482632764825,1.4488858163737,-8.0596681786348e-05,0.5
0,0.00938018065956666,1.44310785754387,-9.02431741235018e-05,0.5
0,0.0105142587218588,1.45847498702058,-6.79321070750458e-05,0.5
0,0.00315837831927662,1.4644001758789,-5.6926131962949e-05,0.5
0,0.00757764972563016,1.46299853808861,-5.97353161533332e-05,0.5
0,0.00813132764023737,1.47619011005275,-4.01422110512195e-05,0.5
0,0.00398344357389639,1.48280403934219,-2.88358099301184e-05,0.5
0,0.00526569745368196,1.48405852120142,-2.68433444007028e-05,0.5
0,0.00480743269650446,1.49266186344382,-1.35481346309764e-05,0.5
0,0.0033449257890961,1.49686645758455,-6.38630381577804e-06,0.5
0,0.00153573872328742,1.49910844833668,-2.16414931935251e-06,0.5
0,0,1.49811038719248,-2.59481292752463e-06,0.5
0,0,1.48905939118449,-1.4752794141764e-05,0.5
0,0,1.48704827005994,-1.71249553845805e-05,0.5
0,0,1.48244427120979,-2.30861291798689e-05,0.5
0,0,1.47813659979722,-2.88802833840062e-05,0.5
0,0,1.47393841787772,-3.45945418363568e-05,0.5
0,0,1.46988387209469,-4.02176145595777e-05,0.5
0,0,1.46596456998552,-4.57473820808906e-05,0.5
0,0,1.46217671943068,-5.11843264059836e-05,0.5
0,0,1.45851591915128,-5.65283908860501e-05,0.5
0,0,1.45497803206607,-6.17797477340219e-05,0.5
0,0,1.45155905911082,-6.69386300733768e-05,0.5
0,0,1.44825515259253,-7.20053557934205e-05,0.5
0,0,1.44506260685838,-7.6980315901492e-05,0.5
0,0,1.44197785278307,-8.18639694979621e-05,0.5
0,0,1.43899745195351,-8.66568380390875e-05,0.5
0,0,1.43611809121453,-9.13595001342623e-05,0.5
0,0,1.43333657745312,-9.59725866443143e-05,0.5
0,0,1.43064983262644,-0.000100496776096893,0.5
0,0,1.42805488901859,-0.000104932790394385,0.5
0,0,1.42554888471515,-0.000109281390797822,0.5
0,0,1.42312905928452,-0.000113543374170124,0.5
0,0,1.42079274965579,-0.000117719569463194,0.5
0,0.00240837638264871,1.41853738618352,-0.000121810834434262,0.5
0,0.00623301506417811,1.42547627369995,-0.00011294980530394,0.5
0,0.00906717196604438,1.43133032997714,-0.000105223828750226,0.5
0,0.0120734641212703,1.43836966556587,-9.57911946926777e-05,0.5
0,0,1.44705130065326,-7.88581334821701e-05,0.5
0,0.00792984846632385,1.43366327628999,-0.000101694232724051,0.5
0,0.00789174783701974,1.45767990438683,-6.68767623927344e-05,0.5
0,0.00738192845231566,1.46087321921705,-6.15621106258373e-05,0.5
0,0.0103251197609183,1.46751885933083,-5.24928739270412e-05,0.5
0,0.00548235627910532,1.47669547606094,-3.7592695855674e-05,0.5
0,0.00968750492486745,1.47991696574164,-3.35053551911347e-05,0.5
0,0.00640867657415551,1.49099168117689,-1.60887561472955e-05,0.5
0,0.00830299860311524,1.49471158298855,-1.04934280481646e-05,0.5
0,0.00842444577084632,1.50427314205082,4.11479476759702e-06,0.5
0,0.00742461641789608,1.50920769906175,1.23126563338032e-05,0.5
0,0.00667984655923741,1.51482671588274,2.14041009797328e-05,0.5
0,0.00591836230356536,1.52161556413257,3.23749996137378e-05,0.5
0,0.0042260091192264,1.52628749505689,4.04403423053139e-05,0.5
0,0.00184606485522461,1.52901975897215,4.56987946491758e-05,0.5
0,0,1.52810924131732,4.5660143968869e-05,0.5
0,0,1.51988302726174,3.48382154633043e-05,0.5
0,0,1.51819970948575,3.31795837605944e-05,0.5
0,0,1.51406554625551,2.81040542836339e-05,0.5
0,0,1.51019146643703,2.31410748937829e-05,0.5
0,0,1.50641017992569,1.82315961160053e-05,0.5
0,0,1.50275257508665,1.33825779094813e-05,0.5
0,0,1.4992115024828,8.5972543247948e-06,0.5
0,0,1.49578380536864,3.87597640838108e-06,0.5
0,0,1.49246579334169,-7.80378424418333e-07,0.5
0,0,1.48925399374446,-5.37116608927527e-06,0.5
0,0,1.48614504631788,-9.89582325923791e-06,0.5
0,0,1.48313571441729,-1.43538874052605e-05,0.5
0,0,1.48022287762491,-1.87449862313329e-05,0.5
0,0,1.47740352738555,-2.3068832563131e-05,0.5
0,0,1.47467476240281,-2.73252187009386e-05,0.5
0,0,1.47203378430819,-3.15140112185822e-05,0.5
0,0,1.4694778935122,-3.56351460310538e-05,0.5
0,0,1.46700448524125,-3.96886237413459e-05,0.5
0,0,1.46461104574944,-4.36745052474556e-05,0.5
0,0,1.46229514869738,-4.75929075961762e-05,0.5
0,0,1.46005445168993,-5.14440000702737e-05,0.5
0,0,1.4578866929655,-5.52280004964858e-05,0.5
0,0,1.45578968822965,-5.89451717624392e-05,0.5
0,0,1.45376132762631,-6.25958185312236e-05,0.5
0,0,1.45179957284013,-6.61802841429682e-05,0.5
0,0,1.44990245432378,-6.96989476933364e-05,0.5
0,0,1.44806806864455,-7.31522212793975e-05,0.5
0,0,1.44629457594452,-7.65405474038455e-05,0.5
0,0,1.44458019750913,-7.98643965290187e-05,0.5
0,0,1.44292321343924,-8.31242647726327e-05,0.5
0,0,1.4413219604217,-8.632067173757e-05,0.5
0,0,1.43977482959411,-8.94541584684823e-05,0.5
0,0,1.43828026449939,-9.25252855283453e-05,0.5
0,0,1.43683675912604,-9.55346311884743e-05,0.5
0,0,1.43544285603022,-9.84827897258561e-05,0.5
0,0,1.43409714453597,-0.000101370369821977,0.5
0,0.001407881607842,1.43279825900997,-0.000104197993057644,0.5
0,0.00501009854955963,1.43623989991852,-0.00010035062883016,0.5
0,0.00823335961303558,1.44042436348526,-9.52304538455544e-05,0.5
0,0.0116797355956674,1.44710700040645,-8.64983428297956e-05,0.5
0,0.00557999138439558,1.45745633573285,-6.99782657183731e-05,0.5
0,0.0142671191546366,1.46079730038682,-6.7099943117136e-05,0.5
0,0,1.46995154163851,-4.5446045948305e-05,0.5
0,0.00290755694609454,1.4588455255244,-6.73792380228832e-05,0.5
0,0.000393095152814403,1.47500348374038,-4.30971663769588e-05,0.5
0,0,1.46796175928446,-5.26603561659253e-05,0.5
0,0,1.46577042060074,-5.63190921632488e-05,0.5
0,0.0009694141284268,1.46498362013704,-5.76214735274229e-05,0.5
0,0.00338179429219667,1.47112092701549,-4.91714242767151e-05,0.5
0,0.00541655475581744,1.47842535102898,-3.87251633179147e-05,0.5
0,0.00746730445822025,1.48656499635371,-2.69402135411171e-05,0.5
0,0.00136374178478719,1.49389338102968,-1.44155728243132e-05,0.5
0,0.00549988965093911,1.49144432111216,-1.85886106771999e-05,0.5
0,0,1.50648048529801,5.18603446423304e-06,0.5
0,0,1.49180414215653,-1.59414271436451e-05,0.5
0,0,1.49422574516772,-1.22929782383283e-05,0.5
0,0,1.49164866735966,-1.54059033086001e-05,0.5
0,0,1.48943935893506,-1.83982628676274e-05,0.5
0,0,1.48724100475992,-2.1361435055141e-05,0.5
0,0,1.48511897360842,-2.42937443652858e-05,0.5
0,0,1.48306445259577,-2.71889009851069e-05,0.5
0,0,1.48107647589166,-3.00474031906192e-05,0.5
0,0,1.47915286900756,-3.28683974851706e-05,0.5
0,0,1.47729169252056,-3.56513523889727e-05,0.5
0,0,1.47549104836948,-3.8395757029852e-05,0.5
0,0,1.47374910747255,-4.11011690006414e-05,0.5
0,0,1.4720641028428,-4.37672027231657e-05,0.5
0,0,1.47043432785464,-4.63935274525911e-05,0.5
0,0.000582499161538811,1.46885813382305,-4.8979863917665e-05,0.5
0,0.00292520562726889,1.47353117406925,-4.27273477411129e-05,0.5
0,0.00511240668789807,1.4802350866027,-3.32960202742541e-05,0.5
0,0.00727466322329014,1.48778133557249,-2.2495330675603e-05,0.5
0,0.00705250446611851,1.49623331323957,-9.69922947939549e-06,0.5
0,0.00880064932793673,1.50378359928893,1.48519230546791e-06,0.5
0,0,1.51075439428047,1.53100843945486e-05,0.5
0,0.000817022385949343,1.49947769817217,-2.49117029935389e-06,0.5
0,0.000290719236641907,1.50921912226097,1.22523840333607e-05,0.5
0,0,1.50583014735092,8.31388283671713e-06,0.5
0,0,1.5022447589861,3.41624565931732e-06,0.5
0,0,1.50111501742757,2.1032210597868e-06,0.5
0,0,1.4989964950327,-6.21093395788162e-07,0.5
0,0,1.49699177710294,-3.30375257995298e-06,0.5
0,0,1.4950385950091,-5.95860772109337e-06,0.5
0,0,1.49314828294292,-8.5844372145544e-06,0.5
0,0,1.49131779913498,-1.11794766713708e-05,0.5
0,0,1.48954554223301,-1.37432538370419e-05,0.5
0,0,1.48782973310619,-1.62750956984006e-05,0.5
0,0,1.4861686815831,-1.87744365865529e-05,0.5
0,0,1.48456075028215,-2.12407614803731e-05,0.5
0,0,1.48300435787972,-2.36736121517276e-05,0.5
0,0,1.48149797624396,-2.60725827048261e-05,0.5
0,0,1.48004012853845,-2.84373169271927e-05,0.5
0,0,1.47862938727053,-3.07675055115659e-05,0.5
0,0,1.47726437243924,-3.30628834519317e-05,0.5
0,0,1.47594374975594,-3.5323227560101e-05,0.5
0,0,1.47466622893787,-3.75483541042189e-05,0.5
0,0.000720133827824463,1.47343056207112,-3.97381165623589e-05,0.5
0,0.00296767519781124,1.47684032669539,-3.53578833779652e-05,0.5
0,0.00531839344215518,1.48281496344403,-2.71132052155433e-05,0.5
0,0.00748650573909891,1.48915464076894,-1.81604849682642e-05,0.5
0,0.00972647548343698,1.49685978953089,-7.10187582739512e-06,0.5
0,0.00376069290675609,1.50499479505333,6.47278515491899e-06,0.5
0,0.00939495828467941,1.507197370555,8.94281882744333e-06,0.5
0.00044612747754575,0.00352453173762212,1.51877713986335,2.76542643142349e-05,0.5
0.0035378154199729,0.00702074647648233,1.51939720906026,2.85531682807893e-05,0.5
0.0307864852997819,0.00793297356812377,1.53082737058679,4.58525199977712e-05,0.5
0.04407419820413,0,1.53708291544933,5.76005492012433e-05,0.5
0.0180212437682186,0,1.52537110119206,4.07974792529277e-05,0.5
0.0235432655405441,0,1.52755324304756,4.46881088591806e-05,0.5
0.0182016145437798,0,1.52511051655599,4.21496120952881e-05,0.5
0.0138012135071261,0,1.5229790321636,3.96844369473942e-05,0.5
0.0094360262320259,0,1.52085982774021,3.72318368438205e-05,0.5
0.0052797195625794,0,1.51881018622763,3.47914954672921e-05,0.5
0.0013096306382035,0,1.516822633992,3.2369639068999e-05,0.5
0,0,1.51489621125506,2.99663778648612e-05,0.5
0,0,1.51302894850871,2.75829926268184e-05,0.5
0,0,1.51121907278983,2.52204751121392e-05,0.5
0,0,1.50946485110049,2.28797794468786e-05,0.5
0,0,1.50776461235266,2.05617836752727e-05,0.5
0,0,1.50611674174818,1.82672996979554e-05,0.5
0,0,1.50451967916753,1.59970756029155e-05,0.5
0,0,1.50297191704149,1.37517990234214e-05,0.5
0,0,1.50147199839412,1.15321001708552e-05,0.5
0,0,1.5000185149514,9.33855475443174e-06,0.5
0,0,1.49861010532791,7.17168676250637e-06,0.5
0,0,1.49724545328578,5.03197111630231e-06,0.5
0,0,1.49592328606342,2.91983620112368e-06,0.5
0,0,1.49464237277096,8.3566628069093e-07,0.5
0,0,1.49340152284954,-1.22019620014069e-06,0.5
0,0,1.49219958459182,-3.24744841923949e-06,0.5
0,0,1.49103544372127,-5.24582508282394e-06,0.5
0,0,1.48990802202749,-7.21509642826606e-06,0.5
0,0,1.48881627605551,-9.15506631968845e-06,0.5
0,0,1.48775919584671,-1.106557043217e-05,0.5
0,0,1.48673580372911,-1.29464745205642e-05,0.5
0,0,1.48574515315521,-1.47976727691154e-05,0.5
0,0,1.48478632758517,-1.66190862182297e-05,0.5
0,0,1.4838584394136,-1.84106612649213e-05,0.5
0,0,1.48296062893818,-2.01723682336136e-05,0.5
0,0,1.4820920633682,-2.19042000141226e-05,0.5
0,0,1.48125193587165,-2.33971292050257e-05,0.5
0,0,1.48037930237339,-2.53023997788149e-05,0.5
0,0,1.4795860942852,-2.64267665203377e-05,0.5
0,0,1.47865964574401,-2.86159309398126e-05,0.5
0,0,1.47788371063,-2.97338718080003e-05,0.5
0,0,1.47696495512296,-3.18785295130997e-05,0.5
0,0,1.47618504342171,-3.32002285988029e-05,0.5
0,0,1.47531758147982,-3.51644763352161e-05,0.5
0,0,1.47454527724552,-3.65188153750455e-05,0.5
0,0.000204474816949811,1.47370064560047,-3.84671971246519e-05,0.5
0,0,1.47570747462069,-3.58035591449075e-05,0.5
0,0.00128056290473473,1.47281182765265,-4.05809357321213e-05,0.5
0,0,1.47963005137919,-3.12338090310514e-05,0.5
0,0.00220252852107256,1.47362102751509,-4.00751367285293e-05,0.5
0,0.00435314984883157,1.48356499656824,-2.66335948450895e-05,0.5
0,0.00736998827077076,1.49014871077956,-1.72544047668169e-05,0.5
0,0.00981437012503527,1.49948476585371,-3.95172318597132e-06,0.5
0,0,1.50570836954652,8.72731249520567e-06,0.5
0,0.00381881856577576,1.49595462981334,-7.30934694541708e-06,0.5
0.017697214973666,0.00568538717357694,1.51352631550663,1.82250329289121e-05,0.5
0.0320457926068155,0.00597875901530498,1.51935192277792,2.76524118807152e-05,0.5
0.0506759588572554,0.00752992985631466,1.52690875271493,3.90387801840371e-05,0.5
0.0665826470219056,0.000794977610562238,1.5341316235343,5.17800489521564e-05,0.5
0.0589433879437088,0.0031076961044585,1.53014107702642,4.61591584678214e-05,0.5
0.0852454158006348,0.00388440633152325,1.54112829227474,6.29146322753492e-05,0.5
0.0938210721321302,0.00258683534608375,1.54459793880677,6.94111094092856e-05,0.5
0.0999882868766909,0.00139249758817454,1.54699805358735,7.40266070603257e-05,0.5
0.103063566297111,0,1.54811501395414,7.69060580555962e-05,0.5
0.0899206447193649,0,1.5423835440947,6.98772690078281e-05,0.5
0.0899415452986545,0,1.54213040072377,7.03852987023813e-05,0.5
0.0851328611274308,0,1.53988455053734,6.82173637872352e-05,0.5
0.0808242803896675,0,1.53780420725941,6.60646442009177e-05,0.5
0.0766332301235115,0,1.53576321367636,6.39189323848624e-05,0.5
0.072632218291719,0,1.5337854740888,6.17783947227624e-05,0.5
0.0688085051551678,0,1.53186678621881,5.96468233903623e-05,0.5
0.0651578716135364,0,1.53000575673293,5.75250861201269e-05,0.5
0.0616748773771144,0,1.52820058957741,5.54145416158124e-05,0.5
0.0583544336761417,0,1.52644960480149,5.33163761546006e-05,0.5
0.0551915980793493,0,1.52475117078908,5.12317158471474e-05,0.5
0.0521815992572287,0,1.52310371243891,4.91616119336145e-05,0.5
0.0493198264440659,0,1.52150570768085,4.71070469344562e-05,0.5
0.0466018241192789,0,1.5199556857176,4.5068937492211e-05,0.5
0.0440232861638062,0,1.51845222509283,4.30481375654259e-05,0.5
0.0415800503537175,0,1.51699395187083,4.10454414110477e-05,0.5
0.0392680930546319,0,1.51557953788273,3.90615864461573e-05,0.5
0.0370835241272075,0,1.51420769904234,3.70972559818195e-05,0.5
0.0350225820322854,0,1.51287719372823,3.51530818364606e-05,0.5
0.0330816291279081,0,1.51158682122914,3.3229646833724e-05,0.5
0.0312571471502822,0,1.5103354202503,3.13274871898616e-05,0.5
0.0295457328711687,0,1.50912186747811,2.94470947954488e-05,0.5
0.010741830974553,0,1.50794507620078,2.82917299123147e-05,0.5
0.0201485642934506,0,1.50643234424427,2.54447262779314e-05,0.5
0.0148161431657376,0,1.50525752585311,2.37039249496246e-05,0.5
0.0130033498235015,0,1.50400218604889,2.16476372650212e-05,0.5
0.0113493064946302,0,1.50280156410392,1.96505250315715e-05,0.5
0,0,1.50163443678917,1.85033178064562e-05,0.5
0.000924708163143648,0,1.50006618609032,1.53689236565089e-05,0.5
0,0,1.49888999591528,1.35356617493728e-05,0.5
0,0,1.49761255544244,1.1330590679974e-05,0.5
0,0,1.49639411615642,9.1958055124688e-06,0.5
0,0,1.49520950171821,7.62704150919866e-06,0.5
0,0,1.49377712438604,4.77911614773782e-06,0.5
0,0,1.4926134737431,3.19211511030681e-06,0.5
0,0,1.49118571809567,4.08370766887609e-07,0.5
0,0,1.48998136851585,-1.70299956599308e-06,0.5
0,0,1.48874563933285,-3.97712936229159e-06,0.5
0,0,1.48755848573685,-5.77902894234157e-06,0.5
0,0,1.48618797752895,-8.55354130123493e-06,0.5
0,0,1.48503344467875,-9.92569208375764e-06,0.5
0,0,1.48346266475561,-1.32209497873858e-05,0.5
0,0,1.48225462559749,-1.53448204362533e-05,0.5
0,0,1.48096107899427,-1.77857534216849e-05,0.5
0,0,1.47972675172188,-2.01504214483918e-05,0.5
0,0,1.47852839883525,-2.21838644128641e-05,0.5
0,0,1.47721341894426,-2.48884648754782e-05,0.5
0,0,1.47606352323881,-2.61791739040998e-05,0.5
0,0,1.47441774513343,-2.9782475391267e-05,0.5
0,0,1.47321523848652,-3.19295400888282e-05,0.5
0,0,1.4718955810714,-3.44811346441919e-05,0.5
0,0,1.47064189267783,-3.69421245744554e-05,0.5
0,0,1.46942463606403,-3.93667765605564e-05,0.5
0,0,1.46824767519145,-4.11139681770963e-05,0.5
0,0,1.46677891526259,-4.43240925641737e-05,0.5
0,0,1.46562046570073,-4.60683565004519e-05,0.5
0,0,1.46415000414071,-4.91834893858858e-05,0.5
0,0,1.46293783786001,-5.15166061569416e-05,0.5
0,0,1.46168435993334,-5.4033195883183e-05,0.5
0,0,1.46048480116028,-5.63656971014634e-05,0.5
0,0,1.45925542112055,-5.89336022193097e-05,0.5
0,0,1.45812080164603,-6.04226924080354e-05,0.5
0,0,1.45649143271874,-6.40170337915423e-05,0.5
0,0,1.45532185268602,-6.59571514354695e-05,0.5
0,0,1.45387008025922,-6.89328658799712e-05,0.5
0,0,1.45261680257753,-7.13971226304168e-05,0.5
0,0,1.45135136244259,-7.39528535527486e-05,0.5
0,0,1.45013690937619,-7.60459410945397e-05,0.5
0,0,1.44872478689957,-7.90624535320067e-05,0.5
0,0,1.44754856246796,-8.07157400969085e-05,0.5
0,0,1.44592213099957,-8.42094583211214e-05,0.5
0,0,1.44469008915328,-8.65023881057011e-05,0.5
0,0,1.44333627788693,-8.92197731162955e-05,0.5
0,0,1.44207349766972,-9.16593289198356e-05,0.5
0,0,1.44078522628254,-9.43325667769808e-05,0.5
0,0,1.43958897642198,-9.63766823863467e-05,0.5
0,0,1.43816994013149,-9.94207000327426e-05,0.5
0,0,1.43699827086349,-0.000101277130770796,0.5
0,0,1.43549508737259,-0.000104479157896154,0.5
0,0,1.43428916446719,-0.000106514244796023,0.5
0,0,1.43283178268423,-0.000109547851978291,0.5
0,0,1.43159742411659,-0.000111731516417655,0.5
0,0,1.43018759713581,-0.000114652429092039,0.5
0,0,1.42895981186459,-0.000116765691507023,0.5
0,0.00126886101478827,1.42757528917032,-0.000119719752107735,0.5
0,0,1.42784978472107,-0.000119669771663071,0.5
0,0.00505061467785957,1.42536027277574,-0.000124129181892712,0.5
0,0.00305346681543825,1.42747312521987,-0.00012162455361669,0.5
0,0.00944224960039825,1.4273363892149,-0.00012265987524616,0.5
0,0.0122536742700147,1.43035003992086,-0.000119123619755513,0.5
0,0.0157536661361893,1.43461646864088,-0.000113728461882352,0.5
0,0.0190063424409481,1.4384411232955,-0.000108827433579195,0.5
0,0.0229836969653526,1.44885549560861,-9.46963267190916e-05,0.5
0,0.0257911147286731,1.45627020916976,-8.4254300649161e-05,0.5
0,0.0168576806340435,1.46432896538175,-7.00404117395865e-05,0.5
0,0.0274079579106406,1.47197506892276,-6.10761508965279e-05,0.5
0,0.0123420356120566,1.48000266634014,-4.52536247815749e-05,0.5
0,0.0235570026974458,1.48477812955554,-4.03833686512286e-05,0.5
0,0,1.49346126370942,-1.97504539818479e-05,0.5
0,0.00909087320076044,1.4812737522033,-4.1209575220375e-05,0.5
0,0.00797203901319096,1.50176844089003,-1.05479974749795e-05,0.5
0,0.00680092976462722,1.50497458585957,-4.48936253249752e-06,0.5
0,0.00743213657238998,1.51069432439036,4.3972562729379e-06,0.5
0,0.00207828108235033,1.51971441808788,1.96532674293615e-05,0.5
0,0.00373994544587474,1.5181235247208,1.7867899145544e-05,0.5
0.0150550921750114,0.00347782525343329,1.52733847044993,3.23086654955865e-05,0.5
0.0231497937286111,0.00180372292281531,1.53084113133133,3.89178894373332e-05,0.5
0.0265386581240268,0,1.53231492639812,4.23912869584959e-05,0.5
0.00610493526968396,0,1.5237144282965,3.14375381521221e-05,0.5
0.00552495256542326,0,1.52339126881369,3.18557054624741e-05,0.5
0,0,1.52012879851359,2.83390562815376e-05,0.5
0,0,1.51712303443814,2.48892329514688e-05,0.5
0,0,1.51417659413977,2.14645783055027e-05,0.5
0,0,1.51132672626053,1.80671371430002e-05,0.5
0,0,1.50856668406024,1.47016043348652e-05,0.5
0,0,1.50589428204213,1.13686572874722e-05,0.5
0,0,1.50330667531717,8.06970146097885e-06,0.5
0,0,1.50080121422529,4.80588720547441e-06,0.5
0,0,1.49837532838105,1.57829013810022e-06,0.5
0,0,1.496026540938,-1.61211397179743e-06,0.5
0,0,1.49375246236402,-4.76443909655829e-06,0.5
0,0,1.49155078737802,-7.87788474050347e-06,0.5
0,0,1.48941929156109,-1.09517310619683e-05,0.5
0,0,1.4873558281821,-1.39853343775942e-05,0.5
0,0,1.48535832514825,-1.69781228713982e-05,0.5
0,0,1.48342478208726,-1.99295925236451e-05,0.5
0,0,1.4815532675536,-2.28393032447593e-05,0.5
0,0,1.47974191635311,-2.5706875204759e-05,0.5
0,0,1.47798892698092,-2.85319853484608e-05,0.5
0,0,1.47629255916737,-3.13143640873003e-05,0.5
0,0,1.47465113152723,-3.40537921590479e-05,0.5
0,0,1.47306301930747,-3.67500976471396e-05,0.5
0,0,1.47152665222925,-3.94031531517456e-05,0.5
0,0,1.47004051241996,-4.20128731050974e-05,0.5
0,0,1.46860313243115,-4.45792112239584e-05,0.5
0,0,1.46721309333875,-4.71021580924764e-05,0.5
0,0,1.46586902292176,-4.95817388689927e-05,0.5
0,0,1.46456959391607,-5.20180111106956e-05,0.5
0,0,1.46331352233997,-5.44110627103106e-05,0.5
0,0,1.46209956588835,-5.67610099393049e-05,0.5
0,0,1.46092652239246,-5.90679955923546e-05,0.5
0,0,1.45979322834238,-6.13321872280829e-05,0.5
0,0,1.45869855746956,-6.35537755013227e-05,0.5
0,0,1.45764141938664,-6.57329725823878e-05,0.5
0,0.00177395091537096,1.45662075828227,-6.7870010659064e-05,0.5
0,0.00549401244809184,1.4636623296073,-5.87014578308443e-05,0.5
0,0.00822365452046599,1.46938164015851,-5.09634003965478e-05,0.5
0,0.0112248628438296,1.47652283431182,-4.11940585148731e-05,0.5
0,0.0141061423005701,1.48515846827365,-2.90497005472341e-05,0.5
0,0.0123073403336803,1.49316355474907,-1.66245835110497e-05,0.5
0,0.00948287518370117,1.50089966581142,-4.31904837472849e-06,0.5
0.00695218711556818,0.0157276465707923,1.50900773211476,6.77854186949445e-06,0.5
0.0195266897760129,0,1.51600026226099,2.13482835712947e-05,0.5
0,0.00572215199188593,1.50501124934732,4.01285817165193e-06,0.5
0.0414398216585102,0.00741720125371883,1.52390000578447,3.18151634314568e-05,0.5
0.0481117728106044,0.00591013672554734,1.52664332978985,3.73229194746729e-05,0.5
0.0637000317547525,0.00659680310950618,1.53304198292296,4.72768918241242e-05,0.5
0.0847730060691089,0.00668700252081164,1.54190505980261,6.136281303531e-05,0.5
0.101040966826804,0.00572307936427009,1.54878005287664,7.28485277416643e-05,0.5
0.118300790952897,0.00431086464882986,1.55613463151415,8.51746421295709e-05,0.5
0.13095511411794,0.00398096518371966,1.56136866771487,9.42921886832536e-05,0.5
0.144823047255171,0.00235349318544148,1.56726570212586,0.000104656022782692,0.5
0.149060654177837,0,1.56910212107511,0.000109240107825263,0.5
0.128032847755232,0,1.56029808558426,9.82650553859502e-05,0.5
0.1282672774234,0,1.56032043875558,9.95742413227274e-05,0.5
0.12078088270071,0,1.55717175927312,9.6600686804395e-05,0.5
0.11406208862764,0,1.55427691410522,9.36619216675769e-05,0.5
0.107492343989116,0,1.55143190450378,9.07307512318993e-05,0.5
0.101189646068749,0,1.54867563686361,8.78064497702754e-05,0.5
0.0951343525170417,0,1.54600163130585,8.48945735763753e-05,0.5
0.0893207175926256,0,1.54340798983191,8.19962062956362e-05,0.5
0.0837409617944703,0,1.5408921436384,7.91132145235304e-05,0.5
0.0783878533985441,0,1.53845170488901,7.62472021219014e-05,0.5
0.0732543684507979,0,1.53608435439442,7.33996920667653e-05,0.5
0.0683337333399936,0,1.53378785567838,7.05721015437711e-05,0.5
0.0636194081190565,0,1.53156004946243,6.77657515426356e-05,0.5
0.0591050786691139,0,1.52939885107445,6.49818708964288e-05,0.5
0.0547846479217444,0,1.52730224754584,6.22216009494466e-05,0.5
0.0506522276254955,0,1.52526829488881,5.94859998875696e-05,0.5
0.0467021304196301,0,1.52329511547528,5.67760468883771e-05,0.5
0.0429288622346641,0,1.52138089552402,5.40926460772581e-05,0.5
0.0393271150008309,0,1.51952388268957,5.14366303016515e-05,0.5
0.0358917596520798,0,1.51772238374907,4.88087647311705e-05,0.5
0.0326178394129111,0,1.51597476238261,4.62097502915949e-05,0.5
0.0295005633560381,0,1.51427943704321,4.36402269402626e-05,0.5
0.0265353002193788,0,1.51263487891261,4.11007767900573e-05,0.5
0.0237175724713919,0,1.51103960993923,3.85919270888615e-05,0.5
0.0210430506142533,0,1.50949220095485,3.6114153061029e-05,0.5
0.0185075477148321,0,1.5079912698666,3.36678806171304e-05,0.5
0.0161070141538661,0,1.50653547992123,3.12534889379445e-05,0.5
0.0138375325841594,0,1.50512353803841,2.88713129383904e-05,0.5
0.0116953130890223,0,1.50375419321044,2.65216456168403e-05,0.5
0.00967668853256388,0,1.50242623496526,2.42047402950046e-05,0.5
0,0,1.5011384918904,2.24400520752871e-05,0.5
0.000988494531756733,0,1.49949356130767,1.92895402249507e-05,0.5
0,0,1.4982025028211,1.76808981681314e-05,0.5
0,0,1.49637802161134,1.41889468475747e-05,0.5
0,0,1.49497401567077,1.18072467025781e-05,0.5
0,0,1.49347580697981,9.12977852696218e-06,0.5
0,0,1.49204038211548,6.52258461278707e-06,0.5
0,0,1.49064597591644,4.3937801694099e-06,0.5
0,0,1.488958726997,1.10754957027543e-06,0.5
0,0,1.48758226516091,-4.83895995399609e-07,0.5
0,0,1.48547681765424,-4.66765554974962e-06,0.5
0,0,1.48396741887703,-7.24648201939236e-06,0.5
0,0,1.48230295110876,-1.02700661517492e-05,0.5
0,0,1.48071604775633,-1.31989807077576e-05,0.5
0,0,1.47917417641929,-1.60861027369126e-05,0.5
0,0,1.47768148959408,-1.87214585588631e-05,0.5
0,0,1.47606743210313,-2.18679786517486e-05,0.5
0,0,1.47463393640532,-2.35698568078823e-05,0.5
0,0,1.47225278127552,-2.82920632204324e-05,0.5
0,0,1.47067494326289,-3.10368013329372e-05,0.5
0,0,1.46887202810739,-3.4338523904994e-05,0.5
0,0,1.46715982203085,-3.75278240379697e-05,0.5
0,0,1.46549648502925,-4.06689193703101e-05,0.5
0,0,1.46388771609776,-4.33753069448054e-05,0.5
0,0,1.46195968790438,-4.71230863633489e-05,0.5
0,0,1.46037747119374,-4.93883234293811e-05,0.5
0,0,1.45803846297955,-5.38898749681814e-05,0.5
0,0,1.45632368649333,-5.68903463905515e-05,0.5
0,0,1.45439085013496,-6.04749817853042e-05,0.5
0,0,1.45259889009087,-6.37332360345261e-05,0.5
0,0,1.4507648097999,-6.71901072861348e-05,0.5
0,0,1.44903134210219,-6.97986145596519e-05,0.5
0,0,1.44672146916596,-7.42824758479761e-05,0.5
0,0,1.44496785303872,-7.69438003427771e-05,0.5
0,0,1.44262510003136,-8.13614952639042e-05,0.5
0,0,1.44074025358127,-8.47489121332972e-05,0.5
0,0,1.43877765493392,-8.83698233374363e-05,0.5
0,0,1.43689943758476,-9.1634816790878e-05,0.5
0,0,1.43485209599042,-9.55361497996106e-05,0.5
0,0,1.43305218109465,-9.80704248995448e-05,0.5
0,0,1.43048912603847,-0.00010298404830409,0.5
0,0,1.42860650322427,-0.000106122692678713,0.5
0,0,1.42638910117004,-0.000110197282036,0.5
0,0,1.4244107596529,-0.000113807001404268,0.5
0,0,1.42244426963442,-0.000117255557242326,0.5
0,0,1.4203867747784,-0.000121153264205436,0.5
0,0,1.41853012803799,-0.000123730420086266,0.5
0,0,1.41601832157138,-0.000128638089639672,0.5
0,0,1.41412706698287,-0.000131736248673414,0.5
0,0,1.41191499838321,-0.000135850742196964,0.5
0,0,1.40995107967904,-0.000139439596725762,0.5
0,0,1.40799631837719,-0.00014300224084505,0.5
0,0,1.406057199699,-0.000146535810439369,0.5
0,0,1.40412424620212,-0.000150053636254268,0.5
0,0,1.4022082719111,-0.000153547122436666,0.5
0,0,1.40029782891326,-0.000157033528287603,0.5
0,0,1.39839888013396,-0.00016047666286681,0.5
0,0,1.39649369749047,-0.000164052948784979,0.5
0,0,1.39467187144204,-0.000166854861306299,0.5
0,0,1.39247285405379,-0.000171189982135813,0.5
0,0,1.39070161963926,-0.000173776702354027,0.5
0,0.00109124187684578,1.38842689055801,-0.000178180842283825,0.5
0,0.00411300051427011,1.38859554289607,-0.000178711446254189,0.5
0,0.00875969411660841,1.3890836172967,-0.000178872088777625,0.5
0,0.0134989010672078,1.39052666692877,-0.000177692517343759,0.5
0,0.0181007384210891,1.39247764619106,-0.000175748361489208,0.5
0,0.0226935203333411,1.39768028179626,-0.000169264382887866,0.5
0,0.0267685970567182,1.40167470285276,-0.000164240618461419,0.5
0,0.0310095684976759,1.40998299546551,-0.0001532298938616,0.5
0,0.0342076590626253,1.41296962164074,-0.000149237450139873,0.5
0,0.0381725309095967,1.42316033300403,-0.000135403331138011,0.5
0,0,1.42929132260742,-0.000113421802981161,0.5
0,0.0266327175967152,1.41747461478368,-0.000139848310413891,0.5
0,0,1.43968805304984,-9.84013947648438e-05,0.5
0,0.0108323010535482,1.42211794120294,-0.00012830391171983,0.5
0,0.0110666441518392,1.44403932830586,-9.66791257565837e-05,0.5
0,0.0114788653291387,1.4467828560758,-9.21043553189554e-05,0.5
0,0.0141615217838254,1.45460374357919,-8.11693627447668e-05,0.5
0,0.0151163835040879,1.46379422349663,-6.75311604414415e-05,0.5
0,0.0133867894038633,1.47140391813599,-5.54654996178579e-05,0.5
0,0.0169359237714792,1.47946074985985,-4.39502394581953e-05,0.5
0,0.00799824443105587,1.48702021880767,-3.0142124585061e-05,0.5
0,0.01345646238904,1.4899873728834,-2.63993924309905e-05,0.5
0,0.0128857857763467,1.5014069646152,-8.74770582840226e-06,0.5
0,0.00548213389923811,1.50745162336915,2.66200466802303e-06,0.5
0,0.00808647346266196,1.50873898312204,4.73391767858848e-06,0.5
0,0.00681387434663944,1.51781608836764,1.92576391504865e-05,0.5
0,0.00513291212578815,1.52301453923826,2.83003546770339e-05,0.5
0,0.00294373800240016,1.52623342672929,3.44100879183323e-05,0.5
0,0,1.52706046423022,3.70976624146009e-05,0.5
0,0,1.51700517191728,2.40123264355389e-05,0.5
0,0,1.51580560736054,2.32001535032389e-05,0.5
0,0,1.5114538256392,1.80851314814235e-05,0.5
0,0,1.50741422946619,1.31000473995299e-05,0.5
0,0,1.5034654964884,8.16573641750829e-06,0.5
0,0,1.49964872813513,3.29089882570144e-06,0.5
0,0,1.4959553823777,-1.52039796374039e-06,0.5
0,0,1.49238220216745,-6.26783539812514e-06,0.5
0,0,1.48892519219465,-1.09503771634907e-05,0.5
0,0,1.48558061686104,-1.55672721428673e-05,0.5
0,0,1.48234486000833,-2.01178524834559e-05,0.5
0,0,1.47921444122067,-2.46015619570446e-05,0.5
0,0,1.47618600701955,-2.90179431834618e-05,0.5
0,0,1.47325632611738,-3.33666321634775e-05,0.5
0,0,1.47042228429315,-3.76473520037967e-05,0.5
0,0,1.46768087959338,-4.18599071773947e-05,0.5
0,0,1.46502921773504,-4.60041780791227e-05,0.5
0,0,1.46246450771799,-5.00801158950021e-05,0.5
0,0,1.45998405763411,-5.40877377624495e-05,0.5
0,0,1.45758527066398,-5.80271222063913e-05,0.5
0,0,1.45526564125209,-6.18984048360089e-05,0.5
0,0,1.45302275145197,-6.57017742878563e-05,0.5
0,0,1.45085426743311,-6.94374684018502e-05,0.5
0,0,1.44875793614204,-7.31057706173734e-05,0.5
0,0,1.44673158211007,-7.67070065774311e-05,0.5
0,0,1.44477310440093,-8.02415409294584e-05,0.5
0,0,1.44288047369149,-8.37097743119991e-05,0.5
0,0,1.44105172947953,-8.71121405170668e-05,0.5
0,0,1.43928497741234,-9.04491038185499e-05,0.5
0,0,1.43757838673065,-9.37211564575531e-05,0.5
0,0,1.43593018782248,-9.69288162760589e-05,0.5
0,0,1.43433866988171,-0.000100072624490763,0.5
0,0,1.43280217866664,-0.000103153143599381,0.5
0,0,1.43131911435381,-0.000106170955412144,0.5
0,0.00272275488504582,1.42988792948269,-0.000109126659201584,0.5
0,0.00698813773582377,1.43827458634859,-9.83144671042624e-05,0.5
0,0.01018475339304,1.44543279743964,-8.87383564031938e-05,0.5
0,0.0135670902272737,1.45389312828124,-7.72732305794369e-05,0.5
0,0.0103708973899686,1.46202430725432,-6.45319420867778e-05,0.5
0,0.01701764084016,1.46955013658949,-5.49621134544703e-05,0.5
0,0,1.47696235141088,-3.82214657743864e-05,0.5
0,0.00801840055490391,1.46551926797898,-5.84343265306973e-05,0.5
0,0.00857576978227228,1.48694643135986,-2.71286441613607e-05,0.5
0,0,1.49047100589069,-1.86237403169398e-05,0.5
0,0.00173241256821849,1.47816704924626,-3.76821653223854e-05,0.5
0,0.00335549430006325,1.49122138940875,-1.87113925640267e-05,0.5
0,0.00312635795300825,1.49578187854976,-1.13354634566091e-05,0.5
0,0.0035109149573194,1.49953400191518,-5.49694040782725e-06,0.5
0,0.00406560167097745,1.50534112016903,3.44643831249901e-06,0.5
0,0.00435705975196583,1.51148924557855,1.30725718875063e-05,0.5
0,0.00438740401981581,1.51752088780676,2.26618142062745e-05,0.5
0,0.0041238570877801,1.52337982869398,3.21357019024739e-05,0.5
0.000523015678950961,0.00345916440884392,1.52870880681526,4.09749233436554e-05,0.5
0.00726233234639827,0.00182967574179212,1.5316023855374,4.64050948824084e-05,0.5
0.0089490112987997,0,1.53235823065483,4.87289452091002e-05,0.5
0,0,1.52476141440698,3.89432313176551e-05,0.5
0,0,1.5240071222838,3.86263454236478e-05,0.5
0,0,1.52076905991859,3.49368741743067e-05,0.5
0,0,1.51776036539814,3.13139020750548e-05,0.5
0,0,1.51481573335664,2.77207648180294e-05,0.5
0,0,1.51196617288393,2.41598000802656e-05,0.5
0,0,1.50920561811126,2.06349919438838e-05,0.5
0,0,1.50653182995901,1.71469852905293e-05,0.5
0,0,1.50394203011169,1.36970178395271e-05,0.5
0,0,1.50143361689237,1.0286103103105e-05,0.5
0,0,1.49900406795204,6.91518125276772e-06,0.5
0,0,1.49665095168689,3.58509884280982e-06,0.5
0,0,1.49437192156386,2.96617857054355e-07,0.5
0,0,1.49216471310101,-2.94958018659286e-06,0.5
0,0,1.49002714059608,-6.15288960579624e-06,0.5
0,0,1.48795709405214,-9.31277627087806e-06,0.5
0,0,1.48595253622516,-1.24287735202483e-05,0.5
0,0,1.48401149979818,-1.55004782852831e-05,0.5
0,0,1.48213208467506,-1.85275474110598e-05,0.5
0,0,1.48031245538835,-2.15096941637785e-05,0.5
0,0,1.47855083861639,-2.44466849155708e-05,0.5
0,0,1.47684552080459,-2.7338335997948e-05,0.5
0,0,1.47519484588626,-3.01845107155624e-05,0.5
0,0,1.47359721309861,-3.29851165123672e-05,0.5
0,0,1.47205107488957,-3.57401022826569e-05,0.5
0,0,1.47055493491155,-3.84494558198367e-05,0.5
0,0,1.4691073460981,-4.11132013961277e-05,0.5
0,0,1.46770690881998,-4.3731397466747e-05,0.5
0,0,1.46635226911705,-4.63041344924223e-05,0.5
0,0,1.46504211700261,-4.88315328744033e-05,0.5
0,0,1.46377518483716,-5.13137409964188e-05,0.5
0,0,1.46255024576831,-5.37509333683032e-05,0.5
0,0,1.46136611223422,-5.61433088662745e-05,0.5
0,0,1.46022163452754,-5.84910890650938e-05,0.5
0,0,1.45911569941742,-6.07945166575683e-05,0.5
0,0,1.45804722882698,-6.30538539570867e-05,0.5
0,0,1.45701517856382,-6.52693814790823e-05,0.5
0,0.00124768851934141,1.45601853710141,-6.74413965975257e-05,0.5
0,0.00436605630715145,1.45954403082687,-6.32505478115635e-05,0.5
0,0.00714638268395231,1.46370506731105,-5.7935155810696e-05,0.5
0,0.00957892876617885,1.46663762955099,-5.42609732356447e-05,0.5
0,0.0122691079659896,1.47143609578805,-4.79056182539723e-05,0.5
0,0.0146720386063784,1.47662101212229,-4.07964766277586e-05,0.5
0,0.0174728140139496,1.48479738813599,-2.93309284476576e-05,0.5
0,0.0195855033850462,1.49195002198272,-1.89904620298527e-05,0.5
0,0.015108250705208,1.50046480267012,-5.16855259995326e-06,0.5
0,0.0213220830283993,1.50786557660666,4.90312178931893e-06,0.5
0,0,1.51347508685618,2.23915210784098e-05,0.5
0,0.00447967066880586,1.50375038868479,2.99363342411905e-06,0.5
0.0174955375925663,7.78826604560201e-05,1.52034939633506,2.88350176598743e-05,0.5
0,0,1.50936707752142,1.44080678970518e-05,0.5
0,0,1.50957809966225,1.46878195826986e-05,0.5
0,0,1.50787693716508,1.28790990516953e-05,0.5
0,0,1.50596563587728,1.04887710661012e-05,0.5
0,0,1.50409841372634,8.12911126883922e-06,0.5
0,0,1.50228826535962,5.78789481478907e-06,0.5
0,0,1.50053498106982,3.4701318931729e-06,0.5
0,0,1.49883702521547,1.17628886268241e-06,0.5
0,0,1.49719273082336,-1.09280149437617e-06,0.5
0,0,1.49560048605592,-3.33641814059528e-06,0.5
0,0,1.49405873043985,-5.55389304983948e-06,0.5
0,0,1.49256595655257,-7.74461723995281e-06,0.5
0,0,1.4911207077446,-9.90803678725332e-06,0.5
0,0,1.489721576306,-1.20436501280806e-05,0.5
0,0,1.48836720162097,-1.41510052922754e-05,0.5
0,0,1.48705626840751,-1.62296972906899e-05,0.5
0,0,1.48578750502639,-1.82793656216302e-05,0.5
0,0,1.48455968185852,-2.02996918954444e-05,0.5
0,0,1.48337160974768,-2.22903975711767e-05,0.5
0,0,1.48222213850575,-2.42512418002327e-05,0.5
0,0,1.48111015547784,-2.6182019372117e-05,0.5
0,0,1.48003458416478,-2.80825587575505e-05,0.5
0,0.00106094650756558,1.47899438290051,-2.99527202444865e-05,0.5
0,0.00362476458273483,1.48359236141096,-2.38701746611212e-05,0.5
0,0.0058054491791879,1.48886187823731,-1.65478198623633e-05,0.5
0,0.00800249054044033,1.49475793405434,-8.23513323643408e-06,0.5
0.00206946888394418,0.0102245818919535,1.50197085351913,2.12831707038717e-06,0.5
0.0220888213472147,0.0123236641733037,1.51009186328238,1.40202543367561e-05,0.5
0.0412465983188934,0.0118505386721184,1.51810318665284,2.6432880419083e-05,0.5
0.060370649655337,0.0137232170975534,1.52586182053883,3.81436784815298e-05,0.5
0.0773119179307969,0.00903819491999265,1.53334172660657,5.08359922079706e-05,0.5
0.0975918384114316,0.0137111371713298,1.54132346863433,6.26395595270919e-05,0.5
0.109885686264023,0,1.54790299335517,7.61908187197028e-05,0.5
0.0863736081219897,0.00197013051262951,1.53683422273102,5.97998428706699e-05,0.5
0.107693032559987,0.000869924481936123,1.54585023555203,7.39780823162684e-05,0.5
0.101124778947107,0,1.54297332879718,7.13823070723459e-05,0.5
0.0925145404185974,0,1.53909547129804,6.66634846166142e-05,0.5
0.090408199406383,0,1.53796048333935,6.5899777014115e-05,0.5
0.0858318154446999,0,1.53578990160097,6.36570903993925e-05,0.5
0.0816030077389387,0,1.53373455154641,6.14319039948362e-05,0.5
0.0775233062912772,0,1.53172898105002,5.92158983114195e-05,0.5
0.0736282119756166,0,1.52978489290184,5.70096066680056e-05,0.5
0.0699085216242433,0,1.52789925064063,5.48154951762275e-05,0.5
0.0663595009986716,0,1.5260704909778,5.26345600479353e-05,0.5
0.0629758669596955,0,1.52429686967596,5.04680062609941e-05,0.5
0.059752601683882,0,1.52257673012992,4.83169158327083e-05,0.5
0.0566848438365674,0,1.52090846742261,4.61823065013133e-05,0.5
0.0537678983887867,0,1.51929053156688,4.40651258156447e-05,0.5
0.0509972282651959,0,1.51772142474444,4.19662558480897e-05,0.5
0.048368448805741,0,1.51619969947479,3.98865161361772e-05,0.5
0.0458773220656616,0,1.51472395673087,3.78266667398791e-05,0.5
0.0435197513966458,0,1.51329284414762,3.57874111260206e-05,0.5
0.0192864518478744,0,1.51190505429876,3.46684418892355e-05,0.5
0.0317489616870094,0,1.51029732692158,3.16438714852918e-05,0.5
0.0248825708913706,0,1.50895879576064,2.98406749184415e-05,0.5
0.0226543246053926,0,1.50756389316503,2.76827977080356e-05,0.5
0.0206015771200106,0,1.50622974552069,2.55928712676535e-05,0.5
0.018660617261789,0,1.50493271381109,2.35215945343793e-05,0.5
0,0,1.50367550864215,2.27397909821116e-05,0.5
0.00497405118637495,0,1.5021901387861,1.94089388772502e-05,0.5
0,0,1.50098715262079,1.76967301904662e-05,0.5
0,0,1.49970919242258,1.55089361545774e-05,0.5
0,0,1.49849500454592,1.34109128931385e-05,0.5
0,0,1.49731348397243,1.13324878456155e-05,0.5
0,0,1.49616872080542,9.28467035661767e-06,0.5
0,0,1.49505930217602,7.26718092742951e-06,0.5
0,0,1.49398429473341,5.82062040672529e-06,0.5
0,0,1.49270151950181,3.14962508428519e-06,0.5
0,0,1.49165140179801,1.82967922325236e-06,0.5
0,0,1.49031797406585,-9.40340213668377e-07,0.5
0,0,1.48922816504968,-2.87669058648632e-06,0.5
0,0,1.48809238125155,-5.02861939255082e-06,0.5
0,0,1.48700461179449,-7.12068162697778e-06,0.5
0,0,1.48594882382703,-8.74901764373152e-06,0.5
0,0,1.4846996573271,-1.13858216756715e-05,0.5
0,0,1.48366901156294,-1.27166687338778e-05,0.5
0,0,1.48227859989452,-1.5692317263601e-05,0.5
0,0,1.48119601092887,-1.76801221059348e-05,0.5
0,0,1.48004409709095,-1.99294253410736e-05,0.5
0,0,1.47894426320524,-2.193535624616e-05,0.5
0,0,1.47778544966076,-2.43274101424503e-05,0.5
0,0,1.47673648057148,-2.5632641709548e-05,0.5
0,0,1.47528261658297,-2.88585753654213e-05,0.5
0,0,1.47420404648505,-3.06442155466139e-05,0.5
0,0,1.47292084924357,-3.32623265890384e-05,0.5
0,0,1.47178439080946,-3.54878109854673e-05,0.5
0,0,1.47064685263011,-3.77433179257158e-05,0.5
0,0,1.46953146258193,-3.98632608686746e-05,0.5
0,0,1.46836690152089,-4.22990025075824e-05,0.5
0,0,1.46730936797768,-4.3953002276336e-05,0.5
0,0,1.46595400234296,-4.68948468425796e-05,0.5
0,0,1.46488585554157,-4.85280607378175e-05,0.5
0,0,1.46351618998605,-5.14726660575093e-05,0.5
0,0,1.46239696752504,-5.34051578651352e-05,0.5
0,0,1.46110602976534,-5.61063874466703e-05,0.5
0,0,1.45997269085104,-5.81312459438957e-05,0.5
0,0,1.45871045839794,-6.07941165350706e-05,0.5
0,0,1.45759528595035,-6.26823992016834e-05,0.5
0,0,1.45628852734844,-6.54963275945047e-05,0.5
0,0,1.45518207275126,-6.73173801798739e-05,0.5
0,0,1.45384650459583,-7.01965154524218e-05,0.5
0,0,1.45272883441826,-7.20943121677013e-05,0.5
0,0,1.45141062835759,-7.49105506489516e-05,0.5
0,0,1.45028399038263,-7.68698703017581e-05,0.5
0,0,1.44898320375886,-7.96470122913343e-05,0.5
0,0,1.44786016197405,-8.15792567298419e-05,0.5
0,0,1.44655043117328,-8.43940493839379e-05,0.5
0,0,1.44543256610461,-8.62894565786616e-05,0.5
0,0,1.44410940276592,-8.91405208550556e-05,0.5
0,0,1.44299018609513,-9.10469423586267e-05,0.5
0,0,1.44166858078006,-9.38877014875947e-05,0.5
0,0,1.44054631604499,-9.58181116745771e-05,0.5
0,0,1.43923215939379,-9.8638946138221e-05,0.5
0,0,1.43811077067744,-0.000100566326367936,0.5
0,0,1.43679687745604,-0.000103390813712587,0.5
0,0,1.43567852500824,-0.000105300962570864,0.5
0,0,1.43436053618964,-0.000108137524539264,0.5
0,0,1.43324375450157,-0.00011004199161176,0.5
0,0.000206157222788811,1.43192544037997,-0.000112877051049913,0.5
0,0,1.43170593879125,-0.000113538747868611,0.5
0,0.00398410010579164,1.42972461837451,-0.00011724500003618,0.5
0,0.00220335361403564,1.43276066996188,-0.000113431195696953,0.5
0,0.00812065163311036,1.4314459683466,-0.000116016066614923,0.5
0,0.0109592278113108,1.43659256675785,-0.000109515932939094,0.5
0,0.0140506126780106,1.43922611237713,-0.000106236918344556,0.5
0,0.0176280264147525,1.44573654388039,-9.76250891197201e-05,0.5
0,0.0209498837236512,1.45406413143938,-8.61678008688344e-05,0.5
0,0.00894577242871055,1.46242064850265,-7.08050974444233e-05,0.5
0,0.0213990286220896,1.46679490579108,-6.71200372578578e-05,0.5
0,0.00493074560999168,1.47694541594808,-4.80326365812651e-05,0.5
0,0.0166755136463738,1.47825863264773,-4.83752460393211e-05,0.5
0,0.000477583688405063,1.49014726832794,-2.68590618318562e-05,0.5
0,0.00867274640854448,1.48115793350404,-4.12392040401893e-05,0.5
0,0.0101284053475268,1.49851508992722,-1.58807312234268e-05,0.5
0,0.0092595792502606,1.5013005419808,-1.05747545480013e-05,0.5
0,0.010171714852248,1.50724585742524,-1.45537825809272e-06,0.5
0,0.010643214385475,1.51413812114164,9.42949264777413e-06,0.5
0.00571254037704233,0.0107529848507372,1.52061983546049,1.98692505638429e-05,0.5
0.0154119932129351,0.00992019242323073,1.52471140868672,2.70353137571317e-05,0.5
0.0326130515792564,0.00996502384926384,1.53198888927345,3.87551314240126e-05,0.5
0.0456646408947847,0.00901579033871058,1.53755846131574,4.83258072938592e-05,0.5
0.0623674960181946,0.0084823074800155,1.54467938537803,6.01413851891029e-05,0.5
0.0752473493427905,0.00705135846451725,1.55022415555731,6.99235026840754e-05,0.5
0.0856934288294458,0.00513595062657054,1.55475435265624,7.8285175151653e-05,0.5
0.0924456856111924,0.00249998512140983,1.55774408639379,8.44917236028603e-05,0.5
0.0919260546575913,0,1.55767529977903,8.62736213694606e-05,0.5
0.0733515603978852,0,1.5499809785022,7.68964258785641e-05,0.5
0.070473467106477,0,1.54880136753825,7.65383983202439e-05,0.5
0.0618002192846324,0,1.54522802830899,7.28882674511197e-05,0.5
0.0538283033478414,0,1.54188688536899,6.92885848863243e-05,0.5
0.0460788810783375,0,1.53861996743735,6.57073673463708e-05,0.5
0.0386407628708451,0,1.53545656379144,6.21471000288732e-05,0.5
0.0314951519121694,0,1.53239047057049,5.86122734402836e-05,0.5
0.0246343148599634,0,1.52941913260381,5.5104110351472e-05,0.5
0.0180490147794541,0,1.52653949874762,5.16243762945608e-05,0.5
0.0117305675425918,0,1.52374870054287,4.81745954329941e-05,0.5
0.00567056233905198,0,1.52104395986174,4.47561951423209e-05,0.5
0,0,1.51842259901065,4.13704880589965e-05,0.5
0,0,1.51588203480503,3.8018681762833e-05,0.5
0,0,1.51341977514827,3.47018837777775e-05,0.5
0,0,1.51103341540223,3.14211070111993e-05,0.5
0,0,1.50872063496512,2.81772748210345e-05,0.5
0,0,1.5064791939861,2.49712258508869e-05,0.5
0,0,1.5043069302202,2.18037186250524e-05,0.5
0,0,1.50220175601565,1.86754359180389e-05,0.5
0,0,1.50016165542803,1.55869889090121e-05,0.5
0,0,1.49818468145551,1.25389211316284e-05,0.5
0,0,1.49626895338979,9.53171222911815e-06,0.5
0,0,1.49441265427769,6.56578152402196e-06,0.5
0,0,1.4926140284884,3.64149141151829e-06,0.5
0,0,1.49087137938167,7.59150584850544e-07,0.5
0,0,1.48918306707273,-2.08098289905265e-06,0.5
0,0,1.48754750628937,-4.8786987060619e-06,0.5
0,0,1.48596316431736,-7.63383145610721e-06,0.5
0,0,1.48442855903028,-1.03462580922395e-05,0.5
0,0,1.48294225699999,-1.3015895380856e-05,0.5
0,0,1.48150287168436,-1.56426975367725e-05,0.5
0,0,1.48010906168881,-1.82266539671312e-05,0.5
0,0,1.47875952909841,-2.07677871284211e-05,0.5
0,0,1.47745301787769,-2.32661504911647e-05,0.5
0,0,1.47618831233489,-2.57218266070873e-05,0.5
0,0,1.47496423564829,-2.81349252738332e-05,0.5
0,0,1.47377964845153,-3.05055817925316e-05,0.5
0,0,1.47263344747574,-3.28339553137398e-05,0.5
0,0,1.47152456424581,-3.51202272675062e-05,0.5
0,0,1.47045196382856,-3.7364599873501e-05,0.5
0,0,1.46941464363069,-3.93913434412635e-05,0.5
0,0,1.46831994679597,-4.17951818953928e-05,0.5
0,0,1.46733398607799,-4.30974609606652e-05,0.5
0,0,1.46593666024336,-4.63336910693529e-05,0.5
0,0,1.46491842754166,-4.81132470226915e-05,0.5
0,0,1.46369086692788,-5.07308431193884e-05,0.5
0,0,1.4626109475253,-5.29495011356588e-05,0.5
0,0,1.46152833279067,-5.51647747980592e-05,0.5
0,0,1.46045314573683,-5.73145491705284e-05,0.5
0,0,1.45935312348663,-5.97214844341217e-05,0.5
0,0,1.45834901089234,-6.13719404092363e-05,0.5
0,0,1.4570584013712,-6.42604765332689e-05,0.5
0,0,1.45604624450809,-6.58764791141659e-05,0.5
0,0,1.45473893460555,-6.87683737251172e-05,0.5
0,0,1.45367775025227,-7.0647907244613e-05,0.5
0,0,1.45245796698426,-7.32987502173824e-05,0.5
0,0,1.45138580844419,-7.52565853436079e-05,0.5
0,0,1.45019948451555,-7.78565086286951e-05,0.5
0,0,1.44914994426927,-7.96807709304969e-05,0.5
0,0,1.44793923333748,-8.23920395745285e-05,0.5
0,0,1.44690609864171,-8.41385360944203e-05,0.5
0,0,1.44568140620536,-8.6890408881056e-05,0.5
0,0,1.44464871145434,-8.86868708620954e-05,0.5
0,0,1.44344531454446,-9.13707083595451e-05,0.5
0,0,1.44241354787893,-9.32076479040588e-05,0.5
0,0,1.44123184999174,-9.58431505312976e-05,0.5
0,0,1.44021026614594,-9.76434379657637e-05,0.5
0,0,1.43902965136683,-0.00010029634461134,0.5
0,0,1.43801958650619,-0.0001020500534514,0.5
0,0.00242540042167535,1.43683582801704,-0.000104720267819209,0.5
0,0.000433483390780851,1.44303494796879,-9.64451678409079e-05,0.5
0,0.00572682986477796,1.43957096876536,-0.000101906381755453,0.5
0,0.00957153002983302,1.45069454049133,-8.71574455826779e-05,0.5
0,0.012286458991184,1.45734235228767,-7.78877955442817e-05,0.5
0,0.0155734541459486,1.46580851007491,-6.62016850291863e-05,0.5
0,0.0134130248418389,1.47401505791836,-5.33929800955943e-05,0.5
0,0.0191883112880564,1.48234535049324,-4.21809883455016e-05,0.5
0,0.00690749481914095,1.48976697920016,-2.8002969066896e-05,0.5
0,0.0165478213900357,1.49281543168985,-2.51759093481951e-05,0.5
0,0.00877256072969806,1.50430109620794,-6.02926610157962e-06,0.5
0,0.0141259569101508,1.50945390394553,1.22329472447744e-06,0.5
0.00474689504722034,0.0118421262753057,1.51840281237654,1.56826080944171e-05,0.5
0.0199075886896215,0.0131325622711634,1.52463286561054,2.55963904112706e-05,0.5
0.0395889242272527,0.0131684037171201,1.53296495982932,3.89211401603508e-05,0.5
0.056715290236682,0.0128579260452254,1.54021989074436,5.09097501017412e-05,0.5
0.0735422557617848,0.0123072530008225,1.54736892483277,6.28602104247144e-05,0.5
0.0887476456379479,0.00558461890509336,1.55444398445582,7.59233884593966e-05,0.5
0.0898470185811866,0.00609657755440694,1.5546153736056,7.73890737798004e-05,0.5
0.102752986238565,0.00347519252464361,1.56026044191554,8.75132098846743e-05,0.5
0.102464767081278,0,1.56028375862705,8.95999321880511e-05,0.5
0.0832352929137778,0,1.55228553800272,7.98095919132399e-05,0.5
0.0810149770607877,0,1.5513544180179,7.98454800049716e-05,0.5
0.0726690804038725,0,1.54789731044965,7.64241338260251e-05,0.5
0.0650356488999794,0,1.54467601660193,7.30478355790972e-05,0.5
0.0576079609287012,0,1.54152338019996,6.96856226168991e-05,0.5
0.050479948848208,0,1.53847037773479,6.63392376169799e-05,0.5
0.0436327614815595,0,1.53551078808046,6.30134367065995e-05,0.5
0.0370591343036051,0,1.53264221108301,5.97094691513076e-05,0.5
0.0307502030716694,0,1.52986171891668,5.6429171991855e-05,0.5
0.0246976510693491,0,1.52716656468271,5.31741361641676e-05,0.5
0.0188934191373943,0,1.52455408659973,4.99458579631697e-05,0.5
0.0133297384777315,0,1.52202171884291,4.67457198317706e-05,0.5
0.00799911316091377,0,1.51956698575804,4.35749999969311e-05,0.5
0.00289431040209287,0,1.51718749864484,4.04348772795135e-05,0.5
0,0,1.51488095231199,3.73264363772398e-05,0.5
0,0,1.51264512183153,3.42506727851985e-05,0.5
0,0,1.51047785942115,3.12084974961818e-05,0.5
0,0,1.50837709145839,2.82007414717161e-05,0.5
0,0,1.50634081561945,2.52281598976863e-05,0.5
0,0,1.50436709813738,2.22914362343261e-05,0.5
0,0,1.50245407117431,1.93911860704088e-05,0.5
0,0,1.50059993030264,1.65279607909252e-05,0.5
0,0,1.49880293209065,1.37022510670983e-05,0.5
0,0,1.49706139178757,1.09144901771635e-05,0.5
0,0,1.49537368110419,8.1650571659387e-06,0.5
0,0,1.49373822608451,5.45427985082574e-06,0.5
0,0,1.49215350506461,2.78243768152104e-06,0.5
0,0,1.49061804671496,1.4976446036583e-07,0.5
0,0,1.48913042816253,-2.44354907006293e-06,0.5
0,0,1.48768927318917,-4.99735276583421e-06,0.5
0,0,1.48629325050316,-7.51153474102887e-06,0.5
0,0,1.48494107208052,-9.98601914188605e-06,0.5
0,0,1.48363149157333,-1.24207640302967e-05,0.5
0,0,1.48236330278203,-1.48157593714685e-05,0.5
0,0,1.48113533818896,-1.71710251208316e-05,0.5
0,0,1.47994646755067,-1.94866094054881e-05,0.5
0,0,1.47879559654629,-2.17625867957297e-05,0.5
0,0,1.47768166547972,-2.39990566623605e-05,0.5
0,0,1.47660364803337,-2.61961416157626e-05,0.5
0,0,1.47556055007107,-2.79059736196394e-05,0.5
0,0,1.47431743348606,-3.06470748969671e-05,0.5
0,0,1.47329950756742,-3.18814580322152e-05,0.5
0,0,1.47188859649496,-3.51080097024427e-05,0.5
0,0,1.47081732620679,-3.71278659120431e-05,0.5
0,0,1.46966219577366,-3.94736311207919e-05,0.5
0,0,1.4685638727999,-4.17378914141295e-05,0.5
0,0,1.46749823364701,-4.39667493847403e-05,0.5
0,0,1.46646832643685,-4.53842662583132e-05,0.5
0,0,1.46513146164332,-4.85191105082875e-05,0.5
0,0,1.46411363833817,-5.04308522710801e-05,0.5
0,0,1.46298337695646,-5.28217812690238e-05,0.5
0,0,1.4619358375058,-5.50246135049967e-05,0.5
0,0,1.4609092485371,-5.70664360581772e-05,0.5
0,0,1.4598495224266,-5.94221369360757e-05,0.5
0,0,1.45888201089225,-6.10204844567324e-05,0.5
0,0,1.45770822740932,-6.37594585246718e-05,0.5
0,0,1.45675245559973,-6.52895497903386e-05,0.5
0,0,1.45555340619827,-6.80444811889441e-05,0.5
0,0,1.45457118627241,-6.98115905804112e-05,0.5
0,0,1.45343632909602,-7.23456286356886e-05,0.5
0,0,1.45244590344231,-7.41920430371439e-05,0.5
0,0,1.451340756398,-7.66726884514715e-05,0.5
0,0,1.45036806732163,-7.83897929149481e-05,0.5
0,0,1.44923426922154,-8.09845988240686e-05,0.5
0,0,1.4482737959085,-8.26238189878016e-05,0.5
0,0,1.44712069000432,-8.52656989239105e-05,0.5
0,0,1.44615649215697,-8.72897462210701e-05,0.5
0,0,1.44516720139327,-8.94496805580677e-05,0.5
0,0,1.44422318778538,-9.1545106529279e-05,0.5
0,0,1.44331166361866,-9.35996861118099e-05,0.5
0,0.000341687404514987,1.44243374767559,-9.56102552678488e-05,0.5
0,0.00354786078446614,1.44236361015091,-9.6498373108148e-05,0.5
0,0.00704691309861733,1.44472189643189,-9.39714261620805e-05,0.5
0,0.0102246348087214,1.44663419799079,-9.19317780970676e-05,0.5
0,0.0141110329728627,1.45346632146445,-8.3027447050408e-05,0.5
0,0.0175472661912471,1.46108452555031,-7.26834676765124e-05,0.5
0,0.0193311530505265,1.47066902670537,-5.90043664829288e-05,0.5
0,0,1.47615653472244,-4.32973307729414e-05,0.5
0,0.0110005973634795,1.46690483777075,-6.20620352145973e-05,0.5
0,0.00650658966471394,1.4885253543027,-2.95116952279455e-05,0.5
0,0.0082937219262149,1.48868263921937,-2.88048845268972e-05,0.5
0,0.0100301522951964,1.49968206510592,-1.28654918716679e-05,0.5
0,0.00414569345960075,1.50642745261054,-9.51168128180132e-07,0.5
0.00405764201506523,0.00937859888440958,1.50928609127309,2.79377910770879e-06,0.5
0.029846118759176,0.00469953420927459,1.52070336566207,2.12414917109253e-05,0.5
0.036097999720012,0.00735488155214413,1.52284219012455,2.48525854618226e-05,0.5
0.0603797459069695,0.00787136972668116,1.53306999017502,4.06706131123407e-05,0.5
0.0770224057398861,0.00771337314963639,1.54003901310321,5.22116882669288e-05,0.5
0.089430720552765,0.00695489251701855,1.54521766712361,6.1168122023759e-05,0.5
0.0989651047408641,0.00557401006798068,1.54920502629219,6.85200071494161e-05,0.5
0.108075092292751,0.00398974094737014,1.55302773938441,7.56910298167342e-05,0.5
0.113245464227158,0.00166028454912064,1.55520577271452,8.0574004790401e-05,0.5
0.111403998362035,0,1.55442714749686,8.11703042954542e-05,0.5
0.0979140400840097,0,1.5487149981883,7.45285539018402e-05,0.5
0.0952559073001989,0,1.54750342516149,7.40739089160632e-05,0.5
0.0884851912000765,0,1.54458621307672,7.12622264601251e-05,0.5
0.0822371092061787,0,1.54184209291925,6.84736770700309e-05,0.5
0.0761794476718715,0,1.53916148772534,6.56939751903106e-05,0.5
0.0703733478187038,0,1.53656455714026,6.29239144284337e-05,0.5
0.0648048215726232,0,1.53404668505408,6.01672376888177e-05,0.5
0.0594674915947621,0,1.53160576488577,5.74252513547139e-05,0.5
0.0543539843963413,0,1.52923936155403,5.46996359276777e-05,0.5
0.0494573347711859,0,1.52694517487228,5.19918841064029e-05,0.5
0.0447707968308131,0,1.52472097712087,4.93034014134949e-05,0.5
0.040287863173899,0,1.5225646193795,4.66354948035357e-05,0.5
0.0360022518387276,0,1.52047402721231,4.39893799566425e-05,0.5
0.0319078982503282,0,1.5184471980046,4.13661854456862e-05,0.5
0.0279989468065247,0,1.51648219818015,3.87669571560733e-05,0.5
0.0242697429115223,0,1.51457716056674,3.61926624329764e-05,0.5
0.020714825320327,0,1.51273028186445,3.36441940464087e-05,0.5
0.0173289187986326,0,1.51093982021842,3.11223739704082e-05,0.5
0.0141069270819032,0,1.50920409289057,2.86279569866837e-05,0.5
0.0110439261212167,0,1.5075214740263,2.61616341204875e-05,0.5
0.00813515760351738,0,1.5058903925119,2.37240359164434e-05,0.5
0.00537602273454871,0,1.50430932991894,2.13157355616525e-05,0.5
0.00276207627324507,0,1.50277681853189,1.89372518630686e-05,0.5
0.000289020806866416,0,1.5012914394553,1.65890520858129e-05,0.5
0,0,1.49985182079738,1.42715546587875e-05,0.5
0,0,1.49845663592653,1.19851317536585e-05,0.5
0,0,1.49710460179779,9.73011174299583e-06,0.5
0,0,1.49579447734629,7.95857109787524e-06,0.5
0,0,1.49425144252378,5.08071798555623e-06,0.5
0,0,1.49296965468902,3.44832615416674e-06,0.5
0,0,1.49130898576463,3.4255274671934e-07,0.5
0,0,1.48997054521477,-1.88985391191606e-06,0.5
0,0,1.48857120096682,-4.34748836715337e-06,0.5
0,0,1.48722894100534,-6.53793537506229e-06,0.5
0,0,1.48577003545119,-9.24852800853299e-06,0.5
0,0,1.48447749095721,-1.08021954443572e-05,0.5
0,0,1.48259880144484,-1.44834163296548e-05,0.5
0,0,1.48123230689032,-1.66103050402784e-05,0.5
0,0,1.47959429656748,-1.96144813475449e-05,0.5
0,0,1.47813907134181,-2.22157192061441e-05,0.5
0,0,1.47668411430644,-2.47454770657964e-05,0.5
0,0,1.47517909373439,-2.7581746405449e-05,0.5
0,0,1.47380028533228,-2.9314309325266e-05,0.5
0,0,1.47180765915986,-3.32839629451584e-05,0.5
0,0,1.47036772257484,-3.55321017468233e-05,0.5
0,0,1.46859723759676,-3.88476750407319e-05,0.5
0,0,1.46705404613328,-4.16440347133118e-05,0.5
0,0,1.46549998012054,-4.45323350893477e-05,0.5
0,0,1.46400445712502,-4.69099201397414e-05,0.5
0,0,1.46225446762304,-5.03780333142355e-05,0.5
0,0,1.46079751963469,-5.24050813413107e-05,0.5
0,0,1.45884907696608,-5.62956214714378e-05,0.5
0,0,1.45732628523752,-5.90171359160374e-05,0.5
0,0,1.45570578798314,-6.20674400463156e-05,0.5
0,0,1.45416497456289,-6.49200752789439e-05,0.5
0,0,1.45261234657438,-6.78572639715935e-05,0.5
0,0,1.45109839866078,-7.05716457716848e-05,0.5
0,0,1.44949538283352,-7.37647137296293e-05,0.5
0,0,1.44806240280095,-7.59513864173867e-05,0.5
0,0,1.44623226781501,-7.96886752861749e-05,0.5
0,0,1.4447804391026,-8.19621776304553e-05,0.5
0,0,1.44295374101251,-8.56071690987356e-05,0.5
0,0,1.44144174610596,-8.82172175758644e-05,0.5
0,0,1.43973331827,-9.15706231880984e-05,0.5
0,0,1.43821590615861,-9.42082070544736e-05,0.5
0,0,1.43652050066037,-9.7579557994972e-05,0.5
0,0,1.43503240613356,-0.000100039129051765,0.5
0,0,1.43329565838642,-0.000103565482710063,0.5
0,0,1.43182005653828,-0.000105975436287838,0.5
0,0,1.43007221445766,-0.000109521970688527,0.5
0,0,1.42859156197403,-0.000112018138958726,0.5
0,0,1.42688443360148,-0.000115462726459759,0.5
0,0,1.42540688979601,-0.000117991669022881,0.5
0,0,1.42372663469868,-0.000121393319135046,0.5
0,0,1.42226652664799,-0.000123861331232998,0.5
0,0,1.42058001113517,-0.000127299668304703,0.5
0,0,1.41913510578975,-0.000130101953368134,0.5
0,0,1.41767141843661,-0.000133025125948552,0.5
0,0.000512338331592689,1.41627193589956,-0.000135865712620388,0.5
0,0.00454002683772693,1.416319568086,-0.000136712896497095,0.5
0,0.00874076477555585,1.41952822871112,-0.000133130132106389,0.5
0,0.0125576589590193,1.42220240513478,-0.00013012823893984,0.5
0,0.0164261967780822,1.42581884249052,-0.000125788673595003,0.5
0,0.0200861134437944,1.43008899607358,-0.000120406703570447,0.5
0,0.0235516762144978,1.43482006846632,-0.000114262338359262,0.5
0,0.0276181402074619,1.44636733091481,-9.85390674568083e-05,0.5
0,0.0171618845362703,1.45322958914605,-8.55625471194721e-05,0.5
0,0.0148550667988038,1.46130424220172,-7.31192355479189e-05,0.5
0,0.0159234295047234,1.46971463203573,-6.07555979061778e-05,0.5
0,0.00924312229415485,1.47753070809221,-4.73215974270578e-05,0.5
0,0.0172230870453085,1.48587509246253,-3.64741003454037e-05,0.5
0,0,1.49182782309789,-1.909298281045e-05,0.5
0,0.00191833492805064,1.48027386081836,-4.03087637266422e-05,0.5
0,0,1.49243585687428,-2.11591049819511e-05,0.5
0,0,1.48194330668916,-3.50228715466177e-05,0.5
0,0,1.48196381856882,-3.50126344483111e-05,0.5
0,0,1.47927128233045,-3.83344650510487e-05,0.5
0,0,1.47684342178565,-4.15769720075439e-05,0.5
0,0,1.47446084316436,-4.47776816035043e-05,0.5
0,0,1.4721608952391,-4.79390592560939e-05,0.5
0,0,1.46993691744855,-5.10567732866217e-05,0.5
0,0,1.4677872131771,-5.41309691891882e-05,0.5
0,0,1.46570937189849,-5.71609495101016e-05,0.5
0,0,1.46370117181208,-6.0146254852333e-05,0.5
0,0,1.46176045295474,-6.30864655454363e-05,0.5
0,0,1.4598851337602,-6.59812312848926e-05,0.5
0,0.0013310837128608,1.45807320513254,-6.88302617671794e-05,0.5
0,0.00394615027758193,1.46251483767235,-6.29372369005534e-05,0.5
0,0.00597383645038139,1.46692211686611,-5.68151731794513e-05,0.5
0,0.00840847016294412,1.47367651621957,-4.73497150903733e-05,0.5
0,0.0105772090212789,1.48117448117659,-3.65855006587061e-05,0.5
0,0.0121755882583416,1.48747714559584,-2.73154580873395e-05,0.5
0,0.0139702371160309,1.49565401968556,-1.5278920553469e-05,0.5
0,0.0063878631503063,1.50347804728576,-1.58810921576887e-06,0.5
0,0.0123986982356722,1.50670787942417,2.49520442527056e-06,0.5
0.00417467337706602,0,1.51709807406802,2.10939675628376e-05,0.5
0,0.00255092005241383,1.50356200551487,1.12873313709943e-06,0.5
0.00783105859394335,0.00381427931607923,1.5177796477085,2.21886227490689e-05,0.5
0.0183652892798639,0.00256181515880499,1.52228538113245,3.01057679948281e-05,0.5
0.0225331900971095,0.00137310845253825,1.52399136128528,3.3536816847053e-05,0.5
0.0249899271069438,0,1.5249891347846,3.60193222050594e-05,0.5
0.00850823883060317,0,1.51796338327889,2.70033919681464e-05,0.5
0.00750510629794158,0,1.51739492363099,2.68328878040369e-05,0.5
0.00085372150515639,0,1.51448759592404,2.35259331198032e-05,0.5
0,0,1.51179228620594,2.02764250226327e-05,0.5
0,0,1.50915361988089,1.70545789496979e-05,0.5
0,0,1.50660083994159,1.38615791567677e-05,0.5
0,0,1.50412836672723,1.07012249934284e-05,0.5
0,0,1.5017342109585,7.57408343812353e-06,0.5
0,0,1.49941587295532,4.48129587036709e-06,0.5
0,0,1.49717101430719,1.42379553017784e-06,0.5
0,0,1.49499736692918,-1.59754999001213e-06,0.5
0,0,1.49289274390436,-4.58195807245264e-06,0.5
0,0,1.4908550343524,-7.52872280731e-06,0.5
0,0,1.48888220076311,-1.04372113351091e-05,0.5
0,0,1.48697227608926,-1.33068596889225e-05,0.5
0,0,1.48512336101573,-1.61371689495856e-05,0.5
0,0,1.48333362133562,-1.89277015763535e-05,0.5
0,0,1.48160128543832,-2.16780779237323e-05,0.5
0,0,1.47992464190274,-2.43879729324007e-05,0.5
0,0,1.47830203719156,-2.7057112986182e-05,0.5
0,0,1.47673187344173,-2.9685272926879e-05,0.5
0,0,1.4752126063471,-3.22722732192748e-05,0.5
0,0,1.47374274312893,-3.48179772589629e-05,0.5
0,0,1.47232084059059,-3.73222888160346e-05,0.5
0,0,1.47094550325259,-3.97851496079919e-05,0.5
0,0,1.46961538156444,-4.22065369955785e-05,0.5
0,0,1.46832917018993,-4.45864617955303e-05,0.5
0,0,1.46708560636275,-4.69249662045396e-05,0.5
0,0,1.46588346830917,-4.92221218290067e-05,0.5
0,0,1.464721573735,-5.14780278154157e-05,0.5
0,0.00129797296623234,1.46359877837396,-5.3692809076424e-05,0.5
0,0.00456376422826618,1.46941059062475,-4.61586225936016e-05,0.5
0,0.00736894600879074,1.47623696138666,-3.68375430362359e-05,0.5
0,0.0101688739280449,1.48382258432866,-2.62996094993627e-05,0.5
0,0.0117170650472127,1.49263929432779,-1.35387821630313e-05,0.5
0,0.00845660388861115,1.50002337489157,-1.69461970373392e-06,0.5
0.0134410333321235,0.0140903183552034,1.50711513174029,7.93613991896368e-06,0.5
0.0231657048364793,0,1.51412178317387,2.4812211810923e-05,0.5
0.00392219654844821,0.00118406091734196,1.50360360982689,6.10058155290231e-06,0.5
0.0279088411838529,0,1.51406293662545,2.24561351823263e-05,0.5
0.00898415575635212,0,1.50583996236237,1.1631259452996e-05,0.5
0.0102975383609109,0,1.50599606635732,1.18422267990045e-05,0.5
0.00628812039863745,0,1.5039917612182,9.42382801768083e-06,0.5
0.00287595000570471,0,1.50218520072,7.04127028409814e-06,0.5
0,0,1.50040885729919,4.68661650587681e-06,0.5
0,0,1.49869125878442,2.35449998073207e-06,0.5
0,0,1.49702762611524,4.87903252875611e-08,0.5
0,0,1.49541683548967,-2.23043243628503e-06,0.5
0,0,1.4938572375397,-4.27053335021865e-06,0.5
0,0,1.49226865707182,-6.75417544941002e-06,0.5
0,0,1.49079517263441,-8.43216468730945e-06,0.5
0,0,1.48916280422144,-1.12455199158448e-05,0.5
0,0,1.48773382048659,-1.29366863663667e-05,0.5
0,0,1.48613545073394,-1.57233044876243e-05,0.5
0,0,1.48472396987088,-1.76410306879892e-05,0.5
0,0,1.48321344461691,-2.02470229842079e-05,0.5
0,0,1.48183429261832,-2.22099194569048e-05,0.5
0,0,1.48037330781946,-2.48089458369312e-05,0.5
0,0,1.47904193805943,-2.6654198133652e-05,0.5
0,0,1.47758904423217,-2.93636530938196e-05,0.5
0,0,1.47629689255667,-3.11622424142276e-05,0.5
0,0,1.47486384248519,-3.38991526285436e-05,0.5
0,0,1.47359764966509,-3.57554920571187e-05,0.5
0,0,1.4722082123984,-3.84325339264932e-05,0.5
0,0,1.47096797591928,-4.06184212172554e-05,0.5
0,0,1.46972655658784,-4.29069488985579e-05,0.5
0,0,1.46853359447057,-4.51404585790694e-05,0.5
0,0,1.46737904693606,-4.73374742143289e-05,0.5
0,0,1.46626332487441,-4.94952370393569e-05,0.5
0,0,1.4651852066005,-5.16139523054477e-05,0.5
0,0,1.46414364623931,-5.36937269732007e-05,0.5
0,0.000229883748397723,1.46313761106953,-5.57347002103631e-05,0.5
0,0.00271962405651372,1.4641003448696,-5.50192858828142e-05,0.5
0,0.00563658690879469,1.46838636116693,-4.9545399222405e-05,0.5
0,0.00820314278693009,1.47262108571095,-4.39476699464384e-05,0.5
0,0.010823822087231,1.47779206018483,-3.69489927278919e-05,0.5
0,0.0133234544613358,1.48384972397504,-2.85223468406381e-05,0.5
0,0.0134764295872345,1.49439138400523,-1.29434887822304e-05,0.5
0.00333822962755826,0.0170851566869276,1.50006432533904,-4.92590332607722e-06,0.5
0.0246887904211693,0.0161665287107663,1.50912278239532,8.97760375890739e-06,0.5
0.0402751640600606,0.00918130565000709,1.51629102497721,2.15436732787114e-05,0.5
0.0612986247116073,0.0169463563712326,1.52432264248558,3.24900182257713e-05,0.5
0.0716208627954648,0,1.53084176449373,4.73625161409562e-05,0.5
0.0498208569652817,0.00375000919156516,1.51995357273911,2.99709335694854e-05,0.5
0.0831896253953346,0.00305628738879258,1.534233833397,5.17126986765076e-05,0.5
0.0828538304078249,0.000408810889882322,1.53401149221352,5.29750858242733e-05,0.5
0.0755744009091829,0,1.5307166728608,4.91077657056805e-05,0.5
0.069793828059598,0,1.52804507287981,4.61318461046274e-05,0.5
0.067187537910166,0,1.52670714188508,4.50069602251813e-05,0.5
0.0625689057095284,0,1.52451101970652,4.26173302676508e-05,0.5
0.0582522950805242,0,1.52241519473043,4.02482306766313e-05,0.5
0.0540991171511938,0,1.52037395127319,3.78929269213595e-05,0.5
0.0501370078788761,0,1.51839640098192,3.55529860971219e-05,0.5
0.0463574649753689,0,1.51647973768374,3.32304283974208e-05,0.5
0.0427553688871129,0,1.51462227045003,3.09262081343081e-05,0.5
0.0393252095316418,0,1.51282217965229,2.86414169925241e-05,0.5
0.0360617312332212,0,1.51107772970241,2.63770358758397e-05,0.5
0.0329598470734887,0,1.50938724076025,2.41339801844344e-05,0.5
0.0158306057097855,0,1.50774909072991,2.24925949521443e-05,0.5
0.0222888632336529,0,1.50594581192272,1.95758990026428e-05,0.5
0.00493242283134822,0,1.50437497062976,1.79679683382769e-05,0.5
0.00975637823842504,0,1.50264043642141,1.51194754062001e-05,0.5
0.00457527168528985,0,1.50108902936411,1.29542406197818e-05,0.5
0.00189598347476677,0,1.49953188563563,1.06125653638407e-05,0.5
0,0,1.49803337721611,8.42781787551182e-06,0.5
0,0,1.49654924114721,6.0448485724367e-06,0.5
0,0,1.49513748901617,4.21958720213308e-06,0.5
0,0,1.49361501023455,1.51522799613978e-06,0.5
0,0,1.49226006182121,-1.5933013822817e-07,0.5
0,0,1.49076629215882,-2.93721186984327e-06,0.5
0,0,1.48943926212984,-4.76446833126097e-06,0.5
0,0,1.48801630693952,-7.38961973001179e-06,0.5
0,0,1.48672162292271,-9.3258445093884e-06,0.5
0,0,1.48536529302796,-1.18581991085926e-05,0.5
0,0,1.48411636591845,-1.37152405887048e-05,0.5
0,0,1.4827896471356,-1.6304531971419e-05,0.5
0,0,1.48158731893043,-1.80647749016135e-05,0.5
0,0,1.48028237294949,-2.0701038118468e-05,0.5
0,0,1.47911598776096,-2.24680471620921e-05,0.5
0,0,1.47784993795162,-2.50596564271585e-05,0.5
0,0,1.47671413705827,-2.68606876414417e-05,0.5
0,0,1.47549199599179,-2.93939755618233e-05,0.5
0,0,1.47438930624549,-3.11716579411311e-05,0.5
0,0,1.47319945765771,-3.3695276676442e-05,0.5
0,0,1.47213098267694,-3.54210877207125e-05,0.5
0,0,1.47099204489869,-3.79202787581565e-05,0.5
0,0,1.46996069931629,-3.96121198900258e-05,0.5
0,0,1.46886221231486,-4.20747131622578e-05,0.5
0,0,1.46786986354414,-4.37467403388162e-05,0.5
0,0,1.46681266066395,-4.61589518653874e-05,0.5
0,0,1.46585772799139,-4.77990752331781e-05,0.5
0,0,1.46483838057232,-5.01725342385073e-05,0.5
0,0,1.46391996589139,-5.20931120700085e-05,0.5
0,0,1.46300310269818,-5.41039597586345e-05,0.5
0,0,1.4621242375299,-5.6059711175119e-05,0.5
0,0,1.46127454879753,-5.79791663793674e-05,0.5
0,0,1.46045457176065,-5.98597456183893e-05,0.5
0,0,1.45966339726948,-6.17018724364632e-05,0.5
0,0,1.45890026017852,-6.35058418618364e-05,0.5
0,0,1.45816440170646,-6.5271972459259e-05,0.5
0,0,1.4574550875505,-6.70005923525101e-05,0.5
0,0,1.4567716051154,-6.86920380987957e-05,0.5
0,0.000896510869673658,1.45611326304131,-7.03466540917289e-05,0.5
0,0.00403765746639844,1.4580135717652,-6.84232693750197e-05,0.5
0,0.00708613478625494,1.46091138590631,-6.49700922937861e-05,0.5
0,0.0100390311105652,1.46408634140497,-6.10401106347374e-05,0.5
0,0.0129547504913644,1.46797314208955,-5.60179160100535e-05,0.5
0,0.0157307971557501,1.47237719931062,-5.01372466943412e-05,0.5
0,0.0188838361224433,1.47986986104156,-3.98001243606547e-05,0.5
0,0.0151139676820135,1.48959286647952,-2.45075409748896e-05,0.5
0.000500936605109789,0.0222506044170125,1.49702571409694,-1.4755773308419e-05,0.5
0.0112958386434826,0,1.50375066985461,5.65724723742138e-07,0.5
0,0.0127833190875612,1.49407232678857,-1.61382285360288e-05,0.5
0.0391959514862276,0.0026214616540242,1.51473686431801,1.64794683102449e-05,0.5
0.0303131193831641,0.00760794892708641,1.50996152979446,9.47405647666378e-06,0.5
0.0641467696057934,0.00849917283592359,1.5242451964268,3.06345864714562e-05,0.5
0.0766402709213027,0.00449856456126326,1.52972842672235,4.06117425888476e-05,0.5
0.0904940485369607,0.00773222847372826,1.53505684275389,4.86774162730672e-05,0.5
0.11262502878719,0.00640179908291471,1.54447272055015,6.38762395593911e-05,0.5
0.126637706021943,0.00693289381179788,1.5501565157712,7.34297582689651e-05,0.5
0.145391320737327,0.00676468865118591,1.55798204025848,8.6290791449967e-05,0.5
0.161758923386591,0.00274326508415316,1.56516496990828,9.90577089759905e-05,0.5
0.164583646955584,0.00218524031287517,1.56607721318842,0.000101912136753057,0.5
0.173876272380363,0,1.57000704330527,0.000109476884117008,0.5
0.1540621442454,0,1.56166128233217,9.9392880476179e-05,0.5
0.154471400615634,0,1.56168680523885,0.000100747788832061,0.5
0.147953727246635,0,1.55887611327885,9.83444468076441e-05,0.5
0.142131857688694,0,1.55629547440632,9.59542366416042e-05,0.5
0.136441367790864,0,1.55375876671762,9.35647847331763e-05,0.5
0.130987611546691,0,1.55130072340263,9.11730701801714e-05,0.5
0.125753039058877,0,1.54891555549272,8.87845311789779e-05,0.5
0.120732592708866,0,1.54660159254115,8.64003339480123e-05,0.5
0.115919404219851,0,1.54435656692737,8.40223718323129e-05,0.5
0.111307088111326,0,1.54217837051069,8.16522966056283e-05,0.5
0.106889440607174,0,1.540064955178,7.92916829884154e-05,0.5
0.10266047715033,0,1.53801434523713,7.69420064890634e-05,0.5
0.0986144179570949,0,1.53602463264078,7.46046519303922e-05,0.5
0.0947456812561835,0,1.534093974751,7.22809171057555e-05,0.5
0.0910488757097162,0,1.53222059183327,6.99720169800148e-05,0.5
0.0875187932957257,0,1.53040276470316,6.76790875992095e-05,0.5
0.0841504024505375,0,1.52863883245909,6.54031898432514e-05,0.5
0.0809388414878409,0,1.52692719030655,6.31453130099258e-05,0.5
0.0778794122788414,0,1.52526628746872,6.09063782403662e-05,0.5
0.0749675741832672,0,1.52365462518009,5.86872417925258e-05,0.5
0.0661020544860439,0,1.52209075475959,5.67377906299222e-05,0.5
0.0674498875840296,0,1.52048074846562,5.42471206788002e-05,0.5
0.00994934052160638,0,1.51899387671968,5.43221458177329e-05,0.5
0.0419311761044566,0,1.51652754696074,4.91274003598718e-05,0.5
0.0274269995030619,0,1.51493474302556,4.72437301394569e-05,0.5
0.0238114025720945,0,1.51306287904798,4.43501024146005e-05,0.5
0.0205011400478813,0,1.51129792669602,4.15982805284909e-05,0.5
0.0173222080978985,0,1.50957609554011,3.88626720574545e-05,0.5
0.0143004257371214,0,1.50790675813943,3.61628555693673e-05,0.5
0.0114286386183425,0,1.50628755554496,3.34985428681452e-05,0.5
0.00870286011329299,0,1.5047171712662,3.08701340253761e-05,0.5
0.00611880004640352,0,1.50319418909406,2.82779343566425e-05,0.5
0.00367235446705061,0,1.50171725426163,2.57221977607815e-05,0.5
0.00135954611985262,0,1.50028505383682,2.32031390761827e-05,0.5
0,0,1.49889631771981,2.07209339240095e-05,0.5
0,0,1.49754981674768,1.82757213531632e-05,0.5
0,0,1.49624436125277,1.6658507407742e-05,0.5
0,0,1.49437695145519,1.2922553605941e-05,0.5
0,0,1.49302907402995,1.06089114088415e-05,0.5
0,0,1.49154512866583,7.89833176079021e-06,0.5
0,0,1.49012868961032,5.26897939078103e-06,0.5
0,0,1.48875172775838,3.31104243766547e-06,0.5
0,0,1.48693558965652,-3.25544735200908e-07,0.5
0,0,1.48554680933316,-2.57224472986631e-06,0.5
0,0,1.48387557256656,-5.77617059013539e-06,0.5
0,0,1.48241516672359,-8.48300274536778e-06,0.5
0,0,1.48094281584457,-1.12278832686818e-05,0.5
0,0,1.47947981069837,-1.36758231387257e-05,0.5
0,0,1.47774531594247,-1.70861081206202e-05,0.5
0,0,1.47631964772658,-1.85258581767207e-05,0.5
0,0,1.47370835511459,-2.36928648479301e-05,0.5
0,0,1.47205661978358,-2.64824359701039e-05,0.5
0,0,1.47012580224621,-2.99545083228669e-05,0.5
0,0,1.46829636667385,-3.33000586163183e-05,0.5
0,0,1.46651800534696,-3.65971335604028e-05,0.5
0,0,1.46479781694039,-3.98344110931824e-05,0.5
0,0,1.46313338839127,-4.29994670468566e-05,0.5
0,0,1.46151238225631,-4.53235289605e-05,0.5
0,0,1.45927405838154,-4.98021376498143e-05,0.5
0,0,1.45762831648548,-5.26378437599582e-05,0.5
0,0,1.45571499798673,-5.62700124008656e-05,0.5
0,0,1.45398279284478,-5.95386728925661e-05,0.5
0,0,1.45226711553672,-6.25259612356041e-05,0.5
0,0,1.45035938358672,-6.62740834237274e-05,0.5
0,0,1.44871009542003,-6.81741339492793e-05,0.5
0,0,1.44600738269271,-7.35563669394058e-05,0.5
0,0,1.44420346611482,-7.66696950703253e-05,0.5
0,0,1.44214779012366,-8.04217721699016e-05,0.5
0,0,1.44020194531919,-8.40305867583059e-05,0.5
0,0,1.43831405420825,-8.75802919865923e-05,0.5
0,0,1.43649119270739,-9.10587198273695e-05,0.5
0,0,1.43473068381026,-9.40849848199486e-05,0.5
0,0,1.43271691143972,-9.80582610632415e-05,0.5
0,0,1.43101530219344,-0.00010035132420884,0.5
0,0,1.42849414338446,-0.000105317651515518,0.5
0,0,1.42668036604034,-0.000108551256507806,0.5
0,0,1.424689643179,-0.000112246250581294,0.5
0,0,1.42280017026819,-0.000115810502315085,0.5
0,0,1.4209707602807,-0.000119237838572267,0.5
0,0,1.41914746620337,-0.00012258519776886,0.5
0,0,1.4172748510649,-0.000126249129647828,0.5
0,0,1.4155749068081,-0.00012846039320665,0.5
0,0,1.41308124816207,-0.000133465821511659,0.5
0,0,1.41131543622064,-0.000136469891328182,0.5
0,0,1.40926194782165,-0.000140317454317442,0.5
0,0,1.40739494470341,-0.000143806950876977,0.5
0,0,1.40555794139295,-0.000147245523141272,0.5
0,0,1.40375111984106,-0.000150464318135521,0.5
0,0,1.40183734123763,-0.000154213794723283,0.5
0,0,1.40014148405801,-0.000156446937998768,0.5
0,0,1.39769014381009,-0.000161307730243328,0.5
0,0,1.39593124818676,-0.000164321963922663,0.5
0,0,1.39392278069449,-0.000168059617494135,0.5
0,0,1.39208279160788,-0.000171491907091089,0.5
0,0,1.3902811116672,-0.000174689004753086,0.5
0,0,1.38838718305234,-0.000178355424664785,0.5
0,0,1.38669301645073,-0.000180656626698881,0.5
0,0,1.38439339269944,-0.000185245773029996,0.5
0,0,1.38267921433503,-0.000188058658829556,0.5
0,0.00586314320794121,1.38067026990984,-0.000191850282242596,0.5
0,0.0104926942270067,1.38657492020141,-0.000184574406858777,0.5
0,0.0149360553711818,1.39146841966477,-0.000178413478144375,0.5
0,0.0194481122090806,1.39722167052397,-0.0001710463565816,0.5
0,0.0236174409307308,1.40430599789085,-0.000161663720013634,0.5
0,0.027421993754118,1.41207094927504,-0.000151145046618994,0.5
0,0.013450263629621,1.42122554402984,-0.000133757968869778,0.5
0,0.0285220994713104,1.42693235250318,-0.000129207575216355,0.5
0,0,1.43489758992267,-0.00010511800860859,0.5
0,0.0141092216034603,1.42239954683791,-0.000131171418447418,0.5
0,0.0020481769808298,1.4460837720977,-9.35014202430255e-05,0.5
0,0.00624426532382368,1.43660675850858,-0.000107552850388859,0.5
0,0.0091830215300085,1.45206739455557,-8.57888918515885e-05,0.5
0,0.00415220578533706,1.45880049989499,-7.40356552535046e-05,0.5
0,0.00893528170397857,1.46065565522946,-7.20215997696294e-05,0.5
0,0,1.47249528443478,-5.16397230186065e-05,0.5
0,0.00220701561591667,1.4568756231878,-7.49111870532896e-05,0.5
0,0.00386837723628026,1.47078705186311,-5.46927935696318e-05,0.5
0,0.00312084952588462,1.47435518447488,-4.85757649987791e-05,0.5
0,0.00321468826928913,1.47662413635715,-4.47777008456764e-05,0.5
0,0.00344960587076799,1.48100869004315,-3.78573867046636e-05,0.5
0,0.00305542475748897,1.48404403496169,-3.27182090067402e-05,0.5
0,0.00258120408919278,1.48683184448108,-2.79463634005003e-05,0.5
0,0.00180229297507768,1.48893240089461,-2.41071122384998e-05,0.5
0,0.000623620115786355,1.48959936952901,-2.23104195591242e-05,0.5
0,0,1.48728264275336,-2.48171825228953e-05,0.5
0,0,1.48161468287737,-3.2248850408999e-05,0.5
0,0,1.47941433264636,-3.49327943438344e-05,0.5
0,0,1.47588464080563,-3.94796735309654e-05,0.5
0,0,1.47254275792375,-4.39337029817766e-05,0.5
0,0,1.46929475824265,-4.83284626754358e-05,0.5
0,0,1.4661568122162,-5.26595973207875e-05,0.5
0,0,1.46312356417385,-5.69253417501512e-05,0.5
0,0,1.46019196703116,-6.112553195718e-05,0.5
0,0,1.45735871342591,-6.52597397977805e-05,0.5
0,0,1.45462066507036,-6.93276946401877e-05,0.5
0,0,1.45197479020205,-7.33291948238528e-05,0.5
0,0,1.44941816838643,-7.72641173908396e-05,0.5
0,0,1.44694798455895,-8.11324102920939e-05,0.5
0,0,1.44456152491788,-8.49340878767142e-05,0.5
0,0,1.44225617274543,-8.86692261598049e-05,0.5
0,0.000783115666711576,1.44002940445798,-9.23379584433231e-05,0.5
0,0.00335838369485306,1.44257161299789,-8.93140055839819e-05,0.5
0,0.0057343358219666,1.44674131524218,-8.38113912700898e-05,0.5
0,0.00802366390998522,1.45137921918442,-7.7549586930732e-05,0.5
0,0.0102996077137884,1.45730751549157,-6.93463529387106e-05,0.5
0,0.0127775770925313,1.46632878983535,-5.65838098338688e-05,0.5
0,0.0133974837201868,1.47456380167302,-4.43419509436759e-05,0.5
0,0.0125988010463297,1.48223450062941,-3.25377667933061e-05,0.5
0,0.0148126785874442,1.49040708823296,-2.05747278527376e-05,0.5
0,0.00820389303746413,1.49789063667806,-7.54809893656979e-06,0.5
0,0.0127789323462937,1.50219808975164,-1.63807142125396e-06,0.5
0,0.00201267123615146,1.51196716238527,1.5714665194426e-05,0.5
0,0.00545509729146267,1.50725171720551,8.58871088191175e-06,0.5
0,0.00481892511074649,1.51785543508243,2.49846083574867e-05,0.5
0,0.00213385759833899,1.51849992065313,2.73073808645518e-05,0.5
0,0,1.51796332462036,2.74775479722758e-05,0.5
0,0,1.51087041317015,1.8232060482537e-05,0.5
0,0,1.50952523007495,1.69257134581067e-05,0.5
0,0,1.50603648545043,1.26734603299953e-05,0.5
0,0,1.50277033587124,8.50635928622999e-06,0.5
0,0,1.49958184912621,4.38287999623637e-06,0.5
0,0,1.49649783681365,3.07172655155259e-07,0.5
0,0,1.49351224610782,-3.71760771786462e-06,0.5
0,0,1.49062245547735,-7.69103012867793e-06,0.5
0,0,1.48782538112095,-1.16121794891499e-05,0.5
0,0,1.48511812095876,-1.54803472816328e-05,0.5
0,0,1.48249786519532,-1.92948978043079e-05,0.5
0,0,1.47996190598601,-2.30552855723294e-05,0.5
0,0,1.47750763138266,-2.67610463303639e-05,0.5
0,0,1.47513252179851,-3.04117926736452e-05,0.5
0,0,1.47283414626748,-3.40072092170143e-05,0.5
0,0,1.4706101589227,-3.75470481315648e-05,0.5
0,0,1.46845829561984,-4.10311249034353e-05,0.5
0,0,1.46637637070892,-4.44593143235367e-05,0.5
0,0,1.46436227394593,-4.78315466929709e-05,0.5
0,0,1.46241396753806,-5.11478042334158e-05,0.5
0,0,1.46052948331633,-5.44081176917216e-05,0.5
0,0,1.45870692002969,-5.76125631286158e-05,0.5
0,0,1.45694444075502,-6.07612588819284e-05,0.5
0,0,1.45524027041772,-6.38543626952489e-05,0.5
0,0,1.45359269341774,-6.68920690034007e-05,0.5
0,0,1.45200005135636,-6.98746063665665e-05,0.5
0,0,1.45046074085899,-7.28022350453213e-05,0.5
0,0,1.44897321148968,-7.5675244709234e-05,0.5
0,0,1.4475359637532,-7.84939522720773e-05,0.5
0,0.00125449455477439,1.44614754718075,-8.12586998470473e-05,0.5
0,0.00420528375314024,1.44853271528891,-7.87077189476145e-05,0.5
0,0.00685441675700793,1.45130649222362,-7.54359963079222e-05,0.5
0,0.00980118410915674,1.4563640963734,-6.88870257378826e-05,0.5
0,0.012040586571339,1.45940037545094,-6.49867329604675e-05,0.5
0,0.0146078326358916,1.46440524465984,-5.82989957577557e-05,0.5
0,0.0168248717336018,1.46966160322173,-5.10341287140446e-05,0.5
0,0.0188787344313171,1.47521703315376,-4.32204340718919e-05,0.5
0,0.020726065709894,1.48110843552336,-3.47731618489462e-05,0.5
0,0.0173859916250857,1.49134544750923,-1.8706082024792e-05,0.5
0,0.0227601226277827,1.49850966750308,-8.84230047295658e-06,0.5
0,0,1.50445184773889,7.19020977808286e-06,0.5
0,0.00899326843291142,1.49362841499392,-1.25053152027719e-05,0.5
0,0.00715142950686373,1.5120766863406,1.54858763553384e-05,0.5
0,0.0050285683764595,1.51230941261214,1.71481082358747e-05,0.5
0,0.00547414104353854,1.51710135271061,2.45406405071036e-05,0.5
0,0.00527778606438584,1.52241211425404,3.31516970430088e-05,0.5
0.00630664525054757,0.00466593614969713,1.526800216507,4.04982218559257e-05,0.5
0.0154145493472296,0.00373011535081921,1.53059603900977,4.70566895248829e-05,0.5
0.0222335105294729,0.00233883472744081,1.53343791665394,5.23059216138146e-05,0.5
0.0248761826371121,0.000299166313926461,1.53452026463584,5.50367623229769e-05,0.5
0.0162528112466804,0,1.53083105663423,5.08235909282262e-05,0.5
0.0089699137736457,0,1.52765367524413,4.71156180522955e-05,0.5
0.00431930285141194,0,1.52557971144502,4.49607427745973e-05,0.5
0,0,1.52280018034656,4.17183725998963e-05,0.5
0,0,1.52013428687042,3.85102637084765e-05,0.5
0,0,1.51754226745254,3.5327348731406e-05,0.5
0,0,1.51503116207345,3.21721085545823e-05,0.5
0,0,1.51259772448581,2.90464318968236e-05,0.5
0,0,1.51023970268073,2.5951343170537e-05,0.5
0,0,1.50795476021762,2.28879482251679e-05,0.5
0,0,1.50574066125762,1.98572335496574e-05,0.5
0,0,1.50359524453271,1.68601063660322e-05,0.5
0,0,1.50151642410985,1.38973927861565e-05,0.5
0,0,1.49950218596934,1.09698430759114e-05,0.5
0,0,1.49755058530916,8.07813557968164e-06,0.5
0,0,1.49565974386957,5.22288063161409e-06,0.5
0,0,1.49382784738273,2.40462424948993e-06,0.5
0,0,1.49205314312628,-3.7614834713113e-07,0.5
0,0,1.49033393757872,-3.11900939104391e-06,0.5
0,0,1.48866859417164,-5.82358538483626e-06,0.5
0,0,1.48705553113479,-8.48955407396142e-06,0.5
0,0,1.48549321942973,-1.1116641568006e-05,0.5
0,0,1.4839801807684,-1.37046196030925e-05,0.5
0,0,1.48251498571266,-1.62533029386895e-05,0.5
0,0,1.48109625185157,-1.87625468824271e-05,0.5
0,0,1.47972264205273,-2.12322449368182e-05,0.5
0,0,1.47839286278476,-2.36623265620814e-05,0.5
0,0,1.47710566250767,-2.60527550495335e-05,0.5
0,0,1.47585983012817,-2.84035255002892e-05,0.5
0,0,1.47465419351732,-3.07146629042508e-05,0.5
0,0,1.47348761808767,-3.29862203146146e-05,0.5
0,0,1.47235900542731,-3.52182771133428e-05,0.5
0,0,1.47126729198864,-3.74109373632711e-05,0.5
0,0,1.47021144782925,-3.9564328242725e-05,0.5
0,0,1.46919047540284,-4.16785985587132e-05,0.5
0,0,1.46820340839806,-4.37539173349558e-05,0.5
0,0,1.46724931062317,-4.579047247118e-05,0.5
0,0,1.46632727493465,-4.77884694702871e-05,0.5
0,0,1.46543642220785,-4.9748130230152e-05,0.5
0,0.000744194958979886,1.464575900348,-5.16696918969749e-05,0.5
0,0.00330962010698779,1.4660682554276,-5.0274416181123e-05,0.5
0,0.00581636499748794,1.46844966834591,-4.75065029695616e-05,0.5
0,0.00857026743073983,1.47273590386422,-4.19772721231346e-05,0.5
0,0.0110221098522397,1.47698063284571,-3.63311609599671e-05,0.5
0,0.0139300363143987,1.48424736763734,-2.6315675437684e-05,0.5
0,0.0168187168120613,1.49346691760084,-1.32335460333056e-05,0.5
0,0.0159146799572902,1.5010506448387,-1.54100276194305e-06,0.5
0.00710156740101399,0.00946497619161703,1.50852940580693,1.1171848308845e-05,0.5
0.0199657868513181,0.0168027298905787,1.5130010331003,1.67635603949095e-05,0.5
0.0441339388562787,0.0135950024113465,1.52349170829664,3.3474852537556e-05,0.5
0.0598541291953272,0.0112813367164183,1.53020803976496,4.4668903699994e-05,0.5
0.0736019926230658,0.0141923318999665,1.53552532726627,5.28048965446863e-05,0.5
0.0935159450739196,0.00738861894838625,1.54453432443673,6.83410589853194e-05,0.5
0.107382111193437,0.0113255570463762,1.54980537768818,7.65596249127767e-05,0.5
0.125244432014424,0.00300023518321027,1.55807802397666,9.144319164826e-05,0.5
0.123924022311687,0.00443817029804848,1.55697398667575,9.07284924422629e-05,0.5
0.148301373288319,0.00391185483320317,1.56729130743679,0.000107324829833973,0.5
0.156334508593084,0.00139398676240828,1.57068382215578,0.000114316316148291,0.5
0.154227830855661,0,1.56977350292004,0.000114752315695464,0.5
0.139922399491949,0,1.56371612889878,0.000107596785853863,0.5
0.138617549013592,0,1.56306107681557,0.000108000131660499,0.5
0.132045119659904,0,1.56022815907296,0.000105378988196945,0.5
0.126033327411414,0,1.55758071758137,0.000102774924441962,0.5
0.120181395885136,0,1.554986595359,0.000100173436847819,0.5
0.114566935026154,0,1.55247137771478,9.75745584575938e-05,0.5
0.109175294728278,0,1.5500302319662,9.49825820932831e-05,0.5
0.104000887475819,0,1.54766131300762,9.23988012660911e-05,0.5
0.0990368506918262,0,1.54536235529414,8.98249989075148e-05,0.5
0.0942767356354834,0,1.54313122997858,8.7262757013922e-05,0.5
0.0897142870345322,0,1.54096587212508,8.47135757383099e-05,0.5
0.0853434682664392,0,1.53886428902685,8.21788585913496e-05,0.5
0.0811584486426556,0,1.53682455600202,7.96599198128325e-05,0.5
0.0771535963598844,0,1.53484481406309,7.71579881680364e-05,0.5
0.0733234709393823,0,1.53292326741699,7.46742110890451e-05,0.5
0.0696628160837275,0,1.5310581811034,7.22096585553848e-05,0.5
0.0661665528009873,0,1.52924787872149,6.97653268137134e-05,0.5
0.0628297728052867,0,1.52749074024804,6.7342141930097e-05,0.5
0.0596477321792837,0,1.52578519994233,6.49409631842565e-05,0.5
0.0566158452881115,0,1.52412974433411,6.25625863124219e-05,0.5
0.0537296789342829,0,1.52252291029139,6.02077466054931e-05,0.5
0.0509849467435761,0,1.52096328316453,5.7877121868854e-05,0.5
0.0483775037723437,0,1.51944949500369,5.5571335249915e-05,0.5
0.0459033413270928,0,1.51798022284642,5.32909579391901e-05,0.5
0.0435585819875808,0,1.51655418707264,5.10365117504568e-05,0.5
0.0413394748250408,0,1.51517014982406,4.88084715853034e-05,0.5
0.0392423908075139,0,1.51382691348563,4.66072677871338e-05,0.5
0.0372638183846027,0,1.51252331922625,4.44332883894768e-05,0.5
0.035400359244292,0,1.51125824559638,4.22868812632329e-05,0.5
0.0336487242347916,0,1.51003060718032,4.01683561672883e-05,0.5
0.0266893514223387,0,1.50883935330074,3.82951910590652e-05,0.5
0.0284231429269813,0,1.50753480985133,3.58745904760721e-05,0.5
0,0,1.50638355006893,3.5796598534585e-05,0.5
0.00541006445642151,0,1.50373115908644,3.02699293297308e-05,0.5
0,0,1.50231032453089,2.82365659869724e-05,0.5
0,0,1.50049119600843,2.51474571940574e-05,0.5
0,0,1.49878132155743,2.21995044151998e-05,0.5
0,0,1.49711267686073,1.92789815071879e-05,0.5
0,0,1.49549570942743,1.64029274061497e-05,0.5
0,0,1.49392798712923,1.3570979885985e-05,0.5
0,0,1.49240826111861,1.07831990190965e-05,0.5
0,0,1.49093515469816,8.03960844961205e-06,0.5
0,0,1.48950735418442,5.34018354087974e-06,0.5
0,0,1.48812358519506,2.68487124294307e-06,0.5
0,0,1.4867826144159,6.05652023839156e-07,0.5
0,0,1.48508005446449,-2.86848570488566e-06,0.5
0,0,1.483740532262,-4.75003596159019e-06,0.5
0,0,1.48185017584266,-8.5635391210895e-06,0.5
0,0,1.48039833832829,-1.1219520950524e-05,0.5
0,0,1.47884844099074,-1.41745291658855e-05,0.5
0,0,1.47736526192929,-1.7047045562879e-05,0.5
0,0,1.47592545469867,-1.94619604574408e-05,0.5
0,0,1.47422014689033,-2.29310998608128e-05,0.5
0,0,1.47280917685905,-2.46007952857058e-05,0.5
0,0,1.47056473338811,-2.9223586556859e-05,0.5
0,0,1.4690111360802,-3.19823436808996e-05,0.5
0,0,1.4672692586814,-3.52599107968311e-05,0.5
0,0,1.46561405786355,-3.84240247483993e-05,0.5
0,0,1.46400635985243,-4.15394784756875e-05,0.5
0,0,1.46245139218949,-4.45969212879853e-05,0.5
0,0,1.46094709952474,-4.72786605509778e-05,0.5
0,0,1.45917937301577,-5.08274606875723e-05,0.5
0,0,1.45770755990019,-5.29714002026684e-05,0.5
0,0,1.45545887149738,-5.74144707918835e-05,0.5
0,0,1.45385528767952,-6.02512444373077e-05,0.5
0,0,1.45196994872994,-6.38311715989543e-05,0.5
0,0,1.45026384337845,-6.70635927798706e-05,0.5
0,0,1.44856099152633,-7.00747386905135e-05,0.5
0,0,1.44665793712757,-7.37859517710448e-05,0.5
0,0,1.44502183367366,-7.60881118241425e-05,0.5
0,0,1.44254278352713,-8.08809404382225e-05,0.5
0,0,1.44078357376076,-8.38949620788646e-05,0.5
0,0,1.43870361990873,-8.77476715688714e-05,0.5
0,0,1.43682992351991,-9.12194352639582e-05,0.5
0,0,1.4349738425447,-9.44547171186183e-05,0.5
0,0,1.4329348555979,-9.83413023242983e-05,0.5
0,0,1.43115806725629,-0.000100842767615043,0.5
0,0,1.42854866244503,-0.000105793310675695,0.5
0,0,1.42666794639643,-0.00010892401159642,0.5
0,0,1.4244228456955,-0.000113017035604942,0.5
0,0,1.42242908594022,-0.000116635786888244,0.5
0,0,1.42044429578458,-0.000120089762379637,0.5
0,0,1.41836491977728,-0.0001240074493389,0.5
0,0,1.41649111961186,-0.000126593976446194,0.5
0,0,1.41389412732355,-0.000131578576551542,0.5
0,0,1.4119702596439,-0.000134707571712608,0.5
0,0,1.40969325938668,-0.000138879645620008,0.5
0,0,1.40768020622621,-0.000142515318870287,0.5
0,0,1.40567388553898,-0.000146115448467916,0.5
0,0,1.40367730693858,-0.000149759757995864,0.5
0,0,1.40172995122577,-0.000153005356687762,0.5
0,0,1.39957468959211,-0.000157132132863441,0.5
0,0,1.3977267495131,-0.000159582236369001,0.5
0,0,1.39514613890403,-0.000164557350394736,0.5
0,0,1.39322771541866,-0.000167888037973131,0.5
0,0,1.39115571882237,-0.000171648432987177,0.5
0,0,1.38919320128656,-0.000175268059414455,0.5
0,0,1.38729769678184,-0.00017857449337795,0.5
0,0.00275102420856937,1.38527743250223,-0.000182417806839665,0.5
0,0.00717399119733421,1.38665274121331,-0.000181421774418375,0.5
0,0.0119414135084188,1.38762676252351,-0.000180904895222343,0.5
0,0.0168143105786643,1.3894724005031,-0.000179189088814675,0.5
0,0.0216642322187759,1.39713590001966,-0.000169380904035628,0.5
0,0.0260073133290139,1.40814655208752,-0.000154631677189669,0.5
0,0.00254696915378272,1.41437795471504,-0.000138800997350242,0.5
0,0.0243285914053887,1.41160862653435,-0.000148386283011033,0.5
0,0.0220785832448498,1.42930082448074,-0.000122175207264551,0.5
0,0.0165159391878328,1.43460862574139,-0.000112460848320819,0.5
0,0.0094934217407921,1.44280882756138,-9.85490547512709e-05,0.5
0,0.0207232686449236,1.45193690026169,-8.7754975389704e-05,0.5
0,0,1.45703002790022,-6.73730208224687e-05,0.5
0,0.00275495478369574,1.44511913593585,-9.26866660449785e-05,0.5
0,0,1.45985703537734,-6.91629255514151e-05,0.5
0,0,1.44684825682364,-8.6924679581903e-05,0.5
0,0,1.44721167213901,-8.682705219194e-05,0.5
0,0,1.44409595954589,-9.10544564594026e-05,0.5
0,0,1.44131988158916,-9.51292755950859e-05,0.5
0,0,1.43859292606466,-9.91416115856022e-05,0.5
0,0.000773742217946939,1.43596527065924,-0.000103088306568003,0.5
0,0.0033346045593493,1.43924216881383,-9.8805970459117e-05,0.5
0,0.00563612537493417,1.44456384065969,-9.14414348938211e-05,0.5
0,0.00782784917246853,1.45037700616207,-8.32699434540158e-05,0.5
0,0.0100146838467658,1.45777587019494,-7.27343012295028e-05,0.5
0,0.000198680472069777,1.46638685494792,-5.74671153553535e-05,0.5
0,0.00646121067798836,1.45593946258093,-7.38392150794663e-05,0.5
0,0.00903509162156767,1.47592653720743,-4.5164259618081e-05,0.5
0,0.00071826786820741,1.48023422057052,-3.61342741370864e-05,0.5
0,0.00433300866185666,1.47318871267409,-4.7004645101412e-05,0.5
0,0.00584086924561107,1.48698788924231,-2.6779990729684e-05,0.5
0,0.00546543388666126,1.4926259485611,-1.76515926628059e-05,0.5
0,0.00561981775740051,1.49813104357205,-9.02194281761513e-06,0.5
0,0.00564432443200722,1.50482530574213,1.51777537551167e-06,0.5
0,0.00523851584619342,1.5111255703105,1.16626259807747e-05,0.5
0,0.00439783586756811,1.51666208455567,2.08184832124879e-05,0.5
0,0.00343923974255793,1.52251336526991,3.05169654237047e-05,0.5
0,0.000718553778317549,1.52339647479609,3.31919585338244e-05,0.5
0,0,1.51991383726053,2.94123954283125e-05,0.5
0,0,1.51442169470178,2.25611956739849e-05,0.5
0,0,1.51196988637578,1.99250565856174e-05,0.5
0,0,1.50809287855869,1.52257247333857e-05,0.5
0,0,1.50440777866226,1.06084597887984e-05,0.5
0,0,1.50082342555512,6.04159265746412e-06,0.5
0,0,1.49735636499789,1.53040797451661e-06,0.5
0,0,1.49400106806045,-2.92281285049072e-06,0.5
0,0,1.49075427055488,-7.3174136009511e-06,0.5
0,0,1.48761245675035,-1.16524961358574e-05,0.5
0,0,1.48457228580583,-1.59273399610985e-05,0.5
0,0,1.48163053082263,-2.01413146679998e-05,0.5
0,0,1.47878408309737,-2.42938884231257e-05,0.5
0,0,1.47602994597573,-2.83846194612867e-05,0.5
0,0,1.47336523048551,-3.24131507612619e-05,0.5
0,0,1.47078715092145,-3.63792045564638e-05,0.5
0,0,1.46829302066489,-4.02825772227018e-05,0.5
0,0,1.46588024818357,-4.41231344372828e-05,0.5
0,0,1.46354633320996,-4.79008066088563e-05,0.5
0,0,1.46128886308856,-5.16155845612435e-05,0.5
0,0,1.45910550928424,-5.52675154579789e-05,0.5
0,0,1.45699402404401,-5.88566989545889e-05,0.5
0,0,1.45495223720498,-6.23832835663975e-05,0.5
0,0,1.45297805314165,-6.58474632402913e-05,0.5
0,0,1.45106944784589,-6.9249474119502e-05,0.5
0,0,1.44922446613352,-7.25895914910468e-05,0.5
0,0,1.44744121897148,-7.58681269060245e-05,0.5
0,0,1.44571788092004,-7.90854254634891e-05,0.5
0,0,1.44405268768469,-8.22418632491171e-05,0.5
0,0,1.44244393377261,-8.53378449203563e-05,0.5
0,0,1.44088997024892,-8.83738014301855e-05,0.5
0,0,1.43938920258812,-9.1350187882035e-05,0.5
0,0,1.43794008861631,-9.42674815088157e-05,0.5
0,0.00229235887558673,1.43654113654016,-9.71261797693782e-05,0.5
0,0.0060565165275211,1.44219289682971,-9.00811862613861e-05,0.5
0,0.00880156340007654,1.44548658938733,-8.60110809752954e-05,0.5
0,0.0119246908615396,1.45046361839864,-7.96176249352975e-05,0.5
0,0.0147975625468616,1.45645152836051,-7.15789228199779e-05,0.5
0,0.0174671639047135,1.46300871924029,-6.25657233366397e-05,0.5
0,0.0204453962291293,1.47294669934091,-4.85973819586259e-05,0.5
0,0,1.47904395201232,-3.40958532093177e-05,0.5
0,0.0126881874655858,1.46802163722533,-5.3656592780334e-05,0.5
0,0.00847628670733469,1.49027418196068,-2.00560213328622e-05,0.5
0,0.011006317283861,1.49135783559229,-1.82394281134906e-05,0.5
0,0.0122023771643994,1.50132163232745,-3.56921504710939e-06,0.5
0,0.00900962768889697,1.50840355123929,8.24221017926489e-06,0.5
0,0.0120402111715537,1.51458647645482,1.73748661073283e-05,0.5
0,0.00832431455490083,1.52335405626683,3.18694584150537e-05,0.5
0.0109317948857516,0.0100183160182914,1.52814456975579,3.95044727643995e-05,0.5
0.0308686764713159,0.00486338743031077,1.53714839910077,5.47646608208563e-05,0.5
0.0355702060471362,0.00575107361759525,1.53888124521424,5.81781345310754e-05,0.5
0.0441752991439067,0.00318446659659943,1.54266703959567,6.51877955387292e-05,0.5
0.0451308658289733,0.000197200057773072,1.5431558986131,6.7404304482057e-05,0.5
0.0329779211139157,0,1.53808400094942,6.14268238518842e-05,0.5
0.0263517374077973,0,1.53527922260949,5.84585389474784e-05,0.5
0.0199160990062932,0,1.53256000427235,5.56240859594467e-05,0.5
0.0125131931073488,0,1.5294020872682,5.20162949201633e-05,0.5
0.00543958673085696,0,1.52635364857555,4.84422299499716e-05,0.5
0,0,1.52339423241441,4.48953478639705e-05,0.5
0,0,1.52052700153502,4.13790070018925e-05,0.5
0,0,1.51774867623247,3.78949367347563e-05,0.5
0,0,1.51505656520494,3.44444101551e-05,0.5
0,0,1.51244797435779,3.10286820379527e-05,0.5
0,0,1.50992031551083,2.7648887953643e-05,0.5
0,0,1.50747108991432,2.43060685029112e-05,0.5
0,0,1.50509788686361,2.10011710682096e-05,0.5
0,0,1.50279837995332,1.77350553980683e-05,0.5
0,0,1.50057032382156,1.45084983117489e-05,0.5
0,0,1.49841155097871,1.13221982723822e-05,0.5
0,0,1.49631996877825,8.17677971777323e-06,0.5
0,0,1.49429355651433,5.0727971785839e-06,0.5
0,0,1.49233036264178,2.01073919137562e-06,0.5
0,0,1.49042850211292,-1.0089679830651e-06,0.5
0,0,1.48858615382592,-3.98595682671315e-06,0.5
0,0,1.48680155817982,-6.9199152075796e-06,0.5
0,0,1.48507301473141,-9.81058319070481e-06,0.5
0,0,1.48339887994951,-1.26577500087169e-05,0.5
0,0,1.48177756506228,-1.5461251184201e-05,0.5
0,0,1.48020753399357,-1.82209657965038e-05,0.5
0,0,1.4786873013842,-2.09368138859559e-05,0.5
0,0,1.47721543069469,-2.36087539888387e-05,0.5
0,0,1.47579053238565,-2.62367807967446e-05,0.5
0,0,1.47441126217253,-2.88209229342912e-05,0.5
0,0,1.47307631935154,-3.13612408494406e-05,0.5
0,0,1.47178444519355,-3.3857824810956e-05,0.5
0,0,1.47053442140301,-3.63107930077935e-05,0.5
0,0,1.46932506863922,-3.87202897454767e-05,0.5
0,0,1.46815524509703,-4.1086483734744e-05,0.5
0,0,1.46702384514468,-4.34095664679861e-05,0.5
0,0,1.46592979801603,-4.56897506792073e-05,0.5
0,0,1.46487206655507,-4.79272688834497e-05,0.5
0,0,1.4638496460104,-5.01223719918193e-05,0.5
0,0,1.46286156287749,-5.22753279984343e-05,0.5
0,0,1.46190687378679,-5.43864207357969e-05,0.5
0,0,1.46098466443562,-5.64559486952587e-05,0.5
0,0,1.46009404856214,-5.84842239094073e-05,0.5
0,0,1.45923416695942,-6.04715708933584e-05,0.5
0,0,1.45840418652812,-6.24183256420799e-05,0.5
0,0.00174996502289869,1.45760329936602,-6.43248346810143e-05,0.5
0,0.00470709602800634,1.45948951436876,-6.24541997196376e-05,0.5
0,0.00760736320619194,1.46259644626039,-5.87291045438519e-05,0.5
0,0.0103307244762234,1.46561445710101,-5.50285260121852e-05,0.5
0,0.0130636147482444,1.46940877219279,-5.01563448112498e-05,0.5
0,0.0161174124690934,1.47613609811057,-4.10213449069189e-05,0.5
0,0.0191102468762126,1.48460859158291,-2.91563201848258e-05,0.5
0,0.0215834269767381,1.49233677672747,-1.80740418017521e-05,0.5
0,0.023251590518987,1.50072711412355,-5.73417053875567e-06,0.5
0.0089696083708776,0.0111424330096127,1.5078025368128,7.68888624722214e-06,0.5
0.0257161510674717,0.0219905638164922,1.51362463876961,1.45454152549227e-05,0.5
0.0398500391993713,0,1.52193907041986,3.23944034088786e-05,0.5
0.0182194807867963,0.00890978403361354,1.51093235455453,1.4388188084046e-05,0.5
0.0625014624164043,0.00941823401549037,1.52983212319791,4.2585905969326e-05,0.5
0.0697484872651526,0.00788332720302816,1.53278883142875,4.85013548120471e-05,0.5
0.0779505918323268,0.00747528250552488,1.5360322305893,5.4064793400418e-05,0.5
0.0906999925054408,0.00722031090245585,1.54125056381793,6.27520554276486e-05,0.5
0.101393411334484,0.00640262375836777,1.54563038015413,7.03968687276324e-05,0.5
0.11032999671383,0.00523263005099135,1.549278597816,7.70345660952868e-05,0.5
0.11741876666798,0.00366152864340848,1.55216077340276,8.26279695221185e-05,0.5
0.121574169520267,0.00156535112241273,1.55381488518412,8.64799097815785e-05,0.5
0.120320610245308,0,1.5531883639659,8.70180849266545e-05,0.5
0.108911349385901,0,1.54826021795432,8.12301614969694e-05,0.5
0.10676167328657,0,1.54718059689848,8.07449575546779e-05,0.5
0.101126911667881,0,1.54465489051112,7.82584448658643e-05,0.5
0.0959345175318756,0,1.54227569818521,7.57884426987319e-05,0.5
0.0909052945591353,0,1.53995094501195,7.33262765115833e-05,0.5
0.0860903948511822,0,1.53769749461385,7.08719752549282e-05,0.5
0.0814781410148792,0,1.53551149417721,6.84287955665872e-05,0.5
0.077063173312516,0,1.53339117374581,6.59978882386645e-05,0.5
0.072839307956265,0,1.53133449164765,6.35807227865954e-05,0.5
0.0688006965998297,0,1.52933951701654,6.1178610761257e-05,0.5
0.064941671828435,0,1.52740437875504,5.87927893023825e-05,0.5
0.0612567628012854,0,1.52552727070116,5.64244117918499e-05,0.5
0.0577406847349559,0,1.52370644815121,5.40745538307243e-05,0.5
0.0543883323941055,0,1.52194022570759,5.17442166908167e-05,0.5
0.0511947732911363,0,1.52022697503031,4.94343309684144e-05,0.5
0.0481552412386785,0,1.51856512270531,4.7145760020436e-05,0.5
0.0452651301475676,0,1.51695314819395,4.48793032542385e-05,0.5
0.0425199880741116,0,1.51538958186503,4.26356992681079e-05,0.5
0.0399155115041343,0,1.51387300310509,4.04156288504702e-05,0.5
0.037447539864228,0,1.5124020385039,3.82197178438703e-05,0.5
0.0351120502506966,0,1.51097536011205,3.60485398797438e-05,0.5
0.0329051523671407,0,1.50959168376738,3.39026189896991e-05,0.5
0.0158327284440411,0,1.50824976748779,3.23948735735447e-05,0.5
0.02351310147784,0,1.50667323689229,2.94774923394288e-05,0.5
0.0179864445606693,0,1.50536419886882,2.75023669378886e-05,0.5
0.0160551176768572,0,1.50399985010501,2.52431228918693e-05,0.5
0.00124598435197454,0,1.50269494657262,2.35820661508209e-05,0.5
0.00750332561544775,0,1.50114984688152,2.06669653793599e-05,0.5
0,0,1.49986929836626,1.90689507823281e-05,0.5
0,0,1.49825005793739,1.60321921468372e-05,0.5
0,0,1.49691964217058,1.38269537069148e-05,0.5
0,0,1.49553849031188,1.14077842313985e-05,0.5
0,0,1.4942120749503,9.0473803047997e-06,0.5
0,0,1.49292422616149,7.85224057880963e-06,0.5
0,0,1.49090158518537,3.72511974613779e-06,0.5
0,0,1.48954163386706,1.53337022261621e-06,0.5
0,0,1.4879904433533,-1.21974354134102e-06,0.5
0,0,1.48651793228699,-3.87418119905067e-06,0.5
0,0,1.48508550498546,-6.49563529237518e-06,0.5
0,0,1.48369851010324,-9.07429509458687e-06,0.5
0,0,1.48235512809122,-1.09135139914592e-05,0.5
0,0,1.48063449718656,-1.44541208635566e-05,0.5
0,0,1.479296697387,-1.65963188847217e-05,0.5
0,0,1.47774297193723,-1.96356912063937e-05,0.5
0,0,1.47635837334584,-2.22209229981799e-05,0.5
0,0,1.47497338306976,-2.48847903408757e-05,0.5
0,0,1.47363917652406,-2.66012536518964e-05,0.5
0,0,1.47188201317866,-3.040206348109e-05,0.5
0,0,1.47055024556746,-3.2805667848382e-05,0.5
0,0,1.46911207687696,-3.55918388365379e-05,0.5
0,0,1.46774297672956,-3.82833016092019e-05,0.5
0,0,1.46641408594198,-4.04026385669765e-05,0.5
0,0,1.46485217940602,-4.3737632761131e-05,0.5
0,0,1.46356120104793,-4.55594599093478e-05,0.5
0,0,1.46187805152012,-4.91631652625673e-05,0.5
0,0,1.46053840054403,-5.16891428896598e-05,0.5
0,0,1.45912870164637,-5.44880226879584e-05,0.5
0,0,1.45778297148744,-5.72001657220026e-05,0.5
0,0,1.45647879899663,-5.94634878274416e-05,0.5
0,0,1.45504016419102,-6.259377487115e-05,0.5
0,0,1.45379411967454,-6.41177277415909e-05,0.5
0,0,1.45209761862554,-6.79972545029711e-05,0.5
0,0,1.45081832375905,-7.03995880975194e-05,0.5
0,0,1.44943395432099,-7.32031676364228e-05,0.5
0,0,1.44812109184243,-7.59010674887054e-05,0.5
0,0,1.44684841498252,-7.85541262007683e-05,0.5
0,0,1.44561992966368,-8.09372328791542e-05,0.5
0,0,1.44432188460266,-8.37747770457877e-05,0.5
0,0,1.44315818586969,-8.51200434443297e-05,0.5
0,0,1.44141826226895,-8.91372074828433e-05,0.5
0,0,1.44020742834242,-9.14266759411602e-05,0.5
0,0,1.43884807616325,-9.41985305153464e-05,0.5
0,0,1.43756592167075,-9.6855472766801e-05,0.5
0,0,1.43632322046102,-9.9467860619407e-05,0.5
0,0,1.43512513767109,-0.000101630872279814,0.5
0,0,1.43379580293345,-0.000104627835288929,0.5
0,0,1.43265529352626,-0.000106125248700783,0.5
0,0,1.43110558685559,-0.000109740099991525,0.5
0,0,1.42993904709998,-0.00011202232016786,0.5
0,0,1.42867895381401,-0.000114659453689938,0.5
0,0,1.4274873382574,-0.000117193797492631,0.5
0,0,1.42633492294821,-0.000119537926691944,0.5
0,0,1.42516196395775,-0.000122149894678656,0.5
0,0,1.42408395392894,-0.000123245835640604,0.5
0,0,1.42246915921548,-0.000127169221048648,0.5
0,0,1.42136933492261,-0.000129252856949899,0.5
0,0,1.42011880474216,-0.00013185880514263,0.5
0,0.00318553877802423,1.41894744817602,-0.00013434119755584,0.5
0,0.00724439529095894,1.42014296038384,-0.000133554521840386,0.5
0,0.0110297876736849,1.42083761993104,-0.000133355774267729,0.5
0,0.0149234855105043,1.42207323060828,-0.000132413254772484,0.5
0,0.0170740700791905,1.42620093753831,-0.000127267841461866,0.5
0,0.0224284727462102,1.43402729070766,-0.000117020794212422,0.5
0,0.025445628312461,1.44028922783497,-0.000108547043978811,0.5
0,0,1.4486972913834,-8.83235945581805e-05,0.5
0,0.0187614153180486,1.43774460629723,-0.000110024675800256,0.5
0,0,1.45927680175449,-7.35949183197362e-05,0.5
0,0.00931625066804744,1.44366177897102,-9.84917191416371e-05,0.5
0,0.0119549309947885,1.46497901729987,-6.84568208372426e-05,0.5
0,0.0106031427833287,1.46980228375941,-6.02835658236615e-05,0.5
0,0.0091239741392693,1.47769246129716,-4.81431226496071e-05,0.5
0,0.0142001386328513,1.48615573569453,-3.63771736745868e-05,0.5
0,0.00559816221972308,1.49363842535791,-2.28065657619905e-05,0.5
0,0.0116797178812962,1.4960991484529,-1.98881145591545e-05,0.5
0,0.0101765170456186,1.50808933537322,-1.2480212597695e-06,0.5
0,0.0112548752775814,1.51374886404161,7.86735645431261e-06,0.5
0.00247517215874989,0.0107497062376043,1.52203456310871,2.11008053269504e-05,0.5
0.0141157059235163,0.010403709694842,1.52693907364574,2.95052029590011e-05,0.5
0.0293907661371517,0.00981648944631765,1.53345366979394,4.0321211059275e-05,0.5
0.0475058533343429,0.00941014381073384,1.54119275907397,5.30832062546346e-05,0.5
0.0613540062317901,0.0081181623019867,1.54715981467522,6.34970832412214e-05,0.5
0.0733119515591793,0.00640823236008496,1.55234304632807,7.28357112732597e-05,0.5
0.0823019287511383,0.00405482672209218,1.55629543626593,8.04929164294901e-05,0.5
0.0859034071809729,0.000770158437809336,1.55798783918489,8.49124916534207e-05,0.5
0.0765778769500659,0,1.55422977021036,8.13837263925082e-05,0.5
0.0648389773045081,0,1.5493957657374,7.60221117653228e-05,0.5
0.0590378782102326,0,1.54703207434665,7.40991724931149e-05,0.5
0.0503563062443929,0,1.54345102351912,7.03691380722355e-05,0.5
0.0421718461116639,0,1.54003482195531,6.66767943128039e-05,0.5
0.0342607207066885,0,1.53670963770387,6.30046540350348e-05,0.5
0.0266632775546258,0,1.53348877514753,5.93564493665964e-05,0.5
0.0193652981931828,0,1.53036753996281,5.57352355397173e-05,0.5
0.0123580076837298,0,1.52734303307408,5.21425299543913e-05,0.5
0.00563206108037911,0,1.52441216754699,4.85800331611802e-05,0.5
0,0,1.52157200252525,4.50492649649818e-05,0.5
0,0,1.51881969647738,4.15516362101613e-05,0.5
0,0,1.51615250995211,3.8088443474626e-05,0.5
0,0,1.51356780057935,3.46608769113103e-05,0.5
0,0,1.51106301937606,3.12700256797555e-05,0.5
0,0,1.508635707037,2.79168834415878e-05,0.5
0,0,1.50628349040977,2.46023535331925e-05,0.5
0,0,1.50400407911588,2.13272538906288e-05,0.5
0,0,1.50179526231602,1.80923217294466e-05,0.5
0,0,1.49965490561224,1.48982179927913e-05,0.5
0,0,1.49758094808108,1.17455315788481e-05,0.5
0,0,1.49557139943177,8.63478335839545e-06,0.5
0,0,1.49362433728377,5.56642999267263e-06,0.5
0,0,1.49173790455856,2.54086756126674e-06,0.5
0,0,1.48991030698043,-4.41564990746032e-07,0.5
0,0,1.48813981068141,-3.38058257762495e-06,0.5
0,0,1.48642473990586,-6.2759508614031e-06,0.5
0,0,1.48476347481022,-9.12748329599498e-06,0.5
0,0,1.4831544493537,-1.19350383194168e-05,0.5
0,0,1.481596149276,-1.46985166869309e-05,0.5
0,0,1.48008711015818,-1.74178589382752e-05,0.5
0,0,1.47862591556298,-2.00930429924725e-05,0.5
0,0,1.47721119525125,-2.27240818640293e-05,0.5
0,0,1.47584162347107,-2.53110214946349e-05,0.5
0,0,1.47451591731642,-2.78539386947577e-05,0.5
0,0,1.47323283515238,-3.03529391898071e-05,0.5
0,0,1.47199117510398,-3.28081557657869e-05,0.5
0,0,1.47078977360601,-3.52197465096127e-05,0.5
0,0,1.46962750401098,-3.75878931395003e-05,0.5
0,0,1.46850327525299,-3.99127994210502e-05,0.5
0,0,1.46741603056483,-4.21946896648704e-05,0.5
0,0,1.46636474624634,-4.44338073017752e-05,0.5
0,0,1.46534843048146,-4.66304135317923e-05,0.5
0,0,1.46436612220232,-4.87847860433905e-05,0.5
0,0,1.46341688999801,-5.08972177995131e-05,0.5
0,0,1.46249983106633,-5.25285999945734e-05,0.5
0,0,1.46131747817874,-5.52344402332437e-05,0.5
0,0,1.46040477297,-5.65490868042676e-05,0.5
0,0,1.45900135182819,-5.96696158633291e-05,0.5
0,0,1.45799232445622,-6.1682860694011e-05,0.5
0,0,1.45687797971189,-6.40074226869563e-05,0.5
0,0,1.45582417040389,-6.60708254535175e-05,0.5
0,0,1.45468672059455,-6.8529127151314e-05,0.5
0,0,1.45367791792751,-6.98597882555067e-05,0.5
0,0,1.45212279844133,-7.32749734848779e-05,0.5
0,0,1.45105027903141,-7.51027849421634e-05,0.5
0,0,1.44969027741118,-7.78858030507575e-05,0.5
0,0,1.44852175140879,-8.02074145686678e-05,0.5
0,0,1.44734152670495,-8.25601178276519e-05,0.5
0,0,1.44617751635669,-8.47072688971259e-05,0.5
0,0,1.44489958492455,-8.73970769206981e-05,0.5
0,0,1.44379569745413,-8.91896997735334e-05,0.5
0,0,1.44237387797112,-9.21953780763758e-05,0.5
0,0,1.44124580515049,-9.40153142037195e-05,0.5
0,0,1.43979015115323,-9.70309115027518e-05,0.5
0,0,1.43861156347082,-9.90377281352143e-05,0.5
0,0,1.43719279985428,-0.000101929842978881,0.5
0,0,1.43598888385024,-0.000103990313947439,0.5
0,0.00340983848597365,1.43456497616223,-0.000106893368932846,0.5
0,0.00135836203341243,1.44188283694879,-9.70161406523465e-05,0.5
0,0.00677064459008214,1.43948446631035,-0.000100876063057025,0.5
0,0.0099759495899083,1.44833830775764,-8.91570030252237e-05,0.5
0,0.0128408704135981,1.45604218813055,-7.8444121737488e-05,0.5
0,0.0158081880436905,1.46422251852517,-6.70242941184619e-05,0.5
0,0.00546050914006924,1.47193471933908,-5.30092991374914e-05,0.5
0,0.0155342155237915,1.47448822299928,-5.1268111760452e-05,0.5
0,0,1.48568164300592,-2.9683160469689e-05,0.5
0,0.00592193077266473,1.47282580764039,-5.06796543043331e-05,0.5
0,0.00693271976169136,1.49171200941949,-2.31503028376745e-05,0.5
0,0.00595336556233686,1.49338769009773,-1.95604657583976e-05,0.5
0,0.0070526969570163,1.4983117301735,-1.21625204978861e-05,0.5
0,0.00786880805231658,1.50505211639973,-1.76166594325933e-06,0.5
0,0.00831140023897032,1.51143460636967,8.2895022651648e-06,0.5
0.00281930279008685,0.00855324617052748,1.51787832264213,1.85499763254862e-05,0.5
0.01814352136345,0.00852564260818575,1.52435533419487,2.9013775508062e-05,0.5
0.0329459467011221,0.00817435992339596,1.53063808806573,3.93474731394315e-05,0.5
0.0467694419522989,0.00745432878240371,1.53653129186609,4.92567852145895e-05,0.5
0.0590419654600646,0.00630235296001755,1.54179126345773,5.83737837986847e-05,0.5
0.0689472740587079,0.00462833952057988,1.5460702187343,6.61705388358426e-05,0.5
0.0751552543295253,0.00228220960397761,1.54880177376136,7.17904313673678e-05,0.5
0.0746434614367649,0,1.54870160028257,7.33190005975843e-05,0.5
0.0569109466023908,0,1.54131638487018,6.42143183431551e-05,0.5
0.0541209040678018,0,1.54014146388705,6.36911224384477e-05,0.5
0.0458377791568875,0,1.53669415712627,6.00510233914986e-05,0.5
0.0382292692399586,0,1.53347026606293,5.64645230897341e-05,0.5
0.0308381512820563,0,1.53031894085361,5.29002630434342e-05,0.5
0.0237489955065006,0,1.52726807389288,4.93606568569688e-05,0.5
0.0169436959795943,0,1.52431168903951,4.5849872159901e-05,0.5
0.0104147373979213,0,1.52144730302546,4.23689756006793e-05,0.5
0.00415316862004957,0,1.51867195894061,3.89195523569224e-05,0.5
0,0,1.51598287611577,3.5502958888313e-05,0.5
0,0,1.51337736142731,3.21204612801816e-05,0.5
0,0,1.5108528189763,2.87732179848708e-05,0.5
0,0,1.50840674435828,2.54622890792186e-05,0.5
0,0,1.5060367213478,2.21886410161769e-05,0.5
0,0,1.50374041838264,1.89531518003546e-05,0.5
0,0,1.5015155852493,1.57566158053026e-05,0.5
0,0,1.49936004990121,1.25997483680965e-05,0.5
0,0,1.49727171541325,9.48319015341485e-06,0.5
0,0,1.49524855706466,6.40751130122834e-06,0.5
0,0,1.49328861954519,3.37321536819048e-06,0.5
0,0,1.49139001427863,3.80743072846663e-07,0.5
0,0,1.48955091685869,-2.56952414580008e-06,0.5
0,0,1.48776956459209,-5.4772607472822e-06,0.5
0,0,1.48604425414418,-8.34219387758266e-06,0.5
0,0,1.48437333928253,-1.11641003177566e-05,0.5
0,0,1.4827552287141,-1.39428035854463e-05,0.5
0,0,1.48118838401192,-1.66781711818575e-05,0.5
0,0,1.47967131762732,-1.93701119771281e-05,0.5
0,0,1.47820259098389,-2.20185737273635e-05,0.5
0,0,1.47678081264977,-2.46235407169425e-05,0.5
0,0,1.47540463658452,-2.7185031520008e-05,0.5
0,0,1.47407276045769,-2.97030968753508e-05,0.5
0,0,1.47278392403568,-3.217781766918e-05,0.5
0,0,1.47153690763403,-3.46093030205375e-05,0.5
0,0,1.47033053063234,-3.69976884643697e-05,0.5
0,0,1.46916365004905,-3.93431342275121e-05,0.5
0,0,1.46803515917351,-4.16458235930697e-05,0.5
0,0,1.46694398625288,-4.39059613488987e-05,0.5
0,0,1.46588909323154,-4.61237723160977e-05,0.5
0,0,1.46486947454065,-4.82994999536203e-05,0.5
0,0,1.46388415593591,-5.04334050353031e-05,0.5
0,0,1.46293219338119,-5.25257643957856e-05,0.5
0,0,1.4620126719764,-5.45768697419686e-05,0.5
0,0,1.46112470492744,-5.65870265268162e-05,0.5
0,0,1.46026743255659,-5.85565528824645e-05,0.5
0,0,1.45944002135168,-6.04857786097439e-05,0.5
0,0,1.45864166305221,-6.23750442213613e-05,0.5
0,0.00023798158266286,1.45787157377108,-6.4224700036123e-05,0.5
0,0.00305580402659354,1.45843582406984,-6.42039191850749e-05,0.5
0,0.0061692881086754,1.46143643621403,-6.0702566198105e-05,0.5
0,0.00898674536084723,1.46425692247751,-5.73061055089378e-05,0.5
0,0.0118497678916274,1.46779934085403,-5.28415759674416e-05,0.5
0,0.014587515506299,1.47193157968591,-4.74166597038415e-05,0.5
0,0.0171774120438827,1.47647526691714,-4.12840084952251e-05,0.5
0,0.0201812871398472,1.48418809377849,-3.05689529555864e-05,0.5
0,0.023111000192386,1.49363236194051,-1.7107474619559e-05,0.5
0.00957406486069137,0.0110494815892701,1.50031074386203,-4.32106166203319e-06,0.5
0.031849614361365,0.0229337802246185,1.50844177887736,5.515388753814e-06,0.5
0.0418829840982156,0,1.51516918528933,2.14602721554228e-05,0.5
0.0226925410789317,0.0100963167238727,1.50500039810192,4.17972630633476e-06,0.5
0.0716886108552842,0.0082361942645061,1.52620417057537,3.6061107599642e-05,0.5
0.0779752723756172,0.0086487404434229,1.52854463259763,4.06942027825121e-05,0.5
0.0974550952839968,0.00945274629859764,1.53659195004845,5.30802378014638e-05,0.5
0.115999271126425,0.00912231871659728,1.54435667624046,6.57114745411166e-05,0.5
0.133785275151211,0.00974142931210789,1.55169388607954,7.76098384121728e-05,0.5
0.150982740328282,0.0075833069481498,1.55906089520173,9.01680674520303e-05,0.5
0.166213906480725,0.00134069071301552,1.56599037801154,0.000102844131281043,0.5
0.16025430208065,0.00124179255369394,1.56303306296233,9.97579188741621e-05,0.5
0.169191558040714,0,1.56686630140786,0.0001070700563485,0.5
0.15206352080721,0,1.5596525123219,9.85136199136863e-05,0.5
0.150826917294537,0,1.55899630824981,9.88083076871801e-05,0.5
0.144370823084533,0,1.55620302360267,9.62723114772483e-05,0.5
0.138510244116969,0,1.55360674458877,9.3749493286618e-05,0.5
0.132806247995127,0,1.55106272463735,9.12311040245877e-05,0.5
0.127337936668319,0,1.54859704238431,8.87150818695395e-05,0.5
0.122090079973451,0,1.54620467332624,8.62059846509198e-05,0.5
0.117057188092548,0,1.54388380443705,8.37050398539211e-05,0.5
0.112232426714589,0,1.54163217926321,8.12140144389682e-05,0.5
0.107609388773238,0,1.53944768248733,7.87344666604384e-05,0.5
0.103181858288029,0,1.5373282619191,7.62678749312121e-05,0.5
0.0989438376391353,0,1.5352719375057,7.38156215974e-05,0.5
0.0948895344850603,0,1.53327679700624,7.13790005338891e-05,0.5
0.091013354757418,0,1.53134099367549,6.89592208936614e-05,0.5
0.0873098950859072,0,1.52946274375911,6.6557411241801e-05,0.5
0.0837739356519044,0,1.52764032413078,6.41746234218848e-05,0.5
0.0804004333095288,0,1.52587207001782,6.18118362619735e-05,0.5
0.0771845149847032,0,1.52415637281873,5.94699591126812e-05,0.5
0.0623061431618544,0,1.52249167800785,5.76325587453222e-05,0.5
0.066426254331489,0,1.52046512955474,5.44229766459708e-05,0.5
0.0446417651034211,0,1.51881225958769,5.27984758629672e-05,0.5
0.0512301248185214,0,1.51657987409726,4.90776699219817e-05,0.5
0.0443903583876434,0,1.51481966872542,4.65930681404674e-05,0.5
0.0407966213423011,0,1.5129597820195,4.37626585216299e-05,0.5
0.0374210592645202,0,1.51117419403256,4.09991017532294e-05,0.5
0.0332808896440616,0,1.50943878848886,3.83022244211341e-05,0.5
0.0180120149029264,0,1.50773032523705,3.60628271301608e-05,0.5
0.0227330994727327,0,1.50573493049101,3.25380057550487e-05,0.5
0,0,1.50406960595201,3.08930633821937e-05,0.5
0.00459313945272119,0,1.50167734852537,2.64200093689421e-05,0.5
0,0,1.49989204335831,2.36757171926015e-05,0.5
0,0,1.49795575938131,2.04433373418561e-05,0.5
0,0,1.49610553766463,1.73082361867666e-05,0.5
0,0,1.49430687787607,1.42119097643331e-05,0.5
0,0,1.49256398923535,1.11632936981931e-05,0.5
0,0,1.49087479360533,8.56263571435452e-06,0.5
0,0,1.48896472508063,4.95932710496722e-06,0.5
0,0,1.48732582293878,2.99081575406146e-06,0.5
0,0,1.48503205756926,-1.53363335606473e-06,0.5
0,0,1.48330537110103,-4.45051335071353e-06,0.5
0,0,1.4814405761434,-7.80735472103894e-06,0.5
0,0,1.47965982406149,-1.10603742803121e-05,0.5
0,0,1.47793007709094,-1.42660414204167e-05,0.5
0,0,1.4762553317768,-1.70073143319696e-05,0.5
0,0,1.47435638369684,-2.07528640385056e-05,0.5
0,0,1.47273347290174,-2.28219617595665e-05,0.5
0,0,1.4704388567164,-2.74872797363708e-05,0.5
0,0,1.46872718249767,-3.05078130579585e-05,0.5
0,0,1.46687178865813,-3.39732691628237e-05,0.5
0,0,1.46510302315957,-3.73257286009859e-05,0.5
0,0,1.4633860614277,-4.06251433698769e-05,0.5
0,0,1.46172518695122,-4.35625019663171e-05,0.5
0,0,1.45989260209739,-4.72341886295239e-05,0.5
0,0,1.45829454833107,-4.9336284289973e-05,0.5
0,0,1.45593128656731,-5.41745011501782e-05,0.5
0,0,1.45423608190761,-5.72347010445687e-05,0.5
0,0,1.45236751692384,-6.07783076925937e-05,0.5
0,0,1.45059102189014,-6.41996182752429e-05,0.5
0,0,1.4488675436808,-6.756374363178e-05,0.5
0,0,1.44720208659346,-7.02066828264907e-05,0.5
0,0,1.44515229790298,-7.44403989913885e-05,0.5
0,0,1.44351598781442,-7.70156866632348e-05,0.5
0,0,1.44148291285381,-8.11579090969612e-05,0.5
0,0,1.43978731470874,-8.43692173707333e-05,0.5
0,0,1.43804462416849,-8.7785603526145e-05,0.5
0,0,1.43637677127322,-9.10189304783879e-05,0.5
0,0,1.43471308363853,-9.42674580438264e-05,0.5
0,0,1.43307172291918,-9.73637503580624e-05,0.5
0,0,1.43137663667873,-0.000100866945619138,0.5
0,0,1.42984070080847,-0.000102902839813346,0.5
0,0,1.42768452771156,-0.000107547626301345,0.5
0,0,1.42610852498899,-0.000110434639203332,0.5
0,0,1.42435881215654,-0.000113887269229329,0.5
0,0,1.42272140303501,-0.000117143990382078,0.5
0,0,1.42112781518458,-0.000120162434080645,0.5
0,0,1.41947427061091,-0.000123588780468277,0.5
0,0,1.41797358553316,-0.000125753972675429,0.5
0,0,1.41596440459013,-0.000130069010183058,0.5
0,0,1.41444999466458,-0.000132715667141163,0.5
0,0,1.41268138910854,-0.000136291967936993,0.5
0,0,1.41111258400442,-0.00013939166845255,0.5
0,0,1.40955114567334,-0.000142464112705072,0.5
0,0,1.40800577008754,-0.000145494450029597,0.5
0,0,1.40646368444956,-0.000148551679204942,0.5
0,0,1.40494843506929,-0.000151347650780899,0.5
0,0,1.40332571422786,-0.000154750830189043,0.5
0,0,1.40190341640968,-0.000156608263886192,0.5
0,0,1.39987297455901,-0.000160956105774505,0.5
0,0,1.39840474974691,-0.000163683871438177,0.5
0,0,1.39679292501222,-0.000166852371536344,0.5
0,0,1.3952738410157,-0.000169888077049114,0.5
0,0,1.39380615586858,-0.000172677120434742,0.5
0,0.00616817909556077,1.39226986111951,-0.000175854452193507,0.5
0,0.00267110037980226,1.39565860502335,-0.000171556295873651,0.5
0,0.012274828726217,1.39351811542048,-0.000175518723056689,0.5
0,0.0135185798503856,1.39992433116105,-0.00016733322644475,0.5
0,0.0191855341526628,1.40652628386023,-0.000158776917049538,0.5
0,0.0229957200343357,1.41643520181024,-0.000145462340987053,0.5
0,0.0256372256048776,1.42494518822974,-0.000133499778421475,0.5
0,0.0241308875091568,1.43317479206668,-0.000120794235360015,0.5
0,0.0275205246189829,1.44196159743813,-0.000108540274123894,0.5
0,0.022230628702174,1.45006344836812,-9.48729722947612e-05,0.5
0,0.0186007042245165,1.45818940118787,-8.16640595796236e-05,0.5
0,0.0224539516290723,1.46668138569813,-6.96492094045423e-05,0.5
0,0.000945383828430802,1.47341215981413,-5.39616552232217e-05,0.5
0,0.01418505606684,1.46630794800572,-6.69434741871585e-05,0.5
0,0.0106718540042971,1.48557330054626,-3.74580625269546e-05,0.5
0,0.0113377688729465,1.48765964897804,-3.35091074909067e-05,0.5
0,0.0117565216194538,1.49570161291188,-2.11464832056033e-05,0.5
0,0.00766830891879557,1.50374772536971,-7.4908774689206e-06,0.5
0,0.00960919652509082,1.50802446271047,-6.97299991729368e-07,0.5
0,0,1.51665185758977,1.69977849817906e-05,0.5
0,0,1.50167117800864,-5.69795961982771e-06,0.5
0,0,1.502881200005,-2.39001433874982e-06,0.5
0,0,1.49887864744158,-6.99171752643845e-06,0.5
0,0,1.49529014962144,-1.1361289993739e-05,0.5
0,0,1.491756650366,-1.57065227269971e-05,0.5
0,0,1.48834493949834,-2.00017757859729e-05,0.5
0,0,1.4850445195645,-2.42425002848158e-05,0.5
0,0,1.481852914588,-2.84285260721448e-05,0.5
0,0,1.4787664543913,-3.25587086710175e-05,0.5
0,0,1.47578176937442,-3.66322452902578e-05,0.5
0,0,1.47289558697892,-4.06483983308803e-05,0.5
0,0,1.47010475862481,-4.4606538521426e-05,0.5
0,0,1.46740625001931,-4.85061302198611e-05,0.5
0,0,1.46479713717659,-5.23467268457456e-05,0.5
0,0,1.46227460176895,-5.61279649892455e-05,0.5
0,0,1.45983592681929,-5.98495591024911e-05,0.5
0,0,1.45747849256617,-6.35112964445076e-05,0.5
0,0,1.45519977251745,-6.71130323146643e-05,0.5
0,0,1.45299732967959,-7.06546855512507e-05,0.5
0,0,1.4508688129549,-7.41362342821144e-05,0.5
0,0,1.44881195369859,-7.75577119135472e-05,0.5
0,0,1.44682456242792,-8.09192033445832e-05,0.5
0,0,1.44490452567633,-8.42208413945329e-05,0.5
0,0,1.44304980298572,-8.74628034322389e-05,0.5
0,0,1.44125842403016,-9.06453081961614e-05,0.5
0,0,1.43952848586505,-9.37686127949886e-05,0.5
0,0,1.43785815029572,-9.68330098790222e-05,0.5
0,0.000321681221544863,1.4362456413599,-9.9838824973114e-05,0.5
0,0.00360933953371506,1.43956127273698,-9.59419088707034e-05,0.5
0,0.00749724184307579,1.4508001356733,-8.06953444119392e-05,0.5
0,0,1.45808828164217,-6.77750021811356e-05,0.5
0,0.00596785045326536,1.44584014177839,-8.7242737089684e-05,0.5
0,0.00726580902769042,1.46886394622108,-5.43240759024376e-05,0.5
0,0,1.47189247949379,-4.73190513514408e-05,0.5
0,0.00436445794820997,1.46025528823851,-6.55334784186216e-05,0.5
0,0.00802801424562943,1.48111894183391,-3.59492663338638e-05,0.5
0,0,1.48505346943186,-2.60501761757953e-05,0.5
0,0.000827643072288341,1.47287675958979,-4.56267081185296e-05,0.5
0,0.00120814338836723,1.48323131175859,-3.03706057430679e-05,0.5
0,0.000898292741363769,1.48533306677866,-2.67470020163357e-05,0.5
0,0.00123281805609891,1.48639063282393,-2.49922331016497e-05,0.5
0,0.00206861674558829,1.49048813573681,-1.88219633140072e-05,0.5
0,0.00293000022563416,1.49621493960564,-1.01528525870348e-05,0.5
0,0.0034228213627188,1.50146068940225,-2.02208544992501e-06,0.5
0,0.00396017790304765,1.50756977796889,7.43245056239763e-06,0.5
0,0.00473011091158481,1.51567457734485,1.9918561172981e-05,0.5
0,0.00367078887907873,1.52338452205372,3.23544206166361e-05,0.5
0.00605795811558884,0.00390715090580514,1.52862962439524,4.09378704956015e-05,0.5
0.0236633179541506,0.00346218176804709,1.53614648318289,5.30954791050178e-05,0.5
0.0361136054562515,0.00219782199351593,1.54149783518577,6.23330216184605e-05,0.5
0.0417832244390145,0,1.54399250810591,6.74573735153193e-05,0.5
0.018040615219949,0,1.53406742474241,5.45607144985502e-05,0.5
0.0182891803830701,0,1.53413020316172,5.55566829262387e-05,0.5
0.00994182195642181,0,1.53065439481584,5.17840184652518e-05,0.5
0.00247711511937965,0,1.52747066629557,4.80892768462389e-05,0.5
0,0,1.52434330629216,4.44199811205695e-05,0.5
0,0,1.52131719805829,4.07787261287721e-05,0.5
0,0,1.51838476335844,3.71708635236273e-05,0.5
0,0,1.5155438329429,3.35970057247047e-05,0.5
0,0,1.51279143949108,3.0058643094284e-05,0.5
0,0,1.51012483210312,2.65569793460554e-05,0.5
0,0,1.50754133963127,2.30931441062602e-05,0.5
0,0,1.50503838810295,1.96681624386548e-05,0.5
0,0,1.50261349391742,1.62829660056541e-05,0.5
0,0,1.50026426074517,1.29383973176335e-05,0.5
0,0,1.49798837602221,9.6352148054023e-06,0.5
0,0,1.49578360767513,6.37409747814138e-06,0.5
0,0,1.49364780097286,3.15564937342204e-06,0.5
0,0,1.49157887551422,-1.95962199515984e-08,0.5
0,0,1.48957482234273,-3.15117275054793e-06,0.5
0,0,1.48763370118345,-6.2386765946874e-06,0.5
0,0,1.4857536377961,-9.28176343857601e-06,0.5
0,0,1.48393282143953,-1.22801448427962e-05,0.5
0,0,1.48216950244235,-1.52335849802018e-05,0.5
0,0,1.48046198987508,-1.81418975387105e-05,0.5
0,0,1.47880864931926,-2.10049427809024e-05,0.5
0,0,1.47720790072934,-2.38226247527365e-05,0.5
0,0,1.47565821638297,-2.65948886340723e-05,0.5
0,0,1.47415811891612,-2.93217182240421e-05,0.5
0,0,1.47270617943904,-3.20031335546657e-05,0.5
0,0,1.4713010157296,-3.46391886264182e-05,0.5
0,0,1.46994129050065,-3.72299692597744e-05,0.5
0,0,1.46862570973801,-3.97755910570431e-05,0.5
0,0,1.46735302110627,-4.22761974690842e-05,0.5
0,0,1.46612201241913,-4.47319579617676e-05,0.5
0,0,1.46493151017173,-4.71430662772803e-05,0.5
0,0,1.46378037813215,-4.95097387856312e-05,0.5
0,0,1.46266751598954,-5.18322129219285e-05,0.5
0,0,1.4615918580565,-5.4110745705219e-05,0.5
0,0,1.46055237202325,-5.63456123348875e-05,0.5
0,0,1.45954805776153,-5.85371048608051e-05,0.5
0,0,1.45857794617593,-6.06855309236046e-05,0.5
0,0,1.45764109810076,-6.27912125616352e-05,0.5
0,0,1.45673660324042,-6.48544850813176e-05,0.5
0,0,1.45586357915152,-6.68756959877779e-05,0.5
0,0.00080581652905797,1.45502117026485,-6.88552039727944e-05,0.5
0,0.00445153664224503,1.46081340322236,-6.15100504252122e-05,0.5
0,0.00817825743674281,1.47072494388567,-4.80172967404351e-05,0.5
0,0.00302937209741791,1.47838138457764,-3.55515536344603e-05,0.5
0,0.0102778147583831,1.4806063571586,-3.37839983867249e-05,0.5
0,0,1.4921164079887,-1.35230471178901e-05,0.5
0,0.00435202894504423,1.4806486778657,-3.20197908247107e-05,0.5
0,0.00674412851309543,1.49918712927629,-5.4669775893007e-06,0.5
0,0,1.50472042395275,4.974715079704e-06,0.5
0,0.00178862544876066,1.49332276164574,-1.20182390604794e-05,0.5
0,0.00447185189875504,1.5062019664862,6.45293508706131e-06,0.5
0.0135741316124412,0.00510631047354269,1.51303623344793,1.71421473495161e-05,0.5
0.0290024649215765,0.00616889073044896,1.51929592027628,2.67394920965282e-05,0.5
0.0492850169705107,0.00743073184906509,1.52765868365945,3.95725395219745e-05,0.5
0.0651842660792175,0.00243305747971618,1.53475214300353,5.18990455462984e-05,0.5
0.067594721953913,0.00441236492070248,1.5352376699566,5.31011106084534e-05,0.5
0.0905396796324087,0.00452541483858481,1.5448817183512,6.82382679626114e-05,0.5
0.102694830089104,0.00347537187003294,1.54994043220589,7.71390448131087e-05,0.5
0.111985393270917,0.00214474812686423,1.55377291893665,8.4134803581842e-05,0.5
0.117113099015991,0,1.55587101795688,8.87248343568984e-05,0.5
0.0989454823133734,0,1.54815040747266,7.90950518882504e-05,0.5
0.0994220134732733,0,1.54818030882215,8.01782700089433e-05,0.5
0.093195971093522,0,1.54545341595389,7.75668474099736e-05,0.5
0.0876376530463148,0,1.54294738778428,7.49825380881987e-05,0.5
0.0822088332306328,0,1.54048472109695,7.24066787400354e-05,0.5
0.0770118120765718,0,1.5380991458358,6.98376048046296e-05,0.5
0.0720296058060421,0,1.53578505939264,6.72802151783034e-05,0.5
0.0672572668866955,0,1.53354082749857,6.47354318621236e-05,0.5
0.0626880881858134,0,1.53136423552492,6.22048686818055e-05,0.5
0.0583158324495648,0,1.52925322406252,5.96899120203657e-05,0.5
0.0541344396149831,0,1.52720579223888,5.71918787916117e-05,0.5
0.0501380634880273,0,1.52522000983602,5.47119948516021e-05,0.5
0.0463210575773493,0,1.52329401260657,5.22514031955656e-05,0.5
0.0426779684769341,0,1.5214260000855,4.98111673950212e-05,0.5
0.0392035284413208,0,1.5196142331351,4.73922755741685e-05,0.5
0.0358926484178999,0,1.51785703164107,4.49956441016065e-05,0.5
0.0327404113358931,0,1.51615277229356,4.26221211305551e-05,0.5
0.0297420656687724,0,1.51449988645877,4.02724899758291e-05,0.5
0.0268930192544696,0,1.51289685813569,3.79474723376588e-05,0.5
0.0241888333631462,0,1.51134222199492,3.56477313787904e-05,0.5
0.0216252170020235,0,1.50983456149579,3.33738746614949e-05,0.5
0.0191980214473365,0,1.50837250707873,3.11264569507442e-05,0.5
0.0169032349938952,0,1.50695473442953,2.89059828895397e-05,0.5
0.0147369779131499,0,1.50557996281265,2.67129095521092e-05,0.5
0.0126954976110545,0,1.50424695347063,2.45476488804311e-05,0.5
0.0107751639773994,0,1.50295450808683,2.24105700092989e-05,0.5
0.00897246491864535,0,1.50170146730881,2.03020014849043e-05,0.5
0,0,1.50048670933003,1.85343410493849e-05,0.5
0.00269622827217079,0,1.49907088003863,1.59449932824026e-05,0.5
0,0,1.49788088533413,1.53243767565809e-05,0.5
0,0,1.49559098678137,1.07617482127795e-05,0.5
0,0,1.49419983363077,8.68857803199877e-06,0.5
0,0,1.49253503380947,5.87750867154492e-06,0.5
0,0,1.4909607393658,3.17637965898329e-06,0.5
0,0,1.48942767979999,5.04496955782995e-07,0.5
0,0,1.48794303656999,-2.12604342807789e-06,0.5
0,0,1.48650473070506,-4.7154525104087e-06,0.5
0,0,1.48511154845082,-7.2636667386949e-06,0.5
0,0,1.48376219368577,-9.09292540203988e-06,0.5
0,0,1.48199387110161,-1.26415258275067e-05,0.5
0,0,1.48063912914803,-1.49481857421244e-05,0.5
0,0,1.47913714357807,-1.77612493336823e-05,0.5
0,0,1.47774041260223,-2.0314467344629e-05,0.5
0,0,1.47633007792504,-2.2817556306704e-05,0.5
0,0,1.47486236738963,-2.56905437872136e-05,0.5
0,0,1.47353432095156,-2.65876802946649e-05,0.5
0,0,1.47097155113806,-3.19018729603583e-05,0.5
0,0,1.4694533189457,-3.43504870679285e-05,0.5
0,0,1.46761131766312,-3.76454472319001e-05,0.5
0,0,1.46587694054609,-4.07976796649088e-05,0.5
0,0,1.46418941493552,-4.3908769816313e-05,0.5
0,0,1.46255773672428,-4.69636456352189e-05,0.5
0,0,1.46097942111166,-4.99630728248517e-05,0.5
0,0,1.45945306496552,-5.29073173986563e-05,0.5
0,0,1.45797715806629,-5.55403724155415e-05,0.5
0,0,1.45637727444114,-5.87707735224926e-05,0.5
0,0,1.45496534861404,-6.07439325821183e-05,0.5
0,0,1.45301718498276,-6.47901463280456e-05,0.5
0,0,1.45155511991917,-6.73239378491417e-05,0.5
0,0,1.44986553180689,-7.06318202106095e-05,0.5
0,0,1.44834254420543,-7.35707513131164e-05,0.5
0,0,1.44683216332098,-7.63208454415429e-05,0.5
0,0,1.44524478982394,-7.95490099578533e-05,0.5
0,0,1.44381574862544,-8.15484538658623e-05,0.5
0,0,1.44190185298815,-8.56069926112014e-05,0.5
0,0,1.4404478753616,-8.81179210676649e-05,0.5
0,0,1.43879916539975,-9.14289821529439e-05,0.5
0,0,1.43730140757656,-9.43521834644942e-05,0.5
0,0,1.43582118444056,-9.71662175718931e-05,0.5
0,0,1.43433277927343,-0.000100242327791911,0.5
0,0,1.43294865421442,-0.000102162731203187,0.5
0,0,1.43119897605995,-0.000106090748760958,0.5
0,0,1.42983416796733,-0.000108426062946535,0.5
0,0,1.42826754624821,-0.000111695178753681,0.5
0,0,1.42687287841399,-0.000114485525628999,0.5
0,0,1.42548416467732,-0.000117343283577234,0.5
0,0,1.42415250005101,-0.000119887281919338,0.5
0,0,1.42274449198648,-0.000122926629319103,0.5
0,0,1.42148647805147,-0.000125015312562569,0.5
0,0,1.41995487487014,-0.000128407078372918,0.5
0,0,1.41870929252977,-0.000130473917179866,0.5
0,0,1.41717866339743,-0.000133800996627372,0.5
0,0,1.41590950833152,-0.000136094290822165,0.5
0,0.0032398328836508,1.41446616893749,-0.000139174545944687,0.5
0,0.0068082430200475,1.41788239476945,-0.000135289053065143,0.5
0,0.0105261241190589,1.41993894375973,-0.000133132204635287,0.5
0,0.0144723595338455,1.42326114654301,-0.000129239125795253,0.5
0,0.0184339470160656,1.42975172688303,-0.000120806991898394,0.5
0,0.0221694371564592,1.43813133123201,-0.000109508607923975,0.5
0,0.0254315216088577,1.44580555142734,-9.89434782890043e-05,0.5
0,0.00704959349274172,1.45373327481153,-8.25563209003405e-05,0.5
0,0.023806810909033,1.45635524906037,-8.26035294943663e-05,0.5
0,0,1.46732846485075,-5.86559768594914e-05,0.5
0,0.0113540746873788,1.4547107212811,-8.12345369374763e-05,0.5
0,0.011204385133047,1.47739115899924,-4.80996711916053e-05,0.5
0,0.0109697651312037,1.48051465367331,-4.25271569851575e-05,0.5
0,0.0130224170927386,1.4884899135999,-3.09368275532603e-05,0.5
0,0.0100930906335315,1.49660506861642,-1.76687072334204e-05,0.5
0,0.0134988206607013,1.50317327055278,-8.02005804454508e-06,0.5
0,0.00772276656511342,1.51159128078866,6.42511021386892e-06,0.5
0,0.010800018588791,1.51537843983422,1.22596927835273e-05,0.5
0.00806103346783438,0.0103722584232387,1.52505805418118,2.75713618388756e-05,0.5
0.0220268686823898,0.00945051609449779,1.53108663913418,3.78238716280574e-05,0.5
0.0404538258589244,0.0083771176363877,1.53907668390021,5.09886811004539e-05,0.5
0.0545696720088082,0.00753684267345107,1.5451620190329,6.14529093076357e-05,0.5
0.0680190588269602,0.00579266823150398,1.55104746041864,7.18071549474311e-05,0.5
0.0767424905161083,0.00326550951778256,1.55494863291998,7.93928194144382e-05,0.5
0.0755752943480007,0,1.5546871114272,8.09572059629529e-05,0.5
0.0549787391117744,0,1.54621130840326,7.04744411003239e-05,0.5
0.0519492965008586,0,1.545032580143,7.01337810634313e-05,0.5
0.0423106899598633,0,1.54112270277545,6.60279783808766e-05,0.5
0.0334615476534665,0,1.53747422189656,6.19923991318971e-05,0.5
0.0248541783883297,0,1.53390642201497,5.79816843771858e-05,0.5
0.0165913154941309,0,1.53045318943841,5.40002184552268e-05,0.5
0.00865159875068981,0,1.52710747333357,5.00526745631796e-05,0.5
0.00102647071125797,0,1.52386644566836,4.61401703358612e-05,0.5
0,0,1.52072669680403,4.2264436019621e-05,0.5
0,0,1.51768502690853,3.84269356639995e-05,0.5
0,0,1.51473833758569,3.46290330521826e-05,0.5
0,0,1.51188364397007,3.08719704006311e-05,0.5
0,0,1.50911806782826,2.71568793434143e-05,0.5
0,0,1.50643883365259,2.3484786376303e-05,0.5
0,0,1.50384326449729,1.98566188434667e-05,0.5
0,0,1.50132877806013,1.62732104919066e-05,0.5
0,0,1.49889288292348,1.27353067636963e-05,0.5
0,0,1.49653317495905,9.24356981547745e-06,0.5
0,0,1.49424733388729,5.7985832825339e-06,0.5
0,0,1.49203311998433,2.40085679962953e-06,0.5
0,0,1.48988837092999,-9.49169709149104e-07,0.5
0,0,1.48781099879015,-4.25112196002412e-06,0.5
0,0,1.48579898712765,-7.50468744767344e-06,0.5
0,0,1.48385038823568,-1.07096117814889e-05,0.5
0,0,1.48196332048827,-1.3865695210062e-05,0.5
0,0,1.48013596580246,-1.69727893245089e-05,0.5
0,0,1.47836656720732,-2.00307939317186e-05,0.5
0,0,1.47665342651474,-2.30396540890516e-05,0.5
0,0,1.47499490208777,-2.59993572924416e-05,0.5
0,0,1.47338940670187,-2.89099308102551e-05,0.5
0,0,1.47183540549503,-3.17714391556441e-05,0.5
0,0,1.47033141400293,-3.45839816904902e-05,0.5
0,0,1.46887599627511,-3.73476903543819e-05,0.5
0,0,1.46746776306882,-4.00627275123943e-05,0.5
0,0,1.46610537011694,-4.27292839157475e-05,0.5
0,0,1.46478751646688,-4.53475767697198e-05,0.5
0,0,1.46351294288711,-4.79178479034648e-05,0.5
0,0,1.46228043033864,-5.04403620366518e-05,0.5
0,0,1.46108879850833,-5.29154051380993e-05,0.5
0,0,1.45993690440157,-5.53432828718097e-05,0.5
0,0,1.45882364099163,-5.77243191260431e-05,0.5
0,0,1.45774793592319,-6.0058854621282e-05,0.5
0,0,1.4567087502678,-6.23472455931449e-05,0.5
0,0,1.45570507732904,-6.45898625465012e-05,0.5
0,0,1.45473594149507,-6.67870890772264e-05,0.5
0,0,1.45380039713676,-6.89393207582096e-05,0.5
0,0,1.4528975275493,-7.10469640863955e-05,0.5
0,0,1.45202644393551,-7.31104354878013e-05,0.5
0,0,1.45118628442899,-7.51301603775969e-05,0.5
0,0,1.45037621315551,-7.71065722724852e-05,0.5
0,0,1.44959541933102,-7.90401119527516e-05,0.5
0,0.00192695857505074,1.44884311639458,-8.09312266714823e-05,0.5
0,0.00530130922452713,1.45089106129891,-7.89062747770647e-05,0.5
0,0.00835832414043558,1.45274367664186,-7.70071994552248e-05,0.5
0,0.0117825733130599,1.45703913433361,-7.1669194439642e-05,0.5
0,0.015156594092641,1.4631934145149,-6.35296096766491e-05,0.5
0,0.0185933796060108,1.47147056076691,-5.22161832140186e-05,0.5
0,0.0167115983663965,1.48033450534208,-3.86603117125802e-05,0.5
0,0.021315135523346,1.48822795895737,-2.78490257347179e-05,0.5
0,0.00271064527937204,1.49525849216626,-1.3100964422044e-05,0.5
0,0.0164118156439573,1.49314365502368,-1.87651707238877e-05,0.5
0.0170830658893134,0.0151563100790038,1.50901973012164,5.13556064901596e-06,0.5
0.0276588660536393,0.00857611215677923,1.51396410132902,1.46652161647661e-05,0.5
0.0372233787408602,0.0138493466850087,1.51724214193864,1.90213631374291e-05,0.5
0.0552366172820504,0.0133078624393583,1.52480886937166,3.10559682119069e-05,0.5
0.0678810739723496,0.0132388638633291,1.52998652524604,3.96402907124035e-05,0.5
0.0815711947744687,0.0132553931871957,1.53561090688587,4.8876548128373e-05,0.5
0.100957296485311,0.0137542812443459,1.54367650311585,6.17740428186196e-05,0.5
0.11641789665942,0.013336204215431,1.55012459057091,7.26329443643402e-05,0.5
0.13390392444574,0.00955035832587212,1.55780341595262,8.59524776197396e-05,0.5
0.146672372962405,0.010677781371553,1.56292062138345,9.47554693306323e-05,0.5
0.164534589022021,0.00927747686355855,1.57052180912319,0.000107752225395925,0.5
0.171159570965846,0.00646349108959524,1.57336250122093,0.00011400314936762,0.5
0.17817887591483,0.00381981939079507,1.57635490484425,0.000120328906015626,0.5
0.180282618275757,0.000174717587001833,1.57730333540906,0.000123790000827714,0.5
0.167511312682659,0,1.57199301047783,0.000118060082144322,0.5
0.161881062002505,0,1.56961081187509,0.000116240196602326,0.5
0.15558236110205,0,1.56696150898883,0.000114070968647851,0.5
0.148540227869473,0,1.56396821821399,0.000111228348889715,0.5
0.14178323177838,0,1.56106959777144,0.000108391832876485,0.5
0.135273405595418,0,1.55825312168727,0.000105557777276483,0.5
0.129016524672904,0,1.55552069091816,0.000102729740481792,0.5
0.123003949577149,0,1.55286945352401,9.99099354643218e-05,0.5
0.117228247601596,0,1.55029695534355,9.71002334617932e-05,0.5
0.111682038030151,0,1.54780075956821,9.43024518039777e-05,0.5
0.106358217223071,0,1.54537852092921,9.15182851860129e-05,0.5
0.101249924492644,0,1.54302797442541,8.87493230387133e-05,0.5
0.0963505370486817,0,1.54074693365009,8.59970523444836e-05,0.5
0.0916536604118285,0,1.53853328762076,8.32628628912664e-05,0.5
0.0871531198294551,0,1.53638499794053,8.05480519150285e-05,0.5
0.0828429519397672,0,1.53430009604168,7.78538285952895e-05,0.5
0.0787173967870844,0,1.53227668054538,7.51813183382152e-05,0.5
0.0747708901573163,0,1.53031291472744,7.25315668673706e-05,0.5
0.0709980562226052,0,1.52840702408623,6.99055441290653e-05,0.5
0.067393700481714,0,1.5265572940086,6.73041480208275e-05,0.5
0.0639528029837475,0,1.52476206752946,6.47282079508739e-05,0.5
0.0606705118232757,0,1.52301974318116,6.21784882361318e-05,0.5
0.0575421368954551,0,1.52132877292895,5.96556913460221e-05,0.5
0.0545631439002425,0,1.51968766018878,5.71604609988893e-05,0.5
0.05172914858527,0,1.51809495792413,5.46933851176542e-05,0.5
0.0490359112174016,0,1.51654926681842,5.22549986509692e-05,0.5
0.0464793312734284,0,1.51504923352001,4.98457862658754e-05,0.5
0.0440554423407688,0,1.51359354895657,4.74661849176902e-05,0.5
0.0417604072194408,0,1.51218094671613,4.51165863025977e-05,0.5
0.00303212288147711,0,1.51081020149189,4.42909578727399e-05,0.5
0.0231210264491727,0,1.50833476206549,3.93630195668536e-05,0.5
0.0125700362034474,0,1.50681322739363,3.712797475754e-05,0.5
0.00914517017263263,0,1.50499994351085,3.40892691379596e-05,0.5
0.00599713146572833,0,1.50328243121018,3.11668597613814e-05,0.5
0.0029810264397193,0,1.50160855486153,2.82740966468425e-05,0.5
0.000118130352193838,0,1.49998591231703,2.5424045918668e-05,0.5
0,0,1.49841231451935,2.26165102405205e-05,0.5
0,0,1.49688648168742,1.98515960771916e-05,0.5
0,0,1.49540704783712,1.75371600578898e-05,0.5
0,0,1.49363081081284,1.41127787366778e-05,0.5
0,0,1.49217012113316,1.25747681341638e-05,0.5
0,0,1.48973187449714,7.74234324567676e-06,0.5
0,0,1.48808787881532,4.98549469980253e-06,0.5
0,0,1.48622197187583,1.63811478505609e-06,0.5
0,0,1.48444676961044,-1.59769488544558e-06,0.5
0,0,1.48272030409675,-4.78902044836952e-06,0.5
0,0,1.48104826938707,-7.9260370541841e-06,0.5
0,0,1.47942851942203,-1.09547178535954e-05,0.5
0,0,1.47781427412183,-1.36099799441094e-05,0.5
0,0,1.4758929064022,-1.74249620290218e-05,0.5
0,0,1.47432021476857,-1.91460263606402e-05,0.5
0,0,1.47166233363467,-2.4476916472473e-05,0.5
0,0,1.46988880582431,-2.75228427021152e-05,0.5
0,0,1.46786629353315,-3.1215695102341e-05,0.5
0,0,1.46594668397633,-3.47759203855703e-05,0.5
0,0,1.46408129285513,-3.82824233643668e-05,0.5
0,0,1.4622767898529,-4.17237536465664e-05,0.5
0,0,1.46053071721246,-4.51007656060055e-05,0.5
0,0,1.45884150209795,-4.77603286707911e-05,0.5
0,0,1.45661612476445,-5.21983415290432e-05,0.5
0,0,1.4549167826889,-5.49149861604772e-05,0.5
0,0,1.45268188006738,-5.92462755152436e-05,0.5
0,0,1.45086241285563,-6.26309890993983e-05,0.5
0,0,1.44897593150923,-6.62232497907532e-05,0.5
0,0,1.44716763943692,-6.95282430415891e-05,0.5
0,0,1.44525873683647,-7.32854885269239e-05,0.5
0,0,1.4435359739513,-7.5442604928661e-05,0.5
0,0,1.4408363755471,-8.08603944218207e-05,0.5
0,0,1.43899827466184,-8.41076437264385e-05,0.5
0,0,1.43692322512958,-8.79585048747464e-05,0.5
0,0,1.43495774227992,-9.16640996767459e-05,0.5
0,0,1.43305154099855,-9.53063850482355e-05,0.5
0,0,1.43121137688053,-9.87531787487893e-05,0.5
0,0,1.42931762961149,-0.000102415917070889,0.5
0,0,1.42753153415414,-0.00010552698176182,0.5
0,0,1.42542604817584,-0.000109653835212646,0.5
0,0,1.42367809519923,-0.000112434456224463,0.5
0,0,1.42132215959388,-0.000116974519522798,0.5
0,0,1.41949009233915,-0.000119982834893323,0.5
0,0,1.41717688583644,-0.000124340657516655,0.5
0,0,1.41525670216755,-0.000127624760495112,0.5
0,0,1.41304123395642,-0.000131771597602686,0.5
0,0,1.41110908703427,-0.000135014591333613,0.5
0,0,1.40886574845543,-0.000139245860759655,0.5
0,0,1.4069475927719,-0.000142348531053585,0.5
0,0,1.40461362604748,-0.000146740434800264,0.5
0,0,1.40267925113673,-0.000149856747111067,0.5
0,0,1.40032774430532,-0.000154239761085333,0.5
0,0,1.39836184355012,-0.000157448718154384,0.5
0,0,1.39603947900945,-0.000161748682158859,0.5
0,0,1.3940610544457,-0.000164970191998233,0.5
0,0,1.39173578610837,-0.000169267011596458,0.5
0,0,1.38975908412478,-0.000172436509293082,0.5
0,0,1.38739940913504,-0.000176784084374773,0.5
0,0,1.38541774461748,-0.000179932145187217,0.5
0,0,1.38306808566954,-0.000184264444002587,0.5
0,0,1.38108069532309,-0.000187423524190915,0.5
0,0,1.37874679099922,-0.000191713402755984,0.5
0,0,1.37676341703803,-0.000194865419726639,0.5
0,0.00524386727798075,1.37444183356888,-0.000199124733491823,0.5
0,0.00381218684653296,1.37391343799521,-0.000200254800321261,0.5
0,0.0128526468058683,1.37174480431584,-0.000204234955757466,0.5
0,0.0132840634801839,1.37146657435285,-0.000205116719648346,0.5
0,0.0211978773768698,1.37011845822328,-0.000207864719143688,0.5
0,0.0235418982065853,1.37275699445403,-0.000204824072482181,0.5
0,0.0300612129182598,1.37294458907512,-0.000205258894403803,0.5
0,0.0348039568196067,1.37815890449342,-0.000198755781930859,0.5
0,0.0393076838697159,1.3810165265064,-0.000195253801408867,0.5
0,0.0440405057316649,1.39298495095596,-0.000179267839425279,0.5
0,0.038394246435,1.40102304719192,-0.000165518648294864,0.5
0,0.0308162192581044,1.40883450061305,-0.000151781612377399,0.5
0,0.0111910443539041,1.41640128287602,-0.000135155450774057,0.5
0,0.0332661944087317,1.42296222052656,-0.00013138116443629,0.5
0,0,1.43130475277613,-0.000107307951290855,0.5
0,0.0168812219902045,1.41761495615326,-0.000133957710855402,0.5
0,0.0104543061922224,1.44223750770612,-9.63786132549109e-05,0.5
0,0.0126786228451936,1.44134420021422,-9.75201543566102e-05,0.5
0,0.0146109183520228,1.45081385437691,-8.39714612795629e-05,0.5
0,0,1.45856908554594,-6.84327104847405e-05,0.5
0,0.0079730027688267,1.44358278362581,-9.20260133780304e-05,0.5
0,0.00987011160772187,1.46598595293908,-5.95759120115361e-05,0.5
0,0.00890682758288085,1.47019160651337,-5.23350622923397e-05,0.5
0,0.00974079855168469,1.47667103855925,-4.25947182434701e-05,0.5
0,0.00375705821197754,1.48505190856318,-2.8288753296224e-05,0.5
0,0.00644480270586662,1.48510184117018,-2.82481074944963e-05,0.5
0,0.00603053739711516,1.49557772049689,-1.21178088587528e-05,0.5
0,0.00452545194862397,1.49994923696637,-4.54179052027587e-06,0.5
0,0.00301279566229251,1.5032789590792,1.34888453296742e-06,0.5
0,0.00085307622314021,1.50503723857814,5.06024996108199e-06,0.5
0,0,1.50171961293448,1.42226365744484e-06,0.5
0,0,1.49492453166153,-7.44531004045811e-06,0.5
0,0,1.49225851092482,-1.0568857170078e-05,0.5
0,0,1.48788600216937,-1.61282905279919e-05,0.5
0,0,1.48374623944226,-2.15632837480594e-05,0.5
0,0,1.47972127821836,-2.69258547615343e-05,0.5
0,0,1.47583205710156,-3.22082660860855e-05,0.5
0,0,1.47207182477486,-3.74087281455018e-05,0.5
0,0,1.4684367754197,-4.25272104593851e-05,0.5
0,0,1.46492276544859,-4.75633755514605e-05,0.5
0,0,1.46152586793569,-5.25170735553033e-05,0.5
0,0,1.45824229164815,-5.7388232981408e-05,0.5
0,0,1.45506838734467,-6.21768732074081e-05,0.5
0,0,1.45200063999703,-6.68830947557169e-05,0.5
0,0,1.44903566345766,-7.15070738210861e-05,0.5
0,0,1.44617019503025,-7.60490564942506e-05,0.5
0,0,1.44340109034582,-8.05093534409291e-05,0.5
0,0,1.44072531846579,-8.48883348871706e-05,0.5
0,0,1.43813995721098,-8.91864259138384e-05,0.5
0,0,1.43564218870394,-9.340410203896e-05,0.5
0,0,1.43322929511405,-9.7541885071818e-05,0.5
0,0,1.43089865459552,-0.00010160033922294,0.5
0,0,1.42864773740886,-0.000105580067455161,0.5
0,0,1.42647410221663,-0.000109481708061779,0.5
0,0,1.42437539254523,-0.000113305931458613,0.5
0,0.00106869561613846,1.42234933340445,-0.000117053437177545,0.5
0,0.00482180861598645,1.42851319332067,-0.000109265634905438,0.5
0,0.00816116253028527,1.43791218843089,-9.65478734395204e-05,0.5
0,0.0065519119469899,1.44625699662017,-8.39416878923423e-05,0.5
0,0.0119010013841526,1.45149738727463,-7.75351448913729e-05,0.5
0,0.000284257827747648,1.46106009899662,-6.06371800110891e-05,0.5
0,0.00822789567736368,1.45173151308071,-7.61010887021488e-05,0.5
0,0.00529516792735314,1.47231887392034,-4.53010880774789e-05,0.5
0,0.00837824444357333,1.47362818633988,-4.35237024525025e-05,0.5
0,0.00308998321669701,1.48359462134892,-2.74891307233255e-05,0.5
0,0.00686494455742672,1.48501114233923,-2.58281830203374e-05,0.5
0,0.00247621029218144,1.49701664374641,-6.76651864484937e-06,0.5
0,0.00419644378189833,1.49689467701444,-6.75876677434878e-06,0.5
0,0.00458571127073755,1.50739115695416,9.14735498000249e-06,0.5
0,0.00394436276394536,1.51379089767887,1.95520147998949e-05,0.5
0,0.00309781997482689,1.51910540785475,2.82970090985442e-05,0.5
0,0.00166677919897592,1.52337306584519,3.56559421500079e-05,0.5
0,0,1.52419265541876,3.80704681180855e-05,0.5
0,0,1.51508174127277,2.59774589605313e-05,0.5
0,0,1.51427352128182,2.54835130496844e-05,0.5
0,0,1.51045445541431,2.0870548997702e-05,0.5
0,0,1.50691567291878,1.63676381451952e-05,0.5
0,0,1.50345230570223,1.19099916352273e-05,0.5
0,0,1.50010294680068,7.50384758161523e-06,0.5
0,0,1.49686008148003,3.15318523408494e-06,0.5
0,0,1.49372101723307,-1.14171436449818e-06,0.5
0,0,1.49068237456665,-5.37986847633583e-06,0.5
0,0,1.48774099679598,-9.5605518966182e-06,0.5
0,0,1.48489382448205,-1.36831109540775e-05,0.5
0,0,1.48213791048488,-1.77469898360302e-05,0.5
0,0,1.47947041262806,-2.17517195723255e-05,0.5
0,0,1.47688858990432,-2.56969134819864e-05,0.5
0,0,1.47438979833283,-2.95822618874822e-05,0.5
0,0,1.47197148707882,-3.34075272718509e-05,0.5
0,0,1.4696311947313,-3.71725396739884e-05,0.5
0,0,1.46736654574616,-4.0877192338895e-05,0.5
0,0,1.46517524704438,-4.45214376047801e-05,0.5
0,0,1.46305508475871,-4.81052830152831e-05,0.5
0,0,1.46100392112155,-5.16287876448206e-05,0.5
0,0,1.45901969148768,-5.50920586258463e-05,0.5
0,0,1.45710040148539,-5.84952478673752e-05,0.5
0,0,1.45524412429023,-6.1838548954691e-05,0.5
0,0,1.45344899801555,-6.51221942206862e-05,0.5
0,0,1.4517132232145,-6.83464519797846e-05,0.5
0,0,1.45003506048843,-7.15116239158761e-05,0.5
0,0,1.44841282819675,-7.4618042616139e-05,0.5
0,0,1.44684490026354,-7.76660692430562e-05,0.5
0,0,1.44532970407666,-8.06560913373318e-05,0.5
0,0,1.44386571847503,-8.35885207447993e-05,0.5
0,0,1.44245147182013,-8.64637916607722e-05,0.5
0,0,1.44108554014787,-8.92823587856338e-05,0.5
0,0,1.4397665453973,-9.20446955857844e-05,0.5
0,0.0026369690966006,1.43849315371256,-9.47512926543728e-05,0.5
0,0.00714575767468247,1.45016581646848,-7.91999306834468e-05,0.5
0,0.00461150274436526,1.45887692765364,-6.58195263175596e-05,0.5
0,0.0111159993524951,1.46512878879926,-5.82096454102173e-05,0.5
0,0,1.47186858142516,-3.93618952707007e-05,0.5
0,0,1.46182496045513,-6.04665308066329e-05,0.5
0,0,1.46414981341154,-5.55405520166241e-05,0.5
0,0,1.46227857297268,-5.85387379704986e-05,0.5
0,0,1.46066059583636,-6.12794077823458e-05,0.5
0,0,1.45905309122848,-6.40097143449203e-05,0.5
0,0,1.45750272203669,-6.66949947870503e-05,0.5
0,0,1.45600385506709,-6.93344293156661e-05,0.5
0,0.0015981840678268,1.45455566114366,-7.19283848418938e-05,0.5
0,0.00516012455963537,1.46331861158051,-6.01074309167795e-05,0.5
0,0.00797056440227821,1.4728055347431,-4.67377707971625e-05,0.5
0,0,1.47895113068341,-3.39961685075532e-05,0.5
0,0.00290614132641766,1.46800508317185,-5.2382616021191e-05,0.5
0,0.00440831250023017,1.48451581617303,-2.85431748532923e-05,0.5
0,0.00522519838905429,1.49106133019708,-1.8515785310244e-05,0.5
0,0.0068269109265188,1.49777814884161,-8.63055036911462e-06,0.5
0,0,1.50555680220934,5.51050872756296e-06,0.5
0,0.000398560814199427,1.49369840077687,-1.24780314040998e-05,0.5
0,0.000566250669234685,1.50168221526877,-5.23542251389288e-07,0.5
0,0,1.50188259502787,5.92367991653563e-07,0.5
0,0,1.49613815339288,-7.2366213641045e-06,0.5
0,0,1.49555910251074,-7.87955793285336e-06,0.5
0,0,1.49336547419718,-1.06678794335946e-05,0.5
0,0,1.49133115575152,-1.34063194215473e-05,0.5
0,0,1.48934214592165,-1.6114310594929e-05,0.5
0,0,1.48741866390965,-1.87922163160504e-05,0.5
0,0,1.48555664047841,-2.14373845974397e-05,0.5
0,0,1.48375456802984,-2.4049551378488e-05,0.5
0,0,1.48201058573791,-2.66280343656519e-05,0.5
0,0,1.4803229479078,-2.91722973822268e-05,0.5
0,0,1.47868996020633,-3.16818491101646e-05,0.5
0,0,1.47710998711915,-3.41562566636024e-05,0.5
0,0,1.47558144835773,-3.65951398513664e-05,0.5
0,0,1.47410281696675,-3.89981686361702e-05,0.5
0,3.52179516377562e-05,1.47267261726784,-4.13650602501983e-05,0.5
0,0.00140785902880378,1.47256206285831,-4.18879470889286e-05,0.5
0,0.00390467188695016,1.47832687729159,-3.40326864326895e-05,0.5
0,0.00602544054413795,1.48482761085024,-2.48237051168519e-05,0.5
0,0.0081956938731127,1.49227922069321,-1.41268524917123e-05,0.5
0,0.00250319986981264,1.50047842229575,-5.0973731755637e-07,0.5
0,0.007845806427666,1.50206584643046,1.08403761086238e-06,0.5
0,0,1.5132706541163,2.17451377605025e-05,0.5
0,0,1.50102278820573,2.21641043962865e-06,0.5
0,0,1.50340233850178,6.45025192301194e-06,0.5
0,0,1.50126273387551,3.87546550300945e-06,0.5
0,0,1.4994266560164,1.42497118808077e-06,0.5
0,0,1.49759745676981,-1.01045743890692e-06,0.5
0,0,1.49583045782716,-3.42335299253708e-06,0.5
0,0,1.49411860045177,-5.8087955188444e-06,0.5
0,0,1.49246111363704,-8.16698921307632e-06,0.5
0,0,1.49085625793375,-1.04971066251932e-05,0.5
0,0,1.48930247649275,-1.27985738912849e-05,0.5
0,0,1.48779824537821,-1.50708399092457e-05,0.5
0,0,1.4863420947157,-1.73134125308646e-05,0.5
0,0,1.48493260350387,-1.95258496339062e-05,0.5
0,0,1.48356839826877,-2.17077573832725e-05,0.5
0,0,1.48224815121251,-2.38587874944473e-05,0.5
0,0,1.48097057851968,-2.59786347915901e-05,0.5
0,0,1.4797344387197,-2.80670348564763e-05,0.5
0,0,1.47853853111706,-3.01237617935557e-05,0.5
0,0,1.47738169428455,-3.21486261012624e-05,0.5
0,0.000929586309570869,1.4762628046171,-3.41414726453291e-05,0.5
0,0.00360538176562046,1.48173028135034,-2.68114747666227e-05,0.5
0,0.00658363594645559,1.49137215136881,-1.3215739590371e-05,0.5
0,0.000915936242113402,1.49873191561451,-9.08814986915674e-07,0.5
0,0.00566193476801139,1.49565513363268,-6.20697798205206e-06,0.5
0,0.000206146945575301,1.51107397322525,1.77621143035858e-05,0.5
0,0.00232772891460235,1.50197726780397,4.49133481057921e-06,0.5
0.00952189343217232,0.00489634527561702,1.51555102917647,2.40565363440176e-05,0.5
0.0278116715991744,0.00218842048495867,1.52342623019122,3.70726996822316e-05,0.5
0.0295923882948748,0.00348717358930166,1.52367207331516,3.77588326497913e-05,0.5
0.0547888592156779,0.00482745139453902,1.53414037824134,5.36046924460579e-05,0.5
0.0718366589306155,0.00188172420956216,1.54149889135266,6.60745658529153e-05,0.5
0.0742752358674526,0.002101903943384,1.54214825426122,6.78508454247739e-05,0.5
0.0919713094045057,0.00183000668822213,1.54951043866849,7.97000168389897e-05,0.5
0.100505732340418,0.00023751052260052,1.55301250192709,8.62945746830566e-05,0.5
0.0911687125004345,0,1.5489600198137,8.18064231193307e-05,0.5
0.0847563542963166,0,1.54607726047881,7.87054336322307e-05,0.5
0.081905972865846,0,1.54469985393876,7.78010082934218e-05,0.5
0.0766241781351487,0,1.5422895438881,7.53455953502742e-05,0.5
0.0716734514731465,0,1.53998902998704,7.29061780145035e-05,0.5
0.0668941728672739,0,1.53774567059202,7.04739890845747e-05,0.5
0.0623193643135971,0,1.53557035143478,6.80510877851107e-05,0.5
0.0579397462994867,0,1.53346001064802,6.56399042027667e-05,0.5
0.0537499056429832,0,1.53141286081436,6.32416471044785e-05,0.5
0.0497439620724671,0,1.52942696060338,6.08576850432621e-05,0.5
0.0459163109614805,0,1.5275004597325,5.84892605365867e-05,0.5
0.0422615265849574,0,1.52563156701425,5.6137541463138e-05,0.5
0.0387743695053755,0,1.52381855279449,5.38036166798907e-05,0.5
0.0354497776933202,0,1.52205974601676,5.14885009946524e-05,0.5
0.0322828601927406,0,1.52035353212782,4.91931385469619e-05,0.5
0.0292688906977476,0,1.51869835095401,4.69184062573562e-05,0.5
0.0264033014344231,0,1.51709269467858,4.466511708986e-05,0.5
0.0236816772784422,0,1.51553510589696,4.24340231734313e-05,0.5
0.0210997501073137,0,1.51402417574972,4.02258187827989e-05,0.5
0.0186533933762129,0,1.51255854212943,3.80411431857519e-05,0.5
0.0163386169083146,0,1.51113688795854,3.58805833626388e-05,0.5
0.0141515618907076,0,1.50975793953524,3.37446766037263e-05,0.5
0.0120884960673857,0,1.5084204649445,3.16339129897972e-05,0.5
0.0101458091211715,0,1.50712327253168,2.95487377611298e-05,0.5
0.0083200082367801,0,1.50586520943594,2.74895535797739e-05,0.5
0.00660771383755931,0,1.50464516018123,2.54567226898219e-05,0.5
0.00500565548876701,0,1.50346204532228,2.34505689801631e-05,0.5
0.00351066796054681,0,1.50231482014342,2.14713799540134e-05,0.5
0.0021196874440567,0,1.5012024734081,1.95194086093233e-05,0.5
0.000829747914483223,0,1.50012402615699,1.75948752339828e-05,0.5
0,0,1.49907853055258,1.56979691195733e-05,0.5
0,0,1.49806506876865,1.38288501972475e-05,0.5
0,0,1.49708275192244,1.23867570238873e-05,0.5
0,0,1.49579529245887,9.85031042821891e-06,0.5
0,0,1.494802602442,8.78633689506531e-06,0.5
0,0,1.49313512122894,5.49154688080615e-06,0.5
0,0,1.49199438610732,3.55385747391636e-06,0.5
0,0,1.49071095269518,1.2354874260857e-06,0.5
0,0,1.48948802312465,-1.01306392465031e-06,0.5
0,0,1.48829922973965,-2.94735081123368e-06,0.5
0,0,1.48695426573736,-5.58610960229983e-06,0.5
0,0,1.48580120121477,-6.79861353650608e-06,0.5
0,0,1.48400011949442,-1.05111473743647e-05,0.5
0,0,1.48274812177082,-1.26470661583861e-05,0.5
0,0,1.48134542864263,-1.52280863882789e-05,0.5
0,0,1.48001188241933,-1.77219237668903e-05,0.5
0,0,1.4787159370109,-2.01815647659875e-05,0.5
0,0,1.47746181177166,-2.19827060879203e-05,0.5
0,0,1.4758290096616,-2.53332428822752e-05,0.5
0,0,1.47457326721224,-2.71477271632451e-05,0.5
0,0,1.47290669208352,-3.04716770215868e-05,0.5
0,0,1.47156232386943,-3.29332951252929e-05,0.5
0,0,1.47015971170202,-3.56039453650126e-05,0.5
0,0,1.46881596431753,-3.81066863896121e-05,0.5
0,0,1.46744789792097,-4.07782864129723e-05,0.5
0,0,1.46615095357397,-4.26758267162507e-05,0.5
0,0,1.46444720447795,-4.62117812236323e-05,0.5
0,0,1.46314328091162,-4.83836112736179e-05,0.5
0,0,1.4615591044516,-5.15048048834301e-05,0.5
0,0,1.46018971708255,-5.3997076490739e-05,0.5
0,0,1.45871152743235,-5.69093147257395e-05,0.5
0,0,1.45736317124155,-5.9198826081533e-05,0.5
0,0,1.45576913851653,-6.24173278641348e-05,0.5
0,0,1.45443386846187,-6.45321050796741e-05,0.5
0,0,1.45271668386412,-6.79927241316255e-05,0.5
0,0,1.45133641884086,-7.02476214743294e-05,0.5
0,0,1.44962670836767,-7.36360647467054e-05,0.5
0,0,1.44819718949912,-7.60705617911185e-05,0.5
0,0,1.44652617135296,-7.93610427599777e-05,0.5
0,0,1.44508262653051,-8.17958984072423e-05,0.5
0,0,1.44338242020422,-8.51612018941478e-05,0.5
0,0,1.44193622274024,-8.75355257441843e-05,0.5
0,0,1.44017801632307,-9.10187745014878e-05,0.5
0,0,1.43871294010214,-9.34210594500254e-05,0.5
0,0,1.43693279474122,-9.69265709011252e-05,0.5
0,0,1.43544110192978,-9.94051069266206e-05,0.5
0,0,1.43366449937349,-0.000102886274978577,0.5
0,0,1.43215601072223,-0.000105395206607956,0.5
0,0,1.43036861494576,-0.000108894889958656,0.5
0,0,1.42885149393857,-0.000111393896735921,0.5
0,0,1.42703753968228,-0.000114943386164027,0.5
0,0,1.42550934545528,-0.000117447902387314,0.5
0,0,1.42367586704001,-0.000121024775909656,0.5
0,0,1.42213301686493,-0.000123557710023664,0.5
0,0,1.42029209863877,-0.000127136316057824,0.5
0,0,1.41873687372994,-0.00012968978375368,0.5
0,0.0032390515628222,1.41688821932407,-0.0001332749998639,0.5
0,0.00646005036551602,1.42235635643033,-0.000126433675824528,0.5
0,0.00989241812287258,1.42716815937583,-0.000120251760282067,0.5
0,0.013462443529399,1.43312307277868,-0.000112441711030158,0.5
0,0.0168065882579852,1.44043894948416,-0.000102536372511539,0.5
0,0.0180641060827031,1.45053607309295,-8.80204007017234e-05,0.5
0,0.00709433431722994,1.45738045471092,-7.50257451715691e-05,0.5
0,0.0186994966951234,1.46133176844009,-7.17972797129133e-05,0.5
0,0.0117023387607648,1.47283667310043,-5.29614911617396e-05,0.5
0,0.0171068214445742,1.47728084547326,-4.71754036764497e-05,0.5
0,0,1.48603503965797,-2.88442461777696e-05,0.5
0,0.00692350279320167,1.47286995634859,-5.03960559749422e-05,0.5
0,0.00703882501493088,1.49088963851771,-2.37506234703354e-05,0.5
0,0.00557801040222377,1.49238799650136,-2.03358334243235e-05,0.5
0,0.0059535180568563,1.49604055065524,-1.45932158879766e-05,0.5
0,0.00608021154925514,1.50124571049182,-6.31440882370453e-06,0.5
0,0.00624179346508249,1.50751137581743,3.58101029470594e-06,0.5
0,0.00584553252442997,1.51271888456678,1.21218787772755e-05,0.5
0,0.00518977679464567,1.51757114851185,2.02180639566088e-05,0.5
0,0.00414282326191442,1.52182181596336,2.75497145727835e-05,0.5
0.00617184794675772,0.00257968840234438,1.52488181706611,3.32362583501475e-05,0.5
0.00822126799934203,0.00030494511160259,1.52587909749854,3.59775486513444e-05,0.5
0,0,1.52083309483873,2.99822805908177e-05,0.5
0,0,1.5173354382522,2.59188938002193e-05,0.5
0,0,1.51459170377743,2.29219050588788e-05,0.5
0,0,1.51118199859347,1.88594199505465e-05,0.5
0,0,1.5079055293643,1.48496665632807e-05,0.5
0,0,1.5047254005826,1.08800532831318e-05,0.5
0,0,1.50164776718334,6.95435224859859e-06,0.5
0,0,1.49866865518527,3.07425003553467e-06,0.5
0,0,1.49578507622572,-7.59286725676254e-07,0.5
0,0,1.49299398741928,-4.54524995345654e-06,0.5
0,0,1.49029247461555,-8.28276329566767e-06,0.5
0,0,1.48767772519301,-1.19710430289767e-05,0.5
0,0,1.48514702769083,-1.56093984937568e-05,0.5
0,0,1.48269776720576,-1.91972256510596e-05,0.5
0,0,1.48032742159695,-2.27340020756274e-05,0.5
0,0,1.47803355775903,-2.62192820282097e-05,0.5
0,0,1.47581382807294,-2.96526918177885e-05,0.5
0,0,1.47366596700943,-3.30339254049879e-05,0.5
0,0,1.47158778788056,-3.63627402396894e-05,0.5
0,0,1.46957717973214,-3.96389533199019e-05,0.5
0,0,1.46763210437041,-4.28624374606027e-05,0.5
0,0,1.46575059351693,-4.60331177616922e-05,0.5
0,0,1.46393074608571,-4.91509682647938e-05,0.5
0,0,1.46217072557686,-5.22160087891546e-05,0.5
0,0,1.46046875758158,-5.52283019374104e-05,0.5
0,0,1.45882312739329,-5.81879502624535e-05,0.5
0,0,1.45723217772003,-6.10950935870944e-05,0.5
0,0,1.45569430649363,-6.39499064686372e-05,0.5
0,0,1.45420796477114,-6.67525958008943e-05,0.5
0,0,1.45277165472442,-6.95033985465498e-05,0.5
0,0,1.45138392771388,-7.22025795931486e-05,0.5
0,0,1.45004338244259,-7.48504297263293e-05,0.5
0,1.32086077305903e-06,1.44874866318711,-7.74472637142508e-05,0.5
0,0.00252129094721164,1.44771628190657,-7.96872138975468e-05,0.5
0,0.0064646726853119,1.45585755866972,-6.90429707237374e-05,0.5
0,0.00941171628506464,1.46300717575195,-5.93152036520129e-05,0.5
0,0.00955202603132001,1.47229802046807,-4.57795597843749e-05,0.5
0,0.0104183344553664,1.47973347513356,-3.49246202358403e-05,0.5
0,0,1.48688157413977,-2.03481710889577e-05,0.5
0,0.00484323629419047,1.47611740365861,-3.86416931435661e-05,0.5
0,0.00583494197084605,1.49507734517559,-1.10927781749942e-05,0.5
0,0.00615143665458961,1.5008409456229,-1.93229471813387e-06,0.5
0,0.00613758860352418,1.50823151720079,9.332043810837e-06,0.5
0.010619152100083,0.00670567046994768,1.51611535710789,2.1467533666173e-05,0.5
0.0277545618805191,0.00335930427666974,1.52367014949048,3.40108526917069e-05,0.5
0.0388102970268375,0.00577651310753516,1.52797892860622,4.06972158501438e-05,0.5
0.0605412237440588,0.000381618558756138,1.53775115235491,5.70408680036767e-05,0.5
0.0427629152579832,0,1.52987280514471,4.64962992976767e-05,0.5
0.0375050149048108,0,1.52761769745283,4.42260942085344e-05,0.5
0.0338783744534398,0,1.52599167065637,4.28765545044712e-05,0.5
0.0276331064481882,0,1.52323044852326,3.97695055761403e-05,0.5
0.0217429710770797,0,1.52058717129736,3.66972237631562e-05,0.5
0.0160609125204003,0,1.51801332842199,3.36452327618112e-05,0.5
0.0106221345956809,0,1.51552052967627,3.06178965157989e-05,0.5
0.0054160588935959,0,1.51310528291551,2.7617324708303e-05,0.5
0.000436028472286253,0,1.51076538886461,2.46445726929821e-05,0.5
0,0,1.50849849358673,2.17008320590891e-05,0.5
0,0,1.50630235130053,1.87871627925285e-05,0.5
0,0,1.50417479024648,1.59045450107086e-05,0.5
0,0,1.50211371488768,1.30538749160102e-05,0.5
0,0,1.5001171022634,1.02359704983503e-05,0.5
0,0,1.49818299928854,7.45157549686528e-06,0.5
0,0,1.49630952003904,4.70136341231263e-06,0.5
0,0,1.49449484316912,1.98594128794476e-06,0.5
0,0,1.49273720943341,-6.9414668754357e-07,0.5
0,0,1.49103491931238,-3.33841575325987e-06,0.5
0,0,1.48938633073627,-5.94643731612476e-06,0.5
0,0,1.48778985690317,-8.51783584986158e-06,0.5
0,0,1.48624396418704,-1.10522859453671e-05,0.5
0,0,1.48474717013192,-1.35495095052569e-05,0.5
0,0,1.48329804152834,-1.60092730757218e-05,0.5
0,0,1.48189519256863,-1.8431385309157e-05,0.5
0,0,1.48053728307735,-2.08156945513438e-05,0.5
0,0,1.47922301681395,-2.31620865472548e-05,0.5
0,0,1.47795113984427,-2.5277700108689e-05,0.5
0,0,1.47666461890159,-2.77641018120442e-05,0.5
0,0,1.47546721161826,-2.94717932111681e-05,0.5
0,0,1.47414715952075,-3.22517901315172e-05,0.5
0,0,1.47299360882027,-3.39128158165241e-05,0.5
0,0,1.4716996838232,-3.66500146841943e-05,0.5
0,0,1.47056411604228,-3.85080749424583e-05,0.5
0,0,1.46934497398187,-4.10378524746632e-05,0.5
0,0,1.46823659623156,-4.29284980120787e-05,0.5
0,0,1.46706400963404,-4.54140003894198e-05,0.5
0,0,1.4659970966908,-4.71627964624569e-05,0.5
0,0,1.46483499209793,-4.97286043797233e-05,0.5
0,0,1.46380448338254,-5.13973101240119e-05,0.5
0,0,1.46266024421062,-5.39704577629103e-05,0.5
0,0,1.46165465092394,-5.59904270666208e-05,0.5
0,0,1.4606405872778,-5.81302163353237e-05,0.5
0,0,1.45966944399172,-6.02100229167634e-05,0.5
0,0,1.45873021030997,-6.22522185087113e-05,0.5
0,0,1.45782369981948,-6.42536727512753e-05,0.5
0,0.00166503908695817,1.45694887931538,-6.62148182153762e-05,0.5
0,0.00516260880504309,1.46215303075939,-5.96481732501523e-05,0.5
0,0.00836980897283432,1.4690741901066,-5.03495663882814e-05,0.5
0,0.0114143227835939,1.47630788229043,-4.0429161193536e-05,0.5
0,0.0088046488103518,1.4853211227074,-2.65436899488872e-05,0.5
0,0.011067529627366,1.49298962538831,-1.55392982100577e-05,0.5
0,0,1.50011907088007,-1.25979858091025e-06,0.5
0,0.00506383044817821,1.48993034822491,-1.80989065973477e-05,0.5
0.0114780593723795,0.00632721982135498,1.50799101838252,8.22914829535109e-06,0.5
0.0221198981611859,0.00616581598874466,1.51230281670549,1.55193851342114e-05,0.5
0.0383051278982499,0.00753214246910182,1.51886695268769,2.53965339549733e-05,0.5
0.0593780015435266,0.00885241345028741,1.52757719997145,3.87591591434965e-05,0.5
0.075448053841099,0.00456113182988187,1.53468054418996,5.09773104461366e-05,0.5
0.0846050944190515,0.00700300768712386,1.53807385177721,5.64555545507794e-05,0.5
0.108023927628386,0.00710931648467396,1.54793617059985,7.2039794600142e-05,0.5
0.123141649335673,0.00642785756633894,1.55426012226552,8.28281396223968e-05,0.5
0.141138886365629,0.00542643287276052,1.56187341523784,9.55656667958941e-05,0.5
0.154909126544819,0.00464721013429411,1.56762084995822,0.000105666295566128,0.5
0.167618084438541,0.00289327045015435,1.5730046677623,0.00011541079641549,0.5
0.170140643551117,0,1.57411403194708,0.000119048267696703,0.5
0.1508095217942,0,1.56602174340402,0.000109171874153576,0.5
0.150544601871842,0,1.56583996268204,0.00011032538791752,0.5
0.143175408826913,0,1.56273789647085,0.000107504529012053,0.5
0.136520509437614,0,1.55987202861816,0.000104709124895182,0.5
0.130019865020431,0,1.55705767326121,0.000101917030767412,0.5
0.123780697146385,0,1.55433018075904,9.91275494606537e-05,0.5
0.117784650861414,0,1.55168349621208,9.6346035370429e-05,0.5
0.11202594187317,0,1.54911570913856,9.35737333369238e-05,0.5
0.106496964108501,0,1.54662430823102,9.08125918713836e-05,0.5
0.101190624344162,0,1.54420695160085,8.8064310182521e-05,0.5
0.0961000360430063,0,1.54186136564527,8.53305028936164e-05,0.5
0.091218556833631,0,1.53958535742928,8.26126780869493e-05,0.5
0.0865397728920514,0,1.5373768095215,7.99122463629776e-05,0.5
0.0820574912335715,0,1.53523367744507,7.72305249176232e-05,0.5
0.0777657311947597,0,1.533153986861,7.45687421605726e-05,0.5
0.0736587164244607,0,1.53113583091984,7.19280420159738e-05,0.5
0.0697308671733447,0,1.52917736771214,6.93094880453584e-05,0.5
0.0659767928981702,0,1.52727681782309,6.67140673813904e-05,0.5
0.0623912851631675,0,1.52543246198542,6.41426944838114e-05,0.5
0.0589693108266606,0,1.52364263882672,6.15962147250883e-05,0.5
0.055706005500815,0,1.52190574270714,5.90754078134409e-05,0.5
0.0525966672730403,0,1.52022022164358,5.65809910605043e-05,0.5
0.0496367506780625,0,1.51858457531693,5.41136225005668e-05,0.5
0.046821860910158,0,1.51699735315867,5.16739038680074e-05,0.5
0.0441477482655025,0,1.51545715251366,4.92623834392623e-05,0.5
0.0416103028050209,0,1.51396261687585,4.68795587453644e-05,0.5
0.0392055492285429,0,1.51251243419392,4.45258791608267e-05,0.5
0.0369296419514678,0,1.51110533524388,4.22017483743849e-05,0.5
0.0347788603755215,0,1.50974009206591,3.99075267468647e-05,0.5
0.00942992277798856,0,1.50841551646273,3.85962755051124e-05,0.5
0.022082046790043,0,1.50655237789994,3.48828458660863e-05,0.5
0.014892922150829,0,1.50519542138767,3.27498664042786e-05,0.5
0.0123959094415363,0,1.50370232611749,3.01621085483713e-05,0.5
0.0100978648661329,0,1.50227789890643,2.76564180115197e-05,0.5
0.0079150843330261,0,1.5008917596564,2.51793424729735e-05,0.5
0,0,1.49954787148313,2.34031218268041e-05,0.5
0,0,1.49773878006021,1.98468757447293e-05,0.5
0,0,1.49637304787554,1.77667470579049e-05,0.5
0,0,1.49469285872807,1.46150934918599e-05,0.5
0,0,1.49324135825918,1.20145492980416e-05,0.5
0,0,1.49176966486633,9.30020000762801e-06,0.5
0,0,1.49035100635864,7.39661202692474e-06,0.5
0,0,1.48840185235536,3.48632753586261e-06,0.5
0,0,1.48695388861406,1.04422928276813e-06,0.5
0,0,1.48529918421581,-2.06119444861641e-06,0.5
0,0,1.48378014465488,-4.89279007973138e-06,0.5
0,0,1.48228007202496,-7.28558739948588e-06,0.5
0,0,1.48052038259141,-1.08118013837299e-05,0.5
0,0,1.4790559648437,-1.29296956243819e-05,0.5
0,0,1.47708960508739,-1.68529686222034e-05,0.5
0,0,1.47554817287988,-1.96634784636099e-05,0.5
0,0,1.47391759424403,-2.27554318359202e-05,0.5
0,0,1.47235632881561,-2.57064365934782e-05,0.5
0,0,1.47079959068549,-2.8454808992597e-05,0.5
0,0,1.46912082189931,-3.18331428191102e-05,0.5
0,0,1.4676426167288,-3.35128686748383e-05,0.5
0,0,1.46535487826472,-3.83198436197572e-05,0.5
0,0,1.46377042365902,-4.11130236219144e-05,0.5
0,0,1.46199073628591,-4.44724914286172e-05,0.5
0,0,1.46030257961159,-4.77076605018101e-05,0.5
0,0,1.45866297540438,-5.08930458900061e-05,0.5
0,0,1.45707773922087,-5.40177777590947e-05,0.5
0,0,1.45554471411512,-5.66142675443361e-05,0.5
0,0,1.45374705387338,-6.03427533554889e-05,0.5
0,0,1.45225521977379,-6.25836666842915e-05,0.5
0,0,1.45026833474238,-6.66956515693494e-05,0.5
0,0,1.44871090729095,-6.96359652193318e-05,0.5
0,0,1.44706223096959,-7.28745932887299e-05,0.5
0,0,1.44549029083189,-7.58195238717962e-05,0.5
0,0,1.44384034387672,-7.9185433993485e-05,0.5
0,0,1.44234583749561,-8.13345083260836e-05,0.5
0,0,1.4402926999495,-8.56556330308572e-05,0.5
0,0,1.43876165710857,-8.83017168378662e-05,0.5
0,0,1.43696692561959,-9.1888459241704e-05,0.5
0,0,1.43536779490675,-9.50037793711738e-05,0.5
0,0,1.43377497665052,-9.81062869483802e-05,0.5
0,0,1.43220204128121,-0.000101120623720494,0.5
0,0,1.43060798824976,-0.000104402849347035,0.5
0,0,1.42914206650484,-0.000106314650325356,0.5
0,0,1.42706591994778,-0.00011080304607038,0.5
0,0,1.42556656157867,-0.000113457199436726,0.5
0,0,1.42384137132152,-0.00011688139395154,0.5
0,0,1.42226769855887,-0.000119983559774055,0.5
0,0,1.4207198841167,-0.00012305144267771,0.5
0,0,1.41920741037563,-0.000125819973193422,0.5
0,0,1.41757656256737,-0.000129234755753386,0.5
0,0,1.41614888796055,-0.000131196558190338,0.5
0,0,1.41424086254973,-0.000135362241181168,0.5
0,0,1.41279115814391,-0.000138029801951389,0.5
0,0,1.41119882584641,-0.000141232713821829,0.5
0,0,1.40971967020015,-0.000144214299079689,0.5
0,0,1.40827816259832,-0.000146833649144686,0.5
0,0,1.40674393408517,-0.000150135940284478,0.5
0,0,1.4053885311253,-0.000152083632457617,0.5
0,0,1.40367479065415,-0.000155927669995708,0.5
0,0,1.40232769874939,-0.00015841534649184,0.5
0,0,1.40084874308236,-0.000161497138319986,0.5
0,0,1.39949390690945,-0.000164285747455934,0.5
0,0,1.3981659757816,-0.000166726786635572,0.5
0,0.00671451365489797,1.39676477185065,-0.000169853997397028,0.5
0,0,1.4021797153688,-0.000162464187066379,0.5
0,0.0105325594160683,1.39568792404421,-0.000172587447953862,0.5
0,0.0138636331507845,1.40439459700755,-0.000161514056236872,0.5
0,0.0174143912843935,1.40635903854461,-0.000159194686718474,0.5
0,0.0218600673674779,1.41072664240323,-0.000153842657951358,0.5
0,0.0262479334835712,1.42174466563171,-0.000139050875622246,0.5
0,0.0296381875844017,1.42938962353855,-0.000128476129433472,0.5
0,0,1.43589604718383,-0.000109264845085549,0.5
0,0.0217901716704042,1.42502279561388,-0.0001319351977125,0.5
0,0,1.4463292039772,-9.14904488038701e-05,0.5
0,0.0073014551927145,1.43023089929881,-0.000119992993220322,0.5
0,0.00648213473812784,1.45067973013302,-9.01470587746519e-05,0.5
0,0.00687089565908273,1.45221485815727,-8.72626758658113e-05,0.5
0,0.00967902334922739,1.45947017361736,-7.71419685098255e-05,0.5
0,0.00627431508696859,1.46917539246826,-6.16670747744667e-05,0.5
0,0.0111936079786635,1.47403694645047,-5.51332286777987e-05,0.5
0,0,1.48339138230583,-3.82544866039357e-05,0.5
0,0.00428400674979232,1.46971353340396,-5.86694504778233e-05,0.5
0,0.00663630559719125,1.48726139634786,-3.32298519512214e-05,0.5
0,0.00596102289060524,1.49223393084501,-2.47911046557381e-05,0.5
0,0.0059475435217287,1.4956523909931,-1.91245657740286e-05,0.5
0,0.00618614023295659,1.50164124655537,-9.63138046137961e-06,0.5
0,0.00547987031620895,1.50553262028459,-2.91943838633181e-06,0.5
0,0.00476438909965107,1.50948044511235,3.8501588332607e-06,0.5
0,0.00405423641188686,1.51422710239906,1.18544164450524e-05,0.5
0,0.00259094950995458,1.51714977018792,1.73565794569086e-05,0.5
0,0.000556491810603458,1.5181910049086,2.01391153910374e-05,0.5
0,0,1.51491495683016,1.66874073328942e-05,0.5
0,0,1.51019639376645,1.09552806352491e-05,0.5
0,0,1.50793425300751,8.60764608206895e-06,0.5
0,0,1.50454800332364,4.62640016024406e-06,0.5
0,0,1.50132381988226,7.05016952117168e-07,0.5
0,0,1.49818944831602,-3.17752087465505e-06,0.5
0,0,1.4951575691548,-7.01755617408734e-06,0.5
0,0,1.49222353604134,-1.08128410144718e-05,0.5
0,0,1.48938448242215,-1.456251994475e-05,0.5
0,0,1.48663735695655,-1.82655524676667e-05,0.5
0,0,1.48397925452377,-2.19210564098853e-05,0.5
0,0,1.48140736881762,-2.55282377662749e-05,0.5
0,0,1.47891899518906,-2.90863965669261e-05,0.5
0,0,1.47651152554869,-3.25949195272373e-05,0.5
0,0,1.47418244463333,-3.60532751692829e-05,0.5
0,0,1.47192932625357,-3.94610088539258e-05,0.5
0,0,1.46974982973407,-4.28177381315095e-05,0.5
0,0,1.46764169650522,-4.6123148330861e-05,0.5
0,0,1.46560274684417,-4.93769883845529e-05,0.5
0,0,1.46363087675757,-5.25790668765695e-05,0.5
0,0,1.46172405499947,-5.57292483011174e-05,0.5
0,0,1.45988032021816,-5.88274495216117e-05,0.5
0,0,1.45809777822591,-6.18736364194811e-05,0.5
0,0,1.45637459938603,-6.48678207229714e-05,0.5
0,0,1.45470901611174,-6.7810057006632e-05,0.5
0,0,1.45309932047186,-7.07004398526564e-05,0.5
0,0,1.45154386189824,-7.35391011657025e-05,0.5
0,0,1.45004104499051,-7.63262076332536e-05,0.5
0,0,1.44858932741352,-7.9061958323989e-05,0.5
0,0,1.44718721788331,-8.17465824170254e-05,0.5
0,0.00150156096405546,1.44583327423779,-8.43803370552545e-05,0.5
0,0.00455101613345835,1.44860152891354,-8.12283739677453e-05,0.5
0,0.00720909498638896,1.45142453218016,-7.78097131641271e-05,0.5
0,0.00935050994094273,1.45128118179595,-7.85266878732828e-05,0.5
0,0.0120929186955117,1.45383262648965,-7.55184223628251e-05,0.5
0,0.0144349005593402,1.45620516145905,-7.25783587592416e-05,0.5
0,0.0171980525616407,1.46134304201015,-6.57179324853979e-05,0.5
0,0.0193375284488067,1.46523818565044,-6.03829287668234e-05,0.5
0,0.021531777885249,1.46983939112817,-5.4015757754834e-05,0.5
0,0.0234862523009722,1.4747347189689,-4.70724991107518e-05,0.5
0,0.0266114693264026,1.48639094127999,-3.0461231221456e-05,0.5
0,0.0117475985362794,1.49199116375962,-1.83983707469214e-05,0.5
0,0.0240516236146732,1.49736882171963,-1.28464035342151e-05,0.5
0,0,1.50614601835925,6.06890989131352e-06,0.5
0,0.0107938365403016,1.49418071728163,-1.37640828298897e-05,0.5
0,0.0113800891381801,1.51441758040968,1.62715700604804e-05,0.5
0,0.00989377691459322,1.51742972354444,2.21372920628431e-05,0.5
0.00814912384284813,0.0103491247187019,1.52326443464146,3.12521410605445e-05,0.5
0.0300065776172328,0.0110033843747961,1.53246509323641,4.56617030951248e-05,0.5
0.045541569960024,0.00841497062003547,1.53923939886033,5.7259766012967e-05,0.5
0.0592026456049594,0.00907039816218844,1.54486162216929,6.65346484526467e-05,0.5
0.0783875437359479,0.00537200152143351,1.55334427339701,8.09974736991929e-05,0.5
0.0776919433986972,0.00376141142128539,1.55293059891595,8.18477434239751e-05,0.5
0.084437127192544,0.00100377982343265,1.55587775599723,8.77390323337621e-05,0.5
0.0779705174475506,0,1.55323658560439,8.56227888720924e-05,0.5
0.0663083000688089,0,1.54834286511931,7.9919580680524e-05,0.5
0.0617855545114976,0,1.54642082680989,7.83766484393667e-05,0.5
0.0542349265567716,0,1.54322878847333,7.49913912211648e-05,0.5
0.0471571268441476,0,1.54019348215483,7.16396363844331e-05,0.5
0.0403114354980244,0,1.53723550053128,6.83058717303125e-05,0.5
0.0337411637808131,0,1.53436912413821,6.49925614095589e-05,0.5
0.027433218229661,0,1.53159003122871,6.17027234047574e-05,0.5
0.0213801730739989,0,1.52889576898983,5.84376788925039e-05,0.5
0.0155739516560618,0,1.52628367003508,5.51989765785313e-05,0.5
0.0100068725681199,0,1.52375119757819,5.19879967746254e-05,0.5
0.00467150587261286,0,1.52129589792846,4.88060260434312e-05,0.5
0,0,1.51891540410523,4.5654250480107e-05,0.5
0,0,1.51660743150257,4.2533762702953e-05,0.5
0,0,1.51436977484401,3.94455664331264e-05,0.5
0,0,1.51220030509067,3.63905811912103e-05,0.5
0,0,1.5100969665041,3.33696467173758e-05,0.5
0,0,1.50805777382744,3.03835271875119e-05,0.5
0,0,1.50608080958427,2.74329152256588e-05,0.5
0,0,1.50416422148917,2.45184357237805e-05,0.5
0,0,1.50230621996543,2.16406494777495e-05,0.5
0,0,1.50050507576503,1.8800056648248e-05,0.5
0,0,1.49875911768651,1.59971000548355e-05,0.5
0,0,1.49706673038643,1.32321683110498e-05,0.5
0,0,1.49542635228044,1.05055988080319e-05,0.5
0,0,1.49383647352994,7.81768055381161e-06,0.5
0,0,1.4922956341108,5.16865687505275e-06,0.5
0,0,1.4908024219604,2.55872798773396e-06,0.5
0,0,1.48935547119982,-1.19465570635925e-08,0.5
0,0,1.48795346042777,-2.54324554638294e-06,0.5
0,0,1.48659511108331,-5.03508389203055e-06,0.5
0,0,1.48527918587437,-7.48741052529093e-06,0.5
0,0,1.4840044872692,-9.90020639463057e-06,0.5
0,0,1.48276985604823,-1.22734825615448e-05,0.5
0,0,1.48157416991354,-1.46072783899295e-05,0.5
0,0,1.48041634215372,-1.6901659824576e-05,0.5
0,0,1.47929532036161,-1.9156717754595e-05,0.5
0,0,1.4782100852028,-2.1372566457773e-05,0.5
0,0,1.47715964923264,-2.35493421220491e-05,0.5
0,0,1.47614305575983,-2.5687201440484e-05,0.5
0,0,1.47515937775452,-2.77863202762571e-05,0.5
0,0,1.47420771679917,-2.98468923943953e-05,0.5
0,0,1.4732872020803,-3.18691282570876e-05,0.5
0,0,1.47239698941942,-3.36846178269842e-05,0.5
0,0,1.47147470195387,-3.58336868073359e-05,0.5
0,0,1.47063342210653,-3.69247678663406e-05,0.5
0,0,1.46951092575106,-3.97870299394159e-05,0.5
0,0,1.46866532854471,-4.13098376880657e-05,0.5
0,0,1.46767068324433,-4.35991435280778e-05,0.5
0,0,1.46678934010516,-4.55241496364402e-05,0.5
0,0,1.46590778570098,-4.74528967067665e-05,0.5
0,0,1.46504099064753,-4.92416618963034e-05,0.5
0,0,1.46414220455461,-5.13819750656617e-05,0.5
0,0,1.46333046464633,-5.23060647097717e-05,0.5
0,0,1.46218808688196,-5.5280544657734e-05,0.5
0,0,1.46136233262116,-5.69104565974857e-05,0.5
0,0,1.46042728552562,-5.90048012936992e-05,0.5
0,0,1.4595612793536,-6.09489159606467e-05,0.5
0,0,1.45871475790508,-6.27504226496283e-05,0.5
0,0,1.45784121096705,-6.48019469561418e-05,0.5
0,0,1.45704188400711,-6.61795688144838e-05,0.5
0,0,1.45604954218964,-6.86178628435949e-05,0.5
0,0,1.45525846197077,-6.98792985565724e-05,0.5
0,0,1.45421696875975,-7.23892229291559e-05,0.5
0,0,1.45339207481188,-7.38822426586789e-05,0.5
0,0,1.45240169322977,-7.61835632525165e-05,0.5
0,0,1.45155671479013,-7.77913285686522e-05,0.5
0,0,1.45059522367997,-8.0019442265965e-05,0.5
0,0.000194283076486726,1.44975844548758,-8.18601357244356e-05,0.5
0,0.00305702122582148,1.4497976942258,-8.25364048654827e-05,0.5
0,0.00618714280653726,1.45183518908614,-8.03749846468981e-05,0.5
0,0.00907198385819955,1.45365741144938,-7.84036040767298e-05,0.5
0,0.0123395894261745,1.45808089110309,-7.27655897527831e-05,0.5
0,0.0159422826082349,1.46661984898134,-6.11676600207979e-05,0.5
0,0.0187371594078495,1.4733738598747,-5.17278949337489e-05,0.5
0,0.0216299951973061,1.48141716427157,-4.03910651543206e-05,0.5
0,0.0242154284687664,1.49009473525625,-2.78689962925e-05,0.5
0,0.0113288080567581,1.49716745283788,-1.41712342149387e-05,0.5
0,0.0229443248353052,1.50293706405994,-7.70901091636051e-06,0.5
0.00488989458868923,0,1.51140514607699,1.07281711092683e-05,0.5
0,0.0102538054499744,1.50030678224711,-7.67681802258657e-06,0.5
0.0300829594108658,0.010896945488616,1.52033327083598,2.20257897733151e-05,0.5
0.0382364899511824,0.0096838936553762,1.52367908073348,2.84762291336335e-05,0.5
0.0534528504056773,0.0103767884769757,1.52989960828997,3.82403513989497e-05,0.5
0.0659977497415511,0.0100310999844091,1.53506598902804,4.69683372236158e-05,0.5
0.0799782509151688,0.00976801603859281,1.54085091144358,5.6611483456851e-05,0.5
0.0927473698577247,0.00906548738825053,1.54615338083463,6.57348015978488e-05,0.5
0.104177429477823,0.00799598019985131,1.55090904687563,7.4165809738705e-05,0.5
0.114080942256512,0.00652846706406183,1.5550391116446,8.17846617930225e-05,0.5
0.121803084774221,0.00458917453941282,1.55826469533332,8.81640565019929e-05,0.5
0.126288063654312,0.00206152859092153,1.56013586575322,9.26162991868385e-05,0.5
0.125047586680397,0,1.55959622146522,9.35610794837319e-05,0.5
0.11164987995602,0,1.55391693781062,8.69548200866125e-05,0.5
0.109103768132807,0,1.55274152288357,8.65558887288178e-05,0.5
0.102516370706798,0,1.54989262998068,8.38411862924864e-05,0.5
0.0964384418213784,0,1.54721242434786,8.11453353318167e-05,0.5
0.0905436517678752,0,1.54459328162882,7.8456136051892e-05,0.5
0.0848917262458336,0,1.54205489289911,7.57739956364195e-05,0.5
0.0794691531417387,0,1.53959279966194,7.31026615374974e-05,0.5
0.0742698284035968,0,1.53720498593128,7.04434601814331e-05,0.5
0.0692866779293197,0,1.53488911584587,6.77980871741916e-05,0.5
0.0645130186158542,0,1.53264298271677,6.51680548164494e-05,0.5
0.0599423760600526,0,1.53046444880665,6.25547899746837e-05,0.5
0.055568503157551,0,1.52835145147333,5.99596230271082e-05,0.5
0.0513853677335431,0,1.52630199907963,5.73837948653691e-05,0.5
0.0473871449420308,0,1.52431416847986,5.48284609001854e-05,0.5
0.0435682093147314,0,1.52238610239056,5.22946953101558e-05,0.5
0.0399231272292906,0,1.52051600689996,4.97834950329243e-05,0.5
0.0364466496678119,0,1.51870214907349,4.72957835841765e-05,0.5
0.0331337052703489,0,1.51694285465693,4.4832414700823e-05,0.5
0.0299793936683161,0,1.51523650587218,4.23941758180037e-05,0.5
0.0269789790863478,0,1.5135815393018,3.99817913871328e-05,0.5
0.0241278842011985,0,1.51197644385869,3.75959260421773e-05,0.5
0.0214216842468458,0,1.51041975883716,3.52371876209914e-05,0.5
0.0188561013554204,0,1.50891007204203,3.29061300482252e-05,0.5
0.0164269991240444,0,1.50744601799253,3.06032560860312e-05,0.5
0.0141303773980923,0,1.50602627619776,2.83290199585093e-05,0.5
0.0119623672618034,0,1.50464956950072,2.60838298555636e-05,0.5
0.00991922622756786,0,1.50331466248813,2.38680503215869e-05,0.5
0.00799733361558957,0,1.50202035996322,2.16820045341455e-05,0.5
0.00619318611598493,0,1.50076550547882,1.95259764776016e-05,0.5
0,0,1.49954897992837,1.77127765158908e-05,0.5
0,0,1.49808199173886,1.50171153468948e-05,0.5
0,0,1.49687801315644,1.39800719008068e-05,0.5
0,0,1.49467178879615,9.75806553155761e-06,0.5
0,0,1.49327038621385,7.54630505412369e-06,0.5
0,0,1.49163610911657,4.75120756291559e-06,0.5
0,0,1.49008376147575,2.0490293298302e-06,0.5
0,0,1.48857349738421,-6.20098321183375e-07,0.5
0,0,1.48711089172489,-3.24733944782148e-06,0.5
0,0,1.48569401379264,-5.4549890039579e-06,0.5
0,0,1.48400525861392,-8.67506093286858e-06,0.5
0,0,1.48261149912143,-1.05078454840148e-05,0.5
0,0,1.48061175534306,-1.43668627216009e-05,0.5
0,0,1.47911338229976,-1.69099052024192e-05,0.5
0,0,1.47745057612623,-1.99428676486311e-05,0.5
0,0,1.47589617330426,-2.2690678272434e-05,0.5
0,0,1.474288288625,-2.57103416054851e-05,0.5
0,0,1.47279945409895,-2.77043245128913e-05,0.5
0,0,1.47067337650521,-3.18889768377588e-05,0.5
0,0,1.46912514787543,-3.42902105002975e-05,0.5
0,0,1.46716571481867,-3.79666641549304e-05,0.5
0,0,1.46549821639724,-4.09791090371864e-05,0.5
0,0,1.46380157841773,-4.41235539007512e-05,0.5
0,0,1.46217044200602,-4.68100407520684e-05,0.5
0,0,1.46027152008667,-5.04925860687471e-05,0.5
0,0,1.45868057086333,-5.2731947724825e-05,0.5
0,0,1.45645845079389,-5.70618522193695e-05,0.5
0,0,1.45477516802299,-6.00292984152076e-05,0.5
0,0,1.4529388818443,-6.34357986703311e-05,0.5
0,0,1.45120992204738,-6.66051178922645e-05,0.5
0,0,1.44946423168363,-6.98407296420537e-05,0.5
0,0,1.4477451908212,-7.29298345313459e-05,0.5
0,0,1.44596544454725,-7.63763368205455e-05,0.5
0,0,1.44433705247965,-7.89311330019383e-05,0.5
0,0,1.44230633617057,-8.29682196933072e-05,0.5
0,0,1.44067367165921,-8.5507954821437e-05,0.5
0,0,1.43859972678557,-8.95622432285181e-05,0.5
0,0,1.43690005457715,-9.2440809602341e-05,0.5
0,0,1.43494993704617,-9.61902690954657e-05,0.5
0,0,1.43323259112764,-9.91572496935936e-05,0.5
0,0,1.43131983809192,-0.000102865321790766,0.5
0,0,1.42963181947589,-0.00010566600519461,0.5
0,0,1.42764578515243,-0.000109559324696005,0.5
0,0,1.42596814866702,-0.000112287228091948,0.5
0,0,1.42393915236012,-0.000116252403743044,0.5
0,0,1.4222419067603,-0.000119069282813894,0.5
0,0,1.4202676096508,-0.000122924241134941,0.5
0,0,1.41856337485673,-0.000125795880368963,0.5
0,0,1.41662462640882,-0.000129589036101603,0.5
0,0,1.41493787069162,-0.000132774709213316,0.5
0,0,1.413240877885,-0.000136061653988628,0.5
0,0,1.4116155369249,-0.000139259626021179,0.5
0,0,1.4100474589113,-0.000142391659919393,0.5
0,0,1.40853713520798,-0.000145455083086956,0.5
0,0.0025886852044235,1.40708266498141,-0.000148450845207144,0.5
0,0.00720363167907843,1.40984173246,-0.000145630221679622,0.5
0,0.0113624968784405,1.41235217574703,-0.000142967308229385,0.5
0,0.0155675839443484,1.41562658540987,-0.000139222099738372,0.5
0,0.0195885875998164,1.41969217072731,-0.000134260914350937,0.5
0,0.0236732710010606,1.42717464606488,-0.000124450882205865,0.5
0,0.0271138185876128,1.43336913491752,-0.00011613842868369,0.5
0,0.0304917694069145,1.44054408329389,-0.000106378081481894,0.5
0,0.0335040309992064,1.44815670400499,-9.57778678411764e-05,0.5
0,0.0294181610443359,1.45745375144193,-8.09140276015757e-05,0.5
0,0.0345079411501283,1.46552942096487,-6.99665818713514e-05,0.5
0,0.0142088676426461,1.47249777917542,-5.4424283011675e-05,0.5
0,0.0304695856607131,1.47830029939522,-4.93627712329498e-05,0.5
0,0,1.48506326956108,-2.54452817265298e-05,0.5
0,0.00735242505269344,1.47349033563029,-5.03622039495622e-05,0.5
0,0.000176328239622016,1.49147977904394,-2.18336367376647e-05,0.5
0,0,1.47891946687318,-3.84856936668124e-05,0.5
0,0,1.4783907104673,-3.93514220164718e-05,0.5
0,0,1.47607408315599,-4.21344688292003e-05,0.5
0,0,1.47344743152763,-4.56414041567554e-05,0.5
0,0,1.47089529801405,-4.90918359602586e-05,0.5
0,0,1.46842520225529,-5.24996514563386e-05,0.5
0,0,1.46603761645509,-5.58590135414334e-05,0.5
0,0,1.46373003318574,-5.91697020905486e-05,0.5
0,0,1.46149995954827,-6.24311754485508e-05,0.5
0,0,1.45934496655851,-6.56430092403234e-05,0.5
0,0.000437255825249688,1.45726271045904,-6.88048441189207e-05,0.5
0,0.0023900727861703,1.45879786018809,-6.69286004505877e-05,0.5
0,0.00442224627372363,1.46252084161313,-6.18492124464497e-05,0.5
0,0.00632769439257911,1.46664539320205,-5.60945355658249e-05,0.5
0,0.00859690348112658,1.47359516962227,-4.62689566057746e-05,0.5
0,0.0105013884356913,1.48085816689896,-3.57456769852749e-05,0.5
0,0.0123303127531715,1.48901355161659,-2.37988703315575e-05,0.5
0,0.00284989019910157,1.4964533509505,-1.03178320719936e-05,0.5
0,0.00932103489832048,1.49546872623477,-1.26709193717176e-05,0.5
0,0.00964741809520179,1.5099217226741,8.993215141404e-06,0.5
0,0.00773578399057705,1.51544713415754,1.8471278053834e-05,0.5
0.0146666988075684,0.00897926213325667,1.52163496899556,2.80641559792223e-05,0.5
0.0348359339914039,0.0089355623611309,1.53026415242989,4.17484120636301e-05,0.5
0.0512373279105422,0.00840606487570282,1.5372995205115,5.33229810673748e-05,0.5
0.0668321347521305,0.00759371527747493,1.54401075223073,6.45200305734201e-05,0.5
0.08073908275849,0.00626957794845202,1.55003769947266,7.48883059857777e-05,0.5
0.0957713961970253,0.00490422679577395,1.55656048574625,8.60782575750533e-05,0.5
0.104570800251476,0.00233081288654758,1.56048469502972,9.3665943017759e-05,0.5
0.104195931313698,0,1.56054748435597,9.56251062969264e-05,0.5
0.0831400729837872,0,1.55188103972646,8.47770730251904e-05,0.5
0.080480361881961,0,1.55085098620692,8.45776918147675e-05,0.5
0.0709421276628821,0,1.54698281757864,8.04679597881562e-05,0.5
0.0622013461628678,0,1.54337862275699,7.64283587983792e-05,0.5
0.0536912412349617,0,1.53985140402926,7.24136753182416e-05,0.5
0.0455184916977983,0,1.53643634709651,6.84278707675367e-05,0.5
0.0376617341886271,0,1.53312640088604,6.44757149393366e-05,0.5
0.0301127697687137,0,1.52991885616034,6.05582642160328e-05,0.5
0.0228615641797632,0,1.52681039821899,5.66772212948986e-05,0.5
0.015898711504462,0,1.52379792002191,5.28340220762526e-05,0.5
0.0092150992022352,0,1.52087841149602,4.90300062155954e-05,0.5
0.00280194640921835,0,1.51804897219239,4.52663948404606e-05,0.5
0,0,1.51530680453546,4.15443013940927e-05,0.5
0,0,1.51264921010406,3.78647368479578e-05,0.5
0,0,1.51007358563925,3.42286154849928e-05,0.5
0,0,1.50757741928954,3.06367602623383e-05,0.5
0,0,1.50515828700685,2.70899079245841e-05,0.5
0,0,1.5028138490985,2.35887138560155e-05,0.5
0,0,1.50054184692603,2.01337566884781e-05,0.5
0,0,1.49834009974475,1.67255426763668e-05,0.5
0,0,1.49620650167731,1.33645098503416e-05,0.5
0,0,1.4941390188156,1.0051031960691e-05,0.5
0,0,1.49213568644483,6.78542222073805e-06,0.5
0,0,1.49019460638458,3.56793686016289e-06,0.5
0,0,1.48831394444147,3.98778497627431e-07,0.5
0,0,1.48649192796843,-2.72190065837886e-06,0.5
0,0,1.48472684352588,-5.79399577199478e-06,0.5
0,0,1.48301703464018,-8.8174464976872e-06,0.5
0,0,1.48136089965521,-1.17922342455362e-05,0.5
0,0,1.47975688967278,-1.47183795868252e-05,0.5
0,0,1.47820350657797,-1.75959397930154e-05,0.5
0,0,1.47669930114575,-2.04250065015255e-05,0.5
0,0,1.47524287122527,-2.32057035020614e-05,0.5
0,0,1.47383285999829,-2.59381846375503e-05,0.5
0,0,1.47246795430868,-2.86226318140247e-05,0.5
0,0,1.47114688305981,-3.12592531140799e-05,0.5
0,0,1.46986841567678,-3.38482810087957e-05,0.5
0,0,1.46863136063092,-3.63899706632591e-05,0.5
0,0,1.4674345640235,-3.88845983310691e-05,0.5
0,0,1.46627690822647,-4.11806281173981e-05,0.5
0,0,1.46505479652914,-4.38182630580782e-05,0.5
0,0,1.46395243133202,-4.56753054444797e-05,0.5
0,0,1.46252686849856,-4.88065518971019e-05,0.5
0,0,1.46140760662755,-5.10912836203604e-05,0.5
0,0,1.46022497531116,-5.35815795660713e-05,0.5
0,0,1.45909521497023,-5.599964101788e-05,0.5
0,0,1.45800085144793,-5.83743412619561e-05,0.5
0,0,1.45694376758988,-6.07018029880096e-05,0.5
0,0,1.4559226994238,-6.29825428138349e-05,0.5
0,0,1.45493669507235,-6.52169587651466e-05,0.5
0,0,1.45398479036768,-6.74054632974293e-05,0.5
0,0,1.45306605524588,-6.95484827580043e-05,0.5
0,0,1.45217958725875,-7.1646452323548e-05,0.5
0,0,1.45132451139778,-7.36998159470246e-05,0.5
0,0,1.45049997903126,-7.57090253095267e-05,0.5
0,0,1.4497051670047,-7.76745390131091e-05,0.5
0,0.000146172707697825,1.44893927675776,-7.95968217886818e-05,0.5
0,0.00341603733534389,1.4499825100678,-7.8990502630398e-05,0.5
0,0.00716500260866672,1.45533735858768,-7.22745094426086e-05,0.5
0,0.0104098678758492,1.46034057107655,-6.5789504502024e-05,0.5
0,0.0137117653098643,1.46642676712322,-5.77021301963989e-05,0.5
0,0.0168336422302572,1.47349994321965,-4.80158495035131e-05,0.5
0,0.0197381515566951,1.4812199284461,-3.72031846384088e-05,0.5
0,0.0052454268954338,1.48937397036948,-2.1809560989602e-05,0.5
0,0.0181332381341137,1.49131637039189,-2.14161410656438e-05,0.5
0.009219717725315,0,1.50260056450593,6.25710813087069e-07,0.5
0,0.00699631233655035,1.49093385232041,-1.87449248832329e-05,0.5
0.00339877658867628,0,1.50986428254,1.00663658372948e-05,0.5
0,0,1.49508777551501,-1.01971288293237e-05,0.5
0,0,1.49729195464713,-7.11093068866306e-06,0.5
0,0,1.49495288734683,-9.79485309706747e-06,0.5
0,0,1.49298769798558,-1.23615755187295e-05,0.5
0,0,1.49102637447731,-1.490485944558e-05,0.5
0,0,1.48913424279305,-1.74242691974707e-05,0.5
0,0,1.48730257184843,-1.98292513078805e-05,0.5
0,0,1.4854661266586,-2.23449821779504e-05,0.5
0,0,1.48367448226979,-2.46694386252997e-05,0.5
0,0,1.48178697423392,-2.75084368256133e-05,0.5
0,0,1.48008678124585,-2.93827112461118e-05,0.5
0,0,1.4779615055189,-3.28415902605326e-05,0.5
0,0,1.47624216345814,-3.48720169932559e-05,0.5
0,0,1.47412721009439,-3.82968427629289e-05,0.5
0,0,1.47234756658435,-4.09292656599938e-05,0.5
0,0,1.47052672259562,-4.37555290777557e-05,0.5
0,0,1.46877874688198,-4.65167087822111e-05,0.5
0,0,1.46708630601409,-4.92384447854071e-05,0.5
0,0,1.46545044494281,-5.19166545194217e-05,0.5
0,0,1.46386923892762,-5.4551288258334e-05,0.5
0,0,1.46234109242865,-5.71422223708927e-05,0.5
0,0,1.46086442340222,-5.96893779067889e-05,0.5
0,0,1.45943770756604,-6.21927194115144e-05,0.5
0,0.00121218414693712,1.45805947096593,-6.46522483581251e-05,0.5
0,0.00426569108203806,1.46262922928599,-5.87963896506888e-05,0.5
0,0.00690472021871068,1.46807201227751,-5.14304693271969e-05,0.5
0,0.00953230425049953,1.47418266374364,-4.3019121028683e-05,0.5
0,0.0121349918472082,1.48170125145547,-3.24456762961851e-05,0.5
0,0.0145646632533416,1.49017386644169,-2.02872873383676e-05,0.5
0,0.00412108282101702,1.49755802288406,-6.8295702425329e-06,0.5
0,0.0127280412628876,1.4987344845322,-6.49555828042679e-06,0.5
0.0268143469304689,0.00577996071013564,1.51144325921738,1.40332257380143e-05,0.5
0.0318811837437122,0.00997806713584846,1.51295180963629,1.61728446115945e-05,0.5
0.0564682347243139,0.00432477560160927,1.52398896051256,3.41101510215333e-05,0.5
0.060553404780534,0.007138969323977,1.52521137006454,3.6272826913226e-05,0.5
0.0846684111711256,0.00734970223000084,1.53544291158934,5.20862882187289e-05,0.5
0.0991629064102934,0.00675795695139083,1.54156339677171,6.23738594658746e-05,0.5
0.113606112660362,0.00622556359213277,1.54765214912581,7.25280308180366e-05,0.5
0.127380675672571,0.00528083534140022,1.55349286204787,8.25190283937778e-05,0.5
0.13839983883096,0.00371650518867005,1.55819391314204,9.09855902985448e-05,0.5
0.144912203839632,0.00132810509679077,1.56101005793708,9.67926913957743e-05,0.5
0.141812391994353,0,1.55978095614011,9.67450491329751e-05,0.5
0.127219785212501,0,1.55367887157085,8.94762791828495e-05,0.5
0.124173174637667,0,1.55237458495701,8.88639057508865e-05,0.5
0.116539329521086,0,1.54916678031733,8.55984396722033e-05,0.5
0.109478059206489,0,1.54614858746391,8.23681737909306e-05,0.5
0.102624347431918,0,1.54319960156692,7.91525169314144e-05,0.5
0.0960466190166712,0,1.54034238557754,7.59532380571956e-05,0.5
0.089729448907748,0,1.53757184900258,7.27741859990094e-05,0.5
0.0836658582219379,0,1.53488568648606,6.96166153344057e-05,0.5
0.0778477491044916,0,1.53228122364929,6.64821900777851e-05,0.5
0.0722674766172306,0,1.52975593576486,6.33723725485596e-05,0.5
0.0669176371137716,0,1.52730737783772,6.02885344094852e-05,0.5
0.0617910899877944,0,1.52493319178995,5.72319437868541e-05,0.5
0.0568809430800223,0,1.52263110163435,5.42037732662065e-05,0.5
0.0521805437421736,0,1.52039891051869,5.12051043694782e-05,0.5
0.0476834694841764,0,1.51823449763238,4.82369323253392e-05,0.5
0.0433835191272391,0,1.51613581528038,4.53001705356847e-05,0.5
0.0392747043059512,0,1.51410088607281,4.23956548416538e-05,0.5
0.0353512413249486,0,1.51212780023174,3.95241475846476e-05,0.5
0.0316075433515144,0,1.51021471300936,3.66863414740829e-05,0.5
0.0280382129299518,0,1.50835984221247,3.38828632706113e-05,0.5
0.0246380348036545,0,1.5065614658289,3.11142772934987e-05,0.5
0.0129818001280137,0,1.50481791975133,2.87251006657827e-05,0.5
0.0151618356231087,0,1.50291832756012,2.54956876219663e-05,0.5
0,0,1.5012402561906,2.41291480170892e-05,0.5
0,0,1.49877753901506,1.93982362238939e-05,0.5
0,0,1.49700377348002,1.67868374087233e-05,0.5
0,0,1.49504351055465,1.35594200506688e-05,0.5
0,0,1.49317721067184,1.0444000996631e-05,0.5
0,0,1.4913621495447,7.36429350445131e-06,0.5
0,0,1.48960392552668,4.33203731156644e-06,0.5
0,0,1.48790031069178,1.34692884823166e-06,0.5
0,0,1.4862498148895,-1.3579057727823e-06,0.5
0,0,1.48452855473745,-4.57949435252693e-06,0.5
0,0,1.48295820762485,-5.83788448430378e-06,0.5
0,0,1.48057886969626,-1.09298243744712e-05,0.5
0,0,1.47893192052006,-1.35609879150064e-05,0.5
0,0,1.477071062203,-1.69098560820257e-05,0.5
0,0,1.47530932784654,-2.01209560925756e-05,0.5
0,0,1.47359569628129,-2.32908786615239e-05,0.5
0,0,1.47193728281474,-2.6405005668792e-05,0.5
0,0,1.47033181334108,-2.94641662815028e-05,0.5
0,0,1.46877787911139,-3.24685742270177e-05,0.5
0,0,1.46727399884928,-3.51476016302568e-05,0.5
0,0,1.46565658909582,-3.84440522113757e-05,0.5
0,0,1.46421899478989,-4.09211192266701e-05,0.5
0,0,1.46252390269807,-4.43734583103322e-05,0.5
0,0,1.46108715992601,-4.68091246316986e-05,0.5
0,0,1.45933884524643,-5.03629749406914e-05,0.5
0,0,1.45787522204835,-5.28623139477788e-05,0.5
0,0,1.45611392103636,-5.6420525676185e-05,0.5
0,0,1.4546226786512,-5.89948856493109e-05,0.5
0,0,1.45285939205274,-6.25455218389548e-05,0.5
0,0,1.45135189686671,-6.51395197947293e-05,0.5
0,0,1.44956762462867,-6.87321959750838e-05,0.5
0,0,1.44804835543633,-7.13246046586636e-05,0.5
0,0,1.4462350463983,-7.49713355548415e-05,0.5
0,0,1.44470012461643,-7.75862185337305e-05,0.5
0,0,1.44289620937929,-8.12274492360923e-05,0.5
0,0,1.44135073659574,-8.38696355254776e-05,0.5
0,0,1.43955033717122,-8.75039220307505e-05,0.5
0,0,1.43800343289945,-9.01525358612761e-05,0.5
0,0,1.43620270081886,-9.37904850416446e-05,0.5
0,0,1.43465682900734,-9.64319872144099e-05,0.5
0,0,1.43285153145,-0.000100081556601249,0.5
0,0,1.43130623320159,-0.000102718859489247,0.5
0,0,1.42949824147582,-0.000106372519960519,0.5
0,0,1.42795263609836,-0.000109011307777858,0.5
0,0,1.42617240598236,-0.000112632834878796,0.5
0,0,1.42463379121708,-0.000115262201255564,0.5
0,0,1.42286768983015,-0.000118865268560217,0.5
0,0,1.42134289106026,-0.000121473393142095,0.5
0,0,1.41958868033003,-0.000125060806538266,0.5
0,0,1.41807745847502,-0.000127646377169846,0.5
0,0,1.41633459688155,-0.000131216815320349,0.5
0,0,1.41483622233435,-0.000133781387462076,0.5
0,0,1.41310527006024,-0.00013733145735729,0.5
0,0,1.41161934677736,-0.00013987472338376,0.5
0,0,1.40990029536594,-0.000143403202194153,0.5
0,0,1.40842676229175,-0.000145922967492951,0.5
0,0,1.40671889246343,-0.000149430379428296,0.5
0,0,1.40525758876273,-0.000151925306480923,0.5
0,0.000876223046170655,1.40356040852946,-0.000155411378006576,0.5
0,0,1.40512957307085,-0.000153709094426101,0.5
0,0.00634038770895297,1.40119511490359,-0.000160141435620255,0.5
0,0.00610532353541924,1.40858764315588,-0.000150535136538739,0.5
0,0.0122299242605711,1.40723943729263,-0.000153016082410421,0.5
0,0.0159234975998175,1.41202108439304,-0.000147143477754805,0.5
0,0.0199156126792739,1.4206927891807,-0.000135562372326482,0.5
0,0.0233187758417925,1.42716012831425,-0.000126777543988516,0.5
0,0.0241319797489141,1.43734386601308,-0.00011202920881632,0.5
0,0.0245000921635625,1.44505821449704,-0.000100504174177977,0.5
0,0.00137203860566278,1.45206595801383,-8.41115320404056e-05,0.5
0,0.0201855977849281,1.44720935146754,-9.5462487906637e-05,0.5
0,0,1.46454876132353,-6.49099927359101e-05,0.5
0,0.00960202323953349,1.44856218455417,-8.99549706693121e-05,0.5
0,0.012030254920357,1.47165934361967,-5.69096395679182e-05,0.5
0,0,1.47440133721687,-4.85216649851115e-05,0.5
0,0.00474902229253405,1.46144810784431,-6.88440387533784e-05,0.5
0,0.00644428866628052,1.47821189966037,-4.4480673506699e-05,0.5
0,0.00582835231101442,1.48163529823407,-3.85040088398741e-05,0.5
0,0.00658421395434741,1.48617287259658,-3.15291124508757e-05,0.5
0,0.00721882307432345,1.49268289974148,-2.14705837237713e-05,0.5
0,0.00747635565125226,1.49900527498016,-1.15072084013914e-05,0.5
0,0.00749185133864185,1.50523844504565,-1.5598080596628e-06,0.5
0,0.0072130163237275,1.51136180607473,8.36333422741329e-06,0.5
0,0.00657504395883876,1.51710625902325,1.78689068455461e-05,0.5
0,0.00551807286677819,1.52218583042777,2.65264041735234e-05,0.5
0,0.00395386292141538,1.52621309119139,3.3752402985536e-05,0.5
0,0.00172967807478654,1.52853273136913,3.8563787141166e-05,0.5
0,0,1.52847419805896,3.99310718365287e-05,0.5
0,0,1.52037566199734,2.96237992210677e-05,0.5
0,0,1.51894544781526,2.85172315625999e-05,0.5
0,0,1.51512310584819,2.41345386910365e-05,0.5
0,0,1.51155045222803,1.98398791267874e-05,0.5
0,0,1.5080622513745,1.55849845612889e-05,0.5
0,0,1.50468872188562,1.13747552408207e-05,0.5
0,0,1.50142305339997,7.21293588446035e-06,0.5
0,0,1.49826234198377,3.1001976130478e-06,0.5
0,0,1.49520315885119,-9.62247055351596e-07,0.5
0,0,1.49224228115314,-4.97342463901102e-06,0.5
0,0,1.48937658986467,-8.93244842133201e-06,0.5
0,0,1.48660308082116,-1.28385381279863e-05,0.5
0,0,1.48391885780076,-1.66910095329716e-05,0.5
0,0,1.48132112849764,-2.04892693475865e-05,0.5
0,0,1.4788072002595,-2.42328095953076e-05,0.5
0,0,1.47637447607754,-2.79212024134139e-05,0.5
0,0,1.4740204507433,-3.15540951134704e-05,0.5
0,0,1.4717427071761,-3.51312055106508e-05,0.5
0,0,1.46953891291137,-3.8652317504108e-05,0.5
0,0,1.4674068167426,-4.21172768958536e-05,0.5
0,0,1.46534424550953,-4.5525987435578e-05,0.5
0,0,1.46334910102594,-4.88784070796133e-05,0.5
0,0,1.4614193571404,-5.21745444528397e-05,0.5
0,0,1.45955305692398,-5.54144555029282e-05,0.5
0,0,1.45774830997879,-5.85982403368683e-05,0.5
0,0,1.456003289862,-6.17260402302506e-05,0.5
0,0,1.45431623161995,-6.47980348002791e-05,0.5
0,0,1.45268542942722,-6.78144393339535e-05,0.5
0,0,1.45110923432592,-7.07755022633112e-05,0.5
0,0,1.4495860520607,-7.36815027800411e-05,0.5
0,0,1.44811434100489,-7.65327485821823e-05,0.5
0,0,1.44669261017393,-7.93295737459985e-05,0.5
0,0,1.44531941732183,-8.20723367164796e-05,0.5
0,0,1.44399336711721,-8.47614184102626e-05,0.5
0,0,1.44271310939507,-8.73972204250849e-05,0.5
0,0.00149475292548307,1.44147733748105,-8.99801633501901e-05,0.5
0,0.00506792216424895,1.4459572862848,-8.45421631888505e-05,0.5
0,0.00838927214921249,1.45257350020381,-7.58225222253568e-05,0.5
0,0.011499099904057,1.45941181292711,-6.66059906756826e-05,0.5
0,0.0124260028965078,1.4692047879914,-5.24875589531536e-05,0.5
0,0.0029966665925015,1.47600980846667,-4.01567455537242e-05,0.5
0,0.0126775452736835,1.47679616207074,-4.10214210371992e-05,0.5
0,0,1.48988185638613,-1.85735210046183e-05,0.5
0,0.00541346433159743,1.47668914920398,-3.89877123500891e-05,0.5
0,0.00808713603161241,1.49515270093928,-1.25201079133319e-05,0.5
0,0.00815900544655719,1.50086939815659,-3.29128068985907e-06,0.5
0,0.00444450327176578,1.50814970455888,8.64364072305686e-06,0.5
0,0.00788640146507217,1.5120210723768,1.42808856230474e-05,0.5
0.0104612899709337,0.00430617889317141,1.52245797478114,3.1096428115516e-05,0.5
0.0172035969524326,0.00582327431824592,1.52498090979402,3.54069038513885e-05,0.5
0.0383980558614424,0.00581548419391665,1.53396772049033,4.95173692629725e-05,0.5
0.0565324031979109,0.00557748276392819,1.54164858795474,6.20636761842848e-05,0.5
0.0721126779611651,0.00486884662510481,1.54826123256313,7.31427260507065e-05,0.5
0.0821212206235495,0.00310412516189111,1.55254858246695,8.09979326791695e-05,0.5
0.0883082332604359,0.000666846589580264,1.55523413196182,8.65520703580355e-05,0.5
0.0810146218443511,0,1.55224399126297,8.3884288787319e-05,0.5
0.0695378607566978,0,1.54743568425619,7.83131900257587e-05,0.5
0.0652368414321133,0,1.54561778355448,7.69373390502729e-05,0.5
0.0575569960742517,0,1.54238131129064,7.35034090604487e-05,0.5
0.0503657934865614,0,1.53930680772582,7.01056147320008e-05,0.5
0.0434062631440993,0,1.536309501599,6.67261996978427e-05,0.5
0.0367269171358776,0,1.53340538934915,6.33681025520519e-05,0.5
0.0303141333779655,0,1.53058997471725,6.00344274195155e-05,0.5
0.0241604136559742,0,1.52786078080613,5.67264745972187e-05,0.5
0.0182575230170682,0,1.52521508783051,5.34457980441741e-05,0.5
0.0125976379523811,0,1.52265031195955,5.01937770994498e-05,0.5
0.00717319037709649,0,1.5201639537675,4.69716970392637e-05,0.5
0.00197688039155283,0,1.51775360244809,4.37807413565277e-05,0.5
0,0,1.51541693130298,4.06219990183311e-05,0.5
0,0,1.51315169463358,3.74964691061417e-05,0.5
0,0,1.51095572457208,3.44050656010639e-05,0.5
0,0,1.50882692807369,3.13486218820342e-05,0.5
0,0,1.50676328403007,2.83278950157341e-05,0.5
0,0,1.50476284050383,2.5343569837874e-05,0.5
0,0,1.50282371207791,2.23962628373234e-05,0.5
0,0,1.50094407731496,1.9486525852203e-05,0.5
0,0,1.49912217632189,1.66148495869005e-05,0.5
0,0,1.49735630841482,1.37816669584985e-05,0.5
0,0,1.49564482988037,1.09873562807057e-05,0.5
0,0,1.49398615182871,8.2322442929943e-06,0.5
0,0,1.49237873813465,5.51660904228079e-06,0.5
0,0,1.49082110346284,2.84068262413504e-06,0.5
0,0,1.48931181137342,2.04653790173682e-07,0.5
0,0,1.48784947250469,-2.39132957202578e-06,0.5
0,0,1.48643274282944,-4.94715808045308e-06,0.5
0,0,1.4850603219818,-7.46275861588586e-06,0.5
0,0,1.48373095165149,-9.93809218932557e-06,0.5
0,0,1.48244341404275,-1.23731519144315e-05,0.5
0,0,1.48119653039496,-1.47679610799818e-05,0.5
0,0,1.47998915956255,-1.71225713176281e-05,0.5
0,0,1.47882019665145,-1.94370608604298e-05,0.5
0,0,1.47768857170985,-2.17115328878736e-05,0.5
0,0,1.47659324847086,-2.394611395328e-05,0.5
0,0,1.47553322314494,-2.61409524896976e-05,0.5
0,0,1.47450752325991,-2.82962173905665e-05,0.5
0,0,1.47351520654668,-3.04120966616079e-05,0.5
0,0,1.47255535986857,-3.22810875080857e-05,0.5
0,0,1.4715512348983,-3.45690066898443e-05,0.5
0,0,1.47064237663029,-3.60446894335505e-05,0.5
0,0,1.46955935155975,-3.86453466809894e-05,0.5
0,0,1.46866264337403,-4.01064547110604e-05,0.5
0,0,1.46757963844817,-4.26664378032685e-05,0.5
0,0,1.4666692971528,-4.43402962568933e-05,0.5
0,0,1.46564432887519,-4.67010101498133e-05,0.5
0,0,1.46473677297857,-4.84106692543184e-05,0.5
0,0,1.4637540583209,-5.072484177282e-05,0.5
0,0,1.46287201699119,-5.22973164765315e-05,0.5
0,0,1.46188888198991,-5.46904568201675e-05,0.5
0,0,1.46103194336419,-5.61895497462681e-05,0.5
0,0,1.46005747685747,-5.85855140377458e-05,0.5
0,0,1.45921526102527,-6.01187483644158e-05,0.5
0,0,1.45826944749115,-6.24359256621836e-05,0.5
0,0,1.45744170673112,-6.39833237671831e-05,0.5
0,0,1.45652172649696,-6.62505204410369e-05,0.5
0,0,1.45571339054459,-6.77455197292755e-05,0.5
0,0,1.45480598418222,-7.00154251121057e-05,0.5
0,0,1.45401708049544,-7.18025561511719e-05,0.5
0,0,1.45321956953142,-7.36888068058737e-05,0.5
0,0,1.45245796197676,-7.55190589297939e-05,0.5
0,0,1.45172278706908,-7.73127289980335e-05,0.5
0,0.00145716073878007,1.45101479951084,-7.90672613777543e-05,0.5
0,0.00492512293002201,1.45435904075965,-7.51553162060623e-05,0.5
0,0.00804671209671528,1.45813898686785,-7.04191966211939e-05,0.5
0,0.0114755432252771,1.46437890299869,-6.21637064788428e-05,0.5
0,0.0149274049936214,1.47295401718245,-5.03849975422281e-05,0.5
0,0.010696318390479,1.48138527851722,-3.6882059151912e-05,0.5
0,0.0144393473291845,1.48930724442339,-2.58470385731748e-05,0.5
0,0,1.49564967068963,-9.80099885590604e-06,0.5
0,0.00480184965513167,1.48627202600208,-2.7524309965201e-05,0.5
0.000418839379559309,0.00354813314800516,1.5052725427377,7.84707269453378e-07,0.5
0.00233642096172818,0.00255296156527569,1.50584416168528,2.78339424839231e-06,0.5
0.0129414242032128,0.00371081159685848,1.50997313907218,8.99117528163662e-06,0.5
0.0341809463871084,0.0053957391864866,1.5187009211377,2.21754054486306e-05,0.5
0.0543884058324566,0.00573269429685785,1.52712043603339,3.54008100815701e-05,0.5
0.0706863102885122,0.00395984346178466,1.53404980645709,4.69262504575341e-05,0.5
0.0839198261542303,0.00550388074229984,1.53930150086662,5.54143313589238e-05,0.5
0.103404805120796,0,1.54815659633343,7.08867885623984e-05,0.5
0.075389827192397,0,1.53576672720034,5.39020398621509e-05,0.5
0.0806357649705253,0,1.53785098678105,5.79187658497653e-05,0.5
0.0748100227528351,0,1.53525706704241,5.55690426765615e-05,0.5
0.0699644078813301,0,1.53298717695748,5.32738730858179e-05,0.5
0.0651640290723009,0,1.5307328581483,5.09846793489084e-05,0.5
0.0605857162429399,0,1.52855243368364,4.86988390623229e-05,0.5
0.0562057967888831,0,1.52643809642359,4.6423282029283e-05,0.5
0.0520209813838917,0,1.52438875890345,4.41583993933208e-05,0.5
0.048024852450017,0,1.52240230183538,4.1905804422262e-05,0.5
0.0442116172347067,0,1.5204768123239,3.96667996083139e-05,0.5
0.0405756190400709,0,1.51861042242112,3.7442638706919e-05,0.5
0.0371114049585515,0,1.51680133150669,3.52344873085355e-05,0.5
0.0338137079411146,0,1.51504780035908,3.30434334538667e-05,0.5
0.0306774413417372,0,1.51334814935157,3.08704903908235e-05,0.5
0.027697691877448,0,1.51170075612438,2.87166003727447e-05,0.5
0.0248697131369363,0,1.51010405343827,2.65826381094936e-05,0.5
0.022188919310215,0,1.5085565271013,2.4469414089243e-05,0.5
0.0196508791763193,0,1.507056713981,2.23776777456308e-05,0.5
0.0172513103312614,0,1.50560320009593,2.0308120481872e-05,0.5
0.0149860736471805,0,1.50419461878387,1.82613785575087e-05,0.5
0.0128511679528182,0,1.50282964894312,1.62380358440409e-05,0.5
0.00875058082635579,0,1.50150701334408,1.43241024696345e-05,0.5
0.00773114800990863,0,1.50018034311333,1.22459285311092e-05,0.5
0,0,1.49892054599003,1.19254979579708e-05,0.5
0,0,1.49682200741706,7.61862609871156e-06,0.5
0,0,1.4954757116687,5.8672559318919e-06,0.5
0,0,1.49389533016428,3.34401221120342e-06,0.5
0,0,1.49240445944774,9.34836935845013e-07,0.5
0,0,1.49095249926499,-1.45412085997186e-06,0.5
0,0,1.48954679920081,-3.80837388105749e-06,0.5
0,0,1.4881853404603,-6.12813640205435e-06,0.5
0,0,1.48686695323396,-8.41316712207879e-06,0.5
0,0,1.48559038870074,-1.06632873808079e-05,0.5
0,0,1.48435445129369,-1.26597384457074e-05,0.5
0,0,1.48300911717703,-1.51872059076921e-05,0.5
0,0,1.4818218639139,-1.68320523345116e-05,0.5
0,0,1.48029702905068,-1.98121821450094e-05,0.5
0,0,1.47908299224635,-2.1530979115332e-05,0.5
0,0,1.47752695900946,-2.45304429915977e-05,0.5
0,0,1.47625116618765,-2.65435436561166e-05,0.5
0,0,1.47476311693927,-2.9365591798201e-05,0.5
0,0,1.47346343934996,-3.14645196150317e-05,0.5
0,0,1.4719775788952,-3.43186057462939e-05,0.5
0,0,1.47068335906931,-3.63310073828875e-05,0.5
0,0,1.4691313696684,-3.9365324537728e-05,0.5
0,0,1.4678278588774,-4.13749917825946e-05,0.5
0,0,1.46623678923961,-4.44912733343566e-05,0.5
0,0,1.46490575583339,-4.66095371771245e-05,0.5
0,0,1.46332203710656,-4.96990030927199e-05,0.5
0,0,1.46197011428008,-5.18938800956767e-05,0.5
0,0,1.46038826813772,-5.49886482066933e-05,0.5
0,0,1.45902881241095,-5.71851032698588e-05,0.5
0,0,1.45742225902565,-6.03497945402269e-05,0.5
0,0,1.45605538735113,-6.25479923808145e-05,0.5
0,0,1.45442370964993,-6.57718772334723e-05,0.5
0,0,1.45304305145555,-6.80113335331981e-05,0.5
0,0,1.45140297584703,-7.12509365335287e-05,0.5
0,0,1.45000855888074,-7.35351039431957e-05,0.5
0,0,1.44836476511905,-7.67845726070742e-05,0.5
0,0,1.44696155638402,-7.90873604955999e-05,0.5
0,0,1.4453064312056,-8.23669446469093e-05,0.5
0,0,1.44389656979294,-8.46777323084671e-05,0.5
0,0,1.44222714404273,-8.79909197941411e-05,0.5
0,0,1.44080930940349,-9.03192959435673e-05,0.5
0,0,1.43918415838686,-9.35953604533094e-05,0.5
0,0,1.43777114677818,-9.59300727275809e-05,0.5
0,0,1.43616621860886,-9.91889489428032e-05,0.5
0,0,1.43477079475623,-0.000101510946285277,0.5
0,0,1.43318335607138,-0.000104756499095423,0.5
0,0,1.43180571711096,-0.000107059280854519,0.5
0,0,1.43023337068169,-0.000110294381141109,0.5
0,0,1.4288725889289,-0.000112578792059183,0.5
0,0,1.42731521007372,-0.000115799880940754,0.5
0,0,1.42597020134394,-0.00011806822663674,0.5
0,0,1.4244283006804,-0.000121271339671258,0.5
0,0.00131652814007791,1.42309857660717,-0.000123876673981355,0.5
0,0.00529278682040927,1.426258080743,-0.000120338118548755,0.5
0,0.00896911081241916,1.4306770911902,-0.000114837081452918,0.5
0,0.0127592785449134,1.43757838819711,-0.000105778461852145,0.5
0,0.0161590510780194,1.44471721600083,-9.61407721794252e-05,0.5
0,0.0164989703912788,1.45457627342167,-8.17622304630314e-05,0.5
0,0.0172893064608822,1.46221530559293,-7.05138030283744e-05,0.5
0,0.0160117755349319,1.47049778112722,-5.77973174002745e-05,0.5
0,0.0182242304836102,1.47887192809765,-4.56406777000756e-05,0.5
0,0,1.48537124146021,-2.97878663032013e-05,0.5
0,0.00856581649691879,1.4738883416796,-4.9825212192396e-05,0.5
0,0.00838696275540246,1.49581494691557,-1.74364272705681e-05,0.5
0,0.00728568187627196,1.49847444113665,-1.22131075499464e-05,0.5
0,0.00831549924399906,1.50478898391984,-2.63929707427339e-06,0.5
0,0.00608379650449439,1.51383239053375,1.19601687117442e-05,0.5
0.00641908808135207,0.0042625973079864,1.52088796901215,2.36517062661432e-05,0.5
0.0195168159883253,0.00578759003962218,1.52626874551396,3.22474600086341e-05,0.5
0.0398115575936658,0.00269306163691885,1.53526702801657,4.7202465260864e-05,0.5
0.0415706541366401,0.00155467606644164,1.53597010212794,4.95782769435822e-05,0.5
0.0458825460842871,0,1.53793380776769,5.39236277209149e-05,0.5
0.0256520827214433,0,1.52949654180206,4.33328813259931e-05,0.5
0.0239151509646583,0,1.52874567855981,4.32610556276933e-05,0.5
0.0155521176014142,0,1.52526033514748,3.95092910528771e-05,0.5
0.0079545625522152,0,1.52202848548289,3.58250214281252e-05,0.5
0.000561751797989649,0,1.51886510231658,3.21675226593108e-05,0.5
0,0,1.51580471280602,2.85394255907521e-05,0.5
0,0,1.51284057608287,2.49452742420109e-05,0.5
0,0,1.50997025029208,2.13858810665916e-05,0.5
0,0,1.50719068741565,1.78627198802821e-05,0.5
0,0,1.5044990372424,1.43770110838243e-05,0.5
0,0,1.50189253741071,1.09298916769527e-05,0.5
0,0,1.49936852635644,7.5223923771761e-06,0.5
0,0,1.49692443690478,4.15544788288701e-06,0.5
0,0,1.49455779288363,8.29901518885838e-07,0.5
0,0,1.49226620544886,-2.45348951862995e-06,0.5
0,0,1.49004736963416,-5.69404931376251e-06,0.5
0,0,1.48789906103905,-8.89117860835786e-06,0.5
0,0,1.4858191326607,-1.20443504179828e-05,0.5
0,0,1.48380551186125,-1.51531058707947e-05,0.5
0,0,1.48185619746459,-1.82170502587807e-05,0.5
0,0,1.47996925697684,-2.12358492906902e-05,0.5
0,0,1.47814282392476,-2.42092255366283e-05,0.5
0,0,1.47637509530693,-2.71369550547601e-05,0.5
0,0,1.47466432915245,-3.00188641910616e-05,0.5
0,0,1.47300884218245,-3.28548265435016e-05,0.5
0,0,1.4714070075697,-3.56447600824718e-05,0.5
0,0,1.46985725279201,-3.83886244196914e-05,0.5
0,0,1.46835805757509,-4.10864182181988e-05,0.5
0,0,1.46690795192113,-4.37381767364116e-05,0.5
0,0,1.46550551421896,-4.63439694995875e-05,0.5
0,0,1.46414936943248,-4.89038980923465e-05,0.5
0,0,1.46283818736366,-5.14180940662354e-05,0.5
0,0,1.461570680987,-5.3886716956609e-05,0.5
0,0,1.46034560485213,-5.63099524033914e-05,0.5
0,0,1.45916175355178,-5.86880103705471e-05,0.5
0,0,1.45801796025192,-6.10211234593498e-05,0.5
0,0,1.45691309528179,-6.33095453107791e-05,0.5
0,0,1.45584606478077,-6.55535490926077e-05,0.5
0,0,1.45481580939993,-6.77534260669586e-05,0.5
0,0,1.45382130305577,-6.99094842343248e-05,0.5
0,0.0018381616848989,1.45286155173384,-7.20220470502363e-05,0.5
0,0.00559354058542206,1.45917639832599,-6.39383036546334e-05,0.5
0,0.00867167245691929,1.46560437358356,-5.5312166182853e-05,0.5
0,0.012175235948256,1.47491680088712,-4.2528855928276e-05,0.5
0,0,1.48197668294887,-2.92339337520887e-05,0.5
0,0.00878524514634438,1.47152510635127,-4.6329822845441e-05,0.5
0,0.00906178404852738,1.49340616150789,-1.46235733454078e-05,0.5
0,0.00713118761647051,1.49698594490974,-8.13771102005383e-06,0.5
0.00446477393413173,0.0116376754745087,1.5044616400755,2.14241923281818e-06,0.5
0.0230809082309904,0.00646216131954221,1.5127903265944,1.60727178828764e-05,0.5
0.034725629391359,0.0107351450473433,1.51710647848262,2.22290486235293e-05,0.5
0.0581988926727387,0.00810037315820976,1.52729673959991,3.84867614805104e-05,0.5
0.0752229498301542,0.00964148781664098,1.53424868016633,4.94366301881142e-05,0.5
0.0908486959125141,0.00289563866861072,1.54143804986915,6.22940494881841e-05,0.5
0.0921192358048189,0.00504004362618741,1.54144668485448,6.29103424290628e-05,0.5
0.113389631058577,0.0043282496077896,1.55048053034916,7.7414905987458e-05,0.5
0.1210612297125,0.00231114139259238,1.55371589217341,8.38457144833565e-05,0.5
0.120932743263225,0,1.55362996837301,8.52591160353479e-05,0.5
0.105480685997399,0,1.54707215320921,7.7267539228492e-05,0.5
0.104449614057124,0,1.5465158516288,7.75874856845251e-05,0.5
0.0978725086901628,0,1.54366662535972,7.47785696909083e-05,0.5
0.0918943989916151,0,1.54101565771244,7.19995562200141e-05,0.5
0.086076793318513,0,1.53841832207876,6.92310584079252e-05,0.5
0.0805035366403657,0,1.535902265082,6.64732530591451e-05,0.5
0.0751589489884078,0,1.53346231323773,6.37303954234807e-05,0.5
0.0700373278512885,0,1.53109658282519,6.10035444041266e-05,0.5
0.0651315571938972,0,1.52880272392708,5.82942976038381e-05,0.5
0.0604349667982792,0,1.52657853391157,5.56040442838185e-05,0.5
0.0559410863776267,0,1.52442187620314,5.29340965099874e-05,0.5
0.0516436743383936,0,1.52233068978509,5.0285672234686e-05,0.5
0.0475367039284766,0,1.52030298461893,4.76599031293953e-05,0.5
0.0436143558231808,0,1.51833683919251,4.50578383807739e-05,0.5
0.0398710101042261,0,1.5164303978675,4.2480448897763e-05,0.5
0.0363012387005274,0,1.51458186837963,3.99286312354638e-05,0.5
0.0328997981167825,0,1.51278951943422,3.74032113510297e-05,0.5
0.0296616224611627,0,1.51105167840068,3.49049481833933e-05,0.5
0.0265818167557578,0,1.50936672910053,3.24345370672707e-05,0.5
0.0236556505182335,0,1.50773310968526,2.99926129886382e-05,0.5
0.0208785516030483,0,1.50614931059999,2.75797536889748e-05,0.5
0.0182461002911902,0,1.5046138726294,2.51964826251577e-05,0.5
0.0157540236178663,0,1.50312538502244,2.28432717915966e-05,0.5
0,0,1.5016824836923,2.12889655796221e-05,0.5
0.00428727529271827,0,1.49987794861393,1.78927989484787e-05,0.5
0,0,1.49844909436896,1.57424953203707e-05,0.5
0,0,1.49692139524067,1.31835586631034e-05,0.5
0,0,1.49547081650662,1.07394500650079e-05,0.5
0,0,1.49405690184624,9.02915922368056e-06,0.5
0,0,1.49242278373421,5.75293571277409e-06,0.5
0,0,1.49105649581571,3.59726908725921e-06,0.5
0,0,1.48960517873545,9.7606443240736e-07,0.5
0,0,1.48824338963815,-1.45574852927898e-06,0.5
0,0,1.48690949554127,-3.53949344604437e-06,0.5
0,0,1.48546247097279,-6.39701246080877e-06,0.5
0,0,1.48418661219894,-8.02869832414135e-06,0.5
0,0,1.48259905777361,-1.13426162656859e-05,0.5
0,0,1.48131096468555,-1.35490457424747e-05,0.5
0,0,1.47993280456416,-1.61838656205316e-05,0.5
0,0,1.47863832931325,-1.85725356120497e-05,0.5
0,0,1.4773398443736,-2.10682242106612e-05,0.5
0,0,1.47608627088346,-2.30556605537857e-05,0.5
0,0,1.47466670735356,-2.6068909937066e-05,0.5
0,0,1.47345924581327,-2.76974040854468e-05,0.5
0,0,1.47192619352316,-3.10266120538072e-05,0.5
0,0,1.4706907118275,-3.33272520844241e-05,0.5
0,0,1.46939502543901,-3.58929131062457e-05,0.5
0,0,1.46815752461797,-3.83024572511017e-05,0.5
0,0,1.46692342036581,-4.07255440019217e-05,0.5
0,0,1.4657032122473,-4.30625833233721e-05,0.5
0,0,1.4644624555075,-4.56942044593173e-05,0.5
0,0,1.46332154815103,-4.75231400465731e-05,0.5
0,0,1.46192666653979,-5.05994046405848e-05,0.5
0,0,1.46079156981319,-5.24253597665887e-05,0.5
0,0,1.45938306088323,-5.54775633854765e-05,0.5
0,0,1.45821364969638,-5.75556930734867e-05,0.5
0,0,1.45687847745772,-6.03892945318411e-05,0.5
0,0,1.45570259062381,-6.25190702367365e-05,0.5
0,0,1.45438783157948,-6.53360113934077e-05,0.5
0,0,1.45323121538869,-6.73338483138223e-05,0.5
0,0,1.45190562941586,-7.02507848899992e-05,0.5
0,0,1.45076437733057,-7.25750127863368e-05,0.5
0,0,1.44960600536633,-7.50225354499147e-05,0.5
0,0,1.44849692093507,-7.7402085445085e-05,0.5
0,0,1.44742477006561,-7.97364518701612e-05,0.5
0,0,1.44639044679304,-8.20226198328069e-05,0.5
0,0,1.4453927427014,-8.42611559848754e-05,0.5
0,0,1.44443066531153,-8.64524888014583e-05,0.5
0,0,1.44350322635525,-8.85970688058335e-05,0.5
0,0,1.44260947085738,-9.06953572865318e-05,0.5
0,0,1.44174847270307,-9.27478238243872e-05,0.5
0,0,1.44091933409727,-9.47549457756397e-05,0.5
0,0.000451542827796613,1.44012118450694,-9.67172073126293e-05,0.5
0,0.00406536467452431,1.44157596870007,-9.55450268760063e-05,0.5
0,0.00783705739239984,1.44586543013914,-9.03182736486671e-05,0.5
0,0.0112712100905385,1.45003207008283,-8.50809196505573e-05,0.5
0,0.0147074360398541,1.45517403472028,-7.83970571484344e-05,0.5
0,0.0179477879698518,1.46108082563493,-7.0466257613582e-05,0.5
0,0.0209768340069244,1.46752683700855,-6.16045098023394e-05,0.5
0,0.0243664036143247,1.47752852575674,-4.75952882392453e-05,0.5
0,0.0241258504643608,1.48517850225014,-3.58927409069143e-05,0.5
0,0.0259075906344859,1.49334453829577,-2.38748567326283e-05,0.5
0,0,1.49832327799169,-5.36824193654367e-06,0.5
0,0.00975180631672746,1.4892631545396,-2.55475511559005e-05,0.5
0.019705458596359,0,1.5102252905435,8.16880376640428e-06,0.5
0,0,1.49424379408214,-1.4068253489815e-05,0.5
0,0,1.49708755498699,-9.99161059703345e-06,0.5
0,0,1.49497170749193,-1.22810288170916e-05,0.5
0,0,1.49322454684392,-1.4493178496315e-05,0.5
0,0,1.49147432343568,-1.66810229254053e-05,0.5
0,0,1.48978678227571,-1.8851528835551e-05,0.5
0,0,1.48815335467097,-2.09974599137519e-05,0.5
0,0,1.48657349603113,-2.31193588292081e-05,0.5
0,0,1.48504543329546,-2.52162784682696e-05,0.5
0,0,1.48356761556462,-2.72875992033015e-05,0.5
0,0,1.48213851949986,-2.93327142938345e-05,0.5
0,4.58928377877507e-05,1.48075667731107,-3.13510794084355e-05,0.5
0,0.00125286931710113,1.48044170066373,-3.1905334660119e-05,0.5
0,0.00319274555869306,1.48372687172593,-2.73764191127408e-05,0.5
0,0.00486391347720191,1.4873025175771,-2.22649991805216e-05,0.5
0,0.00659601614940533,1.49157475160232,-1.61122135635152e-05,0.5
0.00516633825035502,0.00831549221002085,1.49680895994471,-8.46991394966485e-06,0.5
0,0,1.50269279137937,1.35969503587524e-06,0.5
0,0.00209524686735018,1.4934255447579,-1.19471508200379e-05,0.5
0,0,1.50104750257311,-3.84506351722857e-07,0.5
0,0,1.4944773542559,-9.37799010411484e-06,0.5
0,0,1.4942157434148,-9.62740292782369e-06,0.5
0,0,1.49231738066081,-1.20176051096956e-05,0.5
0,0,1.49059291610892,-1.43434601192754e-05,0.5
0,0,1.48890186205577,-1.66451701485443e-05,0.5
0,0,1.48726772502295,-1.89149797541397e-05,0.5
0,0,1.48568399376031,-2.09572685918879e-05,0.5
0,0,1.48407474692385,-2.34344697768917e-05,0.5
0,0,1.48258207035623,-2.50930177701934e-05,0.5
0,0,1.48092688830803,-2.79136930785066e-05,0.5
0,0,1.47948167427535,-2.95856689967057e-05,0.5
0,0,1.47786362506642,-3.23725791788617e-05,0.5
0,0,1.47643739542136,-3.42804204403334e-05,0.5
0,0,1.47491264586077,-3.68753798088345e-05,0.5
0,0,1.47352105975094,-3.88268647896848e-05,0.5
0,0,1.47204865050244,-4.14137574024537e-05,0.5
0,0,1.47070789391859,-4.32388702057734e-05,0.5
0,0,1.4692443033761,-4.59394853692989e-05,0.5
0,0,1.46794523061078,-4.77142063646253e-05,0.5
0,0,1.46650313983563,-5.04404959166073e-05,0.5
0,0,1.46523174021504,-5.2591628426155e-05,0.5
0,0,1.46395277331906,-5.48729800091844e-05,0.5
0,0,1.46272582461052,-5.70961817563729e-05,0.5
0,0,1.46153892388438,-5.92836168871577e-05,0.5
0,0.00103517509748365,1.46039273425407,-6.14318798982849e-05,0.5
0,0.00359360632366161,1.46201789638029,-5.97051248912514e-05,0.5
0,0.00596327476843391,1.46401982834124,-5.73238777613907e-05,0.5
0,0.00865186928149485,1.46807800757491,-5.20167901091943e-05,0.5
0,0.011019326725867,1.47206317325677,-4.66396505905286e-05,0.5
0,0.0133794172447287,1.476787695038,-4.01373845246457e-05,0.5
0,0.0155739814021186,1.48204556201731,-3.27285897162239e-05,0.5
0,0.0181751930466504,1.49037039265199,-2.08508685022886e-05,0.5
0,0.0200468631623939,1.49752047812918,-1.03085181787527e-05,0.5
0.010976368009424,0.0147270353850337,1.50582118142876,3.48726902151521e-06,0.5
0.0294573280975116,0.0210484797419811,1.51291072269785,1.3234109874903e-05,0.5
0.0419229108251301,0.000766231539712469,1.52010077817778,2.86033788937225e-05,0.5
0.0309707499746269,0.0113886472879478,1.51389317036732,1.79502173426436e-05,0.5
0.0712583933775062,0.00633332420890992,1.53166756038575,4.57315172606415e-05,0.5
0.0738529732017129,0.00773381426903979,1.53233461492341,4.76686962788658e-05,0.5
0.0936070068411439,0.00763051278763655,1.54063704300374,6.07375578260494e-05,0.5
0.112361033592327,0.00762787760522151,1.54850262821371,7.35894684234573e-05,0.5
0.127103070153625,0.00147149564765281,1.55524671080101,8.58808896729467e-05,0.5
0.121185562205842,0.00126616552355544,1.55235530319988,8.27422057922329e-05,0.5
0.127717181579377,0,1.55516139735071,8.83697403065505e-05,0.5
0.112036050525079,0,1.54854043983607,8.04524500183601e-05,0.5
0.110177338112767,0,1.54763029316576,8.02416824267216e-05,0.5
0.103628302262477,0,1.54479193507366,7.74533989203885e-05,0.5
0.0976455656652395,0,1.54214104095313,7.46884694008924e-05,0.5
0.0918345049412956,0,1.53954745594761,7.19346581580395e-05,0.5
0.0862663316780963,0,1.53703466016285,6.91911442512504e-05,0.5
0.0809262898021054,0,1.53459778459505,6.64619883794909e-05,0.5
0.0758085121416086,0,1.53223489129765,6.37483177530042e-05,0.5
0.0709059278427098,0,1.52994364531779,6.10517314686986e-05,0.5
0.0662118876907256,0,1.52772185100246,5.83736315218136e-05,0.5
0.0617199454224642,0,1.52556737975197,5.57153404913504e-05,0.5
0.0574238819730041,0,1.52347817803056,5.30780870863764e-05,0.5
0.0533176922808121,0,1.52145226300313,5.0463013595218e-05,0.5
0.0493955778194439,0,1.5194877200654,4.78711797337194e-05,0.5
0.0456519386327607,0,1.51758270021,4.53035668338955e-05,0.5
0.0420813658133692,0,1.51573541753923,4.27610817610529e-05,0.5
0.0386786342693338,0,1.51394414687323,4.0244560662095e-05,0.5
0.035438695787632,0,1.51220722145628,3.77547725387361e-05,0.5
0.0323566723785534,0,1.51052303075614,3.52924226557094e-05,0.5
0.029427849889532,0,1.50889001835254,3.28581557911588e-05,0.5
0.0266476718768689,0,1.50730667991095,3.0452559336448e-05,0.5
0.0240117337243922,0,1.5057715612381,2.80761662522294e-05,0.5
0,0,1.50428325641576,2.71527737133748e-05,0.5
0.00540949803772282,0,1.50174767063627,2.23531507249101e-05,0.5
0,0,1.50013016794304,2.00997254197174e-05,0.5
0,0,1.49823936692871,1.70864866934221e-05,0.5
0,0,1.49644672603141,1.41859552131326e-05,0.5
0,0,1.49470156672614,1.13145916786953e-05,0.5
0,0,1.49301107450137,8.48514798976476e-06,0.5
0,0,1.49137295051623,5.69750939637624e-06,0.5
0,0,1.48978578810676,2.95186653301087e-06,0.5
0,0,1.48824810252925,1.74059604321424e-06,0.5
0,0,1.48562085174862,-3.47454666262511e-06,0.5
0,0,1.48395392476789,-6.03753595889683e-06,0.5
0,0,1.48199964067681,-9.38286377371495e-06,0.5
0,0,1.48015011471675,-1.25971165185303e-05,0.5
0,0,1.47835052411106,-1.57719591724277e-05,0.5
0,0,1.47660870507371,-1.88936401265535e-05,0.5
0,0,1.47492220689802,-2.19626875518734e-05,0.5
0,0,1.47328955097538,-2.49792074139595e-05,0.5
0,0,1.47170917124219,-2.71465407696698e-05,0.5
0,0,1.46945350246139,-3.15344670816676e-05,0.5
0,0,1.46782519538995,-3.43958771262764e-05,0.5
0,0,1.46603812933702,-3.76709486314765e-05,0.5
0,0,1.46433405537169,-4.08459189243533e-05,0.5
0,0,1.46268038334045,-4.30802439675277e-05,0.5
0,0,1.46020370936736,-4.7851952148783e-05,0.5
0,0,1.45847688544812,-5.08761838812849e-05,0.5
0,0,1.45655282064562,-5.43786495950388e-05,0.5
0,0,1.45472183966056,-5.77684369241123e-05,0.5
0,0,1.45294544657578,-6.05585287727103e-05,0.5
0,0,1.45065263432257,-6.49006065492864e-05,0.5
0,0,1.44887391782079,-6.76698391752854e-05,0.5
0,0,1.44647330759681,-7.2093779176009e-05,0.5
0,0,1.4445634377974,-7.54478024621696e-05,0.5
0,0,1.44249153691289,-7.92282486199877e-05,0.5
0,0,1.44056351163447,-8.23639817144305e-05,0.5
0,0,1.43820500744662,-8.67301534950433e-05,0.5
0,0,1.43628715458812,-8.95364764237408e-05,0.5
0,0,1.43354984992341,-9.45235315338568e-05,0.5
0,0,1.4314920362277,-9.80505112870237e-05,0.5
0,0,1.42921637029501,-0.000102101702468021,0.5
0,0,1.42709722723791,-0.000105786187104849,0.5
0,0,1.42486696671282,-0.000109840988639367,0.5
0,0,1.42283811476032,-0.000113044368297946,0.5
0,0,1.42023001888936,-0.000117780365452281,0.5
0,0,1.4181774762089,-0.000120892392500382,0.5
0,0,1.41538111353801,-0.000125861353354377,0.5
0,0,1.41319171793746,-0.000129325415773747,0.5
0,0,1.41051915277051,-0.000134022245116468,0.5
0,0,1.40824761656725,-0.000137684984879378,0.5
0,0,1.4056525789263,-0.000142264756895086,0.5
0,0,1.40338808687242,-0.000145824819551257,0.5
0,0,1.40070675123083,-0.000150576625423416,0.5
0,0,1.39844808606202,-0.000154047714584222,0.5
0,0,1.39568024314466,-0.000158928961817689,0.5
0,0,1.39338852737351,-0.000162871320373889,0.5
0,0,1.39103840302438,-0.000166998029096197,0.5
0,0,1.38879267664931,-0.000171005860655836,0.5
0,0.00192347944431938,1.3866263633923,-0.000174929750669974,0.5
0,0.0068776197929338,1.38807163241915,-0.000173883204927632,0.5
0,0.0115001861126944,1.39011383863485,-0.000171886377205792,0.5
0,0.0161474091762321,1.39486517964072,-0.000166107123021876,0.5
0,0.0203703865539253,1.39931422094293,-0.000160563513932365,0.5
0,0.0244741698538419,1.40482037433356,-0.000153480791951167,0.5
0,0.0284440166026059,1.41414445852142,-0.000140944111763111,0.5
0,0.0317284690871308,1.42193264417473,-0.000130219964333469,0.5
0,0.0107458910420288,1.42984602473793,-0.000112927320030243,0.5
0,0.0298658808319392,1.43383635405948,-0.00011190128519401,0.5
0,0.0062123869147314,1.44470909843554,-8.96373575912477e-05,0.5
0,0.0217304301432647,1.44334938154762,-9.52080299878989e-05,0.5
0,0,1.45665686187039,-6.815545783198e-05,0.5
0,0.00913853937853582,1.44110853667001,-9.47027930436562e-05,0.5
0,0.00877904023991857,1.46307689418416,-6.24905373997143e-05,0.5
0,0.00792491906882906,1.46477511531877,-5.90467160457733e-05,0.5
0,0.00940477129924579,1.47077692561671,-5.03199971478688e-05,0.5
0,0.0103724033893265,1.47877945699735,-3.82869496798584e-05,0.5
0,0.0109348649218569,1.48632692557839,-2.67356119028377e-05,0.5
0,0.0112749496089108,1.49403182766319,-1.48255703167115e-05,0.5
0,0.00381310252678448,1.50142331255867,-1.61661149673931e-06,0.5
0,0.0065786408870132,1.50089226164534,-2.34291783919467e-06,0.5
0,0.00562187812187333,1.51073265864539,1.30769929113746e-05,0.5
0,0.00344688932254591,1.51373849018924,1.88447450317254e-05,0.5
0,0.00114427673208059,1.51501026324166,2.18750431991858e-05,0.5
0,0,1.51264269769565,1.96910837470891e-05,0.5
0,0,1.5055624664043,1.05483379371676e-05,0.5
0,0,1.50317878336181,7.90468169940162e-06,0.5
0,0,1.49893982335542,2.6477327545011e-06,0.5
0,0,1.4949363162087,-2.49561716612916e-06,0.5
0,0,1.49103986193726,-7.57589447768561e-06,0.5
0,0,1.48727346418867,-1.25860951878349e-05,0.5
0,0,1.48363040184278,-1.7523889033921e-05,0.5
0,0,1.48010711147822,-2.2389023065853e-05,0.5
0,0,1.47669964855489,-2.71808835242864e-05,0.5
0,0,1.47340428101247,-3.1899058924168e-05,0.5
0,0,1.47021740364359,-3.65432205659387e-05,0.5
0,0,1.46713554553964,-4.11131366556791e-05,0.5
0,0,1.4641553625883,-4.56086623640922e-05,0.5
0,0,1.46127363251143,-5.00297343752414e-05,0.5
0,0,1.45848724977092,-5.43763650831693e-05,0.5
0,0,1.45579322076366,-5.8648637237191e-05,0.5
0,0,1.45318865922609,-6.28466988829053e-05,0.5
0,0,1.45067078184874,-6.69707586034606e-05,0.5
0,0,1.44823690408868,-7.10210810407519e-05,0.5
0,0,1.4458844361706,-7.49979826813674e-05,0.5
0,0,1.44361087926725,-7.89018278922989e-05,0.5
0,0,1.44141382185057,-8.27330251923774e-05,0.5
0,0,1.43929093620533,-8.6492023746169e-05,0.5
0,0,1.43723997509732,-9.01793100678052e-05,0.5
0,0,1.43525876858877,-9.37954049229294e-05,0.5
0,0,1.433345220994,-9.73408604175967e-05,0.5
0,0,1.43149730796845,-0.000100816257263592,0.5
0,0.00046664795388667,1.42971307372493,-0.000104222202210216,0.5
0,0.00387894714818198,1.43248032603962,-0.000101238560840719,0.5
0,0.0076293334177924,1.44174869878384,-8.89103756513537e-05,0.5
0,0.0107945891396439,1.45075964502637,-7.65651646506296e-05,0.5
0,0.00255659442921756,1.45781574320735,-6.42216595171938e-05,0.5
0,0.0112529321385622,1.45747812404526,-6.6719635821021e-05,0.5
0,0,1.47160765866863,-4.33659244927832e-05,0.5
0,0.00586876087228051,1.45718051824678,-6.56336982994284e-05,0.5
0,0.0094892190462063,1.47926138483729,-3.43564452117911e-05,0.5
0,0,1.48261836987099,-2.56209725299891e-05,0.5
0,0.00238048942320776,1.47002788609074,-4.56487762681866e-05,0.5
0,0.00391060307246139,1.48478119201031,-2.4245882342798e-05,0.5
0,0.00362327029635037,1.48898991113906,-1.74358593426436e-05,0.5
0,0.00428196632685795,1.49322709826941,-1.10393350470296e-05,0.5
0,0.00506778563058994,1.49988387519422,-9.5509595965139e-07,0.5
0,0.00554893867976033,1.50683230524635,9.76212744281222e-06,0.5
0,0.0057931844650769,1.51381926415921,2.06813958806172e-05,0.5
0,0.00576962283488051,1.52086590846348,3.1849697585712e-05,0.5
0.00486327581556056,0.00538647427916564,1.52766783663683,4.28298501232222e-05,0.5
0.019110916019932,0.00453983755387394,1.53382085639328,5.30187428267931e-05,0.5
0.0304254274308792,0.00307447318561168,1.53875541570456,6.15607150475408e-05,0.5
0.0333433827658005,0.000280309992024284,1.54015640490521,6.50475014675706e-05,0.5
0.0202706942536496,0,1.53478740124737,5.86193036329706e-05,0.5
0.0117112121795159,0,1.53124783508351,5.45423662446954e-05,0.5
0.00505681966892911,0,1.52851306304334,5.16290209500746e-05,0.5
0,0,1.52497351204243,4.74332853678848e-05,0.5
0,0,1.52157250341861,4.32898814078237e-05,0.5
0,0,1.51826818603025,3.91843557804647e-05,0.5
0,0,1.51506825009056,3.51210139574373e-05,0.5
0,0,1.51196858511362,3.1101747987767e-05,0.5
0,0,1.50896619302696,2.71276260499292e-05,0.5
0,0,1.5060579963044,2.31997776133201e-05,0.5
0,0,1.50324104924954,1.9319191908828e-05,0.5
0,0,1.50051250766929,1.54867619504295e-05,0.5
0,0,1.49786962905452,1.17032833334564e-05,0.5
0,0,1.49530976792282,7.96946091832302e-06,0.5
0,0,1.4928303720469,4.285913927878e-06,0.5
0,0,1.49042897873616,6.53180989185472e-07,0.5
0,0,1.4881032112959,-2.92827511903205e-06,0.5
0,0,1.48585077563691,-6.45806296064375e-06,0.5
0,0,1.48366945703144,-9.93585817187155e-06,0.5
0,0,1.48155711700854,-1.33613994136653e-05,0.5
0,0,1.47951169038223,-1.67344845355497e-05,0.5
0,0,1.47753118240663,-2.00549669401962e-05,0.5
0,0,1.47561366605211,-2.33227521385449e-05,0.5
0,0,1.47375727939702,-2.65377944858188e-05,0.5
0,0,1.47196022312981,-2.97000940892608e-05,0.5
0,0,1.47022075815636,-3.28096938788919e-05,0.5
0,0,1.468537203308,-3.58666768330295e-05,0.5
0,0,1.46690793314556,-3.88711633507241e-05,0.5
0,0,1.46533137585509,-4.18233087636694e-05,0.5
0,0,1.46380601123126,-4.47233009805187e-05,0.5
0,0,1.46233036874448,-4.75713582568966e-05,0.5
0,0,1.46090302568795,-5.03677270847355e-05,0.5
0,0,1.45952260540116,-5.31126801948868e-05,0.5
0,0,1.45818777556644,-5.58065146672631e-05,0.5
0,0,1.45689724657526,-5.84495501430572e-05,0.5
0,0,1.45564976996131,-6.10421271338566e-05,0.5
0,0,1.45444413689732,-6.35846054227376e-05,0.5
0,0,1.45327917675295,-6.60773625526648e-05,0.5
0,0,1.45215375571085,-6.85207923977615e-05,0.5
0,0,1.45106677543866,-7.09153038132368e-05,0.5
0,0,1.45001717181427,-7.32613193599682e-05,0.5
0,0,1.44900391370209,-7.55592740999388e-05,0.5
0,0.0012286256893821,1.44802600177822,-7.78096144589185e-05,0.5
0,0.0049705019820023,1.45372198493231,-7.06752436651691e-05,0.5
0,0.00860572965815561,1.46278930565028,-5.84491643624663e-05,0.5
0,0.0101781049949549,1.47157827919303,-4.59395642179922e-05,0.5
0,0.00636032641030361,1.47879146370931,-3.44034272514668e-05,0.5
0,0.0135499952468589,1.48530280158249,-2.62900008238415e-05,0.5
0,0.00370632358531932,1.49442507549588,-1.04498296238845e-05,0.5
0,0.0110866012865696,1.49491282464533,-1.09334091657709e-05,0.5
0,0.00861480738371091,1.50815900284737,9.41581103002895e-06,0.5
0.00631472613996108,0.0112362401207396,1.51312205503673,1.69678569229658e-05,0.5
0.0195179106865835,0.0110224061008415,1.51858714945388,2.56849562404448e-05,0.5
0.0418663204456669,0.00881450987952983,1.5282556862401,4.11686727067585e-05,0.5
0.0468234652239736,0.00977282218104135,1.53000586729637,4.44957173732015e-05,0.5
0.0631957979704341,0.00932998200301902,1.53688101083781,5.5570800185189e-05,0.5
0.0691768890977567,0.00762185409982701,1.53935176137667,6.05602931975167e-05,0.5
0.076999826849156,0.00634649107710193,1.54257875112345,6.64789824475176e-05,0.5
0.0828709194476467,0.00454839048028138,1.54500753819679,7.13825115627066e-05,0.5
0.0822652416754369,0.00179002765404886,1.54470362450765,7.23323040137861e-05,0.5
0.0798682586288387,0,1.54362348151721,7.20455844862563e-05,0.5
0.0693424005681947,0,1.53909936686486,6.67232782629703e-05,0.5
0.0657971049040744,0,1.53746982391204,6.53458294879544e-05,0.5
0.0596778167582525,0,1.53476505047024,6.24527904724348e-05,0.5
0.0539700542104665,0,1.53219672861356,5.95851714692084e-05,0.5
0.0484580779426598,0,1.52969369660035,5.67339157706209e-05,0.5
0.0431791046849379,0,1.52726822484474,5.38999692000753e-05,0.5
0.0381219664939005,0,1.52491662743055,5.10860438081607e-05,0.5
0.03328046974611,0,1.5226368587086,4.82932630907905e-05,0.5
0.0286478492161005,0,1.52042668457189,4.55229652447107e-05,0.5
0.0242176712479037,0,1.51828398045806,4.27763435313767e-05,0.5
0.0199837093155261,0,1.51620669023751,4.0054512326813e-05,0.5
0.015939953914311,0,1.51419282948012,3.73585009912642e-05,0.5
0.0120806017569971,0,1.51224048188238,3.46892597269014e-05,0.5
0.00840004829252571,0,1.51034779679337,3.20476633628071e-05,0.5
0.00489288008431394,0,1.50851298669423,2.94345152506691e-05,0.5
0.00155386756669512,0,1.50673432480289,2.68505509343628e-05,0.5
0,0,1.50501014277334,2.42964416542129e-05,0.5
0,0,1.50333882848933,2.17727976857368e-05,0.5
0,0,1.50171882394785,1.92801715216897e-05,0.5
0,0,1.50014862322861,1.68190609044503e-05,0.5
0,0,1.49862677054578,1.43899117156747e-05,0.5
0,0,1.49715185837861,1.19931207297877e-05,0.5
0,0,1.49572252567732,9.62903823758384e-06,0.5
0,0,1.49433745614137,7.29797054591925e-06,0.5
0,0,1.49299537656673,5.0001823591967e-06,0.5
0,0,1.49169505525944,2.73589904808504e-06,0.5
0,0,1.49043530051249,5.05308810661007e-07,0.5
0,0,1.48921495914349,-1.69143526907733e-06,0.5
0,0,1.48803291509044,-3.81489955137413e-06,0.5
0,0,1.48684280966327,-5.64557939569402e-06,0.5
0,0,1.48528278142177,-8.57403819486228e-06,0.5
0,0,1.48409086769801,-9.76880328416793e-06,0.5
0,0,1.48173649031559,-1.41304294370192e-05,0.5
0,0,1.48028149345647,-1.65053991212098e-05,0.5
0,0,1.47856852302352,-1.94497064863577e-05,0.5
0,0,1.47694206758576,-2.22998837089309e-05,0.5
0,0,1.47536123050552,-2.51110975943433e-05,0.5
0,0,1.47383171782221,-2.75717243929685e-05,0.5
0,0,1.47209781710955,-3.08234342072387e-05,0.5
0,0,1.47061422773719,-3.27555177360049e-05,0.5
0,0,1.46849245295334,-3.68282470730698e-05,0.5
0,0,1.46691820312434,-3.94122500461153e-05,0.5
0,0,1.46511132377165,-4.26966488576275e-05,0.5
0,0,1.46346384945773,-4.56677038682221e-05,0.5
0,0,1.46183140569947,-4.85235244572517e-05,0.5
0,0,1.46012242912956,-5.17363075642968e-05,0.5
0,0,1.45857298419219,-5.41158141183425e-05,0.5
0,0,1.45657440151558,-5.79527959346918e-05,0.5
0,0,1.45499911073759,-6.03223982916831e-05,0.5
0,0,1.45290269335927,-6.42820685382462e-05,0.5
0,0,1.45122791588486,-6.7006358675297e-05,0.5
0,0,1.44924948996004,-7.06992276238348e-05,0.5
0,0,1.44752907904285,-7.3824824171574e-05,0.5
0,0,1.44579557681412,-7.7047587013812e-05,0.5
0,0,1.44412969136985,-8.01937420014704e-05,0.5
0,0,1.44251877075409,-8.32813824923029e-05,0.5
0,0,1.44096312906108,-8.63083126863356e-05,0.5
0,0,1.43946098806948,-8.92750977302201e-05,0.5
0,0,1.43801081881982,-9.2182236174502e-05,0.5
0,0,1.43661111300304,-9.50302478163775e-05,0.5
0,0,1.43526041482705,-9.78196724745992e-05,0.5
0,0.000680071750763045,1.43395731518423,-0.000100551065463105,0.5
0,0.00405553224656928,1.4337864573614,-0.000101709209042238,0.5
0,0.00746479364351079,1.43441956543992,-0.000101700612694153,0.5
0,0.0110436533241266,1.43693998740034,-9.90175825165416e-05,0.5
0,0.0143269303242232,1.43898868940131,-9.68692379497272e-05,0.5
0,0.0179810273225741,1.44423769108317,-9.02263615209106e-05,0.5
0,0.0210304601045101,1.4484160365543,-8.48318093874522e-05,0.5
0,0.0241041306282063,1.45339897069783,-7.82633731027653e-05,0.5
0,0.0274398129195723,1.46204597956598,-6.64036620173056e-05,0.5
0,0.027015448116514,1.4712565154545,-5.26428881647446e-05,0.5
0,0.016721127142972,1.4781327128935,-3.99316186502263e-05,0.5
0,0.0285602881079825,1.48627600228419,-3.03935758774659e-05,0.5
0,0,1.49298901349062,-1.31100932971851e-05,0.5
0,0.0148687537350363,1.48183344602138,-3.30489417299613e-05,0.5
0,0.0030608333986689,1.50352791327459,1.52433143451562e-06,0.5
0,0.00706810650763954,1.49513781448201,-1.07816954477794e-05,0.5
0,0.00741701336080669,1.50424053659452,2.72317110504628e-06,0.5
0.0164040553688022,0.00785337143951609,1.51120921111135,1.3641894319922e-05,0.5
0.0345652832249357,0.00869098060210398,1.51882654751453,2.54024696887076e-05,0.5
0.052801859528294,0.00916226530393645,1.52651640077565,3.75101142189973e-05,0.5
0.0696258032981667,0.0074239142708204,1.53381687163186,4.95758671979571e-05,0.5
0.0795774920533618,0.00745026801261793,1.53793469231502,5.66631222587308e-05,0.5
0.0947040964378842,0.00652263484870548,1.54440921968617,6.74446449197843e-05,0.5
0.105014972621199,0.00490919124289718,1.54885267486596,7.54726590424502e-05,0.5
0.119523409834072,0.00385396522558458,1.55507104175076,8.60524057801682e-05,0.5
0.126703560586726,0.00137046195738763,1.55823593357553,9.24349806260139e-05,0.5
0.124896698471323,0,1.55760769440454,9.32549056799509e-05,0.5
0.107321889559778,0,1.55031135532404,8.4284710860859e-05,0.5
0.104577280694879,0,1.54917725997137,8.38783535376723e-05,0.5
0.0961601773788566,0,1.5456961008625,8.02300339169369e-05,0.5
0.0884191118484984,0,1.54243877410805,7.6633263663799e-05,0.5
0.0808933967959585,0,1.53925329838837,7.30568119873851e-05,0.5
0.0736696168344035,0,1.53616822877718,6.95032196721133e-05,0.5
0.0667296467986236,0,1.5331775833288,6.59767535482759e-05,0.5
0.0600660318299959,0,1.53027889901604,6.24785336609572e-05,0.5
0.0536698571799418,0,1.5274692312665,5.90102066360205e-05,0.5
0.0475327397647561,0,1.52474581119834,5.55731882081318e-05,0.5
0.041646558808417,0,1.52210595661694,5.21688025165743e-05,0.5
0.0360034854687658,0,1.5195470818041,4.87982647038999e-05,0.5
0.0305959656675282,0,1.5170666918386,4.54626901721681e-05,0.5
0.0254167102036492,0,1.51466237932559,4.21630993359551e-05,0.5
0.020458684255157,0,1.51233182092383,3.89004228006387e-05,0.5
0.0157150974793242,0,1.510072774071,3.56755061857416e-05,0.5
0.0111793945066099,0,1.50788307383935,3.248911472778e-05,0.5
0.0068452458384698,0,1.50576062992509,2.9341937654768e-05,0.5
0.0027065391268136,0,1.50370342376404,2.62345923462353e-05,0.5
0,0,1.50170950576829,2.31676282886549e-05,0.5
0,0,1.49977699267833,2.01415308362087e-05,0.5
0,0,1.49790406502563,1.71567247862569e-05,0.5
0,0,1.49608896470073,1.42135777784362e-05,0.5
0,0,1.49432999262221,1.13124035258764e-05,0.5
0,0,1.49262550650205,8.45346488661538e-06,0.5
0,0,1.49097391870327,5.63697678289903e-06,0.5
0,0,1.48937369418561,2.8631089756848e-06,0.5
0,0,1.4878233485356,5.72815588840505e-07,0.5
0,0,1.48619341343411,-2.61580980455709e-06,0.5
0,0,1.48472336174816,-4.54900976659885e-06,0.5
0,0,1.48306958412782,-7.95834004894131e-06,0.5
0,0,1.48163156482112,-1.046900257538e-05,0.5
0,0,1.4801681226366,-1.32046398081986e-05,0.5
0,0,1.4787646338311,-1.56884735883304e-05,0.5
0,0,1.47735256949532,-1.85037676355105e-05,0.5
0,0,1.47602861897929,-2.02437016530153e-05,0.5
0,0,1.47449690649597,-2.37082296535594e-05,0.5
0,0,1.47321454960403,-2.58502993187274e-05,0.5
0,0,1.47182427054821,-2.87296379057687e-05,0.5
0,0,1.47054756213128,-3.12447229946204e-05,0.5
0,0,1.4692857974474,-3.37446999032563e-05,0.5
0,0,1.46805143593635,-3.61418018391541e-05,0.5
0,0,1.46682019658435,-3.87910694440121e-05,0.5
0,0,1.46566653594803,-4.02158459836722e-05,0.5
0,0,1.46425354870612,-4.37131606588184e-05,0.5
0,0,1.46312841984533,-4.57716222690101e-05,0.5
0,0,1.46190243604153,-4.84180697350373e-05,0.5
0,0,1.46076441752437,-5.08272440862506e-05,0.5
0,0,1.45964860212286,-5.31787771544005e-05,0.5
0,0,1.45855459146562,-5.54262572132686e-05,0.5
0,0,1.45745941168734,-5.79340528449389e-05,0.5
0,0,1.45643971835565,-5.92070248302393e-05,0.5
0,0,1.45515624486085,-6.2555574971004e-05,0.5
0,0,1.4541586754556,-6.45183313507702e-05,0.5
0,0,1.4530680456027,-6.69606259104714e-05,0.5
0,0,1.45205214124936,-6.92333872242056e-05,0.5
0,0,1.45106050931441,-7.13817874443592e-05,0.5
0,0,1.45006530050065,-7.36691672102792e-05,0.5
0,0,1.44911946557648,-7.58692181848962e-05,0.5
0,0,1.44820783326134,-7.80033912688123e-05,0.5
0,0,1.44732482764223,-8.01078571522855e-05,0.5
0,0,1.44647419946826,-8.21654550874167e-05,0.5
0,0,1.44565423824349,-8.41785778519792e-05,0.5
0,0,1.44486431053558,-8.61472995840041e-05,0.5
0,0,1.44410359488313,-8.80721206186356e-05,0.5
0,0,1.44337130877317,-8.99535297216363e-05,0.5
0,0,1.44266669045462,-9.17920216809547e-05,0.5
0,0,1.4419890008695,-9.35880947967398e-05,0.5
0,0.00304754906267237,1.44133752262275,-9.53422502218111e-05,0.5
0,0.00748903736486852,1.44880378588896,-8.58042110801123e-05,0.5
0,0.0109549523506365,1.45495862694304,-7.76448870088531e-05,0.5
0,0.0145976438732631,1.46234767278138,-6.7718986703564e-05,0.5
0,0.0180475990432623,1.47112808740154,-5.55758292409531e-05,0.5
0,0.0173124253304999,1.47938584776023,-4.30462364647167e-05,0.5
0,0.0105052980462318,1.48703675138167,-2.99773062373713e-05,0.5
0,0.0196115115384033,1.49216060441313,-2.40149647293327e-05,0.5
0,0,1.50111283964005,-4.47552931016182e-06,0.5
0,0.00803292602135763,1.49026126394365,-2.3236856431544e-05,0.5
0.0220411325319257,0.00810705077082077,1.51022183498298,6.26833003761914e-06,0.5
0.0295445360196003,0.00731998076152118,1.51324365561212,1.20438394153982e-05,0.5
0.0451891719968185,0.0085258900301909,1.51960206308966,2.17714210449125e-05,0.5
0.0646848025238817,0.00948118978996189,1.52767567958737,3.44225251006068e-05,0.5
0.0835446135542115,0.0100650294175077,1.53551210557795,4.69426216296819e-05,0.5
0.100681448741705,0.0085369379818888,1.54281411315794,5.91843031046771e-05,0.5
0.117710991315159,0.00632884313996216,1.55014093448601,7.16770363365658e-05,0.5
0.131604355827233,0.00726115217880489,1.55577762111715,8.12250803089818e-05,0.5
0.150442493833615,0.00623441677011073,1.56377588890899,9.47178807593867e-05,0.5
0.162614022619652,0.00448650809828669,1.56893947568786,0.000104276528837768,0.5
0.171255590492864,0.00211689126852542,1.57262349594931,0.000111686453078054,0.5
0.169603274539373,0,1.57199410121124,0.000112901268019707,0.5
0.153959484487526,0,1.56545479253021,0.000105369757185414,0.5
0.151821260809117,0,1.56451937713132,0.00010562163916348,0.5
0.144354608551389,0,1.56138238717476,0.000102823397778332,0.5
0.137491260101388,0,1.55844502476295,0.000100043870717875,0.5
0.13081566343287,0,1.55557024400063,9.72657087902366e-05,0.5
0.124406833936103,0,1.55278409578905,9.44896277079792e-05,0.5
0.118248785754548,0,1.55008130573291,9.17202063722574e-05,0.5
0.112335000417685,0,1.54745972085107,8.89589594787513e-05,0.5
0.106657659955009,0,1.54491675963729,8.62078905652824e-05,0.5
0.101209406535589,0,1.54244999260356,8.34687833503203e-05,0.5
0.0959831095440423,0,1.54005706533678,8.07433264772094e-05,0.5
0.0909718911285046,0,1.53773570693805,7.80330985271601e-05,0.5
0.0861691117467621,0,1.53548372524311,7.53395762982587e-05,0.5
0.081568361795048,0,1.53329900405383,7.26641392636503e-05,0.5
0.0771634527280939,0,1.53117950020166,7.00080743756264e-05,0.5
0.0729484086654072,0,1.52912324077189,6.73725805687814e-05,0.5
0.0689174583197413,0,1.52712832043457,6.47587730709901e-05,0.5
0.0650650272559448,0,1.52519289888472,6.21676875161564e-05,0.5
0.0613857304628665,0,1.5233151983862,5.9600283869872e-05,0.5
0.0578743652255199,0,1.52149350141485,5.7057450176068e-05,0.5
0.0545259042847021,0,1.51972614839683,5.45400061327661e-05,0.5
0.0513354892719146,0,1.51801153553795,5.20487065046057e-05,0.5
0.0482984244079486,0,1.51634811274038,4.95842443794868e-05,0.5
0.0454101704540171,0,1.51473438160278,4.71472542763338e-05,0.5
0.0426663389047968,0,1.51316889350055,4.47383151106669e-05,0.5
0.0400626864132117,0,1.51165024774275,4.23579530243678e-05,0.5
0.037595109437232,0,1.51017708980243,4.00066440857358e-05,0.5
0.0122508953840174,0,1.50874810961738,3.86248552255588e-05,0.5
0.0231144120402234,0,1.50634405116583,3.42978667668764e-05,0.5
0.0153927490720493,0,1.504780035665,3.19418578167142e-05,0.5
0.0120002823495176,0,1.5029785060304,2.90109132919859e-05,0.5
0.00885515684694315,0,1.5012616292562,2.61666741763226e-05,0.5
0.00584928105688977,0,1.49959103159049,2.33550572523702e-05,0.5
0,0,1.49797191937417,2.12165771906147e-05,0.5
0,0,1.4955721329022,1.6951671532301e-05,0.5
0,0,1.49386789503824,1.44140742614398e-05,0.5
0,0,1.4916474788925,1.05862046713632e-05,0.5
0,0,1.48977365110577,7.42387815257711e-06,0.5
0,0,1.48785958381538,4.1230451583961e-06,0.5
0,0,1.48601488839486,1.77883744570325e-06,0.5
0,0,1.48306253852132,-3.5270343122706e-06,0.5
0,0,1.48107764338979,-6.79098213578681e-06,0.5
0,0,1.47883210406332,-1.06269979116022e-05,0.5
0,0,1.47669087605868,-1.43499488971615e-05,0.5
0,0,1.47461086213213,-1.75555035475449e-05,0.5
0,0,1.47196240352906,-2.22792723935662e-05,0.5
0,0,1.46987559071067,-2.53768177406079e-05,0.5
0,0,1.4669318001415,-3.05436525397128e-05,0.5
0,0,1.46466237227968,-3.43050267194472e-05,0.5
0,0,1.46209444271451,-3.87661410136045e-05,0.5
0,0,1.45975247215023,-4.25566426184602e-05,0.5
0,0,1.4570184606407,-4.73891092914667e-05,0.5
0,0,1.45469485735674,-5.07841266289973e-05,0.5
0,0,1.45141612323431,-5.65572584583844e-05,0.5
0,0,1.44894771326924,-6.05099351441484e-05,0.5
0,0,1.44598272368694,-6.56355117909849e-05,0.5
0,0,1.44338550122523,-7.00229142030208e-05,0.5
0,0,1.44065634909656,-7.47923324598736e-05,0.5
0,0,1.43812222217607,-7.85622152886655e-05,0.5
0,0,1.43469503415742,-8.45830141970811e-05,0.5
0,0,1.43210117022049,-8.84862819999429e-05,0.5
0,0,1.42864207992861,-9.44317118612001e-05,0.5
0,0,1.42585110335786,-9.91359239702326e-05,0.5
0,0,1.42295441808121,-0.000104101539511831,0.5
0,0,1.42018027334881,-0.000108726644502436,0.5
0,0,1.41720967295153,-0.000113919639615733,0.5
0,0,1.414560784597,-0.000117992168614388,0.5
0,0,1.41110847562587,-0.000123975374987571,0.5
0,0,1.40840389909026,-0.000128060799225227,0.5
0,0,1.40480476554748,-0.000134173507032573,0.5
0,0,1.40193389160314,-0.000138668550497791,0.5
0,0,1.39849460597752,-0.000144453296928839,0.5
0,0,1.39554492757491,-0.00014910018506634,0.5
0,0,1.39213516070277,-0.000154836693298312,0.5
0,0,1.38919283885967,-0.000159346414119402,0.5
0,0,1.38561583155615,-0.000165335093190301,0.5
0,0,1.38265202232326,-0.000169789013751903,0.5
0,0,1.37895050055951,-0.00017591609957577,0.5
0,0,1.37591481568593,-0.000180484898341332,0.5
0,0,1.37221523339476,-0.000186548147461644,0.5
0,0,1.36911904042072,-0.000191208171407882,0.5
0,0,1.36542518764971,-0.000197224461310299,0.5
0,0,1.36230417098565,-0.000201863465870586,0.5
0,0,1.35854805835431,-0.000207940844055739,0.5
0,0,1.35540685868603,-0.000212541234979478,0.5
0,0,1.35157753968406,-0.000218680783053445,0.5
0,0,1.34840060315779,-0.000223294397851494,0.5
0,0,1.34453923312245,-0.000229426106612824,0.5
0,0,1.34132478412689,-0.000234064423498548,0.5
0,0.000581965697252921,1.33744931945307,-0.000240166145992042,0.5
0,0,1.33561216409774,-0.000242855976639878,0.5
0,0.0105012495191877,1.33065215813567,-0.000250367394583079,0.5
0,0.00971780446139255,1.33366178378492,-0.000246368607367543,0.5
0,0.0197197025383101,1.3309832632445,-0.00025049789820612,0.5
0,0.0247037895631546,1.33567962949294,-0.000244464158760575,0.5
0,0.0300790112799708,1.33758728344448,-0.000242065838142457,0.5
0,0.0356384140614579,1.34112367794267,-0.00023750872933161,0.5
0,0.0407222729339548,1.34515315257077,-0.000232159090106425,0.5
0,0.0455411805307398,1.34960217262583,-0.00022617788601115,0.5
0,0.0495362114895259,1.36281786519589,-0.000207949491591316,0.5
0,0,1.36669093496163,-0.000183039837905388,0.5
0,0.038190741747996,1.35234517036196,-0.000218198576837198,0.5
0,0,1.37695263770066,-0.000165546016809004,0.5
0,0.0171871500741344,1.35556112644094,-0.000206451279420483,0.5
0,0.00403729807059113,1.38292406102075,-0.000162791069265951,0.5
0,0.0115874929736798,1.3737633715503,-0.000177678804341006,0.5
0,0.0143302616405969,1.39153259931245,-0.00015275085297233,0.5
0,0.006589847675684,1.39722179964034,-0.00014195306251241,0.5
0,0.0154494135801855,1.399819389113,-0.000140425135873614,0.5
0,0,1.41181917065032,-0.000116659451076841,0.5
0,0.00822375528588008,1.39330526014705,-0.000147772181193618,0.5
0,0.00825400147705458,1.41674868271973,-0.000113445618075871,0.5
0,0.00804071805990706,1.42161547466779,-0.000105989240453389,0.5
0,0.00963517430507495,1.4289817002794,-9.54811760455902e-05,0.5
0,0.00363298327040629,1.43724002011766,-8.16444261879943e-05,0.5
0,0.00764676975899084,1.43654460730303,-8.35723900975164e-05,0.5
0,0.0077857179072927,1.45009631957872,-6.34587625466844e-05,0.5
0,0.0031323988559469,1.4564523893781,-5.26513845186082e-05,0.5
0,0.00409296654964933,1.45531452844027,-5.44990334304035e-05,0.5
0,0.0033058999127603,1.46319635012747,-4.24595438263824e-05,0.5
0,0.00130181007161656,1.46497615989488,-3.91733687463906e-05,0.5
0,0,1.46208364407437,-4.28825108672341e-05,0.5
0,0,1.4521317991674,-5.69822724124014e-05,0.5
0,0,1.44918418889752,-6.11579572592708e-05,0.5
0,0,1.44358783230372,-6.90930840881862e-05,0.5
0,0,1.43833793835954,-7.67483624351878e-05,0.5
0,0,1.43323333478765,-8.42640690115732e-05,0.5
0,0,1.42831027173525,-9.16197330947893e-05,0.5
0,0,1.42355853947123,-9.8816763418833e-05,0.5
0,0,1.41897307059378,-0.000105857787118912,0.5
0,0,1.41454814715238,-0.00011274500137507,0.5
0,0,1.41027838447135,-0.000119480747672727,0.5
0,0,1.40615858436931,-0.000126067355781455,0.5
0,0,1.40218374968607,-0.000132507170338422,0.5
0,0,1.39834907199938,-0.000138802540529255,0.5
0,0.00254673332659618,1.39464992407984,-0.000144955817187437,0.5
0,0.00604223040748335,1.40337093832947,-0.000133366800366037,0.5
0,0.0082446925582257,1.40979998139489,-0.000124622262574316,0.5
0,0.0107253160164684,1.41756866339388,-0.000113971174056322,0.5
0,0.0016880974387226,1.4258853273216,-9.94481898129105e-05,0.5
0,0.00959279876249847,1.42075800707947,-0.000109148655161515,0.5
0,0.00456542675514601,1.43854270312143,-8.17832234057425e-05,0.5
0,0.00828856243499379,1.43889890206194,-8.20908843492779e-05,0.5
0,0.00230749687184354,1.4503913844873,-6.36668755055293e-05,0.5
0,0.00558867980210276,1.44791895706137,-6.81207535342226e-05,0.5
0,0.00631331248260687,1.4617819421246,-4.77073170107498e-05,0.5
0,0.0043731610122127,1.46818989292031,-3.7450459712854e-05,0.5
0,0.00450011889150773,1.47208412737711,-3.15911622184842e-05,0.5
0,0.00381655676726981,1.4791059068532,-2.07801663597788e-05,0.5
0,0.00230417813951975,1.48321329569639,-1.40890825602678e-05,0.5
0,6.04758707170348e-05,1.48413972121809,-1.20915205736732e-05,0.5
0,0,1.47477698781316,-2.52266092560558e-05,0.5
0,0,1.47152372536247,-2.97834878237294e-05,0.5
0,0,1.46704852217232,-3.60068510200893e-05,0.5
0,0,1.46227948757114,-4.28584024216091e-05,0.5
0,0,1.45766580538243,-4.95801220187716e-05,0.5
0,0,1.4532031074756,-5.61808895528816e-05,0.5
0,0,1.44889103156828,-6.26564384396523e-05,0.5
0,0,1.44472450754598,-6.90079395056035e-05,0.5
0,0,1.44069880995932,-7.52364589916589e-05,0.5
0,0,1.43680932766191,-8.13431385075637e-05,0.5
0,0,1.43305162597995,-8.73291755695796e-05,0.5
0,0,1.42942143415559,-9.31958159575825e-05,0.5
0,0,1.42591463955459,-9.89443491976942e-05,0.5
0,0,1.42252728084871,-0.000104576103332712,0.5
0,0,1.41925554167148,-0.000110092440248478,0.5
0,0,1.41609574454355,-0.000115494751291659,0.5
0,0,1.41304434508642,-0.00012078445320904,0.5
0,0,1.41009792650522,-0.000125962984379555,0.5
0,0,1.40725319432753,-0.00013103180132173,0.5
0,0.001098070024331,1.40450697138523,-0.00013599237545852,0.5
0,0.00457260122538838,1.40931604054591,-0.000130157049935637,0.5
0,0.00750309241014413,1.41647621015102,-0.000120666726644953,0.5
0,0.0102642337765278,1.42408741462947,-0.000110364864982238,0.5
0,0.0116319910270961,1.43322617035186,-9.73692153289502e-05,0.5
0,0.00771405504548617,1.44071407310368,-8.53488574737462e-05,0.5
0,0.0136085465173564,1.44679886477873,-7.78787585296733e-05,0.5
0,0,1.45481842751706,-5.82292703819163e-05,0.5
0,0.00150112150332171,1.44085170858137,-8.4155812512418e-05,0.5
0,0,1.45298918412909,-6.529325517671e-05,0.5
0,0,1.44155360120939,-8.1688401743211e-05,0.5
0,0,1.44093114540716,-8.32870162999333e-05,0.5
0,0,1.43753732059188,-8.84438102622341e-05,0.5
0,0,1.43444577380208,-9.34244891712822e-05,0.5
0,0,1.43142106390289,-9.83202159332963e-05,0.5
0,0.000574227300847048,1.42850283618663,-0.00010312576973961,0.5
0,0.00280813872674318,1.43167694318766,-9.92154650299083e-05,0.5
0,0.0048705835643681,1.43777647719582,-9.08837480971226e-05,0.5
0,0.00674457231960974,1.44426614104505,-8.18301552276433e-05,0.5
0,0.00862720699736039,1.45244718588181,-7.0195981935945e-05,0.5
0,0.00607695313292016,1.46056066470998,-5.74528522635363e-05,0.5
0,0.00950597848179302,1.46595449008209,-5.01565826211841e-05,0.5
0,0.00144849367154759,1.47527125895601,-3.421380547603e-05,0.5
0,0.00489317578736788,1.4701392959566,-4.25989854578425e-05,0.5
0,0.00539737198594991,1.48265085077921,-2.39235766699154e-05,0.5
0,0.00432415797018421,1.48705639574225,-1.66726458210872e-05,0.5
0,0.00396427899755856,1.49226647853889,-8.54426290100764e-06,0.5
0,0.00307406591356913,1.49714313152136,-6.78772110350818e-07,0.5
0,0.00154772634027084,1.50025898251198,4.67785998080623e-06,0.5
0,0,1.50009442238977,5.23613216803712e-06,0.5
0,0,1.49151771038656,-6.62813387433456e-06,0.5
0,0,1.49016820470866,-8.27196441805227e-06,0.5
0,0,1.48618507237215,-1.35839869214874e-05,0.5
0,0,1.48247171592509,-1.87559315492969e-05,0.5
0,0,1.47884529574112,-2.38617182048351e-05,0.5
0,0,1.47533975132584,-2.88928614029094e-05,0.5
0,0,1.47194773312362,-3.38467305744546e-05,0.5
0,0,1.46866625521342,-3.87235935907527e-05,0.5
0,0,1.46549172927858,-4.3523139965514e-05,0.5
0,0,1.46242078905847,-4.8245278625015e-05,0.5
0,0,1.45945017460325,-5.2889974759401e-05,0.5
0,0,1.45657674547938,-5.74572731679493e-05,0.5
0,0,1.45379747327463,-6.19472880666356e-05,0.5
0,0,1.45110943745851,-6.63601988801181e-05,0.5
0,0,1.44850982093836,-7.069624536292e-05,0.5
0,0,1.44599590589157,-7.49557231553914e-05,0.5
0,0,1.44356506977175,-7.91389795763407e-05,0.5
0,0,1.44121478149485,-8.32464096677346e-05,0.5
0,0,1.43894259779434,-8.7278452472759e-05,0.5
0,0,1.43674615973753,-9.12355875349418e-05,0.5
0,0,1.43462318939543,-9.51183316058518e-05,0.5
0,0,1.43257148665885,-9.89272355497227e-05,0.5
0,0,1.4305889261936,-0.000102662881433975,0.5
0,0,1.42867345452842,-0.000106325879795224,0.5
0,0,1.42682308726921,-0.000109916867070941,0.5
0,0.000625784440442555,1.42503590643373,-0.000113436503187477,0.5
0,0.00387627824783773,1.42903135846763,-0.000108707282895325,0.5
0,0.00710544876100044,1.43739596586924,-9.74780881434203e-05,0.5
0,0.00998376253658852,1.44599879302667,-8.56228024418654e-05,0.5
0,0.0114252728517436,1.45398235306921,-7.41962585607921e-05,0.5
0,0.00795602769300854,1.46178219343838,-6.17566312627941e-05,0.5
0,0.0136984440630522,1.46847721943796,-5.31162600140871e-05,0.5
0,0,1.47698043780677,-3.70006639940054e-05,0.5
0,0.00625892694060316,1.464192720416,-5.75260461047264e-05,0.5
0,0.008341571894989,1.4833162169478,-2.95713493930931e-05,0.5
0,0.00566093734558662,1.48900996145412,-1.98312323623601e-05,0.5
0,0.00769278924048725,1.49473579239828,-1.14661652640995e-05,0.5
0,0,1.50273792105325,3.68330176442877e-06,0.5
0,0,1.48936500028846,-1.68824123619954e-05,0.5
0,0,1.49115471692635,-1.35839823621388e-05,0.5
0,0,1.48795352993851,-1.76623964049953e-05,0.5
0,0,1.48511850351232,-2.15554032697235e-05,0.5
0,0,1.48231545566618,-2.54174612839658e-05,0.5
0,0,1.47960774023697,-2.92327348133609e-05,0.5
0,0,1.47698632068505,-3.29965064475709e-05,0.5
0,0,1.4744495740949,-3.6709088467719e-05,0.5
0,0,1.47199474180075,-4.03697180966038e-05,0.5
0,0,1.46961931387493,-4.39779355995444e-05,0.5
0,0,1.46732084405431,-4.75333165667447e-05,0.5
0,0,1.46509697536273,-5.10355145173882e-05,0.5
0,0,1.46294543249577,-5.44842488669339e-05,0.5
0,0,1.46086401924632,-5.78793020650105e-05,0.5
0,0,1.45885061529369,-6.12205154732759e-05,0.5
0,0,1.45690317324539,-6.45077856861859e-05,0.5
0,0,1.45501971578808,-6.77410610124275e-05,0.5
0,0,1.45319833296362,-7.09203381503436e-05,0.5
0,0,1.45143717956111,-7.40456590408014e-05,0.5
0,0,1.44973447262019,-7.71171078893868e-05,0.5
0,0,1.44808848904041,-8.01348083490261e-05,0.5
0,0,1.44649756329185,-8.30989208547859e-05,0.5
0,0.000534476895365588,1.44496008522239,-8.6009640102994e-05,0.5
0,0.00332703500135725,1.44932571909762,-8.05013517046908e-05,0.5
0,0.0063020011774522,1.4581946340697,-6.82778374807704e-05,0.5
0,0.00753129213875131,1.46713264884884,-5.53139600146105e-05,0.5
0,0.00238497292450966,1.47390244767227,-4.39541394285634e-05,0.5
0,0.00837863733913363,1.47617302164574,-4.18878729913633e-05,0.5
0,0,1.48750051611738,-2.07129746618785e-05,0.5
0,0,1.47481969111874,-4.16918879114491e-05,0.5
0,0,1.4771869116271,-3.76450003436672e-05,0.5
0,0,1.47489627138539,-4.07980688354534e-05,0.5
0,0,1.4729250958421,-4.37757072483882e-05,0.5
0,0,1.47096472189745,-4.67295989386318e-05,0.5
0,0,1.46907270098585,-4.96451272150501e-05,0.5
0,0,1.46724155660025,-5.2518251594797e-05,0.5
0,0,1.46547038921332,-5.53494685191919e-05,0.5
0,0,1.46375728572104,-5.81382963782002e-05,0.5
0,0,1.46210052886944,-6.08845013366668e-05,0.5
0,0.000943109940110262,1.46049843852086,-6.35878646372734e-05,0.5
0,0.00353645494827803,1.46680811112597,-5.49960331841972e-05,0.5
0,0.00575011579925834,1.47477056268205,-4.36516106364215e-05,0.5
0,0.00794673670543574,1.48346295620833,-3.10803462416025e-05,0.5
0,0,1.48994070050613,-1.88414928489957e-05,0.5
0,0.00258291993318575,1.47877264323334,-3.64866768416913e-05,0.5
0,0.00496007679866301,1.49555470066811,-1.20466590668566e-05,0.5
0,0.00461354959259251,1.50266790719434,-6.63159337727874e-07,0.5
0,0.00573708118854742,1.50896463671554,8.92924565477771e-06,0.5
0,0.000459189924412076,1.51672116767899,2.22198734509248e-05,0.5
0,0.000737704935863977,1.51066483379452,1.35816797080038e-05,0.5
0,5.47290075578342e-05,1.51606132037325,2.2161826732495e-05,0.5
0,0,1.5112598953908,1.62177812789301e-05,0.5
0,0,1.50909356658316,1.35450816175613e-05,0.5
0,0,1.50708749323908,1.12289179743537e-05,0.5
0,0,1.50470947811049,8.2583504601631e-06,0.5
0,0,1.50241575911326,5.32111408166512e-06,0.5
0,0,1.50018914120619,2.41024245814019e-06,0.5
0,0,1.49803244337002,-4.71741964944377e-07,0.5
0,0,1.49594321054781,-3.32363503598064e-06,0.5
0,0,1.49391945885978,-6.14459056753416e-06,0.5
0,0,1.49195919368901,-8.93376559797803e-06,0.5
0,0,1.49006049743502,-1.16904034179558e-05,0.5
0,0,1.48822151673464,-1.44138146901564e-05,0.5
0,0,1.48644046169143,-1.71033765520536e-05,0.5
0,0,1.48471560322778,-1.97585286462594e-05,0.5
0,0,1.48304527080486,-2.23787698154744e-05,0.5
0,0,1.48142785019502,-2.49636548781173e-05,0.5
0,0,1.47986178135191,-2.75127915716929e-05,0.5
0,0,1.47834555636708,-3.00258376422551e-05,0.5
0,0,1.47687771751039,-3.25024980752382e-05,0.5
0,0,1.47545685535052,-3.49425224606493e-05,0.5
0,0,1.47408160695198,-3.73457024863284e-05,0.5
0,0,1.47275065414543,-3.97118695532216e-05,0.5
0,0,1.47146272186816,-4.20408925069069e-05,0.5
0,0,1.47021657657156,-4.43326754798883e-05,0.5
0,0,1.46901102469291,-4.65871558394276e-05,0.5
0,0,1.46784491118856,-4.88043022359353e-05,0.5
0,0,1.46671711812597,-5.09841127471756e-05,0.5
0,0,1.46562656333206,-5.31266131137628e-05,0.5
0,0,1.46457219909551,-5.52318550616437e-05,0.5
0,0,1.46355301092066,-5.72999147074586e-05,0.5
0,0,1.46256801633084,-5.93308910428722e-05,0.5
0,0.00152248336430878,1.4616162637191,-6.13249044941443e-05,0.5
0,0.00425244414971213,1.465686985618,-5.6174926654001e-05,0.5
0,0.00644034415858205,1.46946721923773,-5.11801504894103e-05,0.5
0,0.00871940061250662,1.47392172120444,-4.51808914574912e-05,0.5
0,0.0109370825607984,1.4793643427746,-3.76143946208266e-05,0.5
0,0.0134959193441184,1.48765831704703,-2.58019586827822e-05,0.5
0,0.0154778056077591,1.49533815387659,-1.45512366081809e-05,0.5
0,0.00768295303900309,1.50301283069428,-1.10053824975801e-06,0.5
0,0.014952279132454,1.50766419758716,4.68890672314152e-06,0.5
0,0.00634214201365393,1.51744031207569,2.15876378492536e-05,0.5
0,0.0119079913602682,1.52158815235545,2.73199583662267e-05,0.5
0,0,1.52928609099394,4.61827323825812e-05,0.5
0,0,1.51855055634278,2.70364932562311e-05,0.5
0,0,1.52043259785052,3.16921600557281e-05,0.5
0,0,1.51820801865574,2.92500504008423e-05,0.5
0,0,1.51624717554738,2.69510033504542e-05,0.5
0,0,1.51430303660804,2.46488331865256e-05,0.5
0,0,1.51242207118565,2.23601669496768e-05,0.5
0,0,1.5105982448973,2.00888248255275e-05,0.5
0,0,1.50883054052073,1.78352363196864e-05,0.5
0,0,1.50711718382677,1.56005304337851e-05,0.5
0,0,1.50545655575501,1.33856228793355e-05,0.5
0,0,1.50384707704646,1.11913869185134e-05,0.5
0,0,1.50228722382861,9.01862764070375e-06,0.5
0,0,1.50077552319121,6.86808961122203e-06,0.5
0,0,1.49931055164817,4.74045918149408e-06,0.5
0,0,1.49789093324634,2.63636748873353e-06,0.5
0,0,1.49651533781004,5.56393199982571e-07,0.5
0,0,1.49518247924642,-1.49893485000736e-06,0.5
0,0,1.49389111391941,-3.52913514357486e-06,0.5
0,0,1.49264003908804,-5.53377107897148e-06,0.5
0,0,1.49142809140662,-7.51244867861361e-06,0.5
0,0,1.49025414548405,-9.46481440181677e-06,0.5
0,0,1.48911711250005,-1.13905530573709e-05,0.5
0,0,1.48801593887568,-1.328938581151e-05,0.5
0,0,1.48694960499613,-1.51610682870308e-05,0.5
0,0,1.48591712398349,-1.70053887495031e-05,0.5
0,0,1.48491754051743,-1.88221663766976e-05,0.5
0,0,1.48394992970194,-2.06112496075274e-05,0.5
0,0,1.48301339597609,-2.23725145669671e-05,0.5
0,0,1.48210707206711,-2.41058635635676e-05,0.5
0,0,1.48123011798394,-2.58112236563397e-05,0.5
0,0,1.48038172004978,-2.7488545287918e-05,0.5
0,0,1.47956108997184,-2.91378009810584e-05,0.5
0,0,1.4787674639469,-3.07589840956507e-05,0.5
0,0,1.47800010180123,-3.23521076435533e-05,0.5
0,0,1.47725828616335,-3.39172031586786e-05,0.5
0,0,1.47654132166848,-3.54543196198677e-05,0.5
0,0,1.47584853419324,-3.69635224242068e-05,0.5
0,0,1.47517927011944,-3.8444892408538e-05,0.5
0,0,1.47453289562586,-3.98985249170179e-05,0.5
0,0,1.47390879600669,-4.13245289126744e-05,0.5
0,0.0012830616237418,1.47330637501582,-4.2723026130998e-05,0.5
0,0.0040180417433728,1.47733648685504,-3.75577215101699e-05,0.5
0,0.00633582253822207,1.48154764589785,-3.18815258898713e-05,0.5
0,0.00868755023217998,1.48635297845417,-2.52876104919048e-05,0.5
0,0.0110019342259433,1.49214826975403,-1.7125193636971e-05,0.5
0,0.0131693525260978,1.49858594989837,-7.85657534383044e-06,0.5
0,0.015171010331246,1.5055346904862,2.3351152295622e-06,0.5
0,0.0169775128861157,1.51291107270348,1.33461269711766e-05,0.5
0.00477586165721064,0.0125701365171173,1.52122734271886,2.71466853789456e-05,0.5
0.0229381207394479,0.0129234558655548,1.52864274066085,3.87812120592012e-05,0.5
0.030909708538974,0,1.53453891556998,5.3691829225359e-05,0.5
0.0142672981038451,0.000527429133084291,1.52516569008817,3.72582122023886e-05,0.5
0.0308490523900522,0,1.53241905882904,4.95275416620596e-05,0.5
0.0183025370351277,0,1.52683702472606,4.26393441698814e-05,0.5
0.0184662707621115,0,1.52648214294249,4.26021563887721e-05,0.5
0.0153553006144846,0,1.52480149830649,4.09353846811711e-05,0.5
0.0126435974002486,0,1.5232530457612,3.92727300798358e-05,0.5
0.0100237844518566,0,1.52173543939668,3.76193363864642e-05,0.5
0.00754652098125296,0,1.52026537831921,3.59709858370291e-05,0.5
0.00520213569292221,0,1.51883967250581,3.43307401068383e-05,0.5
0.00298749044435372,0,1.51745728580467,3.26992172990454e-05,0.5
0.000898562550772954,0,1.51611689031494,3.10774255763013e-05,0.5
0,0,1.51481724388526,2.94662425015438e-05,0.5
0,0,1.51355713936052,2.78665016157486e-05,0.5
0,0,1.51233541059233,2.62789813379659e-05,0.5
0,0,1.51115092992754,2.47044094628197e-05,0.5
0,0,1.51000260696248,2.31434652030517e-05,0.5
0,0,1.50888938716929,2.15967814931282e-05,0.5
0,0,1.50781025060066,2.00649471426748e-05,0.5
0,0,1.50676421064063,1.85485089053246e-05,0.5
0,0,1.50575031280388,1.70479734576181e-05,0.5
0,0,1.504767633581,1.55638092930646e-05,0.5
0,0,1.50381527932804,1.40964485347386e-05,0.5
0,0,1.50289238519838,1.26462886698728e-05,0.5
0,0,1.50199811411549,1.12136942097267e-05,0.5
0,0,1.5011316557847,9.79899827787743e-06,0.5
0,0,1.50029222574265,8.40250412994563e-06,0.5
0,0,1.49947906444274,7.02448660764185e-06,0.5
0,0,1.49869143637527,5.66519352989786e-06,0.5
0,0,1.4979286292209,4.32484702373033e-06,0.5
0,0,1.49718995303596,3.00364479737304e-06,0.5
0,0,1.49647473946861,1.70176135810685e-06,0.5
0,0,1.49578234100439,4.19349177114585e-07,0.5
0,0,1.49511213024013,-8.43460196409782e-07,0.5
0,0,1.49446349918511,-2.08655506976235e-06,0.5
0,0,1.49383585858829,-3.30984258779482e-06,0.5
0,0,1.49322863729075,-4.51324775858451e-06,0.5
0,0,1.49264128160224,-5.6967125218312e-06,0.5
0,0,1.49207325470086,-6.8601948581818e-06,0.5
0,0,1.49152403605517,-8.00366793775939e-06,0.5
0,0,1.49099312086757,-9.12711930624546e-06,0.5
0,0,1.49048001953836,-1.02305501069332e-05,0.5
0,0.000760468611037261,1.48998425714956,-1.1313974337236e-05,0.5
0,0.00313771835279347,1.49368703216687,-6.45141363690739e-06,0.5
0.00550128459054903,0.00540365641313902,1.49864902881361,4.30884814017463e-07,0.5
0.0197477364427476,0.00760988542470223,1.50411185789675,8.15829910542891e-06,0.5
0.0365009656375258,0.009845434382524,1.51066918898593,1.76064734469344e-05,0.5
0.0551494912639493,0.0119815702008748,1.51806812398473,2.84757248564448e-05,0.5
0.0752128389617264,0.0139762676995851,1.52610325308725,4.04841992462851e-05,0.5
0.0944117035903486,0.0137544113750947,1.53399183737627,5.28702702580978e-05,0.5
0.110168475568688,0.00627458359970541,1.54112448355635,6.55629352913146e-05,0.5
0.122952104899288,0.0126863008146876,1.54553669047744,7.18204633184266e-05,0.5
0.13830879069602,0,1.55423063844365,8.98526019004165e-05,0.5
0.118236319606874,0,1.54387502076912,7.34938587737423e-05,0.5
0.123470898734672,0,1.54615474439928,7.83198788722573e-05,0.5
0.120011580782481,0,1.54438405759554,7.69057941619176e-05,0.5
0.117307799583883,0,1.54286328668423,7.55452934590699e-05,0.5
0.114606826826377,0,1.54134384808819,7.4177404327682e-05,0.5
0.112050927009809,0,1.53987268735543,7.28031383430396e-05,0.5
0.109622910261689,0,1.53844413976478,7.14278093656324e-05,0.5
0.10732108741523,0,1.53705764695926,7.00517980746965e-05,0.5
0.105141389941265,0,1.53571186629138,6.86764065372547e-05,0.5
0.103080176477671,0,1.5344055961329,6.73027137217397e-05,0.5
0.101133881271782,0,1.53313765982118,6.59317655302669e-05,0.5
0.0992990630966725,0,1.53190692181238,6.45645463856964e-05,0.5
0.0640830883725118,0,1.53071228389007,6.45702153490618e-05,0.5
0.0849479723986125,0,1.52926454761889,6.17826905994464e-05,0.5
0.0760620848670256,0,1.52811232559803,6.0722869141764e-05,0.5
0.0742390681757867,0,1.52687630339255,5.91321512936491e-05,0.5
0.0725900637519387,0,1.52570157077478,5.76124669955872e-05,0.5
0.0710313411076949,0,1.52455653166803,5.60931586806496e-05,0.5
0.0695741297830441,0,1.52344542406147,5.45856955870043e-05,0.5
0.0682143010375473,0,1.52236688692645,5.30903279627374e-05,0.5
0.0669491964458625,0,1.52132004292637,5.16076828165049e-05,0.5
0.0260017024753741,0,1.52030397986843,5.17633234848663e-05,0.5
0.0512505987821766,0,1.51884667099467,4.84447804436522e-05,0.5
0.0414143593881853,0,1.51782633197417,4.73030013693858e-05,0.5
0.0398419691386772,0,1.51666412788061,4.54995796221298e-05,0.5
0.0384562109854033,0,1.51556806166952,4.37881980944279e-05,0.5
0.0371506234544954,0,1.51449829406659,4.20834459925047e-05,0.5
0.0359408899762518,0,1.51346063201674,4.03986496878747e-05,0.5
0.0348227529610179,0,1.5124536722643,3.87337372530078e-05,0.5
0.0337938378060799,0,1.51147663105206,3.70890778033609e-05,0.5
0.0328515908010355,0,1.51052866580331,3.54649766066851e-05,0.5
0.0319935651320326,0,1.50960896919249,3.38617046573252e-05,0.5
0,0,1.50871675805508,3.44767605339022e-05,0.5
0.0113347509879634,0,1.50686569344468,2.99650076623978e-05,0.5
0,0,1.50585639459424,2.87122710912874e-05,0.5
0,0,1.50455669955431,2.64661911660233e-05,0.5
0,0,1.50334524099993,2.43521724121489e-05,0.5
0,0,1.50216080331528,2.22502942850657e-05,0.5
0,0,1.50101292002892,2.01787549266346e-05,0.5
0,0,1.49989976027404,1.81371605104776e-05,0.5
0,0,1.49882048365098,1.61256886853785e-05,0.5
0,0,1.49777413792696,1.41444585473557e-05,0.5
0,0,1.49675981548187,1.21935527305284e-05,0.5
0,0,1.49577663491383,1.02730306123532e-05,0.5
0,0,1.49482374256423,8.38292711818619e-06,0.5
0,0,1.49390031122256,6.52325455245936e-06,0.5
0,0,1.49300553924548,5.79072729743284e-06,0.5
0,0,1.49130465351904,2.12064299258544e-06,0.5
0,0,1.49029572898492,3.80883495842446e-07,0.5
0,0,1.48907346885503,-1.92261152186189e-06,0.5
0,0,1.48791901643753,-4.13771341500957e-06,0.5
0,0,1.48679487306632,-6.32509453109162e-06,0.5
0,0,1.48570658572776,-8.47592397991943e-06,0.5
0,0,1.48465263707488,-9.53008088808056e-06,0.5
0,0,1.48282747418219,-1.33973803499926e-05,0.5
0,0,1.48167828754347,-1.54018348539958e-05,0.5
0,0,1.4803277590536,-1.79435982136779e-05,0.5
0,0,1.4790496120816,-2.03913848317571e-05,0.5
0,0,1.47780649203339,-2.28059098233015e-05,0.5
0,0,1.47660375510297,-2.51667249088094e-05,0.5
0,0,1.47543187635026,-2.61437381211304e-05,0.5
0,0,1.47337181354886,-3.05942220551882e-05,0.5
0,0,1.47209960736784,-3.27479716121891e-05,0.5
0,0,1.47058541797588,-3.55742860471156e-05,0.5
0,0,1.46915793473279,-3.8282471623322e-05,0.5
0,0,1.46776951523848,-4.09542911190611e-05,0.5
0,0,1.46642712711632,-4.35776724074671e-05,0.5
0,0,1.46512879646442,-4.61532196837344e-05,0.5
0,0,1.46387338166062,-4.82600957753124e-05,0.5
0,0,1.46230995050852,-5.1465785025971e-05,0.5
0,0,1.46106626655086,-5.30960770803624e-05,0.5
0,0,1.45910396195908,-5.70613120202257e-05,0.5
0,0,1.45772405245216,-5.95707348645381e-05,0.5
0,0,1.45619358509457,-6.24729532573703e-05,0.5
0,0,1.45473859134055,-6.52803923729363e-05,0.5
0,0,1.45332776734974,-6.77597958616422e-05,0.5
0,0,1.4517750993676,-7.08981924705903e-05,0.5
0,0,1.4504230305687,-7.25073567344461e-05,0.5
0,0,1.44836951547942,-7.67858215572833e-05,0.5
0,0,1.44693182914571,-7.93448218809451e-05,0.5
0,0,1.44532864543671,-8.2379946716829e-05,0.5
0,0,1.44380991508657,-8.53023976259978e-05,0.5
0,0,1.44233760484763,-8.81770120686526e-05,0.5
0,0,1.44091673403485,-9.04002235399984e-05,0.5
0,0,1.43914580241723,-9.40531251408187e-05,0.5
0,0,1.43774855546869,-9.60897277571477e-05,0.5
0,0,1.43586711335433,-9.98938489496898e-05,0.5
0,0,1.43438879181523,-0.000102634191795394,0.5
0,0,1.43283167430163,-0.000105633997664496,0.5
0,0,1.43134758647007,-0.000108540307741959,0.5
0,0,1.42991256282146,-0.000110921511938069,0.5
0,0,1.42817735910876,-0.000114447194656536,0.5
0,0,1.42677702528385,-0.000116443644871907,0.5
0,0,1.42479897386258,-0.000120406914871284,0.5
0,0,1.42331097354359,-0.000123125959125769,0.5
0,0,1.42170258925308,-0.000126195532856653,0.5
0,0,1.42018309560418,-0.000128960199021713,0.5
0,0,1.41859166753849,-0.000132116166345875,0.5
0,0,1.4171526432388,-0.000134051443769861,0.5
0,0,1.41514216362517,-0.000138167983573739,0.5
0,0,1.41367143954919,-0.000140572400091996,0.5
0,0,1.41189425489215,-0.000144002121126579,0.5
0,0,1.41034649463392,-0.000146908309378502,0.5
0,0,1.40879565088835,-0.000149853597164512,0.5
0,0,1.40728815953205,-0.000152466935565628,0.5
0,0.00331787066988989,1.40565021491444,-0.000155773940955931,0.5
0,0,1.40893591614779,-0.000151115106589937,0.5
0,0.00577591310879193,1.40345687032578,-0.000159820162405244,0.5
0,0.00817985860633914,1.40932877166611,-0.000152451557450293,0.5
0,0.0116629314711899,1.41227418924127,-0.000148805799510757,0.5
0,0.0158125118159043,1.41863762403272,-0.000140548693503686,0.5
0,0.0193516274868499,1.4248631567379,-0.000132187869472356,0.5
0,0.0230796732615768,1.43492252398125,-0.000118408919687724,0.5
0,0.0234225486075829,1.44306893758158,-0.000106250430825631,0.5
0,0.0246392792318618,1.45138586193296,-9.40700639554505e-05,0.5
0,0.0232067756247543,1.45966123551836,-8.11641262050198e-05,0.5
0,0.00248368386758345,1.46659486831264,-6.54772844476976e-05,0.5
0,0.0187220373120032,1.46377908350576,-7.30036903872674e-05,0.5
0,0,1.4787416526331,-4.40809762996093e-05,0.5
0,0.00464712298285244,1.46328701757741,-6.93298878248318e-05,0.5
0,0.00407728677785849,1.47983252875145,-4.47008277967759e-05,0.5
0,0.00254194936410976,1.47974380852737,-4.36380910273805e-05,0.5
0,0.00286185250627445,1.48118422547095,-4.11563989546301e-05,0.5
0,0.00317712398604557,1.48493289287947,-3.51601749706086e-05,0.5
0,0.00312115648516404,1.48813334958799,-2.98463302857828e-05,0.5
0,0.00290712529451561,1.49093180448606,-2.50863711909414e-05,0.5
0,0.00251485753003387,1.49349034783275,-2.06287370551296e-05,0.5
0,0.00160112437377138,1.49438297290004,-1.85050058951091e-05,0.5
0,0.000350809217836998,1.49369279428904,-1.86808454383329e-05,0.5
0,0,1.49092747734675,-2.1875634111446e-05,0.5
0,0,1.48698811080322,-2.68689837644974e-05,0.5
0,0,1.4846432744844,-2.97214938896354e-05,0.5
0,0,1.4816243775405,-3.35639513735211e-05,0.5
0,0,1.4787388567729,-3.73458259105995e-05,0.5
0,0,1.47593962937922,-4.1080437018225e-05,0.5
0,0,1.47323384546191,-4.47654572593798e-05,0.5
0,0,1.47061764711053,-4.83994783157837e-05,0.5
0,0,1.4680883533327,-5.19819977759698e-05,0.5
0,0,1.46564319387748,-5.55124133599026e-05,0.5
0,0,1.46327952149753,-5.89902413501524e-05,0.5
0,0,1.46099478000057,-6.24150700238631e-05,0.5
0,0,1.45878650502525,-6.57865623170235e-05,0.5
0,0,1.45665231968303,-6.91044499643733e-05,0.5
0,0,1.45458993114176,-7.2368529321738e-05,0.5
0,0.000230400158474774,1.45259712723924,-7.55786571880258e-05,0.5
0,0.00218155447181262,1.45291852143258,-7.55675625454454e-05,0.5
0,0.0044788280293943,1.45630442297703,-7.1169343507054e-05,0.5
0,0.0065217418498751,1.45983960724411,-6.64188711790156e-05,0.5
0,0.00862608751985012,1.46433595144769,-6.0249347869737e-05,0.5
0,0.0106331107948266,1.46977658088932,-5.26036610143082e-05,0.5
0,0.0124811371299684,1.47585001440248,-4.39088751348378e-05,0.5
0,0.0141495233359959,1.48245057677305,-3.43050991798511e-05,0.5
0,0.0156064707155856,1.48947790528818,-2.39202336484577e-05,0.5
0,0.0168270517975547,1.49683063192545,-1.28892227940876e-05,0.5
0,0.0121238177977999,1.5051159850831,8.92294306756528e-07,0.5
0,0.0164155469228055,1.51118931974212,9.60521089256455e-06,0.5
0,0.0107021676977496,1.51970688147564,2.4115051037347e-05,0.5
0,0.0134494700988315,1.52442294718185,3.1368526307214e-05,0.5
0.0183404328863786,0.00603855538702753,1.5334531601675,4.70855109176646e-05,0.5
0.026823941085146,0.00878162113593431,1.53668300593046,5.23333403477985e-05,0.5
0.049439273733473,0.00763605406160017,1.5464803528549,6.81477589314246e-05,0.5
0.0605205798008253,0.00561030423755737,1.55133561221807,7.69893648491898e-05,0.5
0.0692805377351567,0.00332806348099784,1.55519849597172,8.42670457537119e-05,0.5
0.0724943163349922,8.60828153958896e-06,1.55674419618843,8.82724423455521e-05,0.5
0.0512408393340837,0,1.54797411388855,7.72124451027723e-05,0.5
0.0483011651002549,0,1.54679682684421,7.66885928411853e-05,0.5
0.0393768176013548,0,1.54315942854027,7.28195654565361e-05,0.5
0.0308604464611036,0,1.53962603937889,6.88046883652871e-05,0.5
0.0225905484941001,0,1.53617483724751,6.48184594060972e-05,0.5
0.0146454450619517,0,1.5328316520333,6.08616625531132e-05,0.5
0.00701017912603619,0,1.52959154610606,5.69392043102902e-05,0.5
0,0,1.5264517057022,5.30522043576294e-05,0.5
0,0,1.52340892500073,4.92022599326421e-05,0.5
0,0,1.5204601652403,4.53907446256861e-05,0.5
0,0,1.51760248638821,4.16189327527127e-05,0.5
0,0,1.51483305449377,3.78879851212804e-05,0.5
0,0,1.51214913593847,3.41989582097295e-05,0.5
0,0,1.50954809370638,3.05528094264884e-05,0.5
0,0,1.50702738352179,2.69504026787927e-05,0.5
0,0,1.50458455019586,2.33925135743405e-05,0.5
0,0,1.50221722412294,1.98798343750453e-05,0.5
0,0,1.49992311792761,1.64129786989652e-05,0.5
0,0,1.49770002325438,1.29924859853352e-05,0.5
0,0,1.4955458076939,9.61882573401681e-06,0.5
0,0,1.49345841183932,6.29240153056515e-06,0.5
0,0,1.4914358464671,3.01355486748917e-06,0.5
0,0,1.48947618983659,-2.17431228235417e-07,0.5
0,0,1.487577585103,-3.4003287518412e-06,0.5
0,0,1.48573823783889,-6.53496145254673e-06,0.5
0,0,1.48395641365905,-9.62120173180175e-06,0.5
0,0,1.48223043594439,-1.26589676997922e-05,0.5
0,0,1.48055868366042,-1.56482203824031e-05,0.5
0,0,1.47893958926589,-1.85889610712232e-05,0.5
0,0,1.47737163670804,-2.14812288095411e-05,0.5
0,0,1.47585335950011,-2.432509800763e-05,0.5
0,0,1.47438333887799,-2.71206761809505e-05,0.5
0,0,1.47296020203218,-2.98681018052106e-05,0.5
0,0,1.47158262041191,-3.25675422825259e-05,0.5
0,0,1.47024930809826,-3.52191920132001e-05,0.5
0,0,1.46895902024324,-3.78232705679208e-05,0.5
0,0,1.46771055157203,-4.03800209554159e-05,0.5
0,0,1.46650273494548,-4.28897079808639e-05,0.5
0,0,1.46533443998047,-4.53526166905779e-05,0.5
0,0,1.46420457172549,-4.77690508987062e-05,0.5
0,0,1.46311206938912,-5.01393317918981e-05,0.5
0,0,1.46205590511908,-5.24637966080838e-05,0.5
0,0,1.46103508282978,-5.47427973857039e-05,0.5
0,0,1.4600486370762,-5.69766997799054e-05,0.5
0,0,1.4590956319722,-5.91658819423889e-05,0.5
0,0,1.45817516015129,-6.13107334617542e-05,0.5
0,0,1.45728634176816,-6.34116543613482e-05,0.5
0,0,1.45642832353916,-6.53345887364343e-05,0.5
0,0,1.45552009793983,-6.75394573007644e-05,0.5
0,0,1.45470459419276,-6.90247107327562e-05,0.5
0,0,1.45361040103273,-7.16882483348351e-05,0.5
0,0,1.45277938931553,-7.30943655798235e-05,0.5
0,0,1.451605401497,-7.58471203461801e-05,0.5
0,0,1.45070674553933,-7.75261082589336e-05,0.5
0,0,1.44958541236138,-8.0064086652976e-05,0.5
0,0,1.44864434348268,-8.18724933769167e-05,0.5
0,0,1.44754051466107,-8.43545437645023e-05,0.5
0,0,1.44659500034815,-8.60590727191998e-05,0.5
0,0.00192707116246868,1.44542766378971,-8.86889944377022e-05,0.5
0,0,1.45000839436186,-8.25930500773767e-05,0.5
0,0.00408381496791482,1.44467661830326,-9.07748061485753e-05,0.5
0,0.00462577316334785,1.45440868370691,-7.77901759342599e-05,0.5
0,0.00831195176488232,1.45478064700677,-7.75069918353403e-05,0.5
0,0.0111531559515456,1.46114578550486,-6.90951662471002e-05,0.5
0,0.0136380537034634,1.46678665288038,-6.12628143580839e-05,0.5
0,0.0161870539047689,1.47319888045129,-5.22961677932829e-05,0.5
0,0.0185053861669862,1.48023993938841,-4.22334670130579e-05,0.5
0,0.0186953017126172,1.48977363090165,-2.79452269327751e-05,0.5
0,0,1.49585374084218,-1.41826697223075e-05,0.5
0,0.0113008635086724,1.48501776076275,-3.23993388299544e-05,0.5
0,0.0096190791414094,1.50697849224123,3.72338345326974e-07,0.5
0,0.00999003792362147,1.50750271609388,2.16293766263652e-06,0.5
0.00751047039425748,0.0115217908067807,1.51729459056865,1.6724867147911e-05,0.5
0.0234373461929268,0.00789380469681195,1.52434253467308,2.8809961673013e-05,0.5
0.0368705840827458,0.0103398158378721,1.52967610115912,3.70818936311642e-05,0.5
0.0557726503045469,0.00232839863095992,1.53847154729673,5.2615338848598e-05,0.5
0.0515576104817915,0.00423578247499914,1.53615432774326,4.98327295668844e-05,0.5
0.0713399086047025,0.00319554988414436,1.54461385921283,6.34713560667907e-05,0.5
0.0748690174163013,0.000519154186574405,1.54615015644741,6.74369892428878e-05,0.5
0.066073186662548,0,1.54243026389935,6.35108910826247e-05,0.5
0.057157029380306,0,1.53861385771296,5.92548807734698e-05,0.5
0.0529907300439645,0,1.5367851783067,5.7777494314769e-05,0.5
0.0462401074912581,0,1.53386040141589,5.46817935621128e-05,0.5
0.0398982203115678,0,1.53107122820174,5.16153081811643e-05,0.5
0.0337755181196681,0,1.52835512535321,4.85655367192902e-05,0.5
0.0279080401164678,0,1.52572397610841,4.55351598462343e-05,0.5
0.0222841956358939,0,1.5231739543433,4.25268042471975e-05,0.5
0.0168970039860234,0,1.52070275404744,3.95417276577684e-05,0.5
0.011738969737306,0,1.5183078995626,3.65813607505331e-05,0.5
0.00680295115988529,0,1.51598703210172,3.36469848129669e-05,0.5
0.00208204193942145,0,1.51373787066863,3.07397929204208e-05,0.5
0,0,1.51155821468026,2.78608850077453e-05,0.5
0,0,1.50944594005809,2.50112741436897e-05,0.5
0,0,1.50739899638756,2.21918908137494e-05,0.5
0,0,1.50541540405347,1.9403587273452e-05,0.5
0,0,1.50349325151576,1.6647141651472e-05,0.5
0,0,1.5016306926952,1.39232618627603e-05,0.5
0,0,1.49982594446807,1.12325893330449e-05,0.5
0,0,1.49807728426436,8.57570254475122e-06,0.5
0,0,1.49638304776512,5.95312041257602e-06,0.5
0,0,1.4947416266946,3.36530549676523e-06,0.5
0,0,1.49315146670306,8.12667061731715e-07,0.5
0,0,1.4916110653363,-1.7044360127075e-06,0.5
0,0,1.49011897008818,-4.18569246054049e-06,0.5
0,0,1.4886737765325,-6.63083599261061e-06,0.5
0,0,1.48727412653084,-9.0396427872138e-06,0.5
0,0,1.48591870651308,-1.14119291022469e-05,0.5
0,0,1.48460624582745,-1.37475490031934e-05,0.5
0,0,1.48333551515715,-1.60463922015035e-05,0.5
0,0,1.48210532500074,-1.83083819981801e-05,0.5
0,0,1.48091452421343,-2.05334733276283e-05,0.5
0,0,1.47976199860681,-2.25064134516893e-05,0.5
0,0,1.47851709042412,-2.4977500472731e-05,0.5
0,0,1.47741349832684,-2.60395922818428e-05,0.5
0,0,1.47568355295223,-2.97364997817975e-05,0.5
0,0,1.47450155197397,-3.17541222961007e-05,0.5
0,0,1.47316410411853,-3.42504959798981e-05,0.5
0,0,1.47189698895903,-3.6653544124185e-05,0.5
0,0,1.47066603798101,-3.90232872610164e-05,0.5
0,0,1.46947594338299,-4.12122853417896e-05,0.5
0,0,1.468220369151,-4.37258025009661e-05,0.5
0,0,1.46708685971388,-4.59633447855913e-05,0.5
0,0,1.46596006163866,-4.82330258212246e-05,0.5
0,0,1.46487482905682,-5.04539448976583e-05,0.5
0,0,1.46382534389491,-5.26342019886245e-05,0.5
0,0,1.46281144576941,-5.47728625031273e-05,0.5
0,0,1.46183207595994,-5.68701994308159e-05,0.5
0,0,1.46088628911582,-5.892647418933e-05,0.5
0,0,1.45997315693097,-6.09419630475958e-05,0.5
0,0,1.459091781157,-6.29169578187269e-05,0.5
0,0,1.45824129096089,-6.4851763376334e-05,0.5
0,0.000893005628491587,1.45742084219551,-6.67466968973429e-05,0.5
0,0.00400709771736199,1.4597934237261,-6.41756266543363e-05,0.5
0,0.00701136543341191,1.46339927750082,-5.97146919685374e-05,0.5
0,0.00990709839571684,1.46734474552199,-5.46710850780056e-05,0.5
0,0.0131672825685345,1.47429476865798,-4.53050178378834e-05,0.5
0,0.0159035191230709,1.4808607551903,-3.61874588530424e-05,0.5
0,0.0180139766861717,1.48557210296238,-2.95298713301731e-05,0.5
0,0.0210731274773502,1.49530482540356,-1.57378506955727e-05,0.5
0.016070019105674,0.0231110065239607,1.50332973563189,-3.88796128122775e-06,0.5
0.0259721367603893,0,1.50966712354591,1.07169167313086e-05,0.5
0.0070800010850339,0.0139116411473092,1.49960897614162,-6.49614873261075e-06,0.5
0.0554449701529372,0.00972586446614416,1.52078613906392,2.56962053702722e-05,0.5
0.0607694686079759,0.0118480485426846,1.52254127343759,2.9024057410572e-05,0.5
0.0829711387260922,0.0126912134982271,1.53178332046755,4.30693325322889e-05,0.5
0.096507828004302,0.00250023578563737,1.53838271076827,5.57350128991164e-05,0.5
0.095485085020272,0.00728930871863726,1.53708368877437,5.38097256070214e-05,0.5
0.119062398524364,0.0065854018321742,1.54708977290781,6.96207322687953e-05,0.5
0.122735739480038,0.00430708197381458,1.5485723602685,7.3442619737358e-05,0.5
0.128207340500655,0.00277469974469424,1.55075637085945,7.78905635654152e-05,0.5
0.131213676361184,0.000604160371259578,1.55193043396607,8.10491257153853e-05,0.5
0.125853890562794,0,1.54956964542729,7.90722713506478e-05,0.5
0.117972172026224,0,1.54610640934941,7.53202505575177e-05,0.5
0.114485579917637,0,1.54447327750253,7.40834677332195e-05,0.5
0.109011301510762,0,1.54200054843486,7.16174596482091e-05,0.5
0.103875151538244,0,1.53963997984346,6.91651427387787e-05,0.5
0.098923260255379,0,1.53734082277097,6.67209695583961e-05,0.5
0.0941829080505022,0,1.53511207007259,6.42862277992442e-05,0.5
0.0896447305408175,0,1.53295063125098,6.18633725630215e-05,0.5
0.0853029841788752,0,1.53085460958575,5.94536749887143e-05,0.5
0.0811515420955341,0,1.52882198203777,5.70585434130973e-05,0.5
0.0771845578233486,0,1.52685081819766,5.46792590735959e-05,0.5
0.0733963746976485,0,1.52493925035841,5.23170246466954e-05,0.5
0.0697815315267492,0,1.52308547538687,4.99729607285954e-05,0.5
0.0663347534393881,0,1.52128775169752,4.7648110918695e-05,0.5
0.0584724193516101,0,1.51954439702082,4.55305042790819e-05,0.5
0.0581587845286816,0,1.51772405810322,4.29355814205541e-05,0.5
0.0450710183826691,0,1.51605887025446,4.10508768551799e-05,0.5
0.0476218840199432,0,1.51414977025585,3.81066026284393e-05,0.5
0.0330990066016992,0,1.51250086405832,3.62154094838112e-05,0.5
0.0359186316927804,0,1.51055472843719,3.3113827563659e-05,0.5
0.0236671053595196,0,1.50888622641905,3.10138884651271e-05,0.5
0.0249370575518326,0,1.50698479533828,2.79592843000272e-05,0.5
0.0138881697603291,0,1.50530739741273,2.57133940112517e-05,0.5
0.0147826073989565,0,1.50343764054035,2.26451115690643e-05,0.5
0.00257502096064123,0,1.50177344274175,2.03904078110146e-05,0.5
0.00437299437382665,0,1.49988519093105,1.71873074436733e-05,0.5
0,0,1.4982319294997,1.49213800547897e-05,0.5
0,0,1.4963230721447,1.16040474841727e-05,0.5
0,0,1.49466730368729,9.25459056616111e-06,0.5
0,0,1.49276640330872,5.90472600131279e-06,0.5
0,0,1.49110672982008,3.46683781903494e-06,0.5
0,0,1.48922026527467,9.51734049828123e-08,0.5
0,0,1.48756412889344,-2.38303489053796e-06,0.5
0,0,1.48567665217795,-5.81470683202887e-06,0.5
0,0,1.48402623656593,-8.31452885647012e-06,0.5
0,0,1.48213104664665,-1.18128080990805e-05,0.5
0,0,1.48048244301316,-1.46861515540893e-05,0.5
0,0,1.47881471922681,-1.76910497705897e-05,0.5
0,0,1.47720936550138,-2.06284165879495e-05,0.5
0,0,1.47565334826653,-2.35186661953851e-05,0.5
0,0,1.47414725535729,-2.63588847091391e-05,0.5
0,0,1.4726894932221,-2.9149338194588e-05,0.5
0,0,1.47127871099272,-3.18902192837342e-05,0.5
0,0,1.46991357237076,-3.45817511689179e-05,0.5
0,0,1.46859278717409,-3.72241842941513e-05,0.5
0,0,1.46731510595807,-3.98177919287193e-05,0.5
0,0,1.46607931907821,-4.23628690811955e-05,0.5
0,0,1.46488425516792,-4.48597307978627e-05,0.5
0,0,1.46372877976269,-4.73087106772332e-05,0.5
0,0,1.46261179396664,-4.97101594431252e-05,0.5
0,0,1.46153223317445,-5.2064443598226e-05,0.5
0,0,1.46048906584406,-5.43719441501064e-05,0.5
0,0,1.45948129231824,-5.66330554066925e-05,0.5
0,0,1.45850794369296,-5.88481838376091e-05,0.5
0,0,1.45756808073052,-6.10177469981007e-05,0.5
0,0,1.45666079281552,-6.31421725123834e-05,0.5
0,0,1.45578519695185,-6.52218971134362e-05,0.5
0,0,1.45494043679897,-6.72573657363912e-05,0.5
0,0,1.45412568174578,-6.92490306628187e-05,0.5
0,0,1.45334012602051,-7.11973507133407e-05,0.5
0,0,1.45258298783515,-7.31027904861295e-05,0.5
0,0,1.45185350856289,-7.49658196389706e-05,0.5
0,0.000351794773694148,1.4511509519472,-7.67869122126845e-05,0.5
0,0.00361683322920967,1.45165961537641,-7.69197291794568e-05,0.5
0,0.00685009690174913,1.45266428930256,-7.629764096149e-05,0.5
0,0.0100655734582911,1.45393155965151,-7.52662022260713e-05,0.5
0,0.013255601179077,1.45555080143988,-7.36917619893191e-05,0.5
0,0.0163804155615101,1.45745747026548,-7.16514158023915e-05,0.5
0,0.0194238933004325,1.45960057283127,-6.92127645863267e-05,0.5
0,0.0228725597698781,1.46490070373824,-6.23212608368753e-05,0.5
0,0.0261830820987697,1.47175293924682,-5.30316745167902e-05,0.5
0,0.0296239805654473,1.48084209026306,-4.04265785301051e-05,0.5
0.0135126331415292,0.032376801478201,1.48870919576034,-2.92032322075889e-05,0.5
0.0285808870438529,0.0202880304616355,1.49617015158505,-1.52937124212484e-05,0.5
0.0454099939622035,0.0136938068344023,1.50384013955221,-2.34010999055938e-06,0.5
0.0643418141180521,0.0128699783337004,1.51183927451154,1.00781755145833e-05,0.5
0.00657852725926812,0,1.51901249543434,2.67170368165997e-05,0.5
0.0298106480696271,0,1.50667660804603,6.18857431179487e-06,0.5
0,0,1.5088179104268,1.18981541924376e-05,0.5
0.00516067168206041,0,1.50557006736514,7.46748630344051e-06,0.5
0,0,1.50309184944192,4.6407393271064e-06,0.5
0,0,1.50047982699851,1.38288871386044e-06,0.5
0,0,1.49797941125124,-1.7974611114099e-06,0.5
0,0,1.49555409811347,-4.94964511177286e-06,0.5
0,0,1.49320733429712,-8.06525583261655e-06,0.5
0,0,1.49093615261651,-1.11435366215867e-05,0.5
0,0,1.48873828110925,-1.41836589446784e-05,0.5
0,0,1.48661143817354,-1.71848669574701e-05,0.5
0,0,1.4845534330484,-2.01464921079346e-05,0.5
0,0,1.48256215016441,-2.30030944954546e-05,0.5
0,0,1.48060123530125,-2.58537445676978e-05,0.5
0,0,1.47866743586942,-2.8706478601511e-05,0.5
0,0,1.47675828392074,-3.15492915085993e-05,0.5
0,0,1.47486497320594,-3.44354684504997e-05,0.5
0,0,1.47300279594678,-3.72387462433435e-05,0.5
0,0,1.47112942536735,-4.02780596115841e-05,0.5
0,0,1.46934906088907,-4.2748376065627e-05,0.5
0,0,1.46739767092909,-4.61869084989963e-05,0.5
0,0,1.46568309121439,-4.84428992332345e-05,0.5
0,0,1.46368534635471,-5.20705534348916e-05,0.5
0,0,1.4619783283845,-5.45359916319669e-05,0.5
0,0,1.46007184461255,-5.79592160991416e-05,0.5
0,0,1.4583757564648,-6.05862895949698e-05,0.5
0,0,1.45655579205412,-6.38802181708992e-05,0.5
0,0,1.45490419912903,-6.64137451862881e-05,0.5
0,0,1.45309139387543,-6.98027012752325e-05,0.5
0,0,1.45148584761061,-7.22191274020567e-05,0.5
0,0,1.44969691160381,-7.56634492738555e-05,0.5
0,0,1.44812359862871,-7.80933684930989e-05,0.5
0,0,1.44638068211223,-8.14782954384786e-05,0.5
0,0,1.4448381720537,-8.39526232753921e-05,0.5
0,0,1.44315224090936,-8.72557391786057e-05,0.5
0,0,1.44164739194096,-8.96991304915277e-05,0.5
0,0,1.44002307702418,-9.29614543361e-05,0.5
0,0,1.43856506055903,-9.53284726347621e-05,0.5
0,0,1.4369786435945,-9.85840608063165e-05,0.5
0,0,1.43556735258779,-0.000100903459949121,0.5
0,0,1.43402347832018,-0.00010411744227457,0.5
0,0,1.43265346710961,-0.000106416124290371,0.5
0,0,1.43115670205453,-0.000109568341071927,0.5
0,0,1.42982707803263,-0.000111830638898186,0.5
0,0,1.42837225296307,-0.000114936829593973,0.5
0,0,1.42708299923398,-0.000117143629649098,0.5
0,0,1.42566352172211,-0.000120217925878764,0.5
0,0,1.42441228992143,-0.000122374439475148,0.5
0,0,1.42302716179035,-0.000125410046679378,0.5
0,0,1.42181083502038,-0.000127528244858245,0.5
0,0.00103117418860187,1.42046111172865,-0.00013051558632009,0.5
0,0,1.42325657664398,-0.00012707990221554,0.5
0,0.00542327916341719,1.41898269633671,-0.000133928555136264,0.5
0,0.00567380674459205,1.42789843717703,-0.000122210640008735,0.5
0,0.011004167133752,1.42915780601506,-0.000120947507378832,0.5
0,0.0146101638176087,1.43847718457626,-0.000108593914779608,0.5
0,0.0177141654784603,1.44570142891924,-9.86235485367559e-05,0.5
0,0.020984257570629,1.45437824030775,-8.65991488760934e-05,0.5
0,0.0206281952649502,1.46279580125719,-7.38779529353539e-05,0.5
0,0.0225893306750491,1.47105161551211,-6.18805752665464e-05,0.5
0,0.0084615223039442,1.47835707449305,-4.73607607197642e-05,0.5
0,0.0206981065147267,1.48237555468866,-4.38180344356511e-05,0.5
0,0.00559927812119165,1.49292366574458,-2.42955304293827e-05,0.5
0,0.014377088599518,1.49409812640798,-2.38380806840429e-05,0.5
0,0.00517588405742185,1.5058490745311,-3.892956090482e-06,0.5
0,0.0093053390399589,1.50570023447999,-4.10476063656875e-06,0.5
0,0.00916772784052286,1.51633226087765,1.23221567253746e-05,0.5
0,0.00835165766605754,1.52166177581026,2.1444649367222e-05,0.5
0.0111847170025137,0.00783058326449637,1.5273696926106,3.09474227837348e-05,0.5
0.0241728145369566,0.00691024323668456,1.53295034548598,4.04651448780607e-05,0.5
0.0393093918097607,0.00607881714720717,1.53946031062044,5.14114149752776e-05,0.5
0.0498078010310844,0.00431989678131311,1.54403969939831,5.97528754655146e-05,0.5
0.0560231471953899,0.001859555019814,1.54681784990817,6.55111220353467e-05,0.5
0.054054766303454,0,1.54614693648504,6.62943781389398e-05,0.5
0.0362896431572287,0,1.53878287995923,5.7275220022955e-05,0.5
0.0329460841310489,0,1.53741481393185,5.65461677130285e-05,0.5
0.0241479981387125,0,1.53378577340465,5.26954051029826e-05,0.5
0.016039568343842,0,1.53038518287527,4.89043741038554e-05,0.5
0.00816772767599737,0,1.52706354880359,4.51380990406412e-05,0.5
0.000616532915551579,0,1.52384859633536,4.14000086185288e-05,0.5
0,0,1.52073413100167,3.76942046884105e-05,0.5
0,0,1.51771745731713,3.40217878459109e-05,0.5
0,0,1.51479541141951,3.0384357884157e-05,0.5
0,0,1.51196501460094,2.67832806671533e-05,0.5
0,0,1.50922338354624,2.32198263392153e-05,0.5
0,0,1.5065677398362,1.96951523861725e-05,0.5
0,0,1.50399540383575,1.62103133371472e-05,0.5
0,0,1.50150379105676,1.27662658765595e-05,0.5
0,0,1.49909040832795,9.36387437071347e-06,0.5
0,0,1.4967528501829,6.00391601064204e-06,0.5
0,0,1.49448879539517,2.68708571170539e-06,0.5
0,0,1.49229600366347,-5.85999237290411e-07,0.5
0,0,1.49017231243843,-3.81479476001679e-06,0.5
0,0,1.48811563388482,-6.99882580239562e-06,0.5
0,0,1.48612395197312,-1.01376823550435e-05,0.5
0,0,1.48419531969446,-1.32310156778527e-05,0.5
0,0,1.48232785639344,-1.62785347166869e-05,0.5
0,0,1.48051974521346,-1.92800027026714e-05,0.5
0,0,1.47876923064961,-2.2235233925032e-05,0.5
0,0,1.47707461620419,-2.51440906688862e-05,0.5
0,0,1.47543426214025,-2.80064803098195e-05,0.5
0,0,1.47384658332897,-3.0822352557483e-05,0.5
0,0,1.4723100471864,-3.35916968408373e-05,0.5
0,0,1.47082317169588,-3.63145398280291e-05,0.5
0,0,1.46938452351213,-3.89909430742386e-05,0.5
0,0,1.46799271614357,-4.16210007911635e-05,0.5
0,0,1.46664640820925,-4.42048377321191e-05,0.5
0,0,1.46534430176726,-4.67426071870317e-05,0.5
0,0,1.46408514071136,-4.92344890818854e-05,0.5
0,0,1.46286770923298,-5.16806881774511e-05,0.5
0,0,1.46169083034554,-5.40814323623804e-05,0.5
0,0,1.46055336446862,-5.64369710359912e-05,0.5
0,0,1.45945420806914,-5.87475735763007e-05,0.5
0,0,1.45839229235724,-6.10135278890808e-05,0.5
0,0,1.45736658203445,-6.3235139033918e-05,0.5
0,0,1.45637607409185,-6.52700221058941e-05,0.5
0,0,1.45538975497768,-6.75492764895428e-05,0.5
0,0,1.45446471552947,-6.87743996245048e-05,0.5
0,0,1.45338385665094,-7.16928272490366e-05,0.5
0,0,1.4525013204324,-7.32836842954563e-05,0.5
0,0,1.45152381931513,-7.56435953969432e-05,0.5
0,0,1.45064287442065,-7.76222712306239e-05,0.5
0,0,1.44976853783278,-7.96599339460248e-05,0.5
0,0,1.44893070279788,-8.11889197734575e-05,0.5
0,0,1.44802693552296,-8.35906518228314e-05,0.5
0,0,1.44724168352237,-8.47418366689556e-05,0.5
0,0.00129980753475976,1.44630894740564,-8.73257572144598e-05,0.5
0,0.00295365591905781,1.45009080095152,-8.26823246914373e-05,0.5
0,0.00586009056323303,1.45279569214157,-7.94760850211298e-05,0.5
0,0.00918925172782419,1.45772961065714,-7.31379621678276e-05,0.5
0,0.0122656150297916,1.4635268496221,-6.5366382233983e-05,0.5
0,0.0152030899964298,1.47003917448515,-5.64278564674376e-05,0.5
0,0.0179584724431009,1.47726435317561,-4.62899053668572e-05,0.5
0,0.0204893204476751,1.48504663245403,-3.51511478779075e-05,0.5
0,0.00418945696713593,1.49279192690909,-1.9777541693341e-05,0.5
0,0.0169314367891089,1.49194219915407,-2.3394325735587e-05,0.5
0,0.0151896712536407,1.50653755259538,-1.1771486993996e-06,0.5
0,0.0166043065999203,1.51183698788326,7.23334779483225e-06,0.5
0.0193773551637664,0.0166204878370144,1.52012995245465,2.01425679559564e-05,0.5
0.0339984578836964,0.00729288725432227,1.52713082277029,3.32503247251815e-05,0.5
0.0447436787354845,0.01374780831426,1.53082051617864,3.83425385250651e-05,0.5
0.0681694886451935,0.00881086182659449,1.54121680336627,5.57062744852055e-05,0.5
0.0825820158831646,0.0107353644531496,1.54697980537574,6.51496973554805e-05,0.5
0.0999553326557938,0.00606711407507456,1.55470943049067,7.87071478408822e-05,0.5
0.108064826386917,0.00645951150392162,1.55787716385529,8.46910499019236e-05,0.5
0.123375170516652,0.00475571735887957,1.56440285415671,9.60334662237316e-05,0.5
0.129942309075281,0.00202768095370202,1.56721798989782,0.000102151545080447,0.5
0.129092732063401,0,1.56690016445274,0.000103608871589797,0.5
0.113314711545764,0,1.56028702983638,9.58304762221645e-05,0.5
0.111202325716858,0,1.55934338656894,9.59155538541431e-05,0.5
0.1038654384667,0,1.55624200545563,9.30207287895392e-05,0.5
0.097128751033913,0,1.55333924772289,9.01490116779245e-05,0.5
0.0905782218678124,0,1.5504985618739,8.72825510761578e-05,0.5
0.0842917358746983,0,1.54774562678137,8.442196792861e-05,0.5
0.078253451013052,0,1.54507521543459,8.15716862223623e-05,0.5
0.0724569359305659,0,1.5424852036244,7.87330998018391e-05,0.5
0.0668944710004836,0,1.53997304229966,7.59080888142396e-05,0.5
0.0615587920145997,0,1.53753633286842,7.30983184467305e-05,0.5
0.0564428584706669,0,1.53517275065271,7.03053627611711e-05,0.5
0.0515398790566371,0,1.53288005330722,6.7530689701655e-05,0.5
0.0468432973415351,0,1.53065607608747,6.47756692301694e-05,0.5
0.0423467835303058,0,1.52849872912305,6.20415776571593e-05,0.5
0.0380442257072501,0,1.52640599452179,5.93296023208669e-05,0.5
0.0339297215614589,0,1.52437592363346,5.66408459698434e-05,0.5
0.029997570430274,0,1.52240663441865,5.39763309572737e-05,0.5
0.0262422656691258,0,1.52049630892576,5.133700324092e-05,0.5
0.022658487330536,0,1.51864319087018,4.87237361997144e-05,0.5
0.0192410951396137,0,1.51684558331168,4.61373342749649e-05,0.5
0.0159851217533589,0,1.51510184642564,4.35785364441682e-05,0.5
0.0128857662917341,0,1.51341039536425,4.10480195349979e-05,0.5
0.0099383881289829,0,1.51176969820378,3.85464013866987e-05,0.5
0.00713850093418531,0,1.51017827397438,3.60742438657902e-05,0.5
0.00448176695052076,0,1.50863469076878,3.3632055742664e-05,0.5
0.00196399150317522,0,1.50713756392671,3.12202954353642e-05,0.5
0,0,1.50568555429175,2.88393736265493e-05,0.5
0,0,1.50427736653759,2.64896557593669e-05,0.5
0,0,1.5029117475608,2.41714644177069e-05,0.5
0,0,1.50158748493736,2.1885081596055e-05,0.5
0,0,1.50030340544014,1.96307508639298e-05,0.5
0,0,1.49905837361502,1.740867942966e-05,0.5
0,0,1.49785129041298,1.52190401080464e-05,0.5
0,0,1.49668109187593,1.30619731962434e-05,0.5
0,0,1.49554674787411,1.09375882620023e-05,0.5
0,0,1.49444726089282,8.84596584822981e-06,0.5
0,0,1.49338166486641,6.78715909763705e-06,0.5
0,0,1.4923490240578,4.79723605831449e-06,0.5
0,0,1.49132956931016,3.15158460317782e-06,0.5
0,0,1.49017936365719,6.69317989632576e-07,0.5
0,0,1.48920077965372,-3.40297226120787e-07,0.5
0,0,1.4878053739082,-3.52912047461138e-06,0.5
0,0,1.48677480988925,-5.38734252576689e-06,0.5
0,0,1.48564664710354,-7.61687032393801e-06,0.5
0,0,1.48457416149413,-9.7674742027004e-06,0.5
0,0,1.48353168197931,-1.18884038452243e-05,0.5
0,0,1.48252261373698,-1.34941465568683e-05,0.5
0,0,1.48133325617685,-1.6167063624537e-05,0.5
0,0,1.48035197460963,-1.74653260739127e-05,0.5
0,0,1.47904593941072,-2.04312882727947e-05,0.5
0,0,1.47802223812174,-2.24018688635496e-05,0.5
0,0,1.47693485763916,-2.46335930192916e-05,0.5
0,0,1.47589767732503,-2.67944960051481e-05,0.5
0,0,1.47489126512071,-2.86147597350923e-05,0.5
0,0,1.47378195266947,-3.11001398893044e-05,0.5
0,0,1.47281790145676,-3.23977613021922e-05,0.5
0,0,1.47152742844878,-3.54165557440965e-05,0.5
0,0,1.47053778607382,-3.72576945102103e-05,0.5
0,0,1.46942953992037,-3.96223539492205e-05,0.5
0,0,1.46841151226133,-4.1746181822593e-05,0.5
0,0,1.46740209283713,-4.36526663318667e-05,0.5
0,0,1.46631736295985,-4.60957598507045e-05,0.5
0,0,1.46536029155998,-4.73432017067531e-05,0.5
0,0,1.4640502963156,-5.04567753414318e-05,0.5
0,0,1.46306911053526,-5.22749746067635e-05,0.5
0,0,1.46195278126173,-5.4676789267996e-05,0.5
0,0,1.46093433868122,-5.68295699064273e-05,0.5
0,0,1.45992977405986,-5.87480862111283e-05,0.5
0,0,1.4588514812582,-6.118986256868e-05,0.5
0,0,1.45789902746006,-6.24681715911988e-05,0.5
0,0,1.45660499425077,-6.55518335857933e-05,0.5
0,0,1.4556330838256,-6.73341923280236e-05,0.5
0,0,1.45451215252029,-6.97751790572276e-05,0.5
0,0,1.45350368030099,-7.19121446207801e-05,0.5
0,0,1.45250389124844,-7.39715741586642e-05,0.5
0,0,1.45148574811297,-7.61932558080113e-05,0.5
0,0,1.45052450193817,-7.79539100477269e-05,0.5
0,0,1.44940991989353,-8.05045572699655e-05,0.5
0,0,1.44847890724566,-8.19633954682813e-05,0.5
0,0,1.44724717534082,-8.47847017509774e-05,0.5
0,0,1.44628554864389,-8.64068144641455e-05,0.5
0,0,1.44508339109908,-8.9069121306591e-05,0.5
0,0,1.44408429136422,-9.0905008019704e-05,0.5
0,0,1.4429401638375,-9.34021473389554e-05,0.5
0,0,1.44194067024136,-9.51914726516619e-05,0.5
0,0,1.44077812314255,-9.7761640346269e-05,0.5
0,0,1.43979008948284,-9.94251654932737e-05,0.5
0,0,1.43857937486756,-0.000102114782350053,0.5
0,0,1.43758449566514,-0.000103787589423719,0.5
0,0,1.43636557577991,-0.000106465769179772,0.5
0,0,1.43535445657907,-0.000108218072734124,0.5
0,0,1.43415314564067,-0.000110832067209355,0.5
0,0,1.43313559138616,-0.000112597257232847,0.5
0,0,1.43193436026389,-0.000115211857614473,0.5
0,0,1.43091858958823,-0.000116935260555852,0.5
0,0.0039730421833129,1.42969996947355,-0.000119591887729797,0.5
0,0.00694339944535002,1.43392543324804,-0.000114399486146642,0.5
0,0.0101151271704916,1.43594416663306,-0.000112087178732523,0.5
0,0.0136484499074438,1.43944441365596,-0.00010777427867421,0.5
0,0.0169236645914052,1.44356263176674,-0.000102433110297767,0.5
0,0.0200430100348591,1.44809668965622,-9.64031886551249e-05,0.5
0,0.0234421784848872,1.45602896720478,-8.55259478963071e-05,0.5
0,0.0260992882323487,1.46249731234322,-7.63720656277002e-05,0.5
0,0.0287390730066441,1.46982791419186,-6.59289051801256e-05,0.5
0,0.0128050277751095,1.47819652732943,-4.94991996961934e-05,0.5
0,0.027171307143439,1.48371871260004,-4.42860384037585e-05,0.5
0,0,1.49199176899566,-2.46447038711448e-05,0.5
0,0.0133907517918598,1.48050288063589,-4.46832539124237e-05,0.5
0,0.00516295652040267,1.50223873371015,-1.070420443092e-05,0.5
0,0.00841820179629972,1.4996717512126,-1.40801916069057e-05,0.5
0,0.00967168200169505,1.51190515786205,4.10217273792179e-06,0.5
0.00340510103796992,0.00534972238207261,1.51810296933669,1.52036036757313e-05,0.5
0.0129463945911555,0.00771141125592516,1.52176810814241,2.09928396046118e-05,0.5
0.0356133875475296,0.00777398472370209,1.53140303125456,3.61907680085533e-05,0.5
0.050551795899745,0.00713247612473809,1.53773965852763,4.69127709966978e-05,0.5
0.0650827080194211,0.00640769226389476,1.54390454786178,5.73662505684942e-05,0.5
0.0783566968272459,0.00520963767453973,1.54957018659988,6.72751500742899e-05,0.5
0.0922816445001533,0.00391026230620626,1.55553094222794,7.77069322384423e-05,0.5
0.0999527218964635,0.00142745769403009,1.55888152010961,8.45176554914291e-05,0.5
0.0968281441078994,0,1.55768509834697,8.47259039599273e-05,0.5
0.0805980784239278,0,1.5509358171856,7.67296838149484e-05,0.5
0.0776194823257421,0,1.5496937120418,7.63726401300247e-05,0.5
0.0693819326258834,0,1.54627163162191,7.2986026975544e-05,0.5
0.0617829347571854,0,1.54306099252474,6.96392813384796e-05,0.5
0.054402418397798,0,1.53992321886228,6.6306096236563e-05,0.5
0.0473196597428937,0,1.53688445384066,6.29889045684417e-05,0.5
0.0405173863523039,0,1.53393899683362,5.96919849511598e-05,0.5
0.0339880855873787,0,1.53108436573532,5.64166853314444e-05,0.5
0.0277229316769531,0,1.52831764535038,5.3164826149149e-05,0.5
0.0217136085017991,0,1.52563608889874,4.99380017345392e-05,0.5
0.0159520635744099,0,1.52303703672701,4.67377083526357e-05,0.5
0.0104305340268858,0,1.52051792489453,4.35653289381004e-05,0.5
0.0051415300890474,0,1.51807627970845,4.04221421191788e-05,0.5
7.78251955870881e-05,0,1.51570971445105,3.73093271319446e-05,0.5
0,0,1.51341592593755,3.42279690930841e-05,0.5
0,0,1.51119269126475,3.11790639272231e-05,0.5
0,0,1.50903786468935,2.8163523070841e-05,0.5
0,0,1.50694937463826,2.51821779468223e-05,0.5
0,0,1.50492522084393,2.22357842231061e-05,0.5
0,0,1.50296347159925,1.93250258653098e-05,0.5
0,0,1.50106226112679,1.64505189931861e-05,0.5
0,0,1.49921978705734,1.36128155502284e-05,0.5
0,0,1.4974343080129,1.08124067953054e-05,0.5
0,0,1.49570414128958,8.04972662477627e-06,0.5
0,0,1.49402766063607,5.32515473313786e-06,0.5
0,0,1.49240329412342,2.63901961986585e-06,0.5
0,0,1.49082952210219,-8.39855025031168e-09,0.5
0,0,1.48930487524322,-2.6168652263292e-06,0.5
0,0,1.48782793265828,-5.18618888355684e-06,0.5
0,0,1.4863973200973,-7.71621856198014e-06,0.5
0,0,1.48501170821867,-1.02068415259307e-05,0.5
0,0,1.48366981092962,-1.26579810383607e-05,0.5
0,0,1.48237038379362,-1.50695942446439e-05,0.5
0,0,1.48111222250185,-1.74416701606545e-05,0.5
0,0,1.47989416140612,-1.97742277601807e-05,0.5
0,0,1.47871507211051,-2.20673141569663e-05,0.5
0,0,1.47757386211923,-2.43210028768947e-05,0.5
0,0,1.47646947353842,-2.65353922160434e-05,0.5
0,0,1.47540088182941,-2.8697513108085e-05,0.5
0,0,1.47436026383074,-3.06497469260642e-05,0.5
0,0,1.47325365777226,-3.30255786336974e-05,0.5
0,0,1.47226439823622,-3.45605952641691e-05,0.5
0,0,1.47105105105204,-3.73076420141752e-05,0.5
0,0,1.47006190721669,-3.88519080670926e-05,0.5
0,0,1.46887414325459,-4.15295592674319e-05,0.5
0,0,1.46786595867136,-4.35531600676912e-05,0.5
0,0,1.4668343180126,-4.57276789254916e-05,0.5
0,0,1.46584697621878,-4.78401715216268e-05,0.5
0,0,1.46489104598365,-4.99156758523413e-05,0.5
0,0,1.46396769348468,-5.19506762213132e-05,0.5
0,0,1.46307586631819,-5.39455935614932e-05,0.5
0,0,1.46221472857063,-5.59007045494647e-05,0.5
0,0,1.46138344272257,-5.78163104176036e-05,0.5
0,0,1.46058119956521,-5.96927252723665e-05,0.5
0,0,1.45980721394091,-6.15302735838816e-05,0.5
0,0,1.45906072438403,-6.33292897167741e-05,0.5
0,0,1.45834099224,-6.50901170032708e-05,0.5
0,0,1.4576473008892,-6.68131069619886e-05,0.5
0,0,1.45697895499011,-6.84986185420899e-05,0.5
0,0,1.45633527975292,-7.01470174109252e-05,0.5
0,0.00209887316194926,1.45571562024069,-7.17586752799216e-05,0.5
0,0.0053867134238429,1.45802604791239,-6.92803335582242e-05,0.5
0,0.0083077569747875,1.45996326922092,-6.71643593197406e-05,0.5
0,0.0113107376285174,1.46244769662544,-6.42644542536359e-05,0.5
0,0.0146216143959142,1.46769967292136,-5.74021178965546e-05,0.5
0,0.0178647176797082,1.47463479041779,-4.7962305593841e-05,0.5
0,0.0212224205011357,1.48372745619807,-3.52879178999054e-05,0.5
0,0.0232889395983511,1.49186810278884,-2.34832116230355e-05,0.5
0.00967224461668077,0.0112084621828644,1.49902037822268,-1.00008976591876e-05,0.5
0.00376748647125577,0.00643685703680156,1.50756266481072,1.51875133469536e-06,0.5
0.0306122784218792,0.015078516014283,1.51039131021367,6.35460389679475e-06,0.5
0.0495348673008966,0.00639482600463156,1.52157447595203,2.45940775973706e-05,0.5
0.0553353810047728,0.0106951664110047,1.52330794890207,2.72611299309026e-05,0.5
0.0800732260735968,0.0110035457508491,1.53372056879278,4.33337667030311e-05,0.5
0.0923814521237792,0,1.54006202819604,5.6245067114829e-05,0.5
0.0672541736193764,0.00105106396142274,1.52843012853389,3.93518403092368e-05,0.5
0.0875484059039147,0.000319031330188651,1.53699926980784,5.27970369749658e-05,0.5
0.0780672180961726,0,1.53290160608196,4.85203907097693e-05,0.5
0.0715406064769397,0,1.52989786206623,4.50759763876172e-05,0.5
0.0683941097797105,0,1.52834046829854,4.37901988885063e-05,0.5
0.063709342743475,0,1.5261231261997,4.14982152385382e-05,0.5
0.0593184314958039,0,1.52400338417104,3.92244493828355e-05,0.5
0.0551002153850196,0,1.52194127650246,3.69612174537432e-05,0.5
0.0510753467549025,0,1.51994361079008,3.47101824886629e-05,0.5
0.0472356440789372,0,1.51800768652559,3.24733292699109e-05,0.5
0.0435757722186995,0,1.51613174156482,3.02517611724258e-05,0.5
0.0400901255800901,0,1.51431392467576,2.80466720853027e-05,0.5
0.0367733452901264,0,1.51255246613076,2.58591476950858e-05,0.5
0.0336202477487399,0,1.51084565410554,2.36902031324267e-05,0.5
0.0306258279989808,0,1.50919183579081,2.1540780803699e-05,0.5
0.0133242860277049,0,1.50758941470418,2.00025677153085e-05,0.5
0.0197912360816188,0,1.50572236459365,1.70467313228449e-05,0.5
0.0060735976490882,0,1.50416123056452,1.53453661026487e-05,0.5
0.00820465101646921,0,1.50237893715664,1.2599230091332e-05,0.5
0.00374724067250882,0,1.50080110739868,1.04022565834826e-05,0.5
0.000986612874520094,0,1.49921591232253,8.07122284452444e-06,0.5
0,0,1.49768837236777,6.46154333896146e-06,0.5
0,0,1.4957948971456,3.17135826239996e-06,0.5
0,0,1.49428286347791,1.13849392572904e-06,0.5
0,0,1.49260579417213,-1.5611054172612e-06,0.5
0,0,1.4910658495093,-3.96809328631231e-06,0.5
0,0,1.4895447900915,-5.90673093956205e-06,0.5
0,0,1.48776590313929,-9.08496402083338e-06,0.5
0,0,1.48628494473285,-1.07340359791542e-05,0.5
0,0,1.48439730462999,-1.42411041558554e-05,0.5
0,0,1.4828666297315,-1.66458915478178e-05,0.5
0,0,1.48126770566444,-1.93452814399317e-05,0.5
0,0,1.47973719368105,-2.19687264220469e-05,0.5
0,0,1.47825250546952,-2.4511987847841e-05,0.5
0,0,1.47678223505397,-2.68712727634443e-05,0.5
0,0,1.47518773384511,-2.98074843893404e-05,0.5
0,0,1.47378705246552,-3.14154371195182e-05,0.5
0,0,1.47171832158482,-3.54211070435898e-05,0.5
0,0,1.47023009327391,-3.78092007483843e-05,0.5
0,0,1.4685309605458,-4.08401472593201e-05,0.5
0,0,1.46696021294193,-4.3638340113584e-05,0.5
0,0,1.46541753452921,-4.63207757588853e-05,0.5
0,0,1.46382964588913,-4.92398208946918e-05,0.5
0,0,1.46234157743595,-5.15941902668327e-05,0.5
0,0,1.46056305145986,-5.49929016817883e-05,0.5
0,0,1.45909390552649,-5.71356144235766e-05,0.5
0,0,1.4571444198857,-6.08577360871932e-05,0.5
0,0,1.45560363568156,-6.32601601029784e-05,0.5
0,0,1.45370271727448,-6.68189800778345e-05,0.5
0,0,1.45209825396728,-6.94653135578933e-05,0.5
0,0,1.45026316438307,-7.28926892830837e-05,0.5
0,0,1.44865313879736,-7.55024508160453e-05,0.5
0,0,1.446765123159,-7.90719320467849e-05,0.5
0,0,1.44515810439333,-8.15960920610611e-05,0.5
0,0,1.44318712389461,-8.53347444244403e-05,0.5
0,0,1.44155326019429,-8.79211874724289e-05,0.5
0,0,1.43956481885758,-9.16709482999537e-05,0.5
0,0,1.43789554778243,-9.43710727364654e-05,0.5
0,0,1.43592154543931,-9.80816533673779e-05,0.5
0,0,1.43423458758257,-0.000100814573277397,0.5
0,0,1.43224496885978,-0.000104562770569416,0.5
0,0,1.43055064087575,-0.000107278471914418,0.5
0,0,1.42852312041717,-0.000111102737171939,0.5
0,0,1.4268149794701,-0.000113833864679993,0.5
0,0,1.42476464335698,-0.000117692382739965,0.5
0,0,1.42303725779315,-0.000120469559997565,0.5
0,0,1.42098165065944,-0.000124327809200648,0.5
0,0,1.4192394280892,-0.000127133565278999,0.5
0,0,1.41720177264256,-0.000130978339244222,0.5
0,0,1.41545692300243,-0.000133779975758762,0.5
0,0,1.41341512717947,-0.000137641535828715,0.5
0,0,1.41167358044676,-0.000140434791507855,0.5
0,0.00315737713038804,1.40962850372285,-0.000144305222735338,0.5
0,0.000988719169016151,1.41364301333616,-0.000139123100146273,0.5
0,0.00758938405389157,1.41119066962237,-0.000143286275988568,0.5
0,0.0110476378589953,1.41866464313067,-0.000133647904951165,0.5
0,0.0141226835887112,1.42270302499366,-0.000128339309048169,0.5
0,0.0178696856511719,1.43096128678016,-0.000117264425949673,0.5
0,0.0208866738065748,1.43873698818305,-0.000106490400290559,0.5
0,0.0237823766334102,1.44743700796776,-9.4297614857284e-05,0.5
0,0.0233144542921346,1.45577996620224,-8.16433859538386e-05,0.5
0,0.0251411222210217,1.46407723794919,-6.95616834007111e-05,0.5
0,0.0223224153046711,1.47210243010976,-5.66332834980058e-05,0.5
0,0.00402927765223574,1.47904178404317,-4.1697867865808e-05,0.5
0,0.0178885982461273,1.47818909473992,-4.56528643300036e-05,0.5
0,0.00297111360128329,1.49217337735888,-2.11909707685367e-05,0.5
0,0.0090539285253927,1.48783964753382,-2.82246474162642e-05,0.5
0,0.00904401478430456,1.50154730440739,-7.55989350781254e-06,0.5
0,0.00795916358345024,1.50636496549514,7.33621329061815e-07,0.5
0,0.00758648311473315,1.51204098298733,9.9172990764785e-06,0.5
0,0.00682903198506821,1.51799528545545,1.97422438358616e-05,0.5
0,0.00607867160703807,1.52476460768933,3.08384390247637e-05,0.5
0.00374090037510427,0.00445104474197621,1.52960632593766,3.93278044867004e-05,0.5
0.0102780655737323,0.00215091744421509,1.53264445512157,4.52400842142504e-05,0.5
0.00889937771139253,0,1.5323387475898,4.6339171327074e-05,0.5
0,0,1.52358723222299,3.51355344355668e-05,0.5
0,0,1.52210928336512,3.40056601214296e-05,0.5
0,0,1.51796037239225,2.92042730664117e-05,0.5
0,0,1.51408606349224,2.45082170415637e-05,0.5
0,0,1.5103025442274,1.9857291339145e-05,0.5
0,0,1.50664383277285,1.52582245188928e-05,0.5
0,0,1.50310238517127,1.07148641276039e-05,0.5
0,0,1.4996750401591,6.22778793977682e-06,0.5
0,0,1.49635804117652,1.7981669495642e-06,0.5
0,0,1.49314786138372,-2.57308624630007e-06,0.5
0,0,1.49004108807796,-6.88514822700415e-06,0.5
0,0,1.48703443537595,-1.11373071573798e-05,0.5
0,0,1.48412473643046,-1.53289513233491e-05,0.5
0,0,1.48130893895768,-1.94595636703276e-05,0.5
0,0,1.4785841004878,-2.35287157378584e-05,0.5
0,0,1.47594738390232,-2.75360620722646e-05,0.5
0,0,1.47339605315902,-3.14813349231581e-05,0.5
0,0,1.47092746920912,-3.53643392360835e-05,0.5
0,0,1.46853908609542,-3.91849479210761e-05,0.5
0,0,1.4662284472231,-4.29430973830858e-05,0.5
0,0,1.46399318179493,-4.66387833001512e-05,0.5
0,0,1.46183100140315,-5.02720566361001e-05,0.5
0,0,1.45973969677063,-5.38430198752366e-05,0.5
0,0,1.45771713463416,-5.73518234671519e-05,0.5
0,0,1.45576125476344,-6.07986624704272e-05,0.5
0,0,1.45387006710916,-6.4183773384601e-05,0.5
0,0,1.45204164907434,-6.75074311603351e-05,0.5
0,0,1.45027414290309,-7.07699463782568e-05,0.5
0,0,1.44856575318135,-7.39716625874549e-05,0.5
0,0,1.44691474444451,-7.71129537950946e-05,0.5
0,0,1.44531943888686,-8.01942220990653e-05,0.5
0,0,1.44377821416832,-8.32158954560072e-05,0.5
0,0,1.4422895013138,-8.61784255774698e-05,0.5
0,0,1.44085178270119,-8.90822859473373e-05,0.5
0,0,1.43946359013378,-9.19279699540249e-05,0.5
0,0,1.43812350299327,-9.47159891312879e-05,0.5
0,0.000487779147331786,1.43683014646978,-9.74468715018187e-05,0.5
0,0.00408326623400697,1.44019547681285,-9.36528789659678e-05,0.5
0,0.00794093892262115,1.44894769383645,-8.20847482972843e-05,0.5
0,0.011322819808479,1.45773420325722,-7.01206508268824e-05,0.5
0,0.00563739565099907,1.46526877107459,-5.77069189762865e-05,0.5
0,0.0137009766099377,1.46983290830183,-5.28129469202625e-05,0.5
0,0,1.48005385406469,-3.41573261033229e-05,0.5
0,0.00734859404551217,1.4678729120753,-5.380479172726e-05,0.5
0,0.0100014711542204,1.48882246643595,-2.38554233199525e-05,0.5
0,0.00547761203120086,1.49319718262366,-1.56333707943557e-05,0.5
0,0.00948340089366212,1.49698710596692,-1.06499101861287e-05,0.5
0,0.0103416130907396,1.50669897640128,3.980453905931e-06,0.5
0,0.0103805816349731,1.51185649016779,1.22982957992777e-05,0.5
0.00693238524544241,0.0115601530077465,1.52094343818679,2.61485865351863e-05,0.5
0.0232345865849783,0.00900136081754534,1.52808819532975,3.81353793115981e-05,0.5
0.0376584963682361,0.0103358340717094,1.53401236831391,4.75591762900486e-05,0.5
0.0571717397932362,0.00981136713283134,1.54235086474793,6.10639043256992e-05,0.5
0.0720439753986778,0.00879453697233072,1.54871545507943,7.18862618489748e-05,0.5
0.0858328058178584,0.00748507312149326,1.55463585192861,8.21235197904395e-05,0.5
0.0973391199815918,0.00559029564074578,1.55961972570922,9.1140954428229e-05,0.5
0.104866204217582,0.00292497728367515,1.56294367689617,9.78199203512039e-05,0.5
0.105460499720079,0,1.56335547054495,0.00010027246320598,0.5
0.0856059416671028,0,1.55514530834132,9.00782301558957e-05,0.5
0.0831031518048856,0,1.55413183106266,8.9904841064893e-05,0.5
0.0742630142675622,0,1.55050622300783,8.6139078320375e-05,0.5
0.0661607145376988,0,1.54712481917728,8.24280796614784e-05,0.5
0.0582741362507566,0,1.54381538119145,7.87366606881951e-05,0.5
0.0507005418784513,0,1.54060998465827,7.50672467097375e-05,0.5
0.0434203639525111,0,1.53750217204267,7.14245378844252e-05,0.5
0.036426024953535,0,1.53448943988361,6.78096850704587e-05,0.5
0.0297082885916329,0,1.53156873755317,6.42244413420774e-05,0.5
0.023258488284895,0,1.52873720268336,6.06703094492213e-05,0.5
0.0170682257806441,0,1.52599206158282,5.71486979822525e-05,0.5
0.0111294053064964,0,1.52333064052163,5.36609013815672e-05,0.5
0.0054342153001172,0,1.52075035968791,5.02081098616099e-05,0.5
0,0,1.51824872983028,4.67914143076376e-05,0.5
0,0,1.51582334866123,4.34118116701206e-05,0.5
0,0,1.51347189746974,4.00702099823023e-05,0.5
0,0,1.51119213786805,3.67674331503772e-05,0.5
0,0,1.50898190867664,3.35042255065626e-05,0.5
0,0,1.50683912293998,3.02812561396508e-05,0.5
0,0,1.50476176506718,2.7099123013246e-05,0.5
0,0,1.50274788809223,2.3958356881971e-05,0.5
0,0,1.50079561104835,2.08594250153376e-05,0.5
0,0,1.49890311645145,1.78027347385233e-05,0.5
0,0,1.49706864788804,1.47886367988435e-05,0.5
0,0,1.4952905077027,1.18174285662894e-05,0.5
0,0,1.49356705478109,8.88935707609225e-06,0.5
0,0,1.49189670242397,6.00462192089392e-06,0.5
0,0,1.49027791630856,3.16337799973887e-06,0.5
0,0,1.48870921253322,3.65738130752815e-07,0.5
0,0,1.48718915574186,-2.38822446595484e-06,0.5
0,0,1.48571635732478,-5.09847380894243e-06,0.5
0,0,1.48428947369234,-7.76500891371809e-06,0.5
0,0,1.4829072046186,-1.03878616630131e-05,0.5
0,0,1.48156829165172,-1.29670947836775e-05,0.5
0,0,1.48027151658836,-1.55027999250868e-05,0.5
0,0,1.47901570000919,-1.7995095834192e-05,0.5
0,0,1.47779969987309,-2.04441266225802e-05,0.5
0,0,1.4766224101674,-2.28500601211309e-05,0.5
0,0,1.47548275961177,-2.52130863180695e-05,0.5
0,0,1.47437971041354,-2.75334158764139e-05,0.5
0,0,1.47331225707226,-2.98112787270049e-05,0.5
0,0,1.47227942523133,-3.20469227334929e-05,0.5
0,0,1.47128027057483,-3.4092766778911e-05,0.5
0,0,1.47022541087857,-3.64624767878661e-05,0.5
0,0,1.4692742663829,-3.7749318369225e-05,0.5
0,0,1.46784242767356,-4.10676274499802e-05,0.5
0,0,1.46684041386068,-4.28350264032353e-05,0.5
0,0,1.46559949832454,-4.55153038383625e-05,0.5
0,0,1.4645163665068,-4.77621242408597e-05,0.5
0,0,1.46342644886546,-5.00742630322669e-05,0.5
0,0,1.46237492823753,-5.19254679360749e-05,0.5
0,0,1.46114044513511,-5.47260558978342e-05,0.5
0,0,1.46012081554279,-5.61765299637714e-05,0.5
0,0,1.45876587764641,-5.93237400244809e-05,0.5
0,0,1.4577083487025,-6.14268187166996e-05,0.5
0,0,1.45658090883231,-6.38156929801097e-05,0.5
0,0,1.45551120376315,-6.59806448103868e-05,0.5
0,0,1.45441544748822,-6.840930895529e-05,0.5
0,0,1.45340495738113,-6.97671922650518e-05,0.5
0,0,1.45210446641517,-7.29673748991958e-05,0.5
0,0,1.45110404929474,-7.49697773084397e-05,0.5
0,0,1.45002952560722,-7.72939438836758e-05,0.5
0,0,1.44901196006033,-7.95290817938019e-05,0.5
0,0,1.4480265184848,-8.17255426600761e-05,0.5
0,0,1.44707636454173,-8.38760248119032e-05,0.5
0,0,1.4461602019178,-8.59812630315298e-05,0.5
0,0,1.44527714301786,-8.80416472246102e-05,0.5
0,0,1.44442627319545,-9.00576070835733e-05,0.5
0,0.000239563962372164,1.44360671144008,-9.20295827431049e-05,0.5
0,0.00363179745113642,1.44476613447179,-9.12435722140577e-05,0.5
0,0.00743873329390009,1.45015504136325,-8.44679428381819e-05,0.5
0,0.0107473157156893,1.45516773454061,-7.79625091685153e-05,0.5
0,0.0144709593852249,1.46349078619342,-6.67538054630407e-05,0.5
0,0.0176649831185988,1.47175127379792,-5.52827593995559e-05,0.5
0,0.00848229254711486,1.47958983035234,-4.14779632166747e-05,0.5
0,0.0192539707463983,1.48684333284521,-3.30197941761265e-05,0.5
0,0,1.49373754118653,-1.44446055925236e-05,0.5
0,0.00554583216964158,1.48382811911187,-3.36708853293578e-05,0.5
0,0.00335101271381433,1.5022698604373,-5.9519443696056e-06,0.5
0,0.00192145489029787,1.50123323721838,-6.25460779981977e-06,0.5
0,0.00278906803929524,1.50372499669146,-2.43976973699145e-06,0.5
0.00880879064837516,0.00376748806689065,1.50928615149058,6.1247406746326e-06,0.5
0.0218512345915736,0.00437900874838967,1.51458434141621,1.44806222962113e-05,0.5
0.0351556929657995,0.00487590680359504,1.5200087009334,2.31039671981036e-05,0.5
0.0529858323176517,0.00569213092355257,1.52737867220237,3.46307507029044e-05,0.5
0.0703249796369618,0.00609297897048346,1.53457955977301,4.61626121160606e-05,0.5
0.0878756086637163,0.00628943878421953,1.54189514962616,5.80089646785984e-05,0.5
0.105485962168768,0.0062089288050639,1.54926727174155,7.01249418149796e-05,0.5
0.122309488594798,0.0057417062989246,1.556337267164,8.19885377172727e-05,0.5
0.137430195009739,0.00476973077770019,1.56271671952459,9.30178551693275e-05,0.5
0.149494229893313,0.00310630366971788,1.56783278652709,0.000102352392220968,0.5
0.158842518531138,0.000853900547055509,1.57182307444577,0.000110131476720289,0.5
0.153270263880131,0,1.56955417486731,0.000108896019257854,0.5
0.140133094329889,0,1.56405400251301,0.000102692476828716,0.5
0.137041764226283,0,1.56273155667688,0.000102338203528761,0.5
0.12957934012005,0,1.55959143560301,9.94067625066667e-05,0.5
0.122651906888344,0,1.55662843352401,9.64959593951202e-05,0.5
0.115928371781405,0,1.55373335360222,9.35894660711566e-05,0.5
0.109472299776646,0,1.55092715281942,9.0689066717625e-05,0.5
0.103269194694663,0,1.54820504782433,8.77987255234678e-05,0.5
0.0973122310785191,0,1.54556478431831,8.49199778869456e-05,0.5
0.0915935741514841,0,1.5430037752161,8.20547265084233e-05,0.5
0.0861058142157769,0,1.54051957387109,7.92046762293001e-05,0.5
0.0808417761349635,0,1.53810981113911,7.63714352305518e-05,0.5
0.0757945382471713,0,1.53577220162531,7.35565039126933e-05,0.5
0.0709574187577621,0,1.53350453918432,7.07612825652462e-05,0.5
0.0663239671549686,0,1.53130469408124,6.79870758935942e-05,0.5
0.0618879552828723,0,1.52917061003941,6.5235097784935e-05,0.5
0.0576433688810306,0,1.52710030144261,6.25064757883019e-05,0.5
0.053584399453711,0,1.5250918506463,5.98022553992873e-05,0.5
0.0497054364725717,0,1.52314340539928,5.71234041462991e-05,0.5
0.0460010598958512,0,1.52125317636999,5.4470815489173e-05,0.5
0.0424660329909688,0,1.5194194347733,5.1845312538378e-05,0.5
0.0390952954475487,0,1.51764051009335,4.92476516029927e-05,0.5
0.0358839567685251,0,1.51591478789841,4.66785255752108e-05,0.5
0.032827289927522,0,1.51424070774391,4.41385671587827e-05,0.5
0.0299207252812232,0,1.51261676115973,4.16283519484648e-05,0.5
0.0271598447259438,0,1.51104148971837,3.91484013672222e-05,0.5
0.0245403760880916,0,1.5095134831805,3.66991854676259e-05,0.5
0.022058187738658,0,1.50803137771462,3.42811256035889e-05,0.5
0.01970928342231,0,1.50659385418768,3.18945969783095e-05,0.5
0.0174897972920703,0,1.50519963652379,2.95399310740194e-05,0.5
0.0153959891409626,0,1.50384749012807,2.72174179688828e-05,0.5
0,0,1.50253622037287,2.62095352817408e-05,0.5
0,0,1.50028404625471,2.17202820033234e-05,0.5
0,0,1.49885381172147,1.95238673415474e-05,0.5
0,0,1.49717799860265,1.66514076654929e-05,0.5
0,0,1.49558892957947,1.38841173578999e-05,0.5
0,0,1.49404158189091,1.11479243448561e-05,0.5
0,0,1.49254238993918,8.45392545934859e-06,0.5
0,0,1.49108935457397,5.80190971309287e-06,0.5
0,0,1.4896812659168,4.22049028961351e-06,0.5
0,0,1.48769585484772,8.99143562080109e-08,0.5
0,0,1.48625820757401,-2.34514779101757e-06,0.5
0,0,1.48467284514916,-5.26008601861499e-06,0.5
0,0,1.48316373848176,-8.07581458549835e-06,0.5
0,0,1.48169670975706,-1.08531822438393e-05,0.5
0,0,1.48027625142339,-1.31094698754293e-05,0.5
0,0,1.47865275868778,-1.64590702213713e-05,0.5
0,0,1.47727708757266,-1.8067400497772e-05,0.5
0,0,1.47535737864953,-2.21922368043857e-05,0.5
0,0,1.4739142762634,-2.47608181261762e-05,0.5
0,0,1.47235115078149,-2.77561542838619e-05,0.5
0,0,1.47086290025536,-3.06488087782439e-05,0.5
0,0,1.46941763861727,-3.34979219570089e-05,0.5
0,0,1.46801940326947,-3.62947938888106e-05,0.5
0,0,1.46666644377834,-3.81745153005203e-05,0.5
0,0,1.46490613087679,-4.20680104019749e-05,0.5
0,0,1.46356208043727,-4.45986670553807e-05,0.5
0,0,1.46211601882649,-4.74958129524138e-05,0.5
0,0,1.46073958905641,-5.02941450894528e-05,0.5
0,0,1.45940422995484,-5.26313690750449e-05,0.5
0,0,1.45786550051366,-5.59362609202924e-05,0.5
0,0,1.45657262947587,-5.74578325484564e-05,0.5
0,0,1.45459946791495,-6.17854689681521e-05,0.5
0,0,1.45321156035306,-6.43444977206962e-05,0.5
0,0,1.45166400552964,-6.73934492777744e-05,0.5
0,0,1.4501980676494,-7.03267735729682e-05,0.5
0,0,1.44877574112128,-7.3212431942774e-05,0.5
0,0,1.44740212617404,-7.60405746935331e-05,0.5
0,0,1.44607531314361,-7.82637850595369e-05,0.5
0,0,1.4444256732162,-8.18095468870882e-05,0.5
0,0,1.44311992336767,-8.37240631874845e-05,0.5
0,0,1.44127953761129,-8.76043504746589e-05,0.5
0,0,1.43988221289687,-9.02834030771283e-05,0.5
0,0,1.43838577869212,-9.32663323734131e-05,0.5
0,0,1.43696163109005,-9.61519508720467e-05,0.5
0,0,1.43558324330575,-9.86805038381204e-05,0.5
0,0,1.43404980619094,-0.000101907989187679,0.5
0,0,1.43272961830724,-0.000103561907676014,0.5
0,0,1.43078036812737,-0.000107795454419395,0.5
0,0,1.42939329802656,-0.00011036861048791,0.5
0,0,1.42785759321158,-0.00011339583601052,0.5
0,0,1.42640593298294,-0.000116304422411728,0.5
0,0,1.42500048243513,-0.000119161834839578,0.5
0,0,1.4236462008101,-0.000121317859116512,0.5
0,0,1.42201007403793,-0.000124896348115113,0.5
0,0,1.42069863170478,-0.000126895879382533,0.5
0,0,1.41902708246304,-0.000130474049218668,0.5
0,0,1.41767337284352,-0.00013310813695531,0.5
0,0,1.41626682624513,-0.000135962448513829,0.5
0,0,1.41492836957028,-0.00013867368139496,0.5
0,0,1.41361101837058,-0.000141039426650282,0.5
0,0,1.4121552152373,-0.000144202137700121,0.5
0,0,1.41091280465227,-0.000145989797756368,0.5
0,0,1.40920677965441,-0.000149677189870682,0.5
0,0,1.4079265705054,-0.000152077150288763,0.5
0,0,1.40650453183122,-0.000154967537970355,0.5
0,0.00215355684647246,1.40519422374297,-0.000157544270133073,0.5
0,0.00771314519208686,1.40859924795333,-0.000153793325869649,0.5
0,0.00996748366892414,1.41282850322164,-0.000148497686485297,0.5
0,0.0151360132561987,1.41625956191379,-0.000144415657150797,0.5
0,0.0188628160311557,1.42216275803987,-0.00013675754468271,0.5
0,0.0224742532774705,1.42798554851148,-0.000128999942799805,0.5
0,0.0259362696364321,1.43453906734268,-0.000120110909571363,0.5
0,0.0295261279420566,1.44491901890711,-0.000105734376417977,0.5
0,0.00439825319178267,1.45113173120117,-8.98218813233746e-05,0.5
0,0.0250899892121121,1.45105040089157,-9.48102027168856e-05,0.5
0,0.00286880737466967,1.46490444712324,-6.87376227052441e-05,0.5
0,0.0162724068759312,1.46103564977769,-7.70667150393616e-05,0.5
0,0.00454423758216831,1.47624930242084,-5.17396895997103e-05,0.5
0,0.0118404706797995,1.47565351041394,-5.35672680233284e-05,0.5
0,0.00497722210200928,1.48812550349965,-3.32835522689898e-05,0.5
0,0.00952409283093101,1.49034641380122,-3.02301277382559e-05,0.5
0,0.00332037941866992,1.50108823874958,-1.24457442795888e-05,0.5
0,0.00602374163472475,1.50052228048464,-1.29808591686423e-05,0.5
0,0.00623477486776857,1.51095404618983,3.03313593825662e-06,0.5
0,0.00544230004832717,1.51637876021382,1.22569257767925e-05,0.5
0,0.00426165040201973,1.51982368343374,1.85059873251959e-05,0.5
0,0.00295434703734874,1.52342580132727,2.50377820394405e-05,0.5
0,0.000906828672611211,1.5252200785784,2.90606354579106e-05,0.5
0,0,1.52292318692072,2.71760018782438e-05,0.5
0,0,1.51730435610982,2.03447233490608e-05,0.5
0,0,1.5153805518832,1.85919330582333e-05,0.5
0,0,1.51195529671507,1.47239042228812e-05,0.5
0,0,1.50871431427655,1.09154832496154e-05,0.5
0,0,1.50555858294546,7.14052369463066e-06,0.5
0,0,1.50250592896068,3.40260236272581e-06,0.5
0,0,1.49955118496218,-2.95403699547942e-07,0.5
0,0,1.49669156443874,-3.95255867359823e-06,0.5
0,0,1.49392399660763,-7.56763302656021e-06,0.5
0,0,1.49124557021241,-1.11395815754234e-05,0.5
0,0,1.48865347107358,-1.46674494236998e-05,0.5
0,0,1.48614498732222,-1.81503817730688e-05,0.5
0,0,1.48371750394695,-2.15876157464553e-05,0.5
0,0,1.48136849910772,-2.49784754466311e-05,0.5
0,0,1.47909554036691,-2.8322366806591e-05,0.5
0,0,1.4768962811224,-3.16187727821816e-05,0.5
0,0,1.47476845719026,-3.48672487843827e-05,0.5
0,0,1.47270988353693,-3.80674183526546e-05,0.5
0,0,1.47071845115288,-4.12189690548835e-05,0.5
0,0,1.4687921240614,-4.43216486026819e-05,0.5
0,0,1.46692893645625,-4.73752611709886e-05,0.5
0,0,1.4651269899622,-5.03796639115393e-05,0.5
0,0,1.46338445101294,-5.33347636503077e-05,0.5
0,0,1.46169954834085,-5.62405137595236e-05,0.5
0,0,1.46007057057357,-5.90969111953562e-05,0.5
0,0,1.45849586393259,-6.1903993692807e-05,0.5
0,0,1.45697383002908,-6.4661837109789e-05,0.5
0,0,1.45550292375264,-6.73705529127783e-05,0.5
0,0,1.45408165124878,-7.00302857968147e-05,0.5
0,0,1.45270856798109,-7.26412114329914e-05,0.5
0,0,1.45138227687429,-7.52035343369307e-05,0.5
0,0,1.4501014265346,-7.77174858520663e-05,0.5
0,0.000174311883621176,1.44886470954383,-8.01833222418736e-05,0.5
0,0.00290765403546275,1.44933999562616,-8.02574671616931e-05,0.5
0,0.00611716239373636,1.45376893368586,-7.4711475561506e-05,0.5
0,0.00888395871426718,1.45791876522337,-6.93419429650687e-05,0.5
0,0.0117209595823648,1.46306233278423,-6.25086215323533e-05,0.5
0,0.0152515217058544,1.47375133900889,-4.76997262451722e-05,0.5
0,0.0124018431744754,1.48098647348224,-3.61498530625092e-05,0.5
0,0.0182330733406851,1.48880232806314,-2.57407093858325e-05,0.5
0,0,1.49594369249133,-1.01972467421131e-05,0.5
0,0.00921594173941699,1.48503398269236,-2.8594843837909e-05,0.5
0,0.0105220661621919,1.50610207005045,2.20824015590782e-06,0.5
0,0.00146154933753096,1.50961570212292,1.02613303527318e-05,0.5
0,0.00565668313722908,1.50622020127032,4.74878069937012e-06,0.5
0.0103769393889771,0.00674785824679209,1.51885154773543,2.3652945079689e-05,0.5
0.0237345030661572,0.00638215354609816,1.52443588375654,3.29357074649792e-05,0.5
0.0380435121161049,0.00648240875484581,1.53038154931608,4.2480982677246e-05,0.5
0.0538505423901215,0.00637778128405231,1.5370053273094,5.32446311172878e-05,0.5
0.0685216380014996,0.00584707692644303,1.54317796391209,6.35270876490935e-05,0.5
0.0773943528171898,0.00428519612287308,1.54692350956985,7.04361885198076e-05,0.5
0.0814492833450145,0.00196037602407784,1.5486409172419,7.44193857728621e-05,0.5
0.0812826178896633,0,1.54857649801589,7.58068886093785e-05,0.5
0.0666784091145858,0,1.5424079300345,6.83015572566497e-05,0.5
0.0641690834067786,0,1.54126389368349,6.77161764083248e-05,0.5
0.0571617642089401,0,1.53825691941058,6.45715193757803e-05,0.5
0.0507146493815874,0,1.53543548791297,6.14628759643259e-05,0.5
0.0444596346711612,0,1.53267817377546,5.83712155404718e-05,0.5
0.0384645917127959,0,1.53000735808929,5.5297545864553e-05,0.5
0.0327145980942404,0,1.52741811626541,5.2245573418258e-05,0.5
0.0272031786682704,0,1.52490830927696,4.92163775873896e-05,0.5
0.0219227302110091,0,1.52247542603927,4.62114599585797e-05,0.5
0.0168660840311391,0,1.52011709904138,4.32321288509233e-05,0.5
0.0120262950311202,0,1.51783103465324,4.02796104437002e-05,0.5
0.0073966640601594,0,1.51561502051079,3.73550354817518e-05,0.5
0.00297072401835716,0,1.51346692092022,3.44594468828138e-05,0.5
0,0,1.51138467412167,3.15938038419485e-05,0.5
0,0,1.50936628940637,2.87589862459204e-05,0.5
0,0,1.50740984439222,2.5955798800501e-05,0.5
0,0,1.50551348240613,2.31849749731794e-05,0.5
0,0,1.50367540997553,2.04471807460399e-05,0.5
0,0,1.50189389442319,1.77430181898232e-05,0.5
0,0,1.50016726156097,1.50730288672255e-05,0.5
0,0,1.4984938934782,1.24376970734834e-05,0.5
0,0,1.49687222642063,9.83745292185824e-06,0.5
0,0,1.49530074875597,7.27267528127995e-06,0.5
0,0,1.49377799902232,4.7436945730714e-06,0.5
0,0,1.49230256405589,2.25079543334425e-06,0.5
0,0,1.49087307719464,-2.05780752649529e-07,0.5
0,0,1.48948821655451,-2.62583343822311e-06,0.5
0,0,1.48814670337519,-5.0092006193104e-06,0.5
0,0,1.48684730043245,-7.35575664943283e-06,0.5
0,0,1.48558881051416,-9.66541016039343e-06,0.5
0,0,1.48437007495728,-1.19381020837568e-05,0.5
0,0,1.48318997224333,-1.41738037684049e-05,0.5
0,0,1.48204741664966,-1.63725151896799e-05,0.5
0,0,1.48094135695439,-1.83154430494409e-05,0.5
0,0,1.47973916119096,-2.07663017985135e-05,0.5
0,0,1.47867819783417,-2.20801900850975e-05,0.5
0,0,1.47715707462331,-2.53421651754204e-05,0.5
0,0,1.47604492667099,-2.71911622228811e-05,0.5
0,0,1.47472366386198,-2.98084448082677e-05,0.5
0,0,1.47354567324336,-3.20757538710756e-05,0.5
0,0,1.47237013016024,-3.43130572208898e-05,0.5
0,0,1.47119519520942,-3.66053925283158e-05,0.5
0,0,1.47004488639007,-3.87197828389733e-05,0.5
0,0,1.46883667033498,-4.12411804429866e-05,0.5
0,0,1.46774974745531,-4.28520256823738e-05,0.5
0,0,1.46636824030044,-4.58678910166922e-05,0.5
0,0,1.46527083164108,-4.7553474636004e-05,0.5
0,0,1.46389062642099,-5.04870591272519e-05,0.5
0,0,1.4627479983977,-5.24936650356828e-05,0.5
0,0,1.46145935914354,-5.5164461091483e-05,0.5
0,0,1.46031180915984,-5.72040102089768e-05,0.5
0,0,1.45903557621922,-5.98933486593281e-05,0.5
0,0,1.45791104475719,-6.17668962912466e-05,0.5
0,0,1.45658056664136,-6.46290410873191e-05,0.5
0,0,1.4554613981887,-6.64642811310453e-05,0.5
0,0,1.45411074835951,-6.93625780156623e-05,0.5
0,0,1.45297785330664,-7.12969713564084e-05,0.5
0,0,1.45165277332931,-7.41141572312984e-05,0.5
0,0,1.45051327901869,-7.60972786416206e-05,0.5
0,0,1.44920299510737,-7.88886024255734e-05,0.5
0,0,1.44806985128914,-8.08289487354481e-05,0.5
0,0,1.44674616928127,-8.36706834269533e-05,0.5
0,0,1.44561813910499,-8.55783748378222e-05,0.5
0,0,1.44428248643458,-8.84507781054621e-05,0.5
0,0,1.44315223790826,-9.03790645804463e-05,0.5
0,0,1.4418217395146,-9.32323708198014e-05,0.5
0,0,1.44068902050303,-9.55124279620929e-05,0.5
0,0.00118060842972209,1.43953719923342,-9.79087268229662e-05,0.5
0,0.00457494014312381,1.44131200940832,-9.62263118136702e-05,0.5
0,0.00777606318333645,1.4437831261979,-9.34378215066977e-05,0.5
0,0.0109353197974041,1.44664110319072,-9.00471085973647e-05,0.5
0,0.0140364810691437,1.45023755218108,-8.5534139035437e-05,0.5
0,0.016990713770696,1.4543529055231,-8.01760686492225e-05,0.5
0,0.0197850783174444,1.45888631608054,-7.41115188436324e-05,0.5
0,0.0229185793321034,1.46676146062878,-6.32481429991387e-05,0.5
0,0.0160510858714448,1.47610281550479,-4.7753693798187e-05,0.5
0,0.0250306078040351,1.48312188566121,-3.91909466968111e-05,0.5
0,0.0114677749338674,1.49098610455294,-2.41508432404852e-05,0.5
0,0.0218920136257467,1.49589017772241,-1.87854335901672e-05,0.5
0,0.00168214480169833,1.50518920870759,-1.80906881815217e-07,0.5
0,0.0127735421116526,1.50024229008432,-9.21660306929975e-06,0.5
0.0139188404077004,0.0128054314420603,1.51693758846655,1.5828633280967e-05,0.5
0.0251485586873595,0.0120671703103416,1.52165106494029,2.40744094208375e-05,0.5
0.0422457822745441,0.0126445108399942,1.52878217547563,3.52800846075606e-05,0.5
0.058686093034436,0.00561558625556855,1.53641164488859,4.89525659595384e-05,0.5
0.0613808865490267,0.00822014945428664,1.53704908227132,5.04300952578611e-05,0.5
0.0805020429413313,0.00698045608584568,1.54525159378686,6.38312365764533e-05,0.5
0.0880465931523484,0.00489716049764328,1.54849019764565,7.02632109765495e-05,0.5
0.0936500560556058,0.0027370191644204,1.55088366386832,7.52982163319767e-05,0.5
0.0921014852357881,0,1.55027498628265,7.60694706302836e-05,0.5
0.0771415949034979,0,1.54398413691479,6.85039362068718e-05,0.5
0.0744172955915418,0,1.54277969922605,6.79539988684346e-05,0.5
0.0670627458394666,0,1.5396557956815,6.47579841543776e-05,0.5
0.0602871027574869,0,1.53672363122116,6.15987909373949e-05,0.5
0.0537129151770406,0,1.53385869194166,5.8455484868611e-05,0.5
0.0474100695301652,0,1.53108402403007,5.53295144497233e-05,0.5
0.0413630375011357,0,1.5283945026349,5.22247215435517e-05,0.5
0.0355649954040179,0,1.52578787341515,4.91422750207223e-05,0.5
0.0300079605748521,0,1.52326149978042,4.60837715656987e-05,0.5
0.0246844055489335,0,1.52081289555132,4.30506060356977e-05,0.5
0.0195870397420347,0,1.518439652826,4.00440859461998e-05,0.5
0.0147088323456592,0,1.51613944954437,3.70654178940929e-05,0.5
0.0100429976670867,0,1.5139100446394,3.41157155636551e-05,0.5
0.0055829863190315,0,1.51174927512285,3.11960040955463e-05,0.5
0.00132247595911118,0,1.50965505302234,2.83072247715751e-05,0.5
0,0,1.50762536248652,2.54502393949385e-05,0.5
0,0,1.5056582570048,2.26258344730792e-05,0.5
0,0,1.50375185674369,1.98347251979622e-05,0.5
0,0,1.5019043459935,1.70775592355521e-05,0.5
0,0,1.50011397072077,1.43549203331535e-05,0.5
0,0,1.49837903622178,1.16673317532564e-05,0.5
0,0,1.49669790487277,9.01525954206077e-06,0.5
0,0,1.49506899397253,6.39911564047439e-06,0.5
0,0,1.49349077367347,3.81926084500494e-06,0.5
0,0,1.49196176499733,1.27600762561856e-06,0.5
0,0,1.49048053793171,-1.23037719270015e-06,0.5
0,0,1.48904570960416,-3.69966987826937e-06,0.5
0,0,1.48765594253026,-6.13168736479926e-06,0.5
0,0,1.48630994293263,-8.5262849414245e-06,0.5
0,0,1.4850064591279,-1.08833540551305e-05,0.5
0,0,1.48374427997844,-1.32028202202856e-05,0.5
0,0,1.48252223340642,-1.54846410302404e-05,0.5
0,0,1.48133918496736,-1.77288042661937e-05,0.5
0,0,1.48019403648055,-1.9935326098749e-05,0.5
0,0,1.47908572471419,-2.21042493778019e-05,0.5
0,0,1.47801322012266,-2.42356420066037e-05,0.5
0,0,1.47697552563387,-2.63295953960396e-05,0.5
0,0,1.4759716754845,-2.83862229953498e-05,0.5
0,0,1.4750007341012,-3.04056588956939e-05,0.5
0,0,1.47406179502567,-3.23880565031314e-05,0.5
0,0,1.47315397988195,-3.43335872777505e-05,0.5
0,0,1.47227643738402,-3.6242439535829e-05,0.5
0,0,1.47142834238204,-3.81148173120592e-05,0.5
0,0,1.47060889494577,-3.99509392790059e-05,0.5
0,0,1.46981731948338,-4.17510377210989e-05,0.5
0,0,1.46905286389436,-4.35153575605893e-05,0.5
0,0,1.46831479875507,-4.52441554330155e-05,0.5
0,0,1.46760241653555,-4.69376988098424e-05,0.5
0,0,1.46691503084639,-4.8596265166046e-05,0.5
0,0.00110981679164848,1.46625197571422,-5.02201411905162e-05,0.5
0,0.00401633475146028,1.46844981126645,-4.78333852525046e-05,0.5
0,0.00672484347777559,1.47113808333796,-4.46063008873672e-05,0.5
0,0.00941286611352278,1.47422319116557,-4.07572744314803e-05,0.5
0,0.0128828793534598,1.48214266458731,-3.00279388850718e-05,0.5
0.000704039381579865,0.0154807953314762,1.48854013939744,-2.10572219645519e-05,0.5
0.0244501876062393,0.017525818337397,1.4982852211269,-7.05482825278923e-06,0.5
0.0412620216807254,0.0151586929743786,1.50545881298082,4.38849353718428e-06,0.5
0.0625789477971823,0.0201427584677048,1.51384740641623,1.61349391459534e-05,0.5
0.0703409721263544,0,1.51992674967244,3.16233047321164e-05,0.5
0.0336485536432958,0,1.51046111746854,1.54551565805791e-05,0.5
0.0516466453552636,0,1.51243150407001,1.92903789996008e-05,0.5
0.0123645418213995,0,1.51064774729378,1.88167416789605e-05,0.5
0.0295819000155228,0,1.50840100731041,1.50827183666519e-05,0.5
0.0147462732814924,0,1.50666973453597,1.34804036472691e-05,0.5
0.0142032733253594,0,1.50471169250337,1.08325116162426e-05,0.5
0.00977807122518404,0,1.50291604182565,8.55770609066242e-06,0.5
0.00646025419333898,0,1.50114214749474,6.20468368873274e-06,0.5
0.000945894967034219,0,1.49942935180425,3.98365431216253e-06,0.5
0,0,1.49773368164091,1.58620245712795e-06,0.5
0,0,1.49611545413108,4.8036995802938e-08,0.5
0,0,1.49426828873069,-3.11714615060382e-06,0.5
0,0,1.4927036076297,-4.87420107105818e-06,0.5
0,0,1.4909608537055,-7.72283622970968e-06,0.5
0,0,1.48939903259921,-1.00048830582552e-05,0.5
0,0,1.48783757441202,-1.24197568749747e-05,0.5
0,0,1.48633441813348,-1.46397735639872e-05,0.5
0,0,1.48481351566407,-1.71614342946229e-05,0.5
0,0,1.48339340420283,-1.89651097937913e-05,0.5
0,0,1.48178518919601,-2.18964451170899e-05,0.5
0,0,1.48040313131514,-2.36400204538213e-05,0.5
0,0,1.47879105420657,-2.66170978295323e-05,0.5
0,0,1.47740627216369,-2.8611890331675e-05,0.5
0,0,1.47588033547072,-3.13821965583363e-05,0.5
0,0,1.47450871165082,-3.34759624696115e-05,0.5
0,0,1.47303528875152,-3.61993122779954e-05,0.5
0,0,1.47170171066455,-3.81780048484164e-05,0.5
0,0,1.47022033721935,-4.10266306986666e-05,0.5
0,0,1.46891852442387,-4.29347419561895e-05,0.5
0,0,1.46743573126672,-4.58442543550751e-05,0.5
0,0,1.46614841658889,-4.78111119817799e-05,0.5
0,0,1.46469906988259,-5.06660366111743e-05,0.5
0,0,1.46342513022171,-5.26868664040649e-05,0.5
0,0,1.46201053292119,-5.54998262143592e-05,0.5
0,0,1.46075842217335,-5.74954837726749e-05,0.5
0,0,1.45935718853969,-6.03328992869564e-05,0.5
0,0,1.45812787831737,-6.22885114334217e-05,0.5
0,0,1.45673400056182,-6.51527298679986e-05,0.5
0,0,1.45552156557059,-6.74500577801245e-05,0.5
0,0,1.45429659326549,-6.98660798906145e-05,0.5
0,0,1.4531224170566,-7.22182108347075e-05,0.5
0,0,1.45198717778749,-7.45279048923486e-05,0.5
0,0,1.4508915958621,-7.67921918274138e-05,0.5
0,0,1.44983440142822,-7.90114926761635e-05,0.5
0,0,1.44881453407752,-8.11861065446577e-05,0.5
0,0,1.44783094175836,-8.33163594229102e-05,0.5
0,0,1.44688260819946,-8.54025936130185e-05,0.5
0,0.00158722701288027,1.44596854853308,-8.74451650356684e-05,0.5
0,0.00515442027734791,1.44927326986945,-8.36125284280908e-05,0.5
0,0.00833691863496163,1.45288138634075,-7.91430562816529e-05,0.5
0,0.0115217450156457,1.45709455947504,-7.37623716064889e-05,0.5
0,0.0149909021234048,1.4644981650896,-6.37911114048742e-05,0.5
0,0.0183730847877487,1.47395446406242,-5.06550638389224e-05,0.5
0,0.00766921390097827,1.48110422410193,-3.74709366162358e-05,0.5
0,0.0186938887304858,1.48561096567594,-3.30617847339828e-05,0.5
0,0.00456885374050556,1.49591597335009,-1.44807507480729e-05,0.5
0,0.0141871345689663,1.4959529402999,-1.59507324906003e-05,0.5
0.016505092504193,0.0105650575391241,1.50923228122459,4.72169733634775e-06,0.5
0.031705238946222,0.011798836551763,1.51543125264494,1.44597272902425e-05,0.5
0.0488211313886711,0.00751052730742956,1.52302777629319,2.72477989503427e-05,0.5
0.0584003783161636,0.0106528557193952,1.52657386488291,3.27651154684688e-05,0.5
0.0828991169466348,0.00832278577855976,1.53719690497776,4.98094287278513e-05,0.5
0.0985563966058212,0.008265429348974,1.54373225623894,6.0701123495426e-05,0.5
0.116067932515481,0.00730330632065269,1.5511681364271,7.30746153159163e-05,0.5
0.131794567452355,0.00711673453416191,1.5577479947164,8.42131162963374e-05,0.5
0.147709144315974,0.00590152018606568,1.56451625458224,9.58951882978205e-05,0.5
0.163501133971535,0.004684392427338,1.57123310832241,0.000107617924264907,0.5
0.173816883897109,0.00235349426438757,1.57567298708684,0.000116198670296051,0.5
0.175579388151392,0,1.57652754637826,0.000119592160936451,0.5
0.155520619276225,0,1.56820290121127,0.000109561343141817,0.5
0.154370998308438,0,1.56771483632657,0.000110417085021287,0.5
0.146179087402258,0,1.56433144827887,0.0001073224846346,0.5
0.138729808183927,0,1.56119367979569,0.000104258928303722,0.5
0.131461605267413,0,1.55811632536841,0.000101200003068358,0.5
0.124481215770399,0,1.55513457853489,9.81461168996576e-05,0.5
0.117769285921998,0,1.55224205389877,9.51026998825974e-05,0.5
0.111319180385497,0,1.54943655962067,9.20711350450374e-05,0.5
0.105122449851911,0,1.54671530557702,8.90534910649416e-05,0.5
0.0991711951386744,0,1.54407568340083,8.60515751591346e-05,0.5
0.0934577539632828,0,1.54151516300471,8.3067099849787e-05,0.5
0.0879747382052572,0,1.53903130489169,8.01016611960086e-05,0.5
0.0827150168074165,0,1.53662175450068,7.71567485613503e-05,0.5
0.0776717068852204,0,1.53428423926594,7.42337492363442e-05,0.5
0.0728381640385808,0,1.53201656541295,7.13339535971497e-05,0.5
0.0682079732338529,0,1.52981661494288,6.84585599122814e-05,0.5
0.0637749400339156,0,1.52768234273236,6.56086789445602e-05,0.5
0.0595330821916369,0,1.52561177375345,6.27853383373391e-05,0.5
0.0554766215865292,0,1.52360300040719,5.99894867979496e-05,0.5
0.051599976490541,0,1.5216541799661,5.72219980871724e-05,0.5
0.0478977541487594,0,1.51976353212086,5.44836748236712e-05,0.5
0.0443647436615513,0,1.51792933662677,5.17752521118351e-05,0.5
0.040995909155257,0,1.51614993104568,4.90974010010973e-05,0.5
0.0377863832291201,0,1.51442370857929,4.64507317844249e-05,0.5
0.0347314606666898,0,1.51274911599009,4.38357971433207e-05,0.5
0.0318265924004481,0,1.51112465160589,4.12530951463403e-05,0.5
0.0290673797189159,0,1.50954886340477,3.87030721078052e-05,0.5
0.0264495687059647,0,1.50802034717674,3.61861253130886e-05,0.5
0.0239690449025138,0,1.50653774475905,3.37026056165547e-05,0.5
0,0,1.50509974234192,3.22774813760686e-05,0.5
0.0104565840958029,0,1.50324534374391,2.84815319524499e-05,0.5
0.00268369106805965,0,1.50181543960608,2.62380347743769e-05,0.5
6.90122793153357e-05,0,1.50027752684564,2.35504580323501e-05,0.5
0,0,1.49880994594528,2.09516401415075e-05,0.5
0,0,1.49738238753623,1.83830611973996e-05,0.5
0,0,1.49599868014225,1.58587095912229e-05,0.5
0,0,1.49465458067783,1.46071028896539e-05,0.5
0,0,1.49269887609022,1.0372509179004e-05,0.5
0,0,1.49132040480923,8.09825303659146e-06,0.5
0,0,1.48977592368796,5.25625323976454e-06,0.5
0,0,1.48830973988204,2.52109978809331e-06,0.5
0,0,1.48688297541837,-1.79929444967891e-07,0.5
0,0,1.48550099215499,-2.83589657480646e-06,0.5
0,0,1.48416201490848,-5.28008537699716e-06,0.5
0,0,1.48276451991288,-8.09885849008155e-06,0.5
0,0,1.48148932056068,-9.18366658214566e-06,0.5
0,0,1.47936712914262,-1.38726063870548e-05,0.5
0,0,1.47798735658247,-1.62329791725979e-05,0.5
0,0,1.47638352480848,-1.92703170415033e-05,0.5
0,0,1.47486806241254,-2.21828642734031e-05,0.5
0,0,1.47339344163842,-2.50564104438962e-05,0.5
0,0,1.47196650416516,-2.78782330449769e-05,0.5
0,0,1.47058525408636,-3.06490561339622e-05,0.5
0,0,1.46924851065499,-3.29306894894057e-05,0.5
0,0,1.46772662642766,-3.62093981186702e-05,0.5
0,0,1.46643537659982,-3.79092404825854e-05,0.5
0,0,1.46466219846412,-4.18318347222957e-05,0.5
0,0,1.46331602191954,-4.43708927310677e-05,0.5
0,0,1.46186598998803,-4.7279446543602e-05,0.5
0,0,1.46048585089984,-5.00887754288729e-05,0.5
0,0,1.45914687821589,-5.28520674265311e-05,0.5
0,0,1.45785264023966,-5.52487916166985e-05,0.5
0,0,1.45643905331269,-5.8333729309906e-05,0.5
0,0,1.45520186763302,-6.01519101907624e-05,0.5
0,0,1.45356719985533,-6.38274961219845e-05,0.5
0,0,1.45230311459838,-6.62003069982638e-05,0.5
0,0,1.45089422972675,-6.91539301738735e-05,0.5
0,0,1.44960043890134,-7.18327484911717e-05,0.5
0,0,1.44832383965799,-7.42257194980878e-05,0.5
0,0,1.44693669477465,-7.72757601306084e-05,0.5
0,0,1.44572308389704,-7.9037353496712e-05,0.5
0,0,1.44409657816004,-8.27176592296616e-05,0.5
0,0,1.44285538794874,-8.50554107638016e-05,0.5
0,0,1.44148269366777,-8.79599928906114e-05,0.5
0,0,1.44021260672547,-9.06115903407227e-05,0.5
0,0,1.43896804831683,-9.29330831175272e-05,0.5
0,0,1.43764938862227,-9.59151536978282e-05,0.5
0,0,1.43647721235612,-9.80103172264042e-05,0.5
0,0,1.43513621669445,-0.000101050735832675,0.5
0,0,1.43398645407701,-0.000103118812115161,0.5
0,0,1.4326604529659,-0.00010612073183782,0.5
0,0,1.43152083281283,-0.000108203492970962,0.5
0,0,1.43022031775897,-0.000111144686555518,0.5
0,0,1.42909474209316,-0.000113203935179153,0.5
0,0,1.42780986020177,-0.000116121077128657,0.5
0,0,1.42670131913045,-0.000118129886699859,0.5
0,0,1.42542369484939,-0.00012104244332601,0.5
0,0,1.42432981666057,-0.000123017796676322,0.5
0,0,1.4230630329772,-0.000125907968205051,0.5
0,0,1.42198104999746,-0.000127868628488136,0.5
0,0,1.42073010426705,-0.000130721710951238,0.5
0,0,1.41966033051178,-0.000132661299115017,0.5
0,0,1.41842354815557,-0.000135484849553367,0.5
0,0,1.41736714255003,-0.000137391275550359,0.5
0,0,1.41614080179309,-0.000140195262174983,0.5
0,0,1.41509731565203,-0.000142070040063187,0.5
0,0,1.41388122547235,-0.000144852015244075,0.5
0,0,1.41284943951663,-0.000146702588902883,0.5
0,0.00277634455662716,1.41164528967662,-0.000149456436370476,0.5
0,0.0011825429447695,1.41495125110976,-0.000145323912824211,0.5
0,0.00824594800286556,1.41337363286711,-0.000148364068296417,0.5
0,0.0115363937201215,1.42062782717373,-0.000139077335069579,0.5
0,0.0156282531460726,1.42653643215521,-0.000131294005371986,0.5
0,0.0193719776507724,1.4333544326768,-0.00012220204085153,0.5
0,0.00280973769577025,1.4427604155206,-0.00010405657378914,0.5
0,0.0187439323715082,1.44099273975529,-0.000110255238910213,0.5
0,0,1.45442240544629,-8.06874374333357e-05,0.5
0,0.00596876618822015,1.44186818636674,-0.000105133398369579,0.5
0,0.0037261998405927,1.46225714150437,-7.49218427524338e-05,0.5
0,0.00361387069282645,1.46139469311752,-7.53045944095812e-05,0.5
0,0.00634552430666038,1.46748837655005,-6.6837889256982e-05,0.5
0,0.00869812008819126,1.47712534945237,-5.28074628745501e-05,0.5
0,0.00564395143989877,1.48492178617012,-4.00332072059533e-05,0.5
0,0.00972381613185404,1.48997678844797,-3.28730797419398e-05,0.5
0,0,1.49893719159868,-1.54929676584846e-05,0.5
0,0.000758833592608794,1.4860221575464,-3.52734937412418e-05,0.5
0,7.40997401934174e-06,1.49465416973165,-2.19619612982123e-05,0.5
0,0,1.48763648469681,-3.07555057576286e-05,0.5
0,0,1.48627420353731,-3.23585513191384e-05,0.5
0,0,1.48384421506625,-3.51924302671882e-05,0.5
0,0,1.48144009102033,-3.81845415519269e-05,0.5
0,0,1.47910378306928,-4.11398682936608e-05,0.5
0,0,1.47684507846629,-4.40628156018714e-05,0.5
0,0,1.47466128608406,-4.69502248845261e-05,0.5
0,0,1.47255023810596,-4.98015229710732e-05,0.5
0,0,1.47050963572261,-5.26158862526768e-05,0.5
0,0,1.46853728093124,-5.53926213101011e-05,0.5
0,0,1.46663104921639,-5.81311012093567e-05,0.5
0,0,1.46478889153857,-6.08307711281229e-05,0.5
0,0,1.46300883069965,-6.3491142837107e-05,0.5
0,0.0012361728047702,1.46128895861667,-6.61117910613051e-05,0.5
0,0.00396914995586058,1.46710785769785,-5.81768330654852e-05,0.5
0,0.00610731475833223,1.47341164008123,-4.92066325417233e-05,0.5
0,0.00829618186682211,1.48042741252555,-3.91387966967143e-05,0.5
0,0.0105154915926373,1.48915176085963,-2.64531105458311e-05,0.5
0,0.00500398041442068,1.49645010367898,-1.39941068396068e-05,0.5
0,0.0101882538738306,1.49993894201729,-9.44109564556601e-06,0.5
0,0.00478603891253277,1.51086470594634,8.38141594173059e-06,0.5
0,0.00791542734345751,1.51270793758317,1.12665745385822e-05,0.5
0.0117965894805277,0.00456578917997928,1.52386996507056,2.91267665485987e-05,0.5
0.01866541838755,0.00580463873929784,1.52648670451515,3.37665879304433e-05,0.5
0.0412770512330571,0.0010697973993433,1.53658663284365,5.05157481583164e-05,0.5
0.0316757619990618,0.000222389418892333,1.53222208175832,4.52334649599708e-05,0.5
0.0296235474287466,0,1.53138803162207,4.52939425039028e-05,0.5
0.0201515284867494,0,1.52734467465342,4.07143572642655e-05,0.5
0.0158138504560904,0,1.52541285068402,3.89035059538216e-05,0.5
0.00921393934020704,0,1.52252777627996,3.57308962569549e-05,0.5
0.00301936296110261,0,1.51977724412119,3.25897393565702e-05,0.5
0,0,1.51710097731471,2.94711055144004e-05,0.5
0,0,1.51450952687221,2.63767372206633e-05,0.5
0,0,1.511999113165,2.3309089533151e-05,0.5
0,0,1.50956741254604,2.02692705798992e-05,0.5
0,0,1.50721194890752,1.72585548173433e-05,0.5
0,0,1.5049303621354,1.42780732048188e-05,0.5
0,0,1.50272037041602,1.13288724574196e-05,0.5
0,0,1.50057977256182,8.41191041852005e-06,0.5
0,0,1.49850644409972,5.52806219996561e-06,0.5
0,0,1.49649833440092,2.67812438187181e-06,0.5
0,0,1.49455346379342,-1.3718072553852e-07,0.5
0,0,1.49266992081646,-2.91720106921385e-06,0.5
0,0,1.49084585958697,-5.66135103034724e-06,0.5
0,0,1.48907949727667,-8.36910778959019e-06,0.5
0,0,1.48736911169434,-1.10400078702317e-05,0.5
0,0,1.48571303896883,-1.36736438509798e-05,0.5
0,0,1.48410967132817,-1.6269661240183e-05,0.5
0,0,1.48255745497069,-1.88277555037525e-05,0.5
0,0,1.48105488802402,-2.13476692394172e-05,0.5
0,0,1.47960051858819,-2.38291894902979e-05,0.5
0,0,1.4781929428591,-2.62721451911247e-05,0.5
0,0,1.47683080332886,-2.86764047407437e-05,0.5
0,0,1.47551278705966,-3.10418736948631e-05,0.5
0,0,1.47423762402796,-3.33684925732823e-05,0.5
0,0,1.47300408553602,-3.56562347761194e-05,0.5
0,0,1.4718109826877,-3.79051046038209e-05,0.5
0,0,1.47065716492595,-4.01151353759821e-05,0.5
0,0,1.46954151862916,-4.22863876442487e-05,0.5
0,0,1.468462965764,-4.44189474947941e-05,0.5
0,0,1.46742046259209,-4.65129249360842e-05,0.5
0,0,1.46641299842855,-4.85684523678433e-05,0.5
0,0,1.46543959444986,-5.05856831273342e-05,0.5
0,0,1.4644993025491,-5.25647901092466e-05,0.5
0,0,1.46359120423663,-5.45059644556675e-05,0.5
0,0.00159124804216282,1.46271440958408,-5.64094143127744e-05,0.5
0,0.00534280486721841,1.47034842212053,-4.63516257728667e-05,0.5
0,0.00849225370868513,1.47887420674799,-3.45745940539774e-05,0.5
0,0.00803522484549984,1.48712644697176,-2.22673884228543e-05,0.5
0,0.00468306516763532,1.49449618092571,-1.05352340031705e-05,0.5
0.000235257837930629,0.011725695995073,1.50198074901736,-7.24164601914495e-07,0.5
0.0095503102136734,0,1.50885882217436,1.62020695418583e-05,0.5
0,0,1.49896248468013,-1.93531995542669e-06,0.5
0,0,1.50132954511054,2.87345966801827e-06,0.5
0,0,1.49955617398783,6.80102031300524e-07,0.5
0,0,1.49803363065053,-1.36499849042963e-06,0.5
0,0,1.49651555077877,-3.40570667086161e-06,0.5
0,0,1.49504944503178,-5.42626659823117e-06,0.5
0,0,1.49362959379153,-7.42331784775789e-06,0.5
0,0,1.49225534346025,-9.39691381450475e-06,0.5
0,0,1.49092525373775,-1.13463704361739e-05,0.5
0,0,1.48963802951133,-1.32711986763942e-05,0.5
0,0,1.48839240339739,-1.51709310934956e-05,0.5
0,0,1.48718715227419,-1.70451492027995e-05,0.5
0,0,1.48602109321155,-1.88934765215704e-05,0.5
0,0,1.48489308235849,-2.07155770763857e-05,0.5
0,0,1.48380201344559,-2.25111531585987e-05,0.5
0,0.00105892316937013,1.48274681640997,-2.42799433086461e-05,0.5
0,0.00411882077475148,1.49014265729952,-1.41405161859406e-05,0.5
0.0111952918211225,0.0069136237025167,1.49961050146081,-6.17042164537408e-07,0.5
0.0210235227482863,0,1.50559259462208,1.26831751497509e-05,0.5
0.00229368678713614,0,1.49566289116071,-4.37464371165956e-06,0.5
0.0088697716188023,0,1.49839272087502,2.95827295332551e-07,0.5
0.00640643819906702,0,1.49691806257783,-1.59588128692858e-06,0.5
0.00470169080226478,0,1.49569459105999,-3.37518889178917e-06,0.5
0.0029753875111251,0,1.49446461738932,-5.14298679199274e-06,0.5
0.00137831979546301,0,1.49327791063596,-6.89212880031685e-06,0.5
0,0,1.49212875534518,-8.61855279521819e-06,0.5
0,0,1.49101682536178,-1.03226430713356e-05,0.5
0,0.000409739213907821,1.48994094443248,-1.20038705058693e-05,0.5
0.0114909161213691,0.00285931518209025,1.49547486810749,-4.36827019245806e-06,0.5
0,0,1.50703748196042,1.45172921834563e-05,0.5
0,0,1.49439816430987,-4.61845470345351e-06,0.5
0,0,1.49744703753597,4.74272386434143e-07,0.5
0,0,1.49581281796495,-2.16731311327102e-06,0.5
0,0,1.49461965235294,-3.80150623844124e-06,0.5
0,0,1.49335401104568,-5.69664724728862e-06,0.5
0,0,1.49214739505129,-7.53798974079551e-06,0.5
0,0,1.49097597037296,-9.36042906568189e-06,0.5
0,0,1.48984244561515,-1.11584358154778e-05,0.5
0,0,1.48874539608742,-1.29317423834288e-05,0.5
0,0,1.48768381711706,-1.46800411490199e-05,0.5
0,0,1.48665668164296,-1.64030509098698e-05,0.5
0,0,1.48566300221038,-1.81005300548841e-05,0.5
0,0,1.48470182231129,-1.97722675967154e-05,0.5
0,0,1.48377221632155,-2.1418082850412e-05,0.5
0,0,1.48287328824309,-2.3037823582419e-05,0.5
0,0,1.48200417065908,-2.46313645108068e-05,0.5
0,0,1.48116402370555,-2.61986058320696e-05,0.5
0,0,1.48035203408654,-2.77394718229874e-05,0.5
0,0,1.47956741412708,-2.92539095064876e-05,0.5
0,0,1.47880940086282,-3.07418873798256e-05,0.5
0,0.000802965391554283,1.47807725516498,-3.22033942021164e-05,0.5
0,0.00390821889674009,1.48406609301245,-2.42056847542134e-05,0.5
0,0.00708852890525254,1.49326333773134,-1.13148890033618e-05,0.5
0.0156803757113462,0.00340695995157799,1.50106180294229,1.17875624429237e-06,0.5
0.0291327551015227,0.00933777918103107,1.50587983583431,7.3787511270821e-06,0.5
0.0451584708168204,0,1.51469554636453,2.51303207054458e-05,0.5
0.0261841298428815,0.000142803496300451,1.50463918786375,8.16563096557323e-06,0.5
0.0400325776811921,0,1.51047890471582,1.74392207452263e-05,0.5
0.0320568908667779,0,1.50670496736728,1.26719916797219e-05,0.5
0.0321780639171773,0,1.50624756287932,1.20951187909332e-05,0.5
0,0,1.50496371076371,1.26685782480618e-05,0.5
0.0119892469432016,0,1.50349226656056,9.13111873158382e-06,0.5
0,0,1.50233365895443,8.13586248193977e-06,0.5
0,0,1.50106648537859,6.35642472328138e-06,0.5
0,0,1.49987783625175,4.69503823542387e-06,0.5
0,0,1.49871953314718,3.03473406799307e-06,0.5
0,0,1.49759846369932,1.39416211482452e-06,0.5
0,0,1.49651296551321,-2.26972221025786e-07,0.5
0,0,1.4954620892333,-1.82814179172972e-06,0.5
0,0,1.49444482327875,-3.38561371126551e-06,0.5
0,0,1.49345530322428,-4.79385938058456e-06,0.5
0,0,1.49246509868229,-6.5084588160573e-06,0.5
0,0,1.49153745625061,-7.49796803973616e-06,0.5
0,0,1.49052156595013,-9.53385731219465e-06,0.5
0,0,1.48963343364439,-1.05025124124143e-05,0.5
0,0,1.48864223603055,-1.24974716678799e-05,0.5
0,0,1.48777091834451,-1.3697296450913e-05,0.5
0,0,1.48684273700137,-1.54952835889777e-05,0.5
0,0,1.48599452231269,-1.67416918251197e-05,0.5
0,0,1.48510522233444,-1.85187550141386e-05,0.5
0,0,1.4842920953754,-1.96282777431362e-05,0.5
0,0,1.48341263055357,-2.1505912726913e-05,0.5
0,0,1.48263099723966,-2.25498890345526e-05,0.5
0,0,1.48176789525848,-2.44462819420534e-05,0.5
0,0,1.48100806619345,-2.55432788806539e-05,0.5
0,0,1.48017752103021,-2.73706423597735e-05,0.5
0,0,1.47943786682523,-2.84997034504745e-05,0.5
0,0,1.47863726490656,-3.02878028886608e-05,0.5
0,0,1.47792135406665,-3.1374483766333e-05,0.5
0,0,1.47713904569146,-3.31786832649343e-05,0.5
0,0,1.47644683431379,-3.42200629632193e-05,0.5
0,0,1.47568055451039,-3.60321744110595e-05,0.5
0,0,1.47500839514261,-3.70700611819127e-05,0.5
0,0,1.47426300648651,-3.88552670768177e-05,0.5
0,0,1.47360877899218,-3.98982763078168e-05,0.5
0,0,1.47288510012605,-4.16539561033895e-05,0.5
0,0,1.47224916531244,-4.26785342798585e-05,0.5
0,0,1.471543189315,-4.44237211460829e-05,0.5
0,0,1.47092556840937,-4.54197671006633e-05,0.5
0,0,1.47023482641786,-4.71588895734662e-05,0.5
0,0,1.46963410887431,-4.8137686573047e-05,0.5
0,0,1.46895931097322,-4.98599336464589e-05,0.5
0,0,1.46837408928332,-5.11425713151181e-05,0.5
0,0,1.46778108104379,-5.25247410318101e-05,0.5
0,0,1.46721604788086,-5.38634745192735e-05,0.5
0,0.000960604192294212,1.46667076948526,-5.51765947272348e-05,0.5
0,0.00409580661281464,1.47077342846105,-4.9971100038482e-05,0.5
0,0.00706756657032311,1.47642649056601,-4.23344739936038e-05,0.5
0,0.010302724447605,1.48439145653823,-3.12936362943825e-05,0.5
0,0.01326609355127,1.49293752871834,-1.91408231910484e-05,0.5
0,0.0012744408036267,1.5000127812109,-5.80318786511053e-06,0.5
0,0.0108603200526389,1.49747910554409,-1.11230203313824e-05,0.5
0.0293317189261645,0.0124861308254029,1.51347581656052,1.23193342253659e-05,0.5
0.0413702360514378,0.00884366197470771,1.51866313871541,2.16802080083852e-05,0.5
0.05790317949414,0.0129539090580112,1.52501115809672,3.08658543008808e-05,0.5
0.0746283656483702,0,1.53322859860896,4.6432757851653e-05,0.5
0.0521357282988453,0.00420792781936749,1.5224948122769,3.05315541489599e-05,0.5
0.0922393819039827,0.00620613448272914,1.53935009126601,5.55984039324349e-05,0.5
0.104819221567634,0.00526176915644885,1.54450775864536,6.48540206032217e-05,0.5
0.11739645601312,0.0050921160472664,1.54957437732439,7.34030505996521e-05,0.5
0.132756180388758,0.00488018424171349,1.55586525158913,8.39914818229231e-05,0.5
0.150448121881181,0.00473846730330507,1.56317087354983,9.62221438544839e-05,0.5
0.16500311163511,0.00384022818654826,1.56918654024479,0.000106797245788285,0.5
0.176333065600109,0.00226637747306752,1.57386372084846,0.000115524053448363,0.5
0.181591444055851,0,1.57600598571237,0.000120649035054694,0.5
0.163328600346912,0,1.56826499633004,0.000111386847816042,0.5
0.164278185411825,0,1.56849167190508,0.000113170671194137,0.5
0.158238390904373,0,1.56585116912177,0.000111099413003733,0.5
0.152858696689946,0,1.56342883485866,0.000109030950732164,0.5
0.147593913819093,0,1.56104492238992,0.000106956474049959,0.5
0.142548356989482,0,1.55873381675162,0.000104872657082491,0.5
0.137705473452881,0,1.55649005904838,0.000102784939250696,0.5
0.133060706217696,0,1.55431214450277,0.000100694557953351,0.5
0.128607736213044,0,1.55219798728835,9.86034646246356e-05,0.5
0.124340693502104,0,1.55014564991463,9.65133786433607e-05,0.5
0.12025387202682,0,1.54815324902182,9.44259447854401e-05,0.5
0.116341765535578,0,1.54621896724803,9.23427120050152e-05,0.5
0.112599054403851,0,1.54434104887272,9.02651413802411e-05,0.5
0.109020599604177,0,1.54251779782325,8.81946095062046e-05,0.5
0.105601435902433,0,1.54074757542571,8.61324124005722e-05,0.5
0.102336765465198,0,1.53902879829171,8.4079769145816e-05,0.5
0.099221951694518,0,1.53735993628038,8.20378253907151e-05,0.5
0.0962525133059677,0,1.53573951054084,8.00076567001627e-05,0.5
0.0934241186364846,0,1.5341660916307,7.79902717621858e-05,0.5
0.0907325801732407,0,1.53263829770761,7.59866154578337e-05,0.5
0.0881738492945551,0,1.53115479279102,7.39975717997788e-05,0.5
0.0857440112143124,0,1.52971428509118,7.20239667451639e-05,0.5
0.0834392801216958,0,1.52831552540278,7.00665708880031e-05,0.5
0.0812559945083838,0,1.52695730556057,6.8126102036215e-05,0.5
0.0791906126756854,0,1.52563845695447,6.62032276781557e-05,0.5
0.0772397084143993,0,1.52435784910186,6.42985673433078e-05,0.5
0.0730564048348243,0,1.52311438827467,6.25084427312153e-05,0.5
0.0727434207775342,0,1.52183349338234,6.04709586426037e-05,0.5
0,0,1.52064591387817,6.31322699529018e-05,0.5
0.0252909392256159,0,1.51597608227514,5.31357825813349e-05,0.5
0,0,1.51414722100275,5.13532897865279e-05,0.5
0,0,1.51133041829352,4.69966580570135e-05,0.5
0,0,1.50873086126491,4.29433899396283e-05,0.5
0,0,1.50618425761035,3.89058133088501e-05,0.5
0,0,1.50371730362511,3.49281197632184e-05,0.5
0,0,1.50132529168362,3.10090023946259e-05,0.5
0,0,1.4990063687365,2.71487300606929e-05,0.5
0,0,1.49675833473785,2.33474316011684e-05,0.5
0,0,1.49457910934869,1.96051542595974e-05,0.5
0,0,1.49246667525154,1.59219006786207e-05,0.5
0,0,1.49041908354844,1.22976242681301e-05,0.5
0,0,1.48843445010473,8.73223384867607e-06,0.5
0,0,1.48651095325524,5.22559632358862e-06,0.5
0,0,1.48464683142156,1.77753950885865e-06,0.5
0,0,1.48284038085588,-1.61214523656761e-06,0.5
0,0,1.48108995347415,-4.94370051295787e-06,0.5
0,0,1.47939395477961,-8.21740051692816e-06,0.5
0,0,1.47775084187187,-1.14335488052461e-05,0.5
0,0,1.47615912153777,-1.45924761791075e-05,0.5
0,0,1.47461734842062,-1.76945386827377e-05,0.5
0,0,1.47312412326406,-2.07401157105211e-05,0.5
0,0,1.47167809122751,-2.37296082171459e-05,0.5
0,0,1.47027794026997,-2.66634370255324e-05,0.5
0,0,1.4689223995991,-2.95420412275738e-05,0.5
0,0,1.46761023818293,-3.23658766729693e-05,0.5
0,0,1.46634026332125,-3.37643279554199e-05,0.5
0,0,1.46355038964489,-3.93695831818236e-05,0.5
0,0,1.46203099523199,-4.21315128603987e-05,0.5
0,0,1.46011886693456,-4.57202585814919e-05,0.5
0,0,1.45831730972129,-4.91685307069342e-05,0.5
0,0,1.45656477205061,-5.25637597340878e-05,0.5
0,0,1.45487054848407,-5.58936622115004e-05,0.5
0,0,1.45323203046363,-5.91590662595203e-05,0.5
0,0,1.4516477723273,-6.12040222449015e-05,0.5
0,0,1.44871744075249,-6.68120268731767e-05,0.5
0,0,1.4469426130037,-6.99730764689092e-05,0.5
0,0,1.44483054034761,-7.38268452250552e-05,0.5
0,0,1.44283291879776,-7.75408103830074e-05,0.5
0,0,1.44089363960637,-8.11924512171789e-05,0.5
0,0,1.43902070243164,-8.44614221897139e-05,0.5
0,0,1.43681569822333,-8.86372010259571e-05,0.5
0,0,1.43498438393312,-9.10383361981564e-05,0.5
0,0,1.43174971286409,-9.69102094706592e-05,0.5
0,0,1.42966398334545,-0.000100486748889986,0.5
0,0,1.42726205684337,-0.000104695755319796,0.5
0,0,1.4249864450911,-0.000108756608242196,0.5
0,0,1.42278096588236,-0.000112744922240753,0.5
0,0,1.42065317973848,-0.00011592384084325,0.5
0,0,1.4177317990791,-0.000121210659694037,0.5
0,0,1.41557369021902,-0.000124614979345344,0.5
0,0,1.41278570332295,-0.00012950431937131,0.5
0,0,1.41047161054199,-0.000133533751943864,0.5
0,0,1.40810302826048,-0.000137615735070757,0.5
0,0,1.40570515440879,-0.000141809893842492,0.5
0,0,1.40337770581014,-0.00014544333971215,0.5
0,0,1.40050423531124,-0.000150502148906467,0.5
0,0,1.39822227478223,-0.000153594063428369,0.5
0,0,1.39474806502232,-0.000159519569148405,0.5
0,0,1.39224871336089,-0.000163611645330419,0.5
0,0,1.38952109518608,-0.000168171570678068,0.5
0,0,1.3869317613106,-0.000172519197034945,0.5
0,0,1.38436341978764,-0.000176786901180433,0.5
0,0,1.38175875661485,-0.000181174810139018,0.5
0,0,1.37922623243355,-0.000185230912418766,0.5
0,0,1.37645949012051,-0.000189998603235283,0.5
0,0,1.37405815231738,-0.000193415427620748,0.5
0,0,1.3708187154059,-0.000198919007111935,0.5
0,0,1.36834359774212,-0.000202481998779633,0.5
0,0,1.36511625270658,-0.000207832511799228,0.5
0,0,1.36250523964914,-0.000211804754122481,0.5
0,0,1.35949206316542,-0.000216762325753304,0.5
0,0.00413669360723428,1.35686226625752,-0.000221078493026951,0.5
0,0.0100672536081937,1.35676720456233,-0.000221982705515551,0.5
0,0.0157720013768677,1.35828494811433,-0.000220614190597778,0.5
0,0.0212557568916008,1.36194670763215,-0.000216253846376819,0.5
0,0.0263465316436725,1.36798600579111,-0.000208511581460007,0.5
0,0.0310417708395288,1.37329550353002,-0.00020160867514786,0.5
0,0.0354927393279949,1.3832975679326,-0.000188166638850892,0.5
0,0.0303136785057703,1.39227854119686,-0.000173225721147307,0.5
0,0.0382170629552613,1.40108423568759,-0.000162374844095334,0.5
0,0,1.40743493540478,-0.000141588528872903,0.5
0,0.0290376531343074,1.393948957564,-0.000168949396549249,0.5
0,0.0122654799337293,1.41889655823412,-0.000128113317396761,0.5
0,0.0217434127960629,1.41644027589391,-0.000133613170390527,0.5
0,0.0116051746877008,1.42887229220237,-0.000112614981295139,0.5
0,0.0201976466885344,1.4322067829049,-0.000109543956826571,0.5
0,0.0123086645939015,1.44315265285029,-9.11737766291114e-05,0.5
0,0.0182860146031283,1.44727401841154,-8.61928056962881e-05,0.5
0,0.00449296510759216,1.45714296501379,-6.79061266082258e-05,0.5
0,0.0127219237748202,1.45460764169389,-7.32056182692187e-05,0.5
0,0.0121863113786425,1.46935971381886,-5.10124172006117e-05,0.5
0,0.0112689167921728,1.47417967240286,-4.3011026613166e-05,0.5
0,0.0112139527083623,1.480796456951,-3.27419610251971e-05,0.5
0,0.010651653694384,1.48769739812044,-2.17977301020401e-05,0.5
0,0.00910912013386832,1.49154403958793,-1.51347417907674e-05,0.5
0,0.00764118245907984,1.49584139379039,-7.85583091676841e-06,0.5
0,0.00560342712230901,1.49893285321039,-2.2158153344869e-06,0.5
0,0.00306987457849459,1.50032395164038,9.59690255637428e-07,0.5
0,0.000241234063631627,1.50050668888237,2.34758148250837e-06,0.5
0,0,1.49328588022264,-7.01923718986666e-06,0.5
0,0,1.48857043793533,-1.30985224668712e-05,0.5
0,0,1.48434363093697,-1.84841578753442e-05,0.5
0,0,1.47954416388524,-2.48422720730409e-05,0.5
0,0,1.4749272240265,-3.10797641701214e-05,0.5
0,0,1.47045718192096,-3.72179453775869e-05,0.5
0,0,1.46613829647322,-4.32516584057056e-05,0.5
0,0,1.46196484209455,-4.91808361060035e-05,0.5
0,0,1.45793213259525,-5.50057990936616e-05,0.5
0,0,1.45403549411897,-6.07268689108977e-05,0.5
0,0,1.45027044933414,-6.63444799708694e-05,0.5
0,0,1.44663268624043,-7.18591441275683e-05,0.5
0,0,1.44311805507941,-7.72714495274834e-05,0.5
0,0,1.43972256081013,-8.25820531239654e-05,0.5
0,0,1.4364423566201,-8.77916748052615e-05,0.5
0,0,1.43327373762801,-9.29010917031855e-05,0.5
0,0,1.43021313490161,-9.79111329102817e-05,0.5
0,0,1.42725710975328,-0.000102822674540132,0.5
0,0,1.42440234830267,-0.000107636635116661,0.5
0,0,1.42164565629243,-0.000112353971271048,0.5
0,0,1.41898395414408,-0.000116975673727507,0.5
0,0,1.41641427224201,-0.000121502763560114,0.5
0,0,1.4139337464342,-0.00012593628870396,0.5
0,0.000553301790393743,1.41153961373862,-0.000130277320704946,0.5
0,0.00404296550565558,1.41309342191933,-0.000129063885273992,0.5
0,0.00738269432593983,1.41713625048254,-0.000124194207125535,0.5
0,0.0105103646270104,1.42149884859715,-0.000118744725533903,0.5
0,0.0135744106859339,1.42712490259303,-0.000111407692668112,0.5
0,0.0163954665594243,1.43370976695752,-0.00010253930731821,0.5
0,0.0189640279030648,1.44098571099917,-9.25146921346118e-05,0.5
0,0.00839731296004407,1.45004920412348,-7.65390396542654e-05,0.5
0,0.0189893324088392,1.45531674704527,-7.13263742860443e-05,0.5
0,0,1.46410819459367,-5.23022154428657e-05,0.5
0,0.00817143265784616,1.45025762106455,-7.6019903080816e-05,0.5
0,0.00845545038046262,1.47124259877372,-4.51868592276098e-05,0.5
0,0.00699385700726925,1.47153619973611,-4.38705093122713e-05,0.5
0,0.00799748494232314,1.47618362693184,-3.7162589533421e-05,0.5
0,0.00846829020463868,1.48241893018186,-2.7719178836409e-05,0.5
0,0.00854673966815845,1.48795456512932,-1.91713501078644e-05,0.5
0,0.00842421957680298,1.49341874061494,-1.06396531575817e-05,0.5
0,0.00850855540917778,1.50073206367167,6.76213712125847e-07,0.5
0,0.00841285378581739,1.5087590951234,1.32345463454204e-05,0.5
0,0.00766154124929618,1.51549364150249,2.40998172956571e-05,0.5
0,0.00653839398670665,1.52169825412388,3.42924333893103e-05,0.5
0,0.00484683121330997,1.52687747576421,4.31169497690113e-05,0.5
0,0.00238542937273875,1.53016274280563,4.92511688602382e-05,0.5
0,0,1.53098782733509,5.17955893538567e-05,0.5
0,0,1.52093916960027,3.83889501162971e-05,0.5
0,0,1.51965605234696,3.72924095407749e-05,0.5
0,0,1.51526908897082,3.19068937182685e-05,0.5
0,0,1.51119015733807,2.66584517511105e-05,0.5
0,0,1.50720232348902,2.14664335956722e-05,0.5
0,0,1.50334573827835,1.63397286849225e-05,0.5
0,0,1.49961204737573,1.12821058429206e-05,0.5
0,0,1.4959980380402,6.29372454653079e-06,0.5
0,0,1.49249978129303,1.37544074031309e-06,0.5
0,0,1.48911360012608,-3.47216136541107e-06,0.5
0,0,1.48583593390597,-8.24857447033225e-06,0.5
0,0,1.48266335410497,-1.29533956452318e-05,0.5
0,0,1.47959255582238,-1.75863141529657e-05,0.5
0,0,1.47662035320614,-2.21471062896849e-05,0.5
0,0,1.47374367451113,-2.66356294465977e-05,0.5
0,0,1.47095955746854,-3.10518166802766e-05,0.5
0,0,1.4682651448484,-3.53956715622173e-05,0.5
0,0,1.46565768022258,-3.96672633254058e-05,0.5
0,0,1.46313450391603,-4.38667222863727e-05,0.5
0,0,1.46069304913763,-4.79942355285463e-05,0.5
0,0,1.45833083828204,-5.2050042832495e-05,0.5
0,0,1.45604547939439,-5.60344328395982e-05,0.5
0,0,1.45383466279009,-5.99477394363898e-05,0.5
0,0,1.45169615782244,-6.37903383475199e-05,0.5
0,0,1.44962780979102,-6.7562643925937e-05,0.5
0,0,1.44762753698429,-7.12651061295089e-05,0.5
0,0,1.44569332785006,-7.48982076738914e-05,0.5
0,0,1.4438232382879,-7.84624613520048e-05,0.5
0,0,1.44201538905774,-8.19584075110003e-05,0.5
0,0,1.44026796329934,-8.53866116780963e-05,0.5
0,0,1.43857920415739,-8.87476623271288e-05,0.5
0,0,1.4369474125075,-9.20421687781025e-05,0.5
0,0,1.43537094477827,-9.52707592224476e-05,0.5
0,0,1.43384821086519,-9.84340788670812e-05,0.5
0,0,1.43237767213203,-0.000101532788190745,0.5
0,0,1.43095783949587,-0.000104567561306446,0.5
0,0,1.42958727159176,-0.000107539084424151,0.5
0,0.000254859713140801,1.42826457301369,-0.000110448054408224,0.5
0,0.00375357912384109,1.4299758654363,-0.000109079833443288,0.5
0,0.00771045635833865,1.4380065550166,-9.86599652320773e-05,0.5
0,0.011020798362632,1.44555987390923,-8.85488645728147e-05,0.5
0,0.014400973208306,1.45468806328237,-7.60799638664886e-05,0.5
0,0.00778847332948527,1.46207694272159,-6.35468073723351e-05,0.5
0,0.0166085616606538,1.46947401504075,-5.47196652193627e-05,0.5
0,0,1.47651275150211,-3.61268757191022e-05,0.5
0,0.00411483046907941,1.46563598310799,-5.73058132040583e-05,0.5
0,0.00175066510362918,1.48289015931587,-3.12401392313588e-05,0.5
0,3.4435530464062e-06,1.47944365654611,-3.54284823926427e-05,0.5
0,0,1.47415743299216,-4.31201899994278e-05,0.5
0,0.000319960018238549,1.4739149422169,-4.3527200592256e-05,0.5
0,0.00119849439717819,1.47603580480554,-4.04576643639164e-05,0.5
0,0.00217152213552119,1.47905444667194,-3.60568966045094e-05,0.5
0,0.00323008886028909,1.48304333711186,-3.02003027774745e-05,0.5
0,0.00435642356235887,1.4882833991837,-2.24434715727251e-05,0.5
0,0.00579171247160489,1.4959798984735,-1.10205520076909e-05,0.5
0,0.00310927150237716,1.50442118365832,2.55775645798342e-06,0.5
0,0.0052636813672047,1.50717975480337,6.74225078681774e-06,0.5
0,1.06380516522378e-05,1.51782792851061,2.41940610404688e-05,0.5
0,0,1.50505738498933,6.09374301181376e-06,0.5
0,0,1.50640470381994,8.50658400421822e-06,0.5
0,0,1.50374479999135,5.46619964692795e-06,0.5
0,0,1.50118395819357,2.21182308127328e-06,0.5
0,0,1.49866077048297,-1.01255655495198e-06,0.5
0,0,1.49621981450204,-4.20712693473586e-06,0.5
0,0,1.49385581952453,-7.36586736987674e-06,0.5
0,0,1.491567126042,-1.04886498104662e-05,0.5
0,0,1.48935133340608,-1.35744549207545e-05,0.5
0,0,1.48720621204474,-1.66225095568039e-05,0.5
0,0,1.48512959413558,-1.96320907008779e-05,0.5
0,0,1.48311938946767,-2.26025543473343e-05,0.5
0,0,1.48117357992625,-2.55333263129829e-05,0.5
0,0,1.47929021709721,-2.84238991075558e-05,0.5
0,0,1.47746741950142,-3.12738280402907e-05,0.5
0,0,1.47570337001526,-3.4082727661549e-05,0.5
0,0,1.47399631338889,-3.68502683610132e-05,0.5
0,0,1.47234455387031,-3.95761731405656e-05,0.5
0,0,1.47074645292883,-4.22602145493371e-05,0.5
0,0,1.46920042707361,-4.49022117735955e-05,0.5
0,0,1.4677049457631,-4.75020278737871e-05,0.5
0,0,1.46625852940134,-5.00595671615371e-05,0.5
0,0,1.46485974741726,-5.2574772709746e-05,0.5
0,0,1.4635072164233,-5.5047623989264e-05,0.5
0,0,1.46219959844991,-5.74781346259419e-05,0.5
0,0.000629223972945928,1.46093559925249,-5.98663502721623e-05,0.5
0,0.00362507915979939,1.46665194756753,-5.23697096295025e-05,0.5
0,0.00686889528539549,1.47705050737021,-3.78745894030657e-05,0.5
0,0,1.48327442515795,-2.47194428412848e-05,0.5
0,0.00130267166124973,1.47259225839514,-4.30765470790101e-05,0.5
0,0.00195017332779693,1.48619403400011,-2.33147301489891e-05,0.5
0,0.00238788359713904,1.48989573287353,-1.75544588325913e-05,0.5
0,0.0042203193673062,1.4960243842142,-8.75063695726699e-06,0.5
0,0.00518259548493673,1.50594739391195,6.09641602172858e-06,0.5
0,0,1.51239480150141,1.76005082711882e-05,0.5
0,0,1.50103273778012,8.0015983540229e-07,0.5
0,0,1.50345863484576,4.68328911589717e-06,0.5
0,0,1.50123790318297,2.06525770391084e-06,0.5
0,0,1.49932433303245,-4.58224702910378e-07,0.5
0,0,1.49741760571089,-2.96145269808317e-06,0.5
0,0,1.49557576406646,-5.44256726562649e-06,0.5
0,0,1.49379142919231,-7.89594766125182e-06,0.5
0,0,1.4920638098438,-1.03218676276911e-05,0.5
0,0,1.49039108156817,-1.27194349867501e-05,0.5
0,0,1.48877161386542,-1.50880326939222e-05,0.5
0,0,1.48720381039265,-1.74270665016143e-05,0.5
0,0,1.48568613177531,-1.97360046167872e-05,0.5
0,0,1.4842170900553,-2.20143680841823e-05,0.5
0,0,1.48279524728157,-2.4261728977375e-05,0.5
0,0,1.48141921355132,-2.64777075007354e-05,0.5
0,0,1.48008764522073,-2.86619694085024e-05,0.5
0,0,1.47879924317456,-3.08142235194921e-05,0.5
0,0.00044144921608203,1.47755275116808,-3.29342193550953e-05,0.5
0,0.00238723558621057,1.48041524178231,-2.92364621206751e-05,0.5
0,0.00448395212077005,1.4857151715362,-2.18789813569018e-05,0.5
0,0.00645749289374768,1.49157319520829,-1.35561673997795e-05,0.5
0,0.00849425449912115,1.49869226947386,-3.28076423945131e-06,0.5
0,0.0104677465460317,1.50695063273207,8.85485452829572e-06,0.5
0,0.00817351962255962,1.51465862470914,2.12138914465531e-05,0.5
0.00828872000945333,0.0093996571874277,1.52240352032113,3.30083343384643e-05,0.5
0.0247573436627965,0.0037377812666087,1.52978939824095,4.57698495233395e-05,0.5
0.031791546608194,0.00728483779642425,1.53211118888947,4.92719110326689e-05,0.5
0.0586570921316193,0.00749303751941514,1.5434368336307,6.68954170066421e-05,0.5
0.0738924024315588,0.00682195642706915,1.54978150537813,7.7642787222826e-05,0.5
0.0896238350143997,0.00641321830739615,1.55631324820876,8.85345856425857e-05,0.5
0.105147587273943,0.00556239534117631,1.562802705857,9.96103883436695e-05,0.5
0.117920907066991,0.00406815695028003,1.5681582751411,0.000109179421253468,0.5
0.126420748591463,0.00173168019359375,1.57173380399591,0.000116234799631465,0.5
0.126178409395315,0,1.571643383751,0.00011795293910671,0.5
0.110581491716047,0,1.56507893708886,0.00011006564923729,0.5
0.10901789912748,0,1.56433597709144,0.000110337999281281,0.5
0.10205332071357,0,1.5613652815623,0.000107519581266742,0.5
0.095677803025293,0,1.55858944689926,0.000104721969031414,0.5
0.0894708803150466,0,1.55586982419719,0.00010192881346963,0.5
0.0835124463020331,0,1.55323275151779,9.91401902578386e-05,0.5
0.0777871838709192,0,1.55067317611783,9.63605151071735e-05,0.5
0.0722892347598105,0,1.54818916353758,9.35910960527373e-05,0.5
0.0670114214091762,0,1.54577834427655,9.08337472538258e-05,0.5
0.0619469990623499,0,1.54343849179985,8.8090074406456e-05,0.5
0.0570894257192114,0,1.54116744655286,8.53615987456237e-05,0.5
0.0524323882983458,0,1.53896312460317,8.26497416533495e-05,0.5
0.0479697893061249,0,1.53682351323308,7.99558323472171e-05,0.5
0.0436957394360893,0,1.53474666849244,7.72811118320044e-05,0.5
0.0396045496349955,0,1.53273071257536,7.46267372114714e-05,0.5
0.0356907236081094,0,1.5307738313422,7.19937857268393e-05,0.5
0.0319489506061633,0,1.52887427193476,6.93832586266273e-05,0.5
0.0283740985033391,0,1.5270303404877,6.67960848610918e-05,0.5
0.0249612071509603,0,1.5252403999313,6.42331246111589e-05,0.5
0.0217054819958499,0,1.52350286788165,6.1695172658849e-05,0.5
0.0186022879522459,0,1.52181621461481,5.91829616062522e-05,0.5
0.0156471435167248,0,1.52017896112135,5.66971649497415e-05,0.5
0.0128357151160295,0,1.51858967723794,5.42384000158238e-05,0.5
0.0101638116781341,0,1.51704697985274,5.18072307647409e-05,0.5
0.00762737941729296,0,1.51554953118169,4.94041704676617e-05,0.5
0.00522249682422211,0,1.51409603711252,4.70296842630467e-05,0.5
0.00294536985293739,0,1.51268524561394,4.46841915975194e-05,0.5
0.000792327296140067,0,1.51131594520709,4.23680685563421e-05,0.5
0,0,1.50998696349689,4.00816500883658e-05,0.5
0,0,1.50869716576066,3.78252321301117e-05,0.5
0,0,1.50744545359175,3.5599073633432e-05,0.5
0,0,1.50623076359587,3.34033985010045e-05,0.5
0,0,1.50505206613809,3.12383974337236e-05,0.5
0,0,1.50390836413822,2.91042296938744e-05,0.5
0,0,1.50279869191278,2.70010247878028e-05,0.5
0,0,1.50172211406166,2.49288840716318e-05,0.5
0,0,1.50067772439745,2.2887882283416e-05,0.5
0,0,1.49966464491604,2.08780690049808e-05,0.5
0,0,1.49868202480645,1.88994700565438e-05,0.5
0,0,1.49772903949862,1.69520888270854e-05,0.5
0,0,1.49680488974744,1.50359075433018e-05,0.5
0,0,1.49590880075161,1.31508884798496e-05,0.5
0,0,1.49504002130594,1.1296975113473e-05,0.5
0,0,1.49419782298573,9.47409322349004e-06,0.5
0,0,1.49338149936197,7.68215194100556e-06,0.5
0,0,1.49259036524606,5.92104474911568e-06,0.5
0,0,1.49182375596301,4.28996900735954e-06,0.5
0,0,1.49104478149902,2.46885930877348e-06,0.5
0,0,1.49031963662337,3.01215102701436e-06,0.5
0,0,1.48879982620526,-1.34069544138208e-06,0.5
0,0,1.48798674851738,-2.60598538850921e-06,0.5
0,0,1.48692065803582,-4.80281486388549e-06,0.5
0,0,1.48593528120242,-6.8598091924794e-06,0.5
0,0,1.48497168155101,-8.89885969586919e-06,0.5
0,0,1.48403914657326,-1.09016704538992e-05,0.5
0,0,1.48313606798289,-1.28690406147114e-05,0.5
0,0,1.48226177273106,-1.48010800483257e-05,0.5
0,0,1.48141547777522,-1.66979622981306e-05,0.5
0,0,1.48059643737183,-1.85598823283201e-05,0.5
0,0,1.47980392615673,-2.03870467231131e-05,0.5
0,0,1.4790372407106,-2.2179674927371e-05,0.5
0,0,1.4782956985155,-2.36370432229151e-05,0.5
0,0,1.47742194040072,-2.57790485792068e-05,0.5
0,0,1.4767001778189,-2.65450369800833e-05,0.5
0,0,1.47548926314791,-2.95426061595147e-05,0.5
0,0,1.47469052589136,-3.11524036477321e-05,0.5
0,0,1.47377009115816,-3.31514170807596e-05,0.5
0,0,1.47290149597285,-3.50712988119208e-05,0.5
0,0,1.47205765386966,-3.69616762929049e-05,0.5
0,0,1.471242430957,-3.83857984085502e-05,0.5
0,0,1.47019758232068,-4.08327040297278e-05,0.5
0,0,1.46938809825679,-4.19451682718498e-05,0.5
0,0,1.46815087358669,-4.4778897170989e-05,0.5
0,0,1.46725930053472,-4.65703924817046e-05,0.5
0,0,1.46627697534469,-4.86479473296905e-05,0.5
0,0,1.46534613194501,-5.05630540833057e-05,0.5
0,0,1.46439156316447,-5.25789665168386e-05,0.5
0,0,1.46346304513104,-5.43604694590097e-05,0.5
0,0,1.46243488681967,-5.66479172878397e-05,0.5
0,0,1.46154868060204,-5.79820728133167e-05,0.5
0,0,1.46031663335993,-6.07535328319802e-05,0.5
0,0,1.45939169220746,-6.2202852322465e-05,0.5
0,0,1.45814807438838,-6.48944417741093e-05,0.5
0,0,1.45715467792759,-6.66642482198953e-05,0.5
0,0,1.45598807963595,-6.91229753184462e-05,0.5
0,0,1.45497312752227,-7.09265238101007e-05,0.5
0,0,1.45379553893198,-7.34328075022489e-05,0.5
0,0,1.45278697704948,-7.5095106234853e-05,0.5
0,0,1.45153257705626,-7.77872455835757e-05,0.5
0,0,1.45051043576472,-7.94395757038445e-05,0.5
0,0,1.449220074489,-8.21784583343492e-05,0.5
0,0,1.448166238682,-8.39449220096621e-05,0.5
0,0,1.44688784519302,-8.66219069874492e-05,0.5
0,0,1.4458123097536,-8.84473344861109e-05,0.5
0,0,1.44453288900994,-9.11204253391591e-05,0.5
0,0,1.44344985004556,-9.2919905019373e-05,0.5
0,0,1.44214074837391,-9.56605676150233e-05,0.5
0,0,1.44104873777988,-9.74478210832378e-05,0.5
0,0,1.4397137457191,-0.000100233464273128,0.5
0,0,1.43860579039723,-0.000102058155591104,0.5
0,0,1.43726383915573,-0.000104840842391899,0.5
0,0,1.43614094926601,-0.000106702158428627,0.5
0,0,1.43479484406444,-0.000109483785621283,0.5
0,0,1.43366267983303,-0.000111350524695913,0.5
0,0,1.43230330210732,-0.000114157035593239,0.5
0,0,1.4311636901792,-0.000116021637067382,0.5
0,0.00351758969125357,1.42978899967574,-0.000118854630810721,0.5
0,0.00144827211349393,1.43480675028567,-0.000112184745991576,0.5
0,0.00725917260743852,1.4328133385222,-0.00011555727505289,0.5
0,0.0103656057679076,1.43905570017776,-0.000107503433836659,0.5
0,0.0131729401338936,1.44272802151019,-0.000102614532354721,0.5
0,0.0159876099399745,1.44528832388512,-9.93399873304297e-05,0.5
0,0.0189415241001195,1.44989773193257,-9.31405343060707e-05,0.5
0,0.0224363594241267,1.46023083366004,-7.87959222137227e-05,0.5
0,0.0247845110522916,1.46739896573035,-6.84344708676429e-05,0.5
0,0.0273024234872692,1.47592970107825,-5.61450247059779e-05,0.5
0,0.00183563519204681,1.48233510644175,-4.03014197304103e-05,0.5
0,0.0199766929851398,1.47869263963862,-4.935074711535e-05,0.5
0,0.0153508517617211,1.49566404715276,-2.30037419590213e-05,0.5
0,0.0141434742149468,1.5005462937418,-1.46180119954164e-05,0.5
0,0.007813570440159,1.50810687428965,-1.48710048277859e-06,0.5
0,0.0138296216612043,1.51497772544297,8.22632582060905e-06,0.5
0.0085305717791514,0.00383071489064706,1.52293440114968,2.29965730878343e-05,0.5
0.00793597515063373,0.00722434245146085,1.52210772571199,2.20331895989497e-05,0.5
0.0348995619984506,0.00700198910586948,1.53368389563334,4.01115225698826e-05,0.5
0.0455087926181967,0.005374506486181,1.53827042698378,4.85215208582446e-05,0.5
0.0548800176362745,0.00386878337517872,1.54229678235069,5.58710242817619e-05,0.5
0.0617215831287064,0.00172980379418928,1.54528340483189,6.18688761459009e-05,0.5
0.0604180025659835,0,1.54483756683391,6.29362597685465e-05,0.5
0.043542525516295,0,1.53779200799176,5.43631646211427e-05,0.5
0.0406907746699157,0,1.53657987283401,5.38293774051209e-05,0.5
0.0325710684286273,0,1.53318474131884,5.02990862595544e-05,0.5
0.0251055658239061,0,1.53000630823063,4.68191142886793e-05,0.5
0.0178583832193264,0,1.52690075955212,4.33598449288016e-05,0.5
0.0109104512479704,0,1.52389478776763,3.99237462653988e-05,0.5
0.00424409009361479,0,1.52098255705662,3.6514904301867e-05,0.5
0,0,1.51816157750969,3.31344341029521e-05,0.5
0,0,1.51542890846157,2.97839421054155e-05,0.5
0,0,1.51278178224307,2.6464810210267e-05,0.5
0,0,1.51021751898837,2.31783286140792e-05,0.5
0,0,1.50773353577299,1.99256795029914e-05,0.5
0,0,1.50532734096219,1.67079461806096e-05,0.5
0,0,1.50299653088398,1.35261178596397e-05,0.5
0,0,1.50073878631615,1.03810948494529e-05,0.5
0,0,1.49855186917252,7.27369338874034e-06,0.5
0,0,1.49643361932267,4.20465025404309e-06,0.5
0,0,1.49438195154784,1.17462713715155e-06,0.5
0,0,1.4923948526257,-1.81578519458066e-06,0.5
0,0,1.49047037853829,-4.76606294485658e-06,0.5
0,0,1.48860665179762,-7.67574553183749e-06,0.5
0,0,1.48680185888361,-1.05444320187497e-05,0.5
0,0,1.48505424778954,-1.33717777225784e-05,0.5
0,0,1.48336212566994,-1.61574909921782e-05,0.5
0,0,1.48172385658663,-1.89013301475561e-05,0.5
0,0,1.48013785934842,-2.16031005724844e-05,0.5
0,0,1.47860260544035,-2.42626519529847e-05,0.5
0,0,1.47711661703857,-2.68798756545908e-05,0.5
0,0,1.47567846510698,-2.94547022316392e-05,0.5
0,0,1.47428676757219,-3.19870990621716e-05,0.5
0,0,1.47294018757323,-3.44770681023407e-05,0.5
0,0,1.47163743178279,-3.69246437545117e-05,0.5
0,0,1.47037724879695,-3.93298908435321e-05,0.5
0,0,1.46915842759024,-4.16929026959123e-05,0.5
0,0,1.46797979603339,-4.40137993169135e-05,0.5
0,0,1.46684021947092,-4.62927256607849e-05,0.5
0,0,1.46573859935599,-4.85004417983205e-05,0.5
0,0,1.46466310554446,-5.05526890369555e-05,0.5
0,0,1.46356735103832,-5.29149461394752e-05,0.5
0,0,1.46255849855284,-5.44760290405636e-05,0.5
0,0,1.46136867086609,-5.72295189128359e-05,0.5
0,0,1.46038180765938,-5.87561566608127e-05,0.5
0,0,1.4591944639305,-6.14649822748588e-05,0.5
0,0,1.4581958507479,-6.32482816640377e-05,0.5
0,0,1.45708456532637,-6.57086835314563e-05,0.5
0,0,1.45609307271544,-6.75393769478981e-05,0.5
0,0,1.4550155769426,-6.99606520147931e-05,0.5
0,0,1.45405343065776,-7.16292099454803e-05,0.5
0,0,1.45295816984883,-7.41676289654924e-05,0.5
0,0,1.45201774055486,-7.57556821945068e-05,0.5
0,0,1.45091888808514,-7.83179099847714e-05,0.5
0,0,1.44998503709612,-7.99619615515319e-05,0.5
0,0,1.44891457804766,-8.24389561471974e-05,0.5
0,0,1.4479881734058,-8.44135790982137e-05,0.5
0,0.00150844933262297,1.44705166487811,-8.64889390920321e-05,0.5
0,0.00519632142447706,1.45187687261817,-8.0514225423208e-05,0.5
0,0.00842066418557461,1.45742554279108,-7.32318382423568e-05,0.5
0,0.0119485901964747,1.46561834683571,-6.21366728010126e-05,0.5
0,0.0151153982815802,1.47432243465224,-5.00125519816053e-05,0.5
0,0.0116902860534023,1.48205564035837,-3.76506950921046e-05,0.5
0,0.0182710797594161,1.48986034058918,-2.73751096066551e-05,0.5
0,0.00558974721400177,1.4976859680231,-1.26347794074596e-05,0.5
0,0.0151528103116496,1.49975784782844,-1.11597454933582e-05,0.5
0.00373725480372264,0.00865654622439767,1.51187536064093,8.56012018326114e-06,0.5
0.0180255189099841,0.0133854470142074,1.51730975316446,1.6440496552898e-05,0.5
0.0312000693325662,0,1.52474750323563,3.20792502418942e-05,0.5
0.00750324138351019,0.00192687843684097,1.51323522004501,1.41246641255508e-05,0.5
0.0349666834249394,0.00100665083742698,1.52498594391202,3.21647887034585e-05,0.5
0.029096642405381,0,1.52241875185155,2.99603821152939e-05,0.5
0.0176914030354126,0,1.51734950867517,2.3439269310129e-05,0.5
0.01667456432519,0,1.51666558073157,2.31455718566766e-05,0.5
0.0117807715199919,0,1.51436350692734,2.06271309001807e-05,0.5
0.00734692121202831,0,1.51221390077995,1.8143633896354e-05,0.5
0.00305729761453087,0,1.51011261299903,1.5677631365899e-05,0.5
0,0,1.50807906003349,1.32296398629022e-05,0.5
0,0,1.50610925453702,1.0802612611956e-05,0.5
0,0,1.5042015753309,8.39726408527821e-06,0.5
0,0,1.50235407671695,6.01468212657311e-06,0.5
0,0,1.50056492720352,3.65580081531097e-06,0.5
0,0,1.4988323508654,1.32149426743128e-06,0.5
0,0,1.49715463387038,-9.87435105526997e-07,0.5
0,0,1.49553012089178,-3.27025064265149e-06,0.5
0,0,1.49395721306841,-5.52627840133543e-06,0.5
0,0,1.49243436583065,-7.75490384484011e-06,0.5
0,0,1.49096008684768,-9.9555687502132e-06,0.5
0,0,1.48953293405372,-1.21277682522313e-05,0.5
0,0,1.48815151375548,-1.4271048028585e-05,0.5
0,0,1.48681447881655,-1.63850016180148e-05,0.5
0,0,1.48552052691553,-1.846926786551e-05,0.5
0,0,1.48426839887468,-2.00219853334151e-05,0.5
0,0,1.48287174629351,-2.26544963840516e-05,0.5
0,0,1.481671989132,-2.41526370133872e-05,0.5
0,0,1.48026388830395,-2.67813604304441e-05,0.5
0,0,1.47905947039579,-2.87088961228032e-05,0.5
0,0,1.4778086120165,-3.09147934889597e-05,0.5
0,0,1.47662707545374,-3.26068894171178e-05,0.5
0,0,1.47530314653059,-3.51753954242197e-05,0.5
0,0,1.47416193346862,-3.65535459975884e-05,0.5
0,0,1.47273456363166,-3.94445762713964e-05,0.5
0,0,1.47157765211569,-4.13367311012291e-05,0.5
0,0,1.47033259510256,-4.36559181541169e-05,0.5
0,0,1.46917232019932,-4.56339969729839e-05,0.5
0,0,1.46796620262411,-4.79754741768556e-05,0.5
0,0,1.46685875831364,-4.93341898496079e-05,0.5
0,0,1.46544653270051,-5.23613364806252e-05,0.5
0,0,1.46434162344382,-5.41718615845385e-05,0.5
0,0,1.46309296276795,-5.66082452748081e-05,0.5
0,0,1.46196243231919,-5.86892969847546e-05,0.5
0,0,1.46080830535395,-6.09288042150145e-05,0.5
0,0,1.45970769265958,-6.28004056368294e-05,0.5
0,0,1.45849073829045,-6.53204404304717e-05,0.5
0,0,1.45743529283756,-6.68463797050082e-05,0.5
0,0,1.45609537504917,-6.96982945894243e-05,0.5
0,0,1.45502412094689,-7.17193596046141e-05,0.5
0,0.00153096222512081,1.45390136412957,-7.39479434802692e-05,0.5
0,0.00500336765545474,1.45944816090983,-6.68366984308671e-05,0.5
0,0.00817896605994156,1.46701795975931,-5.6550910928736e-05,0.5
0,0.0111897107823734,1.47494576754939,-4.55630103557343e-05,0.5
0,0.0104782417293771,1.48333769398088,-3.29258994898902e-05,0.5
0,0.0138962765031839,1.49135014305743,-2.16331012800977e-05,0.5
0,0,1.49832517679031,-7.0697302253348e-06,0.5
0,0.00656765218083429,1.48772251113669,-2.46163754395773e-05,0.5
0,0.00771606548491231,1.50600744030927,2.10438147240648e-06,0.5
0.00764575272894111,0.00772522623204026,1.51160223783812,1.12748377222459e-05,0.5
0.0250418970071003,0.00900315670028571,1.51874818389068,2.21085643006548e-05,0.5
0.0420996307421416,0.00962191267626947,1.52581909924829,3.3238072608445e-05,0.5
0.0595511583833241,0.00401336018191381,1.53370205610159,4.68477055916449e-05,0.5
0.0651411818091407,0.00673158360060142,1.53555124292645,5.00140081870041e-05,0.5
0.0899761964362738,0.000263191548153436,1.54674646996987,6.87407945182135e-05,0.5
0.0688290312621907,0,1.53736578350671,5.61710935389929e-05,0.5
0.0659032743511501,0,1.53609196676244,5.54512998230435e-05,0.5
0.0617763429379735,0,1.53425103071584,5.40102839724089e-05,0.5
0.0558627022764691,0,1.53161274628606,5.12251307498121e-05,0.5
0.0502299071297889,0,1.52906782217687,4.84619405085922e-05,0.5
0.0448066091578255,0,1.52659272959361,4.57106734321343e-05,0.5
0.0396140345117693,0,1.52419446710668,4.29760441940301e-05,0.5
0.0346434068681834,0,1.52187013738729,4.02599205540599e-05,0.5
0.0298881790877863,0,1.51961757779636,3.75636149644336e-05,0.5
0.0253415989510837,0,1.5174345582835,3.48884711618492e-05,0.5
0.0209971926326693,0,1.51531894077699,3.22357177887545e-05,0.5
0.0168487036512431,0,1.51326865901904,2.96064984143167e-05,0.5
0.0128900934766698,0,1.51128171876291,2.70018711297345e-05,0.5
0.00911553200547484,0,1.50935619462301,2.44228135747716e-05,0.5
0.00551938975847396,0,1.50749022749449,2.1870226923399e-05,0.5
0.00209623018344613,0,1.50568202200762,1.93449398181111e-05,0.5
0,0,1.5039298440972,1.68477120992254e-05,0.5
0,0,1.50223201867015,1.43792383619254e-05,0.5
0,0,1.50058692736905,1.1940151345328e-05,0.5
0,0,1.49899300642702,9.53102516190577e-06,0.5
0,0,1.4974487446102,7.15237837456813e-06,0.5
0,0,1.49595268124393,4.80467692846375e-06,0.5
0,0,1.49450340431915,2.48833694422189e-06,0.5
0,0,1.49309954867551,2.03727379039941e-07,0.5
0,0,1.49173979425786,-2.04882743827373e-06,0.5
0,0,1.49042286444315,-4.26904539247683e-06,0.5
0,0,1.48914752443455,-6.45668428173553e-06,0.5
0,0,1.48791257972004,-8.61153962683565e-06,0.5
0,0,1.48671687459273,-1.07334425847117e-05,0.5
0,0,1.48555929073025,-1.28222579614766e-05,0.5
0,0,1.48443874583069,-1.48778823203584e-05,0.5
0,0,1.48335419230285,-1.69002421801626e-05,0.5
0,0,1.48230461600825,-1.88892923000807e-05,0.5
0,0,1.48128903505305,-2.08450140468602e-05,0.5
0,0,1.48030649862746,-2.2767413840533e-05,0.5
0,0,1.47935608589091,-2.4656521675077e-05,0.5
0,0,1.47843690490088,-2.65123897105506e-05,0.5
0,0,1.47754809158373,-2.83350909334011e-05,0.5
0,0,1.47668880874562,-3.01247178817982e-05,0.5
0,0,1.47585824512198,-3.18813814329905e-05,0.5
0,0,1.47505561446388,-3.36052096498185e-05,0.5
0,0,1.47428015465975,-3.52963466836529e-05,0.5
0,0,1.47353112689106,-3.69549517311472e-05,0.5
0,0.000813645515372819,1.47280781482051,-3.85811980423204e-05,0.5
0,0.00382786186024626,1.47699015753702,-3.33163568135914e-05,0.5
0,0.0070656319268245,1.48464781119288,-2.29014486968968e-05,0.5
0.00972922087906674,0.0100291345829367,1.49263081387036,-1.17540970767777e-05,0.5
0.0266147615914237,0.00180475458721368,1.50042556342748,1.56754191414973e-06,0.5
0.0272491886813776,0.00953948984660681,1.49948617336642,-1.10408817658091e-06,0.5
0.0563112079262543,0,1.51323199651671,2.21099339726023e-05,0.5
0.0314695306556557,0.00247089486112517,1.50121107130258,3.54163675826173e-06,0.5
0.0693834364146709,0.00446962600335965,1.51713250739088,2.64955156978274e-05,0.5
0.0819848107059549,0.00458865393320791,1.52221467361082,3.48442474556093e-05,0.5
0.097792124820741,0.00589940929550254,1.52856488967736,4.4471659063917e-05,0.5
0.119427123204327,0.00740908549462471,1.53744607771857,5.80692005928575e-05,0.5
0.134214371310471,0.000490457717277201,1.54420418517198,7.02273632763412e-05,0.5
0.12285616080674,0.00186152443931934,1.53868956607627,6.26649119673141e-05,0.5
0.109698352300033,0,1.54763570618817,7.79527492260453e-05,0.5
0.112006670039064,0,1.53839864160849,6.52199760875421e-05,0.5
0.10634406728271,0,1.53887167053338,6.68227737899762e-05,0.5
0.101104527473294,0,1.53647694963044,6.44175606921856e-05,0.5
0.0966296795049787,0,1.53433863305857,6.21006844643201e-05,0.5
0.0922353755557089,0,1.5322269581493,5.97862909276139e-05,0.5
0.0880435089023354,0,1.53018267223549,5.74808174808315e-05,0.5
0.084035901639926,0,1.5281997803353,5.51888235367934e-05,0.5
0.0802088844719196,0,1.52627707005348,5.29109079788634e-05,0.5
0.0765566743713348,0,1.52441263193936,5.06484087807583e-05,0.5
0.0601483848216603,0,1.52260471351924,4.89305224238276e-05,0.5
0.0652579677113511,0,1.52065395003804,4.60388436564714e-05,0.5
0.04841896341158,0,1.51892363412259,4.43533757001863e-05,0.5
0.0520645522136149,0,1.51697802003873,4.14143320217629e-05,0.5
0.0465289919048114,0,1.51526278927099,3.91775414454954e-05,0.5
0.043304073161007,0,1.5135321717798,3.67533277668674e-05,0.5
0.038736948215538,0,1.51186448737405,3.44383135518752e-05,0.5
0.0281947705758657,0,1.51021746333618,3.23518577611183e-05,0.5
0.030653516205626,0,1.50848427678349,2.95571493366969e-05,0.5
0,0,1.50692206267808,2.92855419648748e-05,0.5
0.00582562895258577,0,1.50445107298333,2.41786102499867e-05,0.5
0,0,1.50279155405949,2.20932152412309e-05,0.5
0,0,1.50088149326148,1.90935287277877e-05,0.5
0,0,1.49907787639857,1.62338356872944e-05,0.5
0,0,1.49732064025635,1.33961818859684e-05,0.5
0,0,1.49561840409128,1.0598982346765e-05,0.5
0,0,1.49396876993717,7.84183903878175e-06,0.5
0,0,1.49237033014655,5.12505324713129e-06,0.5
0,0,1.49082158862328,2.44882719823149e-06,0.5
0,0,1.48932111286263,-1.86685586167352e-07,0.5
0,0,1.48786751517128,-2.7813695390934e-06,0.5
0,0,1.4864594534055,-5.3351468882394e-06,0.5
0,0,1.4850956289747,-7.29024887860704e-06,0.5
0,0,1.48343866971983,-1.06015627950714e-05,0.5
0,0,1.48209680992318,-1.24313120909076e-05,0.5
0,0,1.48036159188457,-1.58779986669791e-05,0.5
0,0,1.47895555544775,-1.8375354239874e-05,0.5
0,0,1.4774884243137,-2.11111228451178e-05,0.5
0,0,1.47608268716974,-2.37728233231379e-05,0.5
0,0,1.47471915042476,-2.57161641228882e-05,0.5
0,0,1.47299296850561,-2.9296949975009e-05,0.5
0,0,1.47164112438147,-3.13528398069244e-05,0.5
0,0,1.46999392703339,-3.4673852261053e-05,0.5
0,0,1.4685864569489,-3.7295032223409e-05,0.5
0,0,1.46715285014951,-4.00693270106758e-05,0.5
0,0,1.46577661197821,-4.24802990423266e-05,0.5
0,0,1.4642910397104,-4.55411061681264e-05,0.5
0,0,1.46297549819455,-4.71371324807847e-05,0.5
0,0,1.46114617947445,-5.11396354000338e-05,0.5
0,0,1.4597889070921,-5.36060355853472e-05,0.5
0,0,1.45831046954331,-5.64936446813514e-05,0.5
0,0,1.45690641886719,-5.92768226439847e-05,0.5
0,0,1.45554434366755,-6.20156966476055e-05,0.5
0,0,1.45422840361968,-6.40872005248049e-05,0.5
0,0,1.45268467809577,-6.75055215078314e-05,0.5
0,0,1.45141338604957,-6.94502427647259e-05,0.5
0,0,1.44985507455633,-7.28480322760848e-05,0.5
0,0,1.44855779040614,-7.53877056142646e-05,0.5
0,0,1.44722112344154,-7.81272490711445e-05,0.5
0,0,1.4459439744319,-8.07185492587631e-05,0.5
0,0,1.44467935991712,-8.31565326953453e-05,0.5
0,0,1.44337058411743,-8.60198394436761e-05,0.5
0,0,1.44218807500919,-8.71768851158173e-05,0.5
0,0,1.44042575933442,-9.13835342998591e-05,0.5
0,0,1.43920565227594,-9.36334959593303e-05,0.5
0,0,1.43782738176256,-9.64402764289801e-05,0.5
0,0,1.43653112392419,-9.91200807545337e-05,0.5
0,0,1.43527415516896,-0.000101756761204732,0.5
0,0,1.43406245178659,-0.000104337884865939,0.5
0,0,1.43289414998181,-0.000106583426980731,0.5
0,0,1.43162278356085,-0.000109428115048906,0.5
0,0,1.43051333954645,-0.000111408049277795,0.5
0,0,1.42916126962913,-0.000114419607061422,0.5
0,0,1.42805147109915,-0.000116360058832507,0.5
0,0,1.42667067083231,-0.000119394023071836,0.5
0,0,1.42553721769832,-0.000121417065460626,0.5
0,0,1.4241720358711,-0.000124375352948072,0.5
0,0,1.42302340201819,-0.000126754874582995,0.5
0,0,1.42185277792926,-0.000129245713949766,0.5
0,0,1.42073541786415,-0.000131664605438632,0.5
0,0.00123388368337041,1.41965845318974,-0.000134033018890379,0.5
0,0.00565706229504617,1.42369708547379,-0.000129337267164121,0.5
0,0.00975858327747555,1.42982981228483,-0.000121498809883183,0.5
0,0.0136453220496277,1.43636769747323,-0.000112926780597293,0.5
0,0.0177328147182844,1.44676793752085,-9.88336170319017e-05,0.5
0,0,1.45290950750779,-8.34770586397061e-05,0.5
0,0.0125975468406434,1.44259586982835,-0.0001028848865753,0.5
0,0.000776814406269548,1.46460328461991,-6.81871685901221e-05,0.5
0,0.00773118640215382,1.45458922447013,-8.35957414744644e-05,0.5
0,0.0108229725196805,1.471953317379,-5.9242835338679e-05,0.5
0,0,1.47709234714472,-4.78482009383289e-05,0.5
0,0.00564143675220085,1.46546666741015,-6.62551784490732e-05,0.5
0,0.00876898647836193,1.48728668138272,-3.51231830276974e-05,0.5
0,0,1.49048667650973,-2.63927131325989e-05,0.5
0,0.00172228302871412,1.47869031313802,-4.46748112972279e-05,0.5
0,0.00284019524953325,1.49088528652138,-2.67689383785731e-05,0.5
0,0.00247550507552778,1.49393444370027,-2.14249579325963e-05,0.5
0,0.00318385790672792,1.49775863847592,-1.54188509930708e-05,0.5
0,0.00396787531397284,1.5036311368123,-6.29688862310805e-06,0.5
0,0.00454936691940747,1.50995363471596,3.63822440912273e-06,0.5
0.00303805218085662,0.00496714917164513,1.51655268201376,1.41041190622043e-05,0.5
0.0193508838501596,0.00518557919393668,1.52341929322586,2.51086315792385e-05,0.5
0.035618049908159,0.00512351751110761,1.53029565489056,3.62920600657263e-05,0.5
0.0510728332459436,0.00469242918139929,1.53685575876387,4.71795198689261e-05,0.5
0.0683492615517989,0.00427156993891853,1.54421134952224,5.93417805572314e-05,0.5
0.0818767337600023,0.00301457558723332,1.55001634969063,6.94768491264969e-05,0.5
0.0898546949098548,0.00078834179592519,1.55349550483,7.63285685856228e-05,0.5
0.0821083028775174,0,1.55035140868876,7.36365942561216e-05,0.5
0.0694105825766783,0,1.54505995855731,6.75580354367146e-05,0.5
0.0653431959347536,0,1.54336879388904,6.65118557935763e-05,0.5
0.0572264539956247,0,1.53998120375996,6.30371785478386e-05,0.5
0.0496559228142963,0,1.53677463992828,5.96023129585899e-05,0.5
0.0423231238854522,0,1.5336473286211,5.61846684874772e-05,0.5
0.0352874101882361,0,1.53061884341045,5.27877250548085e-05,0.5
0.0285335057127965,0,1.52768414166675,4.94149741979133e-05,0.5
0.022053511866964,0,1.52484061368212,4.60677747147006e-05,0.5
0.0158385998592664,0,1.52208534302692,4.27478031663283e-05,0.5
0.00988040350530243,0,1.51941556614977,3.94565396374143e-05,0.5
0.00417083025637711,0,1.51682860993608,3.61953646519862e-05,0.5
0,0,1.51432189731734,3.29655490673083e-05,0.5
0,0,1.51189294218065,2.97682622531095e-05,0.5
0,0,1.50953934598937,2.66045770877437e-05,0.5
0,0,1.50725879431113,2.34754751647773e-05,0.5
0,0,1.50504905352848,2.03818516749171e-05,0.5
0,0,1.50290796768335,1.73245200598779e-05,0.5
0,0,1.50083345545557,1.43042164364095e-05,0.5
0,0,1.49882350726853,1.13216038035349e-05,0.5
0,0,1.4968761825166,8.37727604314815e-06,0.5
0,0,1.49498960690862,5.47176172397733e-06,0.5
0,0,1.49316196992252,2.60552771838001e-06,0.5
0,0,1.49139152236604,-2.21017359013831e-07,0.5
0,0,1.48967657403889,-3.00751988223498e-06,0.5
0,0,1.48801549149189,-5.75367810632294e-06,0.5
0,0,1.48640669587874,-8.45923921332246e-06,0.5
0,0,1.48484866089646,-1.11239965045383e-05,0.5
0,0,1.48333991081056,-1.37477867320146e-05,0.5
0,0,1.48187901856121,-1.63304875625459e-05,0.5
0,0,1.48046460394693,-1.88720151678474e-05,0.5
0,0,1.47909533188234,-2.13723219348228e-05,0.5
0,0,1.47776991072688,-2.38313942901554e-05,0.5
0,0,1.4764870906813,-2.62492506337315e-05,0.5
0,0,1.47524566224905,-2.8625939375663e-05,0.5
0,0,1.47404445475972,-3.0961537071933e-05,0.5
0,0,1.47288233495196,-3.30140407154101e-05,0.5
0,0,1.47157519883451,-3.56684096276943e-05,0.5
0,0,1.47045145152702,-3.68577127936781e-05,0.5
0,0,1.46854382515676,-4.08223071462658e-05,0.5
0,0,1.46729596462652,-4.30098020987716e-05,0.5
0,0,1.46585924003547,-4.5701341244939e-05,0.5
0,0,1.46449883339367,-4.82945618378572e-05,0.5
0,0,1.46317767268702,-5.08495505130543e-05,0.5
0,0,1.4619009072529,-5.31904547089521e-05,0.5
0,0,1.46051495429506,-5.59530448661233e-05,0.5
0,0,1.45929103363722,-5.78719575819634e-05,0.5
0,0,1.45761443577212,-6.12245807278461e-05,0.5
0,0,1.45634240523513,-6.31646608996365e-05,0.5
0,0,1.45459650343289,-6.65944299690093e-05,0.5
0,0,1.45322058868947,-6.88725250709614e-05,0.5
0,0,1.45155052174572,-7.20877929678801e-05,0.5
0,0,1.45012337625577,-7.45037362379659e-05,0.5
0,0,1.44848398049561,-7.76845148940285e-05,0.5
0,0,1.44705738804379,-8.00035677950652e-05,0.5
0,0,1.44534363984411,-8.33637675657365e-05,0.5
0,0,1.44391055855413,-8.56417224111456e-05,0.5
0,0,1.44214074563948,-8.91023580627817e-05,0.5
0,0,1.44067642992189,-9.14766862366997e-05,0.5
0,0,1.4389112089442,-9.49014035360665e-05,0.5
0,0,1.43741983783027,-9.73589922682058e-05,0.5
0,0,1.43566176495804,-0.000100763906212201,0.5
0,0,1.43416040928113,-0.000103218589645376,0.5
0,0,1.43237650669516,-0.000106681526740641,0.5
0,0,1.43086776716678,-0.000109120730551684,0.5
0,0,1.42905206721461,-0.000112643057832206,0.5
0,0,1.42752821351398,-0.00011511063479443,0.5
0,0,1.4257004179831,-0.000118643926831219,0.5
0,0,1.42416007067449,-0.00012115188561607,0.5
0,0.000840716607334638,1.42232893873866,-0.000124682706265066,0.5
0,0,1.42377488908188,-0.000123038544587573,0.5
0,0.00454175356411538,1.41970183950557,-0.000129549172452918,0.5
0,0.00367762730858863,1.42581404560982,-0.000121557956302603,0.5
0,0.00904388393233944,1.42504163715284,-0.000123173540674156,0.5
0,0.0120681376841177,1.43029820982105,-0.0001164738586983,0.5
0,0.0152313034158957,1.43639880660834,-0.000108276459326352,0.5
0,0.0185427365913101,1.44485375232247,-9.66918688275835e-05,0.5
0,0,1.45186360264725,-7.80840813686393e-05,0.5
0,0.0100485133268126,1.44010595877155,-0.000101027651749613,0.5
0,0,1.46262287521523,-6.44347356881884e-05,0.5
0,0.000851954742352225,1.44531021269646,-9.0624868836638e-05,0.5
0,0.0027932001499586,1.45487600788522,-7.72332295256484e-05,0.5
0,0.00395984883332383,1.4596817507147,-7.01518695635098e-05,0.5
0,0.00619950443709579,1.46611812840991,-6.10407007985117e-05,0.5
0,0.00840973216301118,1.47506486922204,-4.81284554535768e-05,0.5
0,0,1.48203431452749,-3.45037497901885e-05,0.5
0,0.0022981326588028,1.46913820475408,-5.45403214967526e-05,0.5
0,0.00383325885514414,1.48464365816658,-3.20293867650361e-05,0.5
0,0.00352608332626073,1.48930448439669,-2.43864609222859e-05,0.5
0,0.0041396666487259,1.49382086964456,-1.74173905003888e-05,0.5
0,0.00491973947395202,1.50094156275383,-6.52305298400378e-06,0.5
0,0.00539676797366098,1.50843996468579,5.13810265707179e-06,0.5
0,0.00250543110989709,1.51638798565818,1.8253991431629e-05,0.5
0,0.00284090530439873,1.51757766793203,2.07625660125576e-05,0.5
0.00309369101923794,0.0020676644473478,1.52438940829357,3.17566210466983e-05,0.5
0.00775093032946553,0,1.52650931653209,3.62364898747523e-05,0.5
0,0,1.51647098805318,2.30814900849604e-05,0.5
0,0,1.51627622154608,2.3537746644981e-05,0.5
0,0,1.51268359849442,1.94471273869903e-05,0.5
0,0,1.509388740568,1.54551124553567e-05,0.5
0,0,1.50615721223838,1.14985290927621e-05,0.5
0,0,1.50303308462624,7.58176686418609e-06,0.5
0,0,1.50000850948371,3.70965464359318e-06,0.5
0,0,1.49708109760852,-1.17436501135927e-07,0.5
0,0,1.49424766228266,-3.89828928144195e-06,0.5
0,0,1.49150524563966,-7.63196990495156e-06,0.5
0,0,1.48885097784192,-1.13176148217509e-05,0.5
0,0,1.48628209484207,-1.49544616621041e-05,0.5
0,0,1.4837959309963,-1.85418376426611e-05,0.5
0,0,1.48138991559879,-2.20791552023106e-05,0.5
0,0,1.47906156899454,-2.55659067726795e-05,0.5
0,0,1.47680849895051,-2.90016599979133e-05,0.5
0,0,1.47462839717144,-3.23860531794191e-05,0.5
0,0,1.47251903596965,-3.57187909662896e-05,0.5
0,0,1.47047826507928,-3.89996402736481e-05,0.5
0,0,1.46850400860849,-4.22284264179678e-05,0.5
0,0,1.46659426212331,-4.54050294580531e-05,0.5
0,0,1.46474708985694,-4.85293807311017e-05,0.5
0,0,1.46296062203891,-5.16014595737922e-05,0.5
0,0,1.46123305233833,-5.4621290218863e-05,0.5
0,0,1.45956263541628,-5.7588938858142e-05,0.5
0,0,1.4579476845821,-6.0504510863452e-05,0.5
0,0,1.45638656954908,-6.33681481572594e-05,0.5
0,0,1.45487771428477,-6.61800267253511e-05,0.5
0,0,1.45341959495191,-6.89403542642238e-05,0.5
0,0,1.45201073793562,-7.16493679562439e-05,0.5
0,0,1.4506497179531,-7.43073323659935e-05,0.5
0,0,1.44933515624214,-7.69145374515562e-05,0.5
0,0.00177793954772108,1.44806571882479,-7.94712966848173e-05,0.5
0,0.00603931083287073,1.45837920136074,-6.57694022590724e-05,0.5
0,0.00324320017762297,1.46795190528602,-5.11170805238998e-05,0.5
0,0.00929852344756673,1.47104912916574,-4.78696905538234e-05,0.5
0,0,1.48085210365034,-2.85745931512488e-05,0.5
0,0.00196754628338766,1.46943989173141,-4.84310628259734e-05,0.5
0,0.00198417047707936,1.48441329430442,-2.66068423243059e-05,0.5
0,0.00189275311002614,1.48591026198081,-2.39102491606958e-05,0.5
0,0.00355056201439435,1.49021822736883,-1.78187181402328e-05,0.5
0,0.00531715679634804,1.49775546119748,-6.78366200765265e-06,0.5
0,0.00656560055489046,1.5047298108772,3.69935195072445e-06,0.5
0.0022340319308411,0.00794204071214254,1.51297798869514,1.61251487111585e-05,0.5
0.0188669462189906,0.00399656459980583,1.52037054401588,2.85204923726836e-05,0.5
0.0269746557222831,0.00649821412255917,1.52337800224445,3.31854898546851e-05,0.5
0.0475357396169969,0.00639231557959818,1.53209081676516,4.68568770180531e-05,0.5
0.0608719130691144,0.00573218985303007,1.53771000401352,5.62990238303504e-05,0.5
0.0735017182742243,0.00496570223210247,1.54302916088912,6.52822882549297e-05,0.5
0.0845466539289383,0.00371471436741869,1.547706525119,7.34881940540506e-05,0.5
0.091788379454522,0.00175054044417186,1.55079518837606,7.94762283454059e-05,0.5
0.0894271728240595,0,1.54983811405056,7.96221590984298e-05,0.5
0.0747901111118001,0,1.54367166019184,7.20680939107603e-05,0.5
0.0722420702869134,0,1.54253658659501,7.15067591628216e-05,0.5
0.0649572355511076,0,1.53943581354384,6.82206304002096e-05,0.5
0.0582484629432249,0,1.53652583254835,6.49754305950306e-05,0.5
0.0517364712890256,0,1.53368152769958,6.17486880740051e-05,0.5
0.0454926101077573,0,1.53092642767024,5.85420814602158e-05,0.5
0.0395014488865633,0,1.52825544015987,5.53593399874289e-05,0.5
0.0337563210061233,0,1.52566636283388,5.22015260728494e-05,0.5
0.028249377092054,0,1.52315660326943,4.90701367839928e-05,0.5
0.0229732183711621,0,1.52072371792965,4.59664710745398e-05,0.5
0.0179206769764677,0,1.51836533957676,4.28917446775392e-05,0.5
0.0130848394129493,0,1.51607918502495,3.9847076213986e-05,0.5
0.00845903210477493,0,1.51386305036025,3.68334950513614e-05,0.5
0.0040368128225224,0,1.51171480810502,3.38519455097375e-05,0.5
0,0,1.50963240422786,3.09032913949586e-05,0.5
0,0,1.50761385531871,2.79883202335619e-05,0.5
0,0,1.5056572458752,2.51077473169413e-05,0.5
0,0,1.50376072570268,2.22622195491448e-05,0.5
0,0,1.50192250742168,1.94523191098142e-05,0.5
0,0,1.50014086407834,1.66785669406519e-05,0.5
0,0,1.49841412685336,1.39414260637972e-05,0.5
0,0,1.49674068286509,1.12413047400361e-05,0.5
0,0,1.49511897306266,8.57855947440098e-06,0.5
0,0,1.49354749020534,5.95349787635734e-06,0.5
0,0,1.4920247769242,3.36638138143242e-06,0.5
0,0,1.49054942386282,8.17427840816793e-07,0.5
0,0,1.48912006789328,-1.69318601483977e-06,0.5
0,0,1.48773539040444,-4.16532223151078e-06,0.5
0,0,1.48639411565938,-6.5988794021068e-06,0.5
0,0,1.48509500921886,-8.99379054564003e-06,0.5
0,0,1.48383687642819,-1.13500210901131e-05,0.5
0,0,1.48261856096467,-1.34108285553387e-05,0.5
0,0,1.48126430935099,-1.60978605645436e-05,0.5
0,0,1.48008818706573,-1.71102725292106e-05,0.5
0,0,1.47807154375259,-2.13536251878427e-05,0.5
0,0,1.47676632251961,-2.3538148605477e-05,0.5
0,0,1.47525126625474,-2.63179860319857e-05,0.5
0,0,1.47381787161689,-2.89905594209419e-05,0.5
0,0,1.47242409926639,-3.16274489774934e-05,0.5
0,0,1.47107591360435,-3.42180786043883e-05,0.5
0,0,1.46977143566721,-3.65856453814153e-05,0.5
0,0,1.46837565152098,-3.9377747064023e-05,0.5
0,0,1.46712854421822,-4.07010853190613e-05,0.5
0,0,1.46503424689207,-4.50464949412022e-05,0.5
0,0,1.46366835942408,-4.74268280756552e-05,0.5
0,0,1.46209224743131,-5.03670467951556e-05,0.5
0,0,1.46060070389991,-5.31969043418258e-05,0.5
0,0,1.45915204634253,-5.59847130578966e-05,0.5
0,0,1.45775209793297,-5.85053201549237e-05,0.5
0,0,1.45622029696649,-6.15576423564491e-05,0.5
0,0,1.4548767958728,-6.33762372319429e-05,0.5
0,0,1.45285578620226,-6.74453699319073e-05,0.5
0,0,1.45142417959218,-6.98450686573609e-05,0.5
0,0,1.44967598318469,-7.31773561709231e-05,0.5
0,0,1.44813861266436,-7.60649024556473e-05,0.5
0,0,1.44659951737226,-7.88750892257637e-05,0.5
0,0,1.4450050665018,-8.19884882326246e-05,0.5
0,0,1.44355190618398,-8.39304642349305e-05,0.5
0,0,1.44145583539341,-8.81686744270737e-05,0.5
0,0,1.43994722680474,-9.06117484285899e-05,0.5
0,0,1.4381099305309,-9.41350198007534e-05,0.5
0,0,1.43650333991432,-9.71214548684653e-05,0.5
0,0,1.43489138686664,-0.000100192991017622,0.5
0,0,1.43334395022249,-0.000102958575725037,0.5
0,0,1.43169484103632,-0.000106238519038271,0.5
0,0,1.43022472178664,-0.00010855534935546,0.5
0,0,1.4283988492699,-0.000112261211173815,0.5
0,0,1.42692617622587,-0.000114578483056335,0.5
0,0,1.42508207657052,-0.000118257404579325,0.5
0,0,1.42356286004029,-0.000120837342429417,0.5
0,0,1.42181485327531,-0.000124271435008649,0.5
0,0,1.42028713050612,-0.00012690153523201,0.5
0,0.00458115975876072,1.41856511288203,-0.000130309431489461,0.5
0,0.00228298402615616,1.42403952459264,-0.000123101375983088,0.5
0,0.00877234640296028,1.42201970162802,-0.000126645737305638,0.5
0,0.0116606685016554,1.42626059405524,-0.000121463557922485,0.5
0,0.0149465205543538,1.43117590892569,-0.000115060482102848,0.5
0,0.0187097889261791,1.44087376074312,-0.000101926242006538,0.5
0,0.0216112418845814,1.44865348974905,-9.10755668160871e-05,0.5
0,0.0227252333435842,1.4572404033035,-7.85837575545467e-05,0.5
0,0.000257720078329027,1.46395270591627,-6.3019681699324e-05,0.5
0,0.0169088537340316,1.45526191080045,-7.93652818961096e-05,0.5
0,0.00427072327512732,1.47561878476935,-4.65440260654922e-05,0.5
0,0.0112270838749679,1.47132528617071,-5.37448324376078e-05,0.5
0,0.0122174658193691,1.48494553544744,-3.38301324345976e-05,0.5
0,0.012654758177723,1.491583787445,-2.34106639054448e-05,0.5
0,0.012278909580088,1.49933897466779,-1.1335222194465e-05,0.5
0,0.0133920836754882,1.50723274677519,8.05126957454481e-07,0.5
0,0.00975152992435309,1.51472172907868,1.34545902202294e-05,0.5
0,0.0116583792487592,1.52033989285178,2.22468508529595e-05,0.5
0.0141004259632805,0.0109073387025535,1.52906255676812,3.62849159981125e-05,0.5
0.0226281397045053,0.00900389306551674,1.53286483690217,4.33821266750341e-05,0.5
0.0332221774802568,0.00745218497662911,1.53752907721284,5.16028494692784e-05,0.5
0.0456874191456457,0.00585440569080228,1.5430160247561,6.11702582241267e-05,0.5
0.0475904617895434,0.00253590001034815,1.54406409814652,6.44455192868075e-05,0.5
0.0449176037234158,0,1.5431558574008,6.47374381706639e-05,0.5
0.0267703001282692,0,1.53569807623702,5.54892403734558e-05,0.5
0.0222022465228329,0,1.53387901970201,5.40210803179066e-05,0.5
0.0125837151318928,0,1.52996281133709,4.96383728868989e-05,0.5
0.00366676737029026,0,1.52627910098009,4.53306714218995e-05,0.5
0,0,1.522685558258,4.10587657398582e-05,0.5
0,0,1.51920798201652,3.68271370454034e-05,0.5
0,0,1.51583997725018,3.26394582236979e-05,0.5
0,0,1.5125785182147,2.84966834756304e-05,0.5
0,0,1.50942014608211,2.44002149418685e-05,0.5
0,0,1.50636159675116,2.03512253492282e-05,0.5
0,0,1.50339971305386,1.63507900557146e-05,0.5
0,0,1.50053145342088,1.23998713821068e-05,0.5
0,0,1.49775388530521,8.49932858920737e-06,0.5
0,0,1.49506418107861,4.64992332199146e-06,0.5
0,0,1.49245961375976,8.52325433389211e-07,0.5
0,0,1.48993755298339,-2.89288160264601e-06,0.5
0,0,1.48749546113739,-6.58519554574354e-06,0.5
0,0,1.48513088966999,-1.02241905172386e-05,0.5
0,0,1.48284147555742,-1.38095123846701e-05,0.5
0,0,1.4806249379249,-1.73408743899708e-05,0.5
0,0,1.47847907481383,-2.08180530087525e-05,0.5
0,0,1.47640176008838,-2.42408840288351e-05,0.5
0,0,1.47439094047515,-2.76092588367577e-05,0.5
0,0,1.47244463272962,-3.0923120901601e-05,0.5
0,0,1.47056092092374,-3.41824624459916e-05,0.5
0,0,1.46873795384903,-3.7387321294687e-05,0.5
0,0,1.46697394252992,-4.0537777891628e-05,0.5
0,0,1.46526715784233,-4.36339524768167e-05,0.5
0,0,1.4636159282327,-4.66760024148206e-05,0.5
0,0,1.462018637533,-4.96641196671226e-05,0.5
0,0,1.46047372286721,-5.25985284009386e-05,0.5
0,0,1.45897967264535,-5.5479482727496e-05,0.5
0,0,1.45753502464098,-5.83072645631329e-05,0.5
0,0,1.45613836414851,-6.10821816069087e-05,0.5
0,0,1.45478832221674,-6.38045654287459e-05,0.5
0,0,1.45348357395517,-6.64747696624226e-05,0.5
0,0,1.45222283691,-6.90931682980304e-05,0.5
0,0,1.45100486950651,-7.16601540687801e-05,0.5
0,0,1.44982846955509,-7.41761369273061e-05,0.5
0,0,1.44869247281802,-7.66415426068588e-05,0.5
0,0,1.44759575163429,-7.90568112630171e-05,0.5
0,0,1.44653721360005,-8.12271905479923e-05,0.5
0,0,1.44544458522766,-8.37739774982994e-05,0.5
0,0,1.44444922157297,-8.54980516956858e-05,0.5
0,0.000289502550117923,1.44327891787388,-8.83633375902514e-05,0.5
0,0,1.44373514462438,-8.8025613380906e-05,0.5
0,0.00235077623780813,1.44150672655267,-9.22592493875469e-05,0.5
0,0.00140367432345888,1.44493243473105,-8.80331929590085e-05,0.5
0,0.00603245296560237,1.4439414902218,-9.01985377684855e-05,0.5
0,0.00897717923976584,1.44811565822201,-8.51106620479431e-05,0.5
0,0.0120472133654893,1.45292096282822,-7.88756793992034e-05,0.5
0,0.0149745821278974,1.45762083232936,-7.26935897406085e-05,0.5
0,0.0182711180716841,1.46582645982433,-6.14705358983597e-05,0.5
0,0.0194348375637977,1.47531122870546,-4.76856865439045e-05,0.5
0,0.0188721632019436,1.48267619749934,-3.64381692126191e-05,0.5
0,0.0203767977631119,1.49096500208151,-2.42570963641602e-05,0.5
0,0.0173798750393928,1.49883483066164,-1.15200709572133e-05,0.5
0,0.0218487691232314,1.50709377124934,2.69684440167505e-07,0.5
0.00100461449382994,0.0130243819237723,1.51438132285987,1.36036622584298e-05,0.5
0.0221182812990899,0.0199394125346597,1.52261096667725,2.50996552955914e-05,0.5
0.0294883805293982,0,1.52844105030499,4.02217465476722e-05,0.5
0.00694937214329542,0.0043758391794649,1.517012127115,2.13803400570363e-05,0.5
0.0480966443280984,0.00326494033994087,1.53480230396175,4.85969776142717e-05,0.5
0.0494935600812373,0.000245204018531456,1.53544727889266,5.14123929344027e-05,0.5
0.0359474795919955,0,1.52963132641686,4.4128402879268e-05,0.5
0.0308115489476443,0,1.52732686591642,4.17603259509991e-05,0.5
0.0266753753771622,0,1.52546397943277,4.00860277112648e-05,0.5
0.0206524675300434,0,1.52277805615525,3.71121738783489e-05,0.5
0.0149510348323775,0,1.52019897000732,3.41675391213213e-05,0.5
0.0094621083830029,0,1.51769076542598,3.12417064976878e-05,0.5
0.00420987485406859,0,1.51526141750124,2.83382211692493e-05,0.5
0,0,1.51290776249335,2.54590212007497e-05,0.5
0,0,1.51062760338526,2.26052436016052e-05,0.5
0,0,1.50841864961689,1.9778101877325e-05,0.5
0,0,1.50627870959689,1.69786889969451e-05,0.5
0,0,1.504205664987,1.42080165211481e-05,0.5
0,0,1.50219747157865,1.14670127826403e-05,0.5
0,0,1.5002521559203,8.75652816394288e-06,0.5
0,0,1.49836781266376,6.07733905236345e-06,0.5
0,0,1.49654260192849,3.43015178195218e-06,0.5
0,0,1.4947747467891,8.15606358994771e-07,0.5
0,0,1.49306253086507,-1.76571998778151e-06,0.5
0,0,1.49140429601063,-4.31330942889195e-06,0.5
0,0,1.48979844009999,-6.82670031879391e-06,0.5
0,0,1.48824341490398,-9.30548413600775e-06,0.5
0,0,1.48673772405389,-1.17493025712938e-05,0.5
0,0,1.48527992108885,-1.41578447568913e-05,0.5
0,0,1.48386860758308,-1.6530844630153e-05,0.5
0,0,1.48250243134959,-1.88680784252283e-05,0.5
0,0,1.4811800847169,-2.11693622867485e-05,0.5
0,0,1.47990030287581,-2.34345499997517e-05,0.5
0,0,1.47866186229302,-2.56635308303633e-05,0.5
0,0,1.47746357918886,-2.78562274720018e-05,0.5
0,0,1.47630430807628,-2.99466927712279e-05,0.5
0,0,1.47515359371807,-3.20389709425421e-05,0.5
0,0,1.47401376767493,-3.4102687233873e-05,0.5
0,0,1.47287235026927,-3.62232408876189e-05,0.5
0,0,1.47175010928006,-3.82080465751058e-05,0.5
0,0,1.47059080007174,-4.05508025637422e-05,0.5
0,0,1.46953443053352,-4.20116540735794e-05,0.5
0,0,1.46822799316394,-4.48425375208025e-05,0.5
0,0,1.46717412349094,-4.6372647546813e-05,0.5
0,0,1.46587947531942,-4.91076721917266e-05,0.5
0,0,1.46479490132038,-5.09561952102692e-05,0.5
0,0,1.46359115835562,-5.34261792096329e-05,0.5
0,0,1.46251041033581,-5.52998396213677e-05,0.5
0,0,1.46132595320684,-5.77859379419027e-05,0.5
0,0,1.4602739462244,-5.94839728840813e-05,0.5
0,0,1.45904935577963,-6.21339154375411e-05,0.5
0,0,1.45801043282593,-6.37871586049457e-05,0.5
0,0,1.4567760364107,-6.64632289595237e-05,0.5
0,0,1.45573252822397,-6.82111185020237e-05,0.5
0,0,1.45452845618557,-7.07998328985636e-05,0.5
0,0,1.45348593393846,-7.25906744195721e-05,0.5
0,0,1.4523018696205,-7.51490086366053e-05,0.5
0,0,1.45127152406691,-7.68901883323822e-05,0.5
0,0.0022106202184197,1.45008199990109,-7.94929575214818e-05,0.5
0,0,1.45600156717742,-7.1475179564108e-05,0.5
0,0.00400304295054286,1.44965887706071,-8.09602474792792e-05,0.5
0,0.00769025300246703,1.45963243113342,-6.78044172672652e-05,0.5
0,0.00955613004757888,1.46267395229592,-6.35777473945103e-05,0.5
0,0.0128286359436792,1.47012897406284,-5.34690974520947e-05,0.5
0,0.0154098735047756,1.47769161298035,-4.27701379635295e-05,0.5
0,0.0178971116492817,1.48593026741502,-3.09668640388185e-05,0.5
0,0.00820122074517562,1.49354026000939,-1.72607515045857e-05,0.5
0,0.0177772581131172,1.50002395922213,-9.3757689561487e-06,0.5
0,0,1.50735820389307,8.77183794124605e-06,0.5
0,0.00344801693837644,1.49641147704065,-1.07530293560326e-05,0.5
0,0.0010841903087735,1.51129954883988,1.20329626101668e-05,0.5
0,0,1.50682251776114,6.87692682445144e-06,0.5
0,0,1.50253316580224,1.07687209575579e-06,0.5
0,0,1.50200342097378,7.60349661335828e-07,0.5
0,0,1.49984953564034,-1.82701420187549e-06,0.5
0,0,1.49783838000899,-4.36925658358721e-06,0.5
0,0,1.49587244819955,-6.88807877670907e-06,0.5
0,0,1.49397102624139,-9.38193460434012e-06,0.5
0,0,1.49213032847416,-1.18483372186225e-05,0.5
0,0,1.49034883148785,-1.42868300843392e-05,0.5
0,0,1.48862469153697,-1.66966003009057e-05,0.5
0,0,1.48695617362402,-1.90769743314092e-05,0.5
0,0,1.48534159483599,-2.14273289826173e-05,0.5
0,0,1.48377933082114,-2.37471029927075e-05,0.5
0,0,1.48226781236376,-2.60357915090197e-05,0.5
0,0,1.48080552346901,-2.82929433952107e-05,0.5
0,0,1.47939099931237,-3.05181582543007e-05,0.5
0,0,1.47802282430525,-3.27110836589754e-05,0.5
0,0,1.47669963023539,-3.4871412506327e-05,0.5
0,0.00109958671698348,1.47542009448406,-3.69988805025727e-05,0.5
0,0.00355865146821688,1.47987497845014,-3.10573835876735e-05,0.5
0,0.00556921300754413,1.48473331321262,-2.42647782192253e-05,0.5
0,0.00798140171246104,1.49182567747316,-1.42351578489659e-05,0.5
0,0.0101824798836472,1.49971735198216,-2.80682332147015e-06,0.5
0.00880377341557159,0.0117816970650953,1.50648113900006,7.24131435510391e-06,0.5
0.0275922197598966,0.00649268646776472,1.51487034228403,2.11490145233715e-05,0.5
0.0400099979415711,0.011727193722142,1.51940078661935,2.74141975427803e-05,0.5
0.0584706252899412,0,1.5286269271455,4.45509780231463e-05,0.5
0.0332728862657147,0.00189781391610135,1.51675155907229,2.66445629316322e-05,0.5
0.0614080560675983,0.00213865049574479,1.52864564736755,4.45415840543525e-05,0.5
0.0613608335337498,0,1.52851123494502,4.57179466524583e-05,0.5
0.0464641011454111,0,1.52196007547716,3.70538269089845e-05,0.5
0.0471883828082605,0,1.52196919973,3.75890282872752e-05,0.5
0.0425824065774241,0,1.5197746831766,3.51852929269697e-05,0.5
0.0385266797356177,0,1.51776234624472,3.28170651685751e-05,0.5
0.0345787179493611,0,1.5157862409622,3.04661679530952e-05,0.5
0.0308210051758134,0,1.51387356616475,2.8131098081588e-05,0.5
0.02723968553634,0,1.51201975075146,2.58155515587242e-05,0.5
0.0238307413273478,0,1.51022346733553,2.35200202161512e-05,0.5
0.0205887231893852,0,1.50848291630297,2.12455625032387e-05,0.5
0.0175085625819728,0,1.50679642383553,1.89930589083534e-05,0.5
0.0145853324820418,0,1.50516236286049,1.67633404804801e-05,0.5
0.0118142775193747,0,1.50357916300756,1.45571709935433e-05,0.5
0.00919080253878243,0,1.5020453068272,1.2375253426149e-05,0.5
0.00671046735174947,0,1.50055932805519,1.02182325474483e-05,0.5
0,0,1.49911980965543,9.07775890847247e-06,0.5
0,0,1.49712130562336,5.46295236223084e-06,0.5
0,0,1.49565667494185,3.46644947032319e-06,0.5
0,0,1.49405230590392,9.96323993494973e-07,0.5
0,0,1.49252366134911,-1.39314422488057e-06,0.5
0,0,1.49103824509629,-3.75822411167444e-06,0.5
0,0,1.48960016672411,-5.38715855056065e-06,0.5
0,0,1.4877812855034,-8.74572384117191e-06,0.5
0,0,1.48635314314525,-1.08625449787585e-05,0.5
0,0,1.48479362985617,-1.35056021290908e-05,0.5
0,0,1.48333760033058,-1.594561211144e-05,0.5
0,0,1.48191016727657,-1.75971861394275e-05,0.5
0,0,1.4801735714768,-2.10503952482422e-05,0.5
0,0,1.4787796537034,-2.33019923922042e-05,0.5
0,0,1.47731172957617,-2.58841224424905e-05,0.5
0,0,1.47591019333639,-2.83848805761633e-05,0.5
0,0,1.47455034287248,-2.9958964301555e-05,0.5
0,0,1.47283649741691,-3.35453984815904e-05,0.5
0,0,1.47149928012712,-3.57938058889049e-05,0.5
0,0,1.47007256044712,-3.84126137597102e-05,0.5
0,0,1.46871397869599,-4.09418209460432e-05,0.5
0,0,1.46739584899855,-4.30439722917008e-05,0.5
0,0,1.46594768511116,-4.59967431765397e-05,0.5
0,0,1.46468740254393,-4.72333597323594e-05,0.5
0,0,1.46291731565304,-5.11417420865701e-05,0.5
0,0,1.46161371756599,-5.33830237141491e-05,0.5
0,0,1.46018568915066,-5.60932437952424e-05,0.5
0,0,1.45883252457305,-5.86977335291791e-05,0.5
0,0,1.45751942210166,-6.12639070313843e-05,0.5
0,0,1.45625096888975,-6.3781677606238e-05,0.5
0,0,1.45502543252155,-6.59338233481246e-05,0.5
0,0,1.45370070297325,-6.87616257679264e-05,0.5
0,0,1.45253496198232,-7.02181910379427e-05,0.5
0,0,1.45097671495572,-7.37456525834893e-05,0.5
0,0,1.44979084106777,-7.59640611196383e-05,0.5
0,0,1.44851425251665,-7.85354040593244e-05,0.5
0,0,1.44730327811399,-8.10119869745385e-05,0.5
0,0,1.44613022225936,-8.32326653626152e-05,0.5
0,0,1.44490366858263,-8.58891868305996e-05,0.5
0,0,1.44379679465867,-8.70795099185356e-05,0.5
0,0,1.44220450983058,-9.08323971181323e-05,0.5
0,0,1.4410720666278,-9.29391022021709e-05,0.5
0,0,1.43981148657798,-9.55073167761013e-05,0.5
0,0,1.43862336901115,-9.79661350234723e-05,0.5
0,0.00119799858474187,1.43747219945117,-0.000100384576224218,0.5
0,0.000968489334828176,1.43925620381332,-9.84582105455657e-05,0.5
0,0.00623481240853856,1.43853136879256,-0.000100309330493613,0.5
0,0.0052969645674984,1.44284576434363,-9.47294873380738e-05,0.5
0,0.0104929953756313,1.443431551871,-9.45560874877867e-05,0.5
0,0.0134204434824982,1.45011445101845,-8.5767485458095e-05,0.5
0,0.0160577439981025,1.45456595364424,-7.97512528465218e-05,0.5
0,0.0193784221346001,1.462907428293,-6.83099661400414e-05,0.5
0,0.0219319490582308,1.47027074880813,-5.7860965008819e-05,0.5
0,0.017091650583951,1.47894438811188,-4.37426204073682e-05,0.5
0,0.016053521066346,1.48660161039927,-3.18973391682704e-05,0.5
0,0.0159881050836735,1.49469706464889,-1.95029023350709e-05,0.5
0,0.00447253972472605,1.50194704481942,-5.75869383515788e-06,0.5
0,0.0139657670497599,1.50630906370613,-7.44744881576103e-07,0.5
0,0,1.51521548730241,1.91348009891133e-05,0.5
0,0,1.50283211231935,-1.47342382573163e-06,0.5
0,0,1.50469726183093,2.8357679043101e-06,0.5
0,0,1.50200988795655,-2.34671037156671e-07,0.5
0,0,1.49963988752022,-3.1299003110481e-06,0.5
0,0,1.49729494122712,-6.01773375448733e-06,0.5
0,0,1.49502966228739,-8.87897741390991e-06,0.5
0,0,1.49283650581324,-1.17095024918543e-05,0.5
0,0,1.49071410299324,-1.45090679081944e-05,0.5
0,0,1.48866015318866,-1.72766027602797e-05,0.5
0,0,1.48667255781342,-2.00112941233298e-05,0.5
0,0,1.48474927224456,-2.27123745078032e-05,0.5
0,0,1.48288832590653,-2.53791546569127e-05,0.5
0,0,1.48108781622962,-2.80110136166861e-05,0.5
0,0,1.4793459064971,-3.06073958893133e-05,0.5
0,0,1.47766082321553,-3.31678076525356e-05,0.5
0,0,1.47603085368078,-3.56918133338532e-05,0.5
0,0,1.47445434363332,-3.8179032328795e-05,0.5
0,0,1.47292969501371,-4.06291358867871e-05,0.5
0,0,1.47145536381171,-4.30418441517513e-05,0.5
0,0,1.47002985800514,-4.54169233506429e-05,0.5
0,0,1.46865173558448,-4.77541831226213e-05,0.5
0,0,1.4673196026594,-5.00534739820346e-05,0.5
0,0,1.46603211164358,-5.23146849087124e-05,0.5
0,0.00086367220521237,1.46478795951443,-5.45377410593808e-05,0.5
0,0.00340396112952755,1.46921991630934,-4.87708973385095e-05,0.5
0,0.00613228762479793,1.47509436954382,-4.0723203904219e-05,0.5
0,0.00901715396218173,1.48379861044079,-2.85285228096772e-05,0.5
0,0.00745125078292014,1.49187270039496,-1.60596818897197e-05,0.5
0,0.00819663751861601,1.49952884418458,-4.63689333647614e-06,0.5
0,0,1.5069055985989,8.82994735486819e-06,0.5
0,0.00304722223241727,1.49593237438312,-8.0081827068044e-06,0.5
0.0145219622778761,0.00515030215930208,1.51286478507738,1.662642133803e-05,0.5
0.0298568475692548,0.00214796036161283,1.51954692038692,2.80368051987965e-05,0.5
0.0299528847022437,0.00311635820052388,1.51915370218333,2.78448221197428e-05,0.5
0.0526173797058579,0.00417111009075192,1.52860864573768,4.22103286985419e-05,0.5
0.0705037483324922,0.0044075554555245,1.53606946842584,5.41913981025648e-05,0.5
0.0838935628457456,0.00402813714586891,1.54162753823437,6.34550365804154e-05,0.5
0.0980983354204691,0.00355496248416608,1.54755179519585,7.33456712070721e-05,0.5
0.110326797408653,0.00251871399907093,1.55267210769717,8.22488416765359e-05,0.5
0.117615690378249,0.000591148732984904,1.55572592486049,8.82491650041292e-05,0.5
0.111855671260136,0,1.55328300708355,8.62973719173364e-05,0.5
0.101214507233714,0,1.54873508090978,8.10609345977677e-05,0.5
0.098241562097238,0,1.54738600937759,8.03040096589723e-05,0.5
0.0917380291187508,0,1.54455996769711,7.74387252466696e-05,0.5
0.0856899060019767,0,1.54188482116872,7.45979872691322e-05,0.5
0.0798329502986138,0,1.53927341442147,7.1768176118087e-05,0.5
0.074218111374897,0,1.53674254586614,6.89510180576554e-05,0.5
0.0688329513609556,0,1.5342881110716,6.61497034992363e-05,0.5
0.0636712177615756,0,1.53190804495794,6.33654815663617e-05,0.5
0.0587258637874618,0,1.52960002056949,6.05998893186079e-05,0.5
0.053990209114824,0,1.5273618320208,5.78542984142839e-05,0.5
0.0494577854269569,0,1.52519134347167,5.51299968252782e-05,0.5
0.0451223509067833,0,1.52308649391377,5.24281802171995e-05,0.5
0.0409778784427241,0,1.52104529327044,4.97499584775435e-05,0.5
0.0370185479268754,0,1.51906581984969,4.70963596896283e-05,0.5
0.0332387383058038,0,1.51714621771546,4.44683342841276e-05,0.5
0.0296330200383283,0,1.51528469419353,4.18667589440092e-05,0.5
0.0261961478480006,0,1.51347951747496,3.92924403370128e-05,0.5
0.0229230537722233,0,1.51172901431775,3.67461186737798e-05,0.5
0.0198088404931404,0,1.51003156784164,3.42284711010697e-05,0.5
0.0168487749385988,0,1.50838561541237,3.17401149373646e-05,0.5
0.01403828214162,0,1.50678964661144,2.9281610758087e-05,0.5
0.0113729393473905,0,1.50524220128778,2.68534653372852e-05,0.5
0.00884847035725639,0,1.50374186768783,2.4456134452332e-05,0.5
0.00646074009967476,0,1.50228728066072,2.20900255578793e-05,0.5
0.00420574941851831,0,1.50087711993537,1.9755500335028e-05,0.5
0.00207963006955078,0,1.49951010846646,1.74528771213965e-05,0.5
7.86399162966909e-05,0,1.49818501084639,1.51824332275137e-05,0.5
0,0,1.49690063178038,1.42879739173733e-05,0.5
0,0,1.49515976728548,1.04233993333347e-05,0.5
0,0,1.49387880857677,8.47465992966228e-06,0.5
0,0,1.49246509036937,5.96397601585988e-06,0.5
0,0,1.49112478525418,3.55593314171069e-06,0.5
0,0,1.48982036498262,1.17388555847225e-06,0.5
0,0,1.48855698484643,-1.17038820795553e-06,0.5
0,0,1.48733300719204,-3.47728949498877e-06,0.5
0,0,1.48614740074967,-5.32916006221854e-06,0.5
0,0,1.48481308913627,-8.11094451123649e-06,0.5
0,0,1.48366987602205,-9.30340148839735e-06,0.5
0,0,1.48208114268665,-1.28331459258642e-05,0.5
0,0,1.48088978286918,-1.49279882081529e-05,0.5
0,0,1.47959511998563,-1.74225172749198e-05,0.5
0,0,1.47836386909663,-1.98286461890809e-05,0.5
0,0,1.47716763901624,-2.22010401680915e-05,0.5
0,0,1.47601011798605,-2.45315549085011e-05,0.5
0,0,1.4748898585546,-2.62179795078653e-05,0.5
0,0,1.47349129199191,-2.93047969997908e-05,0.5
0,0,1.47238675909174,-3.11098448159648e-05,0.5
0,0,1.47104648628379,-3.39460654994322e-05,0.5
0,0,1.46990019916345,-3.62132613591901e-05,0.5
0,0,1.46873378411987,-3.85292668932773e-05,0.5
0,0,1.46757743886621,-4.08025604010532e-05,0.5
0,0,1.46640864485534,-4.32200361215001e-05,0.5
0,0,1.46529468737601,-4.49080707988453e-05,0.5
0,0,1.46388324567569,-4.80651964931346e-05,0.5
0,0,1.46277916115316,-4.97190007653312e-05,0.5
0,0,1.46134008752912,-5.2839838248377e-05,0.5
0,0,1.46017453288798,-5.5120636673076e-05,0.5
0,0,1.45895989969234,-5.76032318197411e-05,0.5
0,0,1.45779919156477,-6.00129191201818e-05,0.5
0,0,1.45667527285029,-6.23802614344399e-05,0.5
0,0,1.45558987198823,-6.47010078765993e-05,0.5
0,0,1.45454169128874,-6.69756670922428e-05,0.5
0,0,1.45352973196689,-6.92045872434209e-05,0.5
0,0,1.45255298756467,-7.13881406797474e-05,0.5
0,0,1.45161048700079,-7.35267148568788e-05,0.5
0,0,1.45070128848415,-7.56207083018754e-05,0.5
0,0,1.44982447919135,-7.7670530274824e-05,0.5
0,0,1.44897917415082,-7.96765996471422e-05,0.5
0,0,1.44816451527972,-8.16393439960553e-05,0.5
0,0,1.44737967044225,-8.35591987234021e-05,0.5
0,0,1.44662383254708,-8.54366062284114e-05,0.5
0,4.65027905557298e-05,1.44589621867966,-8.72720151267303e-05,0.5
0,0.00333101365084577,1.44619869422374,-8.7670509766195e-05,0.5
0,0.00751112016896319,1.45326977116506,-7.8600640806322e-05,0.5
0,0.0108850892708359,1.45938034076116,-7.04811570416055e-05,0.5
0,0.0147775814942988,1.46896121181007,-5.74545245769887e-05,0.5
0,0.00288561355004502,1.47616539639825,-4.39811095692376e-05,0.5
0,0.0145060418502148,1.47640525793623,-4.6006041323596e-05,0.5
0,0.00131588980973666,1.48999966567743,-2.30694558987771e-05,0.5
0,0.010257860775634,1.4855498223498,-3.09366582528581e-05,0.5
0.00536906150753611,0.00280330414876903,1.50128953117249,-6.17652948069635e-06,0.5
0.00575540738449848,0.00828930989409161,1.50055411965162,-7.5788726171717e-06,0.5
0.0304529531316374,0,1.51240435441261,1.30302639400491e-05,0.5
0.00437840839065865,0.000477477942047838,1.50005407967141,-5.57793324134028e-06,0.5
0.0241621209273614,0.00034334460160674,1.50834500970028,6.88833554493073e-06,0.5
0.0214586061076073,0,1.5069705553529,5.93811330869129e-06,0.5
0.0129574880559366,0,1.50300637741127,7.7317986624492e-07,0.5
0.0122234700010674,0,1.50232434599339,1.94864828839164e-07,0.5
0.00879600179392419,0,1.50051644793908,-1.90375164766338e-06,0.5
0.00571848200923559,0,1.49882471780109,-3.97375947034393e-06,0.5
0.0027626142685984,0,1.49717384273134,-6.0246796919314e-06,0.5
0,0,1.49557732396568,-8.05685143883776e-06,0.5
0,0,1.49403214485191,-1.00681065750759e-05,0.5
0,0,1.49253698651658,-1.20579416202145e-05,0.5
0,0,1.49109030531347,-1.4025583364288e-05,0.5
0,0,1.489690643574,-1.59703725776807e-05,0.5
0,0,1.48833658773448,-1.78916962790942e-05,0.5
0,0,1.48702677279484,-1.97889959282672e-05,0.5
0,0.000453903462579972,1.48575987962975,-2.16617630028738e-05,0.5
0,0.0025041878588184,1.48959606510934,-1.63777581469531e-05,0.5
0.012062583473574,0.00480900140765913,1.49658264463246,-6.40714537121272e-06,0.5
0.0313889681845937,0.00702221018228943,1.50441110606689,4.98100419375341e-06,0.5
0.0477775400722285,0,1.51202870567223,1.82886520265366e-05,0.5
0.0243085202343614,0.00235533501682242,1.50102574327781,1.89599761371589e-06,0.5
0.0613073119882251,0.0052042875036563,1.51649785787106,2.41548837787945e-05,0.5
0.0803108634517244,0.00572817099013747,1.52437025026456,3.65899354817071e-05,0.5
0.0952792683187526,0.00345216770249876,1.5307595571815,4.71399196863914e-05,0.5
0.106872601974619,0.00563418639106592,1.53521992377646,5.41400179617828e-05,0.5
0.12997855356304,0.00346612121338452,1.54515654195538,7.011584511809e-05,0.5
0.138861780169858,0.00423634323083782,1.54858476100192,7.61985032110036e-05,0.5
0.161922352614992,0.00462783025766232,1.558241845083,9.15092440803226e-05,0.5
0.177318096009725,0.00200564499599696,1.5648673862665,0.000103182766755694,0.5
0.180211630340309,0.000523000645307727,1.56591273764528,0.000106262349007109,0.5
0.176450363233211,0,1.56431371298783,0.000105678558828936,0.5
0.166557810960091,0,1.56007280789066,0.000101103867003265,0.5
0.163840122914396,0,1.558811496403,0.000100638219724085,0.5
0.157760177280042,0,1.55614715783727,9.8177642785793e-05,0.5
0.152104006996041,0,1.55362317438603,9.57273417857536e-05,0.5
0.146625048677148,0,1.55115823600116,9.32792267600083e-05,0.5
0.141371140147781,0,1.54876811282404,9.0834271778872e-05,0.5
0.136330761473268,0,1.54644900393312,8.83957831675951e-05,0.5
0.131498127228598,0,1.54419899889781,8.59651651950904e-05,0.5
0.12686671417675,0,1.54201594406186,8.35440961335474e-05,0.5
0.12243033547704,0,1.53989779689101,8.11340940326819e-05,0.5
0.118182999261499,0,1.5378425792606,7.87365930657588e-05,0.5
0.114118921898158,0,1.53584838183557,7.63529356777953e-05,0.5
0.0818732218190264,0,1.53391336054233,7.51430175978504e-05,0.5
0.0955597998461497,0,1.53122633424015,7.08151059070575e-05,0.5
0.0853803743290617,0,1.52924445974187,6.85175758150895e-05,0.5
0.0808591429046141,0,1.5270801833397,6.56075925120043e-05,0.5
0.0766156459508227,0,1.52501108437759,6.27819732105467e-05,0.5
0.0725409083294103,0,1.52299785071661,5.99748668520409e-05,0.5
0.0686482182294985,0,1.52104531455196,5.71970725328234e-05,0.5
0.0516319676006516,0,1.51915114503447,5.49924240774515e-05,0.5
0.0560041324417001,0,1.51685135243487,5.12488374107416e-05,0.5
0.0388065822223268,0,1.51497358162901,4.89872458860609e-05,0.5
0.0412767431882194,0,1.51264894643334,4.51864907581547e-05,0.5
0.0350892565818558,0,1.51069247249711,4.22616192953518e-05,0.5
0.0310792554351425,0,1.50868476255297,3.91151835076517e-05,0.5
0.0221676820016734,0,1.50675071481749,3.62416628937864e-05,0.5
0.0215486988567537,0,1.50467959368478,3.27871011832293e-05,0.5
0,0,1.50281862635137,3.22169322674586e-05,0.5
0,0,1.49869713573909,2.43345270440059e-05,0.5
0,0,1.49644194575422,2.12407713568144e-05,0.5
0,0,1.4935945690891,1.66885579767782e-05,0.5
0,0,1.49091532234377,1.23463319610849e-05,0.5
0,0,1.48830399879198,8.05038671523594e-06,0.5
0,0,1.48577577358055,3.825640362415e-06,0.5
0,0,1.48332669635065,-3.28924798904751e-07,0.5
0,0,1.48095463490139,-4.41344957171234e-06,0.5
0,0,1.47865727073659,-8.42816248814133e-06,0.5
0,0,1.47643239343398,-1.23733550632915e-05,0.5
0,0,1.47427786277832,-1.62493562779587e-05,0.5
0,0,1.47219161115996,-2.00565347139121e-05,0.5
0,0,1.47017164008208,-2.37952946087232e-05,0.5
0,0,1.46821601762305,-2.69168118042902e-05,0.5
0,0,1.46578197592473,-3.15897603302442e-05,0.5
0,0,1.4638387303843,-3.46308878079364e-05,0.5
0,0,1.46130252820672,-3.94282581424906e-05,0.5
0,0,1.45924780608025,-4.31502705353226e-05,0.5
0,0,1.45711096491703,-4.71153671198691e-05,0.5
0,0,1.45506121650361,-5.06885036110398e-05,0.5
0,0,1.45279324344818,-5.50272274868923e-05,0.5
0,0,1.45081533027746,-5.7426604864729e-05,0.5
0,0,1.44762773816581,-6.36337722295218e-05,0.5
0,0,1.44547504978173,-6.73249496981195e-05,0.5
0,0,1.44303626509579,-7.17208158612445e-05,0.5
0,0,1.44072413210225,-7.59515558677092e-05,0.5
0,0,1.43848033697666,-8.0110855320835e-05,0.5
0,0,1.43631273804485,-8.41852605086015e-05,0.5
0,0,1.43421820293044,-8.78210504122435e-05,0.5
0,0,1.43193004816991,-9.22964282312227e-05,0.5
0,0,1.42992647416816,-9.4852555432443e-05,0.5
0,0,1.42698473818349,-0.00010073158098485,0.5
0,0,1.42487982669562,-0.000104421639974071,0.5
0,0,1.42255695738913,-0.000108709147285979,0.5
0,0,1.42035513769384,-0.000112831695296907,0.5
0,0,1.41822160347191,-0.000116879755950217,0.5
0,0,1.41616315058645,-0.000120840352222355,0.5
0,0,1.41417676111456,-0.000124137876663489,0.5
0,0,1.41187626048822,-0.000128778303830021,0.5
0,0,1.40996079254994,-0.000131667269364556,0.5
0,0,1.40749438431151,-0.000136612222008833,0.5
0,0,1.40552707390849,-0.000140248886931129,0.5
0,0,1.40346736490268,-0.000144195222841477,0.5
0,0,1.40150587629795,-0.000148008812420804,0.5
0,0,1.39961053528481,-0.000151156357146191,0.5
0,0,1.39743831718262,-0.000155614666360868,0.5
0,0,1.39562264014022,-0.00015833378166387,0.5
0,0,1.3933132192707,-0.000163057069699091,0.5
0,0,1.39146459192029,-0.000166506504556889,0.5
0,0,1.38953277289386,-0.000170258110656184,0.5
0,0,1.38769670230681,-0.000173877598019778,0.5
0,0,1.38592458937517,-0.000177025087976222,0.5
0,0,1.3839872379977,-0.00018101968826136,0.5
0,0,1.38230942340039,-0.000183499704016041,0.5
0,0,1.38012879561966,-0.000188049336431631,0.5
0,0,1.37843665871248,-0.000191131022914271,0.5
0,0,1.37658134649718,-0.000194799155480744,0.5
0,0,1.37487407925826,-0.000198122678583106,0.5
0,0.00163461807926279,1.37317721507005,-0.000201345709606761,0.5
0,0.00916130423844642,1.37468261985791,-0.000200435977206896,0.5
0,0.00972174359151866,1.37835177504389,-0.000195984505249445,0.5
0,0.0176297368140494,1.37960586690656,-0.000195208638784921,0.5
0,0.0219947286481483,1.38726759699206,-0.000185429898521623,0.5
0,0.0263284877793525,1.39245639282909,-0.000178731342764387,0.5
0,0.0160205130533171,1.40399204953149,-0.00015907661977092,0.5
0,0.0299991377151216,1.41054302595536,-0.000153181247664263,0.5
0,0,1.41756946336808,-0.000129696871272224,0.5
0,0.0176639628408504,1.40589890962212,-0.000155710298458635,0.5
0,0,1.42910444052469,-0.000116020742199172,0.5
0,0.00670175360121971,1.4109256219797,-0.000144617603906806,0.5
0,0.00949049416877895,1.43223209355174,-0.000114733323657684,0.5
0,0.0104009924949521,1.43606249394409,-0.00010869892707931,0.5
0,0.0100814771971214,1.44535854653322,-9.48777368372259e-05,0.5
0,0.0120356146292064,1.45334503864946,-8.32506185394568e-05,0.5
0,0.00458738762061804,1.46113673872407,-6.95558768119485e-05,0.5
0,0.0112705810391932,1.46293495400249,-6.80265526824862e-05,0.5
0,0.00398078635103686,1.47541014284407,-4.75331022893377e-05,0.5
0,0.00773937247130308,1.47422120589625,-4.94670620479494e-05,0.5
0,0.00858080196388844,1.487749686452,-2.92894123428142e-05,0.5
0,0,1.4930875856919,-1.80163604136875e-05,0.5
0,0,1.47836721659034,-3.97518497113365e-05,0.5
0,0,1.47982909628795,-3.67613114635181e-05,0.5
0,0,1.47586472352306,-4.16095483170438e-05,0.5
0,0,1.47233019892888,-4.62141239357783e-05,0.5
0,0,1.46884683279844,-5.07801523114435e-05,0.5
0,0,1.46548668000081,-5.528282327881e-05,0.5
0,0,1.46223860038356,-5.97177766012922e-05,0.5
0,0,1.45910019676555,-6.40854464651087e-05,0.5
0,0,1.45606773941264,-6.83851606776388e-05,0.5
0,0,1.45313782183361,-7.26165975849211e-05,0.5
0,0,1.45030713287061,-7.67794788219124e-05,0.5
0,0,1.44757248787146,-8.08736194067387e-05,0.5
0,0,1.44493081815678,-8.4898912288008e-05,0.5
0,0,1.44237916704855,-8.8855324465745e-05,0.5
0,0,1.43991468509048,-9.27428915097507e-05,0.5
0,9.5991346645066e-05,1.43753462564312,-9.65617127002243e-05,0.5
0,0.00225074754589775,1.43728682571803,-9.74165884074762e-05,0.5
0,0.00514961271481747,1.44346948840895,-8.91476030812013e-05,0.5
0,0.00744854389808861,1.44951723917042,-8.07747591792363e-05,0.5
0,0.00983401424545194,1.45677215497817,-7.06131911533712e-05,0.5
0,0.0120952849700448,1.46560550259107,-5.79935932544028e-05,0.5
0,0,1.47263497222304,-4.43740541094478e-05,0.5
0,0.0065243252326038,1.45967681174814,-6.48946633398095e-05,0.5
0,0.00903851376583565,1.48073680308209,-3.45382983811007e-05,0.5
0,0,1.48447313140253,-2.44029659568676e-05,0.5
0,0,1.47108582476109,-4.59526888978299e-05,0.5
0,0,1.4730062654553,-4.24360000821838e-05,0.5
0,0,1.46990915269295,-4.65648613964639e-05,0.5
0,0,1.46718041112651,-5.04622930984653e-05,0.5
0,0,1.46448257359555,-5.43274350257067e-05,0.5
0,0,1.46187962240032,-5.81367311388686e-05,0.5
0,0,1.45936246124595,-6.18866329462987e-05,0.5
0,0,1.45692946978544,-6.55776876422138e-05,0.5
0,0,1.45457788014117,-6.92094816870752e-05,0.5
0,0.00036237679646529,1.45230517632704,-7.27818824523184e-05,0.5
0,0.00240590837974153,1.45494065611707,-6.94407903000127e-05,0.5
0,0.00471328163806826,1.46170131875894,-6.00617230587849e-05,0.5
0,0.00651104403840087,1.46761785399647,-5.16506301318632e-05,0.5
0,0.00888761771193362,1.47725131236522,-3.78691841756355e-05,0.5
0,0,1.48388713095414,-2.55679162928357e-05,0.5
0,0.00351971277367706,1.47124020017743,-4.50215101298898e-05,0.5
0,0.00588305595924747,1.48747300905003,-2.16036978859351e-05,0.5
0,0.00554968497848489,1.49262065765826,-1.32896785400228e-05,0.5
0,0.00655571224855883,1.49942144616309,-3.09328816276563e-06,0.5
0,0.00689784546847413,1.50607551187846,7.24805332275234e-06,0.5
0,0.0071927899244186,1.51344869553812,1.87432379662171e-05,0.5
0,0.00714505359234583,1.52077109353037,3.0365767397508e-05,0.5
0,0.00672042573353026,1.52774745610463,4.16491266338951e-05,0.5
0.00154316372808046,0.00513105786283782,1.53555071106387,5.44962623543135e-05,0.5
0.0126584713699512,0.004201735348072,1.54033809703802,6.27976310481005e-05,0.5
0.0199533592222825,0.00163253210930761,1.54362188095046,6.91170627682025e-05,0.5
0.0170911715251742,0,1.54260224444745,6.91534441528559e-05,0.5
0,0,1.53518062885757,5.96949657340861e-05,0.5
0,0,1.53373221440643,5.86076929480815e-05,0.5
0,0,1.52996729633316,5.42821272663966e-05,0.5
0,0,1.5264359906156,5.00340575541674e-05,0.5
0,0,1.52298659235955,4.58212480631423e-05,0.5
0,0,1.51964750586783,4.16483328851033e-05,0.5
0,0,1.51641238900834,3.75190359928198e-05,0.5
0,0,1.51327846810513,3.34341756285729e-05,0.5
0,0,1.51024248948397,2.93950689948577e-05,0.5
0,0,1.507301389242,2.5402805524692e-05,0.5
0,0,1.50445220120933,2.14583860967603e-05,0.5
0,0,1.50169206675003,1.75627055579102e-05,0.5
0,0,1.49901822847618,1.3716562394207e-05,0.5
0,0,1.49642802652006,9.92066369396258e-06,0.5
0,0,1.49391889460471,6.17563054880979e-06,0.5
0,0,1.49148835634014,2.48200306623144e-06,0.5
0,0,1.48913402167105,-1.15975486036487e-06,0.5
0,0,1.48685358347906,-4.74925103196476e-06,0.5
0,0,1.48464481433087,-8.28616065881316e-06,0.5
0,0,1.48250556336591,-1.1770222298451e-05,0.5
0,0,1.48043375331697,-1.52012340055464e-05,0.5
0,0,1.47842737765784,-1.85790496828141e-05,0.5
0,0,1.47648449787214,-2.19035756228447e-05,0.5
0,0,1.47460324083784,-2.51747672311883e-05,0.5
0,0,1.4727817963222,-2.83926259215224e-05,0.5
0,0,1.47101841458226,-3.15571961742014e-05,0.5
0,0,1.46931140406589,-3.46685627499257e-05,0.5
0,0,1.46765912920919,-3.77268480506848e-05,0.5
0,0,1.46606000832562,-4.07322096205269e-05,0.5
0,0,1.46451251158298,-4.36848377790844e-05,0.5
0,0,1.46301515906415,-4.65849533811388e-05,0.5
0,0,1.46156651890803,-4.94328056958498e-05,0.5
0,0,1.460165205527,-5.22286703995944e-05,0.5
0,0,1.45880987789749,-5.49728476766654e-05,0.5
0,0,1.45749923792062,-5.76656604223686e-05,0.5
0,0,1.45623202884954,-6.03074525433339e-05,0.5
0,0,1.45500703378081,-6.28985873501144e-05,0.5
0,0,1.45382307420688,-6.54394460373955e-05,0.5
0,0,1.45267900862695,-6.79304262473713e-05,0.5
0,0,1.45157373121378,-7.03719407120672e-05,0.5
0,0,1.45050617053404,-7.27644159706023e-05,0.5
0,0,1.44947528831966,-7.51082911575805e-05,0.5
0,0,1.44848007828829,-7.74040168589967e-05,0.5
0,0,1.44751956501045,-7.96520540322188e-05,0.5
0,0,1.44659280282163,-8.18528729867849e-05,0.5
0,0.000924098272903609,1.44569887477718,-8.40069524229113e-05,0.5
0,0.00424067544180672,1.44803283601113,-8.16205089617771e-05,0.5
0,0.0076400298593151,1.45306210657466,-7.5280001902739e-05,0.5
0,0.0107229436981799,1.45800738440687,-6.88693438722933e-05,0.5
0,0.0138135019836224,1.46407858612688,-6.07583727041683e-05,0.5
0,0.0171728990806734,1.47350782918159,-4.7704715277608e-05,0.5
0,0.018265897183825,1.48169554924504,-3.56954670917711e-05,0.5
0,0.00797999414242313,1.48892170865898,-2.25108231006128e-05,0.5
0,0.0184374157452693,1.49388664439863,-1.71812952022401e-05,0.5
0,0.00374130828886557,1.50370052605474,8.95896806039443e-07,0.5
0,0.0125160431391171,1.50265310797822,-1.98434321820783e-06,0.5
0,0.0126132108023039,1.51676095967425,1.92988803647824e-05,0.5
0.0127664660700971,0.0120961964031893,1.52248440515135,2.8856351274443e-05,0.5
0.0255257644167354,0.0125053110672862,1.52767550017549,3.72205789451263e-05,0.5
0.0427466590365534,0.0126495124681327,1.53484548722791,4.87410237115709e-05,0.5
0.058004796897054,0.0123113834140089,1.54121031313348,5.93134396779655e-05,0.5
0.0782623244815868,0.012381127271004,1.54971825146186,7.30967445819287e-05,0.5
0.0911447652183008,0.00301870195676922,1.55597507040177,8.53567422728562e-05,0.5
0.0896935389192307,0.00514070791815234,1.55479159890936,8.43552596594996e-05,0.5
0.108356819891301,0.00315255755171243,1.56281175255305,9.78485686557406e-05,0.5
0.108942072377811,0,1.56312690059215,0.000100327835023807,0.5
0.0898301837448073,0,1.55509228269482,9.02898940154768e-05,0.5
0.0891312502258337,0,1.55471770653181,9.10142235542893e-05,0.5
0.0818123823025207,0,1.55161778457557,8.80149849825314e-05,0.5
0.0751916593591435,0,1.54874880475212,8.50508902531647e-05,0.5
0.0687339510876657,0,1.54593427850512,8.20957023016202e-05,0.5
0.0625399297248959,0,1.5432073992704,7.91495277466824e-05,0.5
0.0565916162096294,0,1.54056223555804,7.62173201639798e-05,0.5
0.0508830464046004,0,1.53799681731134,7.33002114937977e-05,0.5
0.0454065391965856,0,1.53550860818187,7.0399987902006e-05,0.5
0.0401549196084873,0,1.53309523903304,6.75181963789281e-05,0.5
0.0351212244578568,0,1.53075441070507,6.4656301548125e-05,0.5
0.0302987377948065,0,1.52848390572322,6.18156649110092e-05,0.5
0.0256809753111292,0,1.52628158314219,5.89975537301167e-05,0.5
0.0212616764273552,0,1.52414537592918,5.62031450975392e-05,0.5
0.0170347956144203,0,1.52207328809395,5.34335305176874e-05,0.5
0.0129944942307064,0,1.5200633919894,5.06897201724052e-05,0.5
0.00913513266769932,0,1.51811382571425,4.7972647005463e-05,0.5
0.00545126281931128,0,1.51622279062291,4.5283170615697e-05,0.5
0.00193762085677072,0,1.51438854893639,4.26220809703899e-05,0.5
0,0,1.51260942145024,3.9990101946647e-05,0.5
0,0,1.51088378533537,3.73878947086723e-05,0.5
0,0,1.50921007202768,3.48160609284096e-05,0.5
0,0,1.50758676520285,3.22751458566819e-05,0.5
0,0,1.50601239883257,2.97656412516343e-05,0.5
0,0,1.50448555531885,2.72879881709727e-05,0.5
0,0,1.50300486370305,2.48425796341955e-05,0.5
0,0,1.50156899794643,2.24297631607289e-05,0.5
0,0,1.50017667527937,2.00498431896101e-05,0.5
0,0,1.49882665461615,1.77030833861006e-05,0.5
0,0,1.49751773503271,1.53897088403703e-05,0.5
0,0,1.49624875430469,1.31099081631551e-05,0.5
0,0,1.49501858750316,1.08638354830701e-05,0.5
0,0,1.49382614564578,8.65161235004566e-06,0.5
0,0,1.49267037440096,6.47332954915019e-06,0.5
0,0,1.49155025284278,4.3290488288715e-06,0.5
0,0,1.49046479225475,2.2188045477408e-06,0.5
0,0,1.48941303498016,1.42605243009669e-07,0.5
0,0,1.48839405331726,-1.89956487508e-06,0.5
0,0,1.48740694845731,-3.90774450005235e-06,0.5
0,0,1.48645084946382,-5.88199387375338e-06,0.5
0,0,1.48552491229118,-7.8223934956253e-06,0.5
0,0,1.48462831884119,-9.72904289375798e-06,0.5
0,0,1.48376027605584,-1.16020594549091e-05,0.5
0,0,1.48292001504486,-1.34415773108116e-05,0.5
0,0,1.48210679024672,-1.52477462782084e-05,0.5
0,0,1.48131987862154,-1.70207308501693e-05,0.5
0,0,1.48055857887483,-1.87607092363568e-05,0.5
0,0,1.47982221071061,-2.04678724500102e-05,0.5
0,0,1.47911011411286,-2.2142423439522e-05,0.5
0,0,1.47842164865403,-2.37845762625716e-05,0.5
0,0,1.47775619282969,-2.53945553008771e-05,0.5
0,0,1.47711314341809,-2.69725945137117e-05,0.5
0,0,1.47649191486368,-2.85189367284134e-05,0.5
0,0,1.47589193868378,-3.00338329661991e-05,0.5
0,0,1.4753126628972,-3.15175418016675e-05,0.5
0,0,1.47475355147418,-3.29703287544507e-05,0.5
0,0,1.47421408380663,-3.43924657115406e-05,0.5
0,0,1.47369375419804,-3.57842303788839e-05,0.5
0,0,1.47319207137202,-3.71459057609044e-05,0.5
0,0,1.47270855799906,-3.84777796666679e-05,0.5
0,0,1.47224275024045,-3.97801442414657e-05,0.5
0,0,1.47179419730899,-4.10532955226461e-05,0.5
0,0.000584247174835538,1.47136246104556,-4.22975330185773e-05,0.5
0,0.00322258654951564,1.4724964806298,-4.13401063912717e-05,0.5
0,0.00589059236718966,1.47459220013223,-3.89446300403754e-05,0.5
0,0.00812774343035256,1.4751680865363,-3.86003370249833e-05,0.5
0,0.0106985357185167,1.4770568124171,-3.64409707932937e-05,0.5
0,0.0135075393508882,1.48118287345473,-3.10243847644669e-05,0.5
0,0.0157938286353026,1.48421324424875,-2.69702972813791e-05,0.5
0.0156755167434215,0.0187533510051156,1.4905850206029,-1.81981958922048e-05,0.5
0.0288128324135924,0.0209338464710926,1.49562373245128,-1.09896426681584e-05,0.5
0.0509032262608406,0.0239225675184259,1.50449162767248,1.66023359630689e-06,0.5
0,0,1.51179806755199,1.62509068737161e-05,0.5
0.017391720253476,0.00572962033197958,1.50130990509055,-6.15637114941469e-07,0.5
0.00176322748046698,0,1.51409124417043,1.93925998281446e-05,0.5
0,0,1.50485889627098,6.53827865890341e-06,0.5
0,0,1.50588995212916,8.2027992479961e-06,0.5
0,0,1.50420681367947,6.30391212506473e-06,0.5
0,0,1.50275826895864,4.47782972386625e-06,0.5
0,0,1.50131975066838,2.6646944239835e-06,0.5
0,0,1.49993020034399,8.6543646322308e-07,0.5
0,0,1.49858429133342,-9.15731881055477e-07,0.5
0,0,1.49728135573729,-2.6788237545264e-06,0.5
0,0,1.49602003543726,-4.42305688581244e-06,0.5
0,0,1.49479910762558,-6.14784572401213e-06,0.5
0,0,1.49361737627381,-7.85262822510735e-06,0.5
0,0,1.49247368705189,-9.53689199484045e-06,0.5
0,0,1.49136692355378,-1.12001676310822e-05,0.5
0,0,1.49029600624321,-1.28420272238129e-05,0.5
0,0,1.48925989105044,-1.44620821623723e-05,0.5
0,0,1.48825756808172,-1.60599811563651e-05,0.5
0,0,1.48728806037085,-1.76354083288752e-05,0.5
0,0,1.4863504226811,-1.91880813989264e-05,0.5
0,0,1.48544374035397,-2.07177499462134e-05,0.5
0,0,1.48456712820298,-2.2224193754916e-05,0.5
0,0,1.48371972945072,-2.37072212330253e-05,0.5
0,0,1.4829007147073,-2.51666679038464e-05,0.5
0,0.000232928633349256,1.48210928098849,-2.66023949664794e-05,0.5
0,0.00213083961203478,1.48331761557652,-2.52322449428261e-05,0.5
0,0.00462532935470455,1.48808658097474,-1.87477493822513e-05,0.5
0,0.00679397202326359,1.49298515035404,-1.18623963356382e-05,0.5
0.0117325671139346,0.00902730266947385,1.49880678990345,-3.57053286552255e-06,0.5
0.0289220628076369,0.0111980857047639,1.50563367399642,6.34013877705418e-06,0.5
0.0476293607425628,0.0132249482061915,1.51314124493106,1.74307526877313e-05,0.5
0.0675765811065442,0.015084481203062,1.52121069655343,2.95436007962298e-05,0.5
0.0830433211519502,0.00563382771461776,1.52848587387357,4.27950136153828e-05,0.5
0.0927160104555066,0.0129004201580568,1.53151784992669,4.6655293361854e-05,0.5
0.114373140018786,0,1.54196648021736,6.54830949386269e-05,0.5
0.0896895305367129,0.00259318763214089,1.53036054399217,4.85093587538299e-05,0.5
0.119864383377916,0.00333237696416858,1.54300695197084,6.75857127626049e-05,0.5
0.125404187433661,0.00148805581652638,1.54517796462027,7.23601694610182e-05,0.5
0.123824828922745,0,1.54424115995685,7.20957812590886e-05,0.5
0.114346540263632,0,1.53996658937557,6.70420794452839e-05,0.5
0.114342178474601,0,1.53965049282621,6.74608658612464e-05,0.5
0.11047227706228,0,1.53772892292131,6.56876897105573e-05,0.5
0.106999517205994,0,1.53593885256213,6.39224657340713e-05,0.5
0.103632628797975,0,1.53418423848635,6.21604778522494e-05,0.5
0.100428474616243,0,1.5324838257092,6.04004447753987e-05,0.5
0.097376812070921,0,1.53083423583481,5.86455149649202e-05,0.5
0.0777861611747633,0,1.52923424335717,5.7578346133599e-05,0.5
0.0860684881238058,0,1.52748225841124,5.50507527546074e-05,0.5
0.079741210950413,0,1.52595050426512,5.34434005309263e-05,0.5
0.0769779741401401,0,1.52439149266976,5.15592697962049e-05,0.5
0.0743913098747872,0,1.52289297792798,4.97185896697431e-05,0.5
0.0488131741524988,0,1.52143690219369,4.88299811665645e-05,0.5
0.0615657180414306,0,1.51967293079795,4.58276946083541e-05,0.5
0.0541755066639737,0,1.51824829593084,4.41712410227716e-05,0.5
0.051605967760199,0,1.51674643412363,4.21125547375732e-05,0.5
0.0492256158623661,0,1.51530992103419,4.01168780968612e-05,0.5
0.0469643754002471,0,1.51391289250631,3.81333495315207e-05,0.5
0.0277975429338771,0,1.51255835914549,3.68662719824532e-05,0.5
0.0368994516644302,0,1.51098685804137,3.40575200897279e-05,0.5
0.0311163110025364,0,1.5096730300515,3.22506975172974e-05,0.5
0.0290213320690537,0,1.50830941520645,3.01523450311831e-05,0.5
0.0246537104070675,0,1.50700305580601,2.82123575369576e-05,0.5
0.024316276487862,0,1.50568960463689,2.60633007010111e-05,0.5
0,0,1.5044511842994,2.73900122566033e-05,0.5
0,0,1.50174383910721,2.09438049736734e-05,0.5
0,0,1.50032041331112,1.94309820586844e-05,0.5
0,0,1.49844613504205,1.63923388972239e-05,0.5
0,0,1.49670769894291,1.3559467898246e-05,0.5
0,0,1.49500758663743,1.07382534341705e-05,0.5
0,0,1.49336108418988,7.9586413991997e-06,0.5
0,0,1.49176533713582,5.21973648607843e-06,0.5
0,0,1.49021908100562,2.52181554724376e-06,0.5
0,0,1.48872087108252,-1.34973481333633e-07,0.5
0,0,1.48726933342514,-2.75053258879133e-06,0.5
0,0,1.48586313529206,-5.32479753669094e-06,0.5
0,0,1.48450098756394,-7.85773926674837e-06,0.5
0,0,1.4831816426265,-1.03493611078374e-05,0.5
0,0,1.48190389292933,-1.27996969353254e-05,0.5
0,0,1.48066656951425,-1.52088092815057e-05,0.5
0,0,1.47946854061528,-1.75767875628433e-05,0.5
0,0,1.47830871031243,-1.99037463921287e-05,0.5
0,0,1.47718601723941,-2.218982397569e-05,0.5
0,0,1.47609943334252,-2.44351805909657e-05,0.5
0,0,1.47504796268859,-2.59182173035339e-05,0.5
0,0,1.47365413254682,-2.90870678429943e-05,0.5
0,0,1.47260307165882,-3.09389856382608e-05,0.5
0,0,1.4713699185245,-3.35366321308375e-05,0.5
0,0,1.47027083193194,-3.57773796868024e-05,0.5
0,0,1.4691736069234,-3.78854304981315e-05,0.5
0,0,1.46802126234387,-4.03809193914734e-05,0.5
0,0,1.46698204938154,-4.1153147285604e-05,0.5
0,0,1.46521400948831,-4.5313751144086e-05,0.5
0,0,1.46408996347498,-4.73039963466698e-05,0.5
0,0,1.46276655448218,-4.99253788523759e-05,0.5
0,0,1.46152253182108,-5.24280444373113e-05,0.5
0,0,1.46031306312624,-5.48957756906703e-05,0.5
0,0,1.45914470428125,-5.73161624527655e-05,0.5
0,0,1.45801569326476,-5.96899706890591e-05,0.5
0,0,1.45692502566497,-6.16168398214743e-05,0.5
0,0,1.45563259289986,-6.44774475821329e-05,0.5
0,0,1.4545715030043,-6.58495668655374e-05,0.5
0,0,1.45298232221586,-6.93774777812842e-05,0.5
0,0,1.45184240285573,-7.15637213257927e-05,0.5
0,0,1.45058593840322,-7.41118427129799e-05,0.5
0,0,1.44939478784863,-7.65685489093316e-05,0.5
0,0,1.4482405671545,-7.8774282207664e-05,0.5
0,0,1.44700230630085,-8.14394491993877e-05,0.5
0,0,1.44590509282735,-8.29895174568219e-05,0.5
0,0,1.44430693407673,-8.64590369902139e-05,0.5
0,0,1.44315974801147,-8.84347304821295e-05,0.5
0,0,1.44173374512949,-9.13536874745408e-05,0.5
0,0,1.4405068525914,-9.37930503113385e-05,0.5
0,0,1.43926865021692,-9.61845112866564e-05,0.5
0,0,1.43800554165684,-9.88209524559821e-05,0.5
0,0,1.43684605268794,-0.000100331445899511,0.5
0,0,1.43518006217331,-0.000103975899192222,0.5
0,0,1.43398999504392,-0.00010594251141205,0.5
0,0,1.43253572639812,-0.000108919927898768,0.5
0,0,1.43126980749158,-0.000111399147533796,0.5
0,0,1.42999892717663,-0.000113961623234448,0.5
0,0,1.42878182503571,-0.000116022137112809,0.5
0,0,1.42738315256833,-0.000119038352421076,0.5
0,0,1.42621521603828,-0.000120657251418605,0.5
0,0,1.42465034826005,-0.000124065310646805,0.5
0,0,1.42344724971074,-0.000126323218856129,0.5
0,0,1.42214709737651,-0.000128949676651659,0.5
0,0,1.42092928584932,-0.000131293733894926,0.5
0,0.00477217809890439,1.41967622032197,-0.000133924079425595,0.5
0,0,1.41852819338564,-0.000135438288266939,0.5
0,0.00778509846911676,1.41695541794568,-0.000138943470590759,0.5
0,0.00478884419426896,1.41580128151358,-0.000140835005010098,0.5
0,0.0114291699091584,1.4143890219068,-0.000143764578265688,0.5
0,0.0146718043127029,1.41537610433019,-0.000143120021394136,0.5
0,0.0184267838395299,1.41501308603657,-0.000144316769308409,0.5
0,0.0224375627488886,1.4153123667989,-0.00014464582550499,0.5
0,0.0229815016738771,1.41573578031439,-0.000144513534749838,0.5
0,0.0293717563955691,1.41907439104416,-0.000140703701780145,0.5
0,0.0329767508811247,1.42815190265138,-0.000128611909873575,0.5
0,0.028789211126653,1.43779899415011,-0.000113325048349271,0.5
0,0.00978345889404856,1.44389611283509,-9.93221378616348e-05,0.5
0,0.0302741797012397,1.44991694032341,-9.56118063449514e-05,0.5
0,0,1.45650183357752,-6.76062337672981e-05,0.5
0,0.00595108313754429,1.44676857570454,-9.38606445413664e-05,0.5
0,0,1.46648017212807,-6.24684686311793e-05,0.5
0,0,1.45121140392535,-8.33479444406627e-05,0.5
0,0,1.45371669939607,-8.05940295581346e-05,0.5
0,0,1.45152543211348,-8.35438338249631e-05,0.5
0,0,1.44970735813544,-8.63813911803274e-05,0.5
0,0.00149994845203117,1.44789223520039,-8.91730826045969e-05,0.5
0,0.00476757825052974,1.45512676632969,-7.93544582957763e-05,0.5
0,0.0072987667077569,1.46286563532662,-6.83999610902362e-05,0.5
0,0.00989172390031852,1.47145396906784,-5.61350301719751e-05,0.5
0,0.00189184332385014,1.47853786125199,-4.34604533506963e-05,0.5
0,0.00855954514562984,1.47686180366514,-4.69769345410341e-05,0.5
0,0,1.49115339837135,-2.19522081114663e-05,0.5
0,0.000150798622122101,1.47690513602324,-4.40895058018859e-05,0.5
0,0,1.48269004444154,-3.51186568163258e-05,0.5
0,0,1.4775973632905,-4.16713033555686e-05,0.5
0,0,1.4762329480547,-4.35443410160895e-05,0.5
0,0,1.47397738210712,-4.64974616440719e-05,0.5
0,0,1.47185812648374,-4.94048416397279e-05,0.5
0,0,1.46979729461542,-5.22728138657619e-05,0.5
0,0,1.46780651186321,-5.51029364637162e-05,0.5
0,0.00033206184297863,1.46588218484908,-5.78932508581515e-05,0.5
0,0.00219175535173019,1.4686904846052,-5.40627701164163e-05,0.5
0,0.00440298099344056,1.47544519729644,-4.44774807143646e-05,0.5
0,0.00644100562891502,1.4830169830519,-3.35051050131932e-05,0.5
0,0.00652856208078036,1.49151177203242,-2.06296129515464e-05,0.5
0,0.00672756524595689,1.49888075376302,-9.29925269528054e-06,0.5
0,0.00560288165866655,1.50674439632903,3.1237591688208e-06,0.5
0,0.00827690747144514,1.51398966325925,1.39829618468905e-05,0.5
0.00126510266391255,0,1.52147737787441,2.82733268116249e-05,0.5
0,0,1.50886417027229,9.74278820774834e-06,0.5
0,0,1.51079463915164,1.34627366617248e-05,0.5
0,0,1.50788463191241,1.02497955834012e-05,0.5
0,0,1.50531921431929,7.16332177050166e-06,0.5
0,0,1.50277880502726,4.09430262396656e-06,0.5
0,0,1.5003243781877,1.05087146968198e-06,0.5
0,0,1.49794744929259,-1.96121396744539e-06,0.5
0,0,1.49564661129136,-4.9418649251073e-06,0.5
0,0,1.49341936859366,-7.88985678835392e-06,0.5
0,0,1.49126345689259,-1.0804276222155e-05,0.5
0,0,1.48917666838386,-1.36842551025673e-05,0.5
0,0,1.48715687597472,-1.65290117391538e-05,0.5
0,0,1.48520202633682,-1.93378392336695e-05,0.5
0,0,1.48331013761608,-2.21101024860313e-05,0.5
0,0,1.48147929655522,-2.48452340368265e-05,0.5
0,0,1.47970765584107,-2.75427303202977e-05,0.5
0,0,1.4779934315478,-3.02021480720425e-05,0.5
0,0,1.47633490069031,-3.28231009210874e-05,0.5
0,0,1.47473039888011,-3.54052561515859e-05,0.5
0,0,1.47317831807941,-3.79483316267586e-05,0.5
0,0,1.47167710444909,-4.04520928670211e-05,0.5
0,0,1.47022525628631,-4.29163502747986e-05,0.5
0,0,1.46882132204789,-4.53409564988725e-05,0.5
0,0,1.46746389845553,-4.77258039314536e-05,0.5
0,0,1.46615162867933,-5.00708223315144e-05,0.5
0,0,1.46488320059623,-5.23759765682242e-05,0.5
0,0.00080881592294805,1.4636573451199,-5.46412644786352e-05,0.5
0,0.00340163258392428,1.46671032610341,-5.08880019076573e-05,0.5
0,0.00584332395739102,1.47113376660492,-4.49973015629928e-05,0.5
0,0.00853002028846494,1.47766743344701,-3.6012630092711e-05,0.5
0,0.0109704204588454,1.48475339713996,-2.60123545079315e-05,0.5
0,0.0100538748397158,1.4939110143645,-1.21323017209525e-05,0.5
0,0.0136323566422463,1.50148925484017,-1.34042815210667e-06,0.5
0,0.00332229708444717,1.5088458494709,1.21043021102998e-05,0.5
0.00434795662818171,0.0108571258264065,1.51044279961781,1.34164693850208e-05,0.5
0.0300002047301044,0,1.52243178010569,3.38484264937441e-05,0.5
0.0013885464967215,0.00197321084642715,1.50938877618268,1.47939884591674e-05,0.5
0.030329675499752,0.00332677157149222,1.52154019444558,3.27358247914561e-05,0.5
0.0351617771507793,0.00173474671312225,1.5234829172074,3.68263678364104e-05,0.5
0.035934913150557,0.000585486056271246,1.5235949816968,3.77330257840402e-05,0.5
0.0344608947879832,0,1.52276720703477,3.73633767406883e-05,0.5
0.0257978786661597,0,1.51887944908289,3.25433062763147e-05,0.5
0.023784413195096,0,1.51776426394348,3.15046237311658e-05,0.5
0.0191457841661389,0,1.51555049644771,2.89481349099576e-05,0.5
0.0148737658981831,0,1.5134583773269,2.64203106751357e-05,0.5
0.0107566741339762,0,1.51141807820944,2.39126384917458e-05,0.5
0.00683320287329861,0,1.50944235805291,2.14254963368766e-05,0.5
0.00309350723731439,0,1.50752796771177,1.89611763134809e-05,0.5
0,0,1.50567327206534,1.65203990925212e-05,0.5
0,0,1.50387643244212,1.41041235804815e-05,0.5
0,0,1.50213570489909,1.17131848931637e-05,0.5
0,0,1.50044939991712,9.34835925236687e-06,0.5
0,0,1.49881588620768,7.0103569183138e-06,0.5
0,0,1.49723358768551,4.69982712376635e-06,0.5
0,0,1.49570098151023,2.41736098876437e-06,0.5
0,0,1.49421659606071,1.6349458459672e-07,0.5
0,0,1.49277900901334,-2.06128818939742e-06,0.5
0,0,1.49138684549505,-4.25655285766006e-06,0.5
0,0,1.49003877631154,-6.42191175069891e-06,0.5
0,0,1.48873351624703,-8.55702151064496e-06,0.5
0,0,1.48746982243247,-1.05344660731761e-05,0.5
0,0,1.48619964105378,-1.2763121411117e-05,0.5
0,0,1.48500844824151,-1.40231209384501e-05,0.5
0,0,1.48349886509519,-1.70659412484338e-05,0.5
0,0,1.48231334252611,-1.86987705890096e-05,0.5
0,0,1.48093460794239,-2.1262066917873e-05,0.5
0,0,1.479713100462,-2.33685097063658e-05,0.5
0,0,1.47848852575318,-2.55682937687842e-05,0.5
0,0,1.47731015676623,-2.72974779467794e-05,0.5
0,0,1.47601391181844,-2.99254404546185e-05,0.5
0,0,1.47488721963844,-3.13001300778401e-05,0.5
0,0,1.47351036481767,-3.42232504280983e-05,0.5
0,0,1.47237923411179,-3.62056988541444e-05,0.5
0,0,1.47119959245598,-3.8447246920877e-05,0.5
0,0,1.47007524406124,-4.05273286609107e-05,0.5
0,0,1.46895432748772,-4.2676096796944e-05,0.5
0,0,1.46786552276558,-4.46142910304745e-05,0.5
0,0,1.46673930353835,-4.69656048543477e-05,0.5
0,0,1.46571449504218,-4.84224748782424e-05,0.5
0,0,1.46449093273631,-5.11662201312665e-05,0.5
0,0,1.4634812133386,-5.26750994785792e-05,0.5
0,0,1.46227975631114,-5.5309796664911e-05,0.5
0,0,1.46125770660281,-5.70913232544631e-05,0.5
0,0,1.46013733602514,-5.94811291311801e-05,0.5
0,0,1.45912808341198,-6.12685929114988e-05,0.5
0,0,1.45803230129457,-6.3664099399289e-05,0.5
0,0,1.45705514373172,-6.52784896697282e-05,0.5
0,0.000895210245272918,1.4559382229639,-6.78035463598001e-05,0.5
0,0,1.45751435991957,-6.58055791523554e-05,0.5
0,0.00244460056488038,1.45452105228429,-7.0845512954458e-05,0.5
0,0.00105278458639662,1.45835512940033,-6.58833705089993e-05,0.5
0,0.00542444056370449,1.45825949543126,-6.66036085795782e-05,0.5
0,0.0081175010439657,1.46460579636445,-5.82206201947326e-05,0.5
0,0.0104659996685093,1.46908728115375,-5.21024121965642e-05,0.5
0,0.0130905791676822,1.4748375781729,-4.42043784459851e-05,0.5
0,0.0154903966750576,1.48138296664996,-3.49580596307623e-05,0.5
0,0.018269777082079,1.49106372326403,-2.110164163391e-05,0.5
0,0.0163713121523827,1.49842989119364,-9.3729312762204e-06,0.5
0,0.0206460174926557,1.50661681917364,2.2706395333112e-06,0.5
0.00309316557939505,0,1.51267828464632,1.77965352943229e-05,0.5
0,0.00807391617162974,1.50228283663245,-5.11061127722604e-07,0.5
0.0298169895523596,0.00729225481067911,1.52207453852664,2.92515289622553e-05,0.5
0.0341296928070461,0.00548263424257824,1.52382420561972,3.33664915143207e-05,0.5
0.0451425067306426,0.00563112866027896,1.52828316265098,4.05266824354449e-05,0.5
0.0591543923249188,0.00552219721199838,1.5340846168411,5.00299850281101e-05,0.5
0.0710719233979847,0.00490966586288451,1.5390237939572,5.84216072818469e-05,0.5
0.0811653556870908,0.00390562729882938,1.54320602733916,6.5795359641179e-05,0.5
0.0888027212356348,0.00239906284963407,1.54636674319902,7.17705400676946e-05,0.5
0.0919398396690643,0.000150120707483294,1.54763670491221,7.50493342944351e-05,0.5
0.0811927600554163,0,1.54304087975839,6.98142438820823e-05,0.5
0.0761553683552788,0,1.5407892096377,6.76641213833726e-05,0.5
0.071269765103847,0,1.53861227324695,6.56588228821813e-05,0.5
0.0653848817000298,0,1.53598812462942,6.28802251270854e-05,0.5
0.0597743371081121,0,1.53345516448731,6.01195800875375e-05,0.5
0.0543798329776551,0,1.53099415894646,5.73718234118113e-05,0.5
0.0492119829117521,0,1.52860860531957,5.46398427687257e-05,0.5
0.0442626035088443,0,1.52629580194281,5.1925452602672e-05,0.5
0.039525153698564,0,1.52405358857707,4.92300006988342e-05,0.5
0.0349930385136769,0,1.52187978737851,4.65548310526505e-05,0.5
0.0306599215618267,0,1.51977230593137,4.39011797567465e-05,0.5
0.0265196805254852,0,1.51772912254765,4.12701976282691e-05,0.5
0.0225664049237517,0,1.51574828552477,3.86629512541779e-05,0.5
0.0187943872402301,0,1.5138279102116,3.60804276927797e-05,0.5
0.0151981153168363,0,1.51196617649313,3.35235384034193e-05,0.5
0.0117722649140851,0,1.5101613263302,3.09931230852639e-05,0.5
0.00851169259582005,0,1.50841166140668,2.84899533240086e-05,0.5
0.00541142890058449,0,1.50671554087148,2.60147360710324e-05,0.5
0.00246667179105704,0,1.50507137917255,2.35681169602048e-05,0.5
0,0,1.50347764397884,2.11506834701476e-05,0.5
0,0,1.50193285418632,1.87629679389699e-05,0.5
0,0,1.50043557800469,1.64054504382363e-05,0.5
0,0,1.49898443112115,1.4078561512607e-05,0.5
0,0,1.49757807493806,1.17826847912919e-05,0.5
0,0,1.49621521488132,9.51815947718096e-06,0.5
0,0,1.49489459877649,7.2852827192408e-06,0.5
0,0,1.49361501528975,5.0843118735128e-06,0.5
0,0,1.49237529243105,2.91546665780138e-06,0.5
0,0,1.49117429611668,9.69167376039143e-07,0.5
0,0,1.48991106060562,-1.40416841747659e-06,0.5
0,0,1.48876614477025,-2.69535175447988e-06,0.5
0,0,1.48728686745655,-5.80489373410548e-06,0.5
0,0,1.48613022228575,-7.57608551003122e-06,0.5
0,0,1.48481385757552,-1.00992225957961e-05,0.5
0,0,1.48362388143731,-1.22757105732924e-05,0.5
0,0,1.48244070621872,-1.44014031314772e-05,0.5
0,0,1.48125217769979,-1.67283377830563e-05,0.5
0,0,1.48013901513795,-1.84526441959575e-05,0.5
0,0,1.47883066692033,-2.11765032510847e-05,0.5
0,0,1.47773681814309,-2.2772281514184e-05,0.5
0,0,1.47636813829934,-2.563387663818e-05,0.5
0,0,1.47524436293142,-2.74423713476036e-05,0.5
0,0,1.47392392844247,-3.01426368480756e-05,0.5
0,0,1.47277984132898,-3.20961971544882e-05,0.5
0,0,1.4714978625377,-3.47206700437495e-05,0.5
0,0,1.47036313849969,-3.66065394735925e-05,0.5
0,0,1.4690551938039,-3.93415426486658e-05,0.5
0,0,1.46793039660912,-4.1155942925907e-05,0.5
0,0,1.46659063134581,-4.39836345539757e-05,0.5
0,0,1.46545914687418,-4.58466430580275e-05,0.5
0,0,1.46412450977303,-4.86527131120178e-05,0.5
0,0,1.46298337044334,-5.05864201047607e-05,0.5
0,0,1.46166473486788,-5.33571051133574e-05,0.5
0,0,1.46052355683115,-5.52932021534877e-05,0.5
0,0,1.45920194893508,-5.80896017124217e-05,0.5
0,0,1.45806478024241,-5.99998232914938e-05,0.5
0,0,1.4567307921871,-6.28387978598354e-05,0.5
0,0,1.4555932822135,-6.47551100357733e-05,0.5
0,0,1.4542566688583,-6.76019597786654e-05,0.5
0,0,1.45311609706785,-6.95445191503966e-05,0.5
0,0,1.45180996661134,-7.23532051232986e-05,0.5
0,0,1.4506750724585,-7.42972219264927e-05,0.5
0,0,1.44938284070099,-7.70955361134682e-05,0.5
0,0,1.44826140224928,-7.90184254818173e-05,0.5
0,0,1.44697801416958,-8.18172793153649e-05,0.5
0,0,1.44586907510132,-8.37237919817763e-05,0.5
0,0,1.44459533067294,-8.65156362329387e-05,0.5
0,0,1.44349729668643,-8.84148014709679e-05,0.5
0,0,1.44223560981534,-9.11905299557748e-05,0.5
0,0,1.44114828172976,-9.30800624503865e-05,0.5
0,0,1.43989815758499,-9.58411343171815e-05,0.5
0,0,1.43882196390499,-9.77142304989518e-05,0.5
0,0,1.43758145947907,-0.000100465095365593,0.5
0,0,1.4365161672404,-0.000102320789045045,0.5
0,0.00211510254021399,1.43528479418782,-0.000105060426746883,0.5
0,0,1.43902811677499,-0.00010021500237642,0.5
0,0.00531627567638985,1.43424305048768,-0.000107665987163632,0.5
0,0.0091170565263199,1.44346570566006,-9.56579561122607e-05,0.5
0,0.011747202692941,1.44754188823295,-9.01747762305934e-05,0.5
0,0.0154223659721448,1.45571558353825,-7.91685864361071e-05,0.5
0,0.0184131731485364,1.46388396307755,-6.77481597697474e-05,0.5
0,0.0102693678007982,1.47193193866132,-5.37885743890345e-05,0.5
0,0.0197967597353769,1.47786904980461,-4.69837374537987e-05,0.5
0,0,1.48506210637354,-2.57838737551722e-05,0.5
0,0.00369050901923157,1.47460918860935,-4.75201109248382e-05,0.5
0,0,1.49100893154466,-2.20811879164176e-05,0.5
0,0,1.47825784821174,-3.91930961814535e-05,0.5
0,0,1.47983896469579,-3.73197255731391e-05,0.5
0,0,1.47766034763414,-4.00098253905428e-05,0.5
0,0,1.47578934871844,-4.26285997773534e-05,0.5
0,0,1.47393322855055,-4.52106028640243e-05,0.5
0,0,1.47214342579698,-4.77625682620013e-05,0.5
0,0,1.47041254077741,-5.02787806082937e-05,0.5
0,0.00045596050233052,1.46873967264045,-5.27597921529701e-05,0.5
0,0.00246590611617274,1.47168784453984,-4.87780651318453e-05,0.5
0,0.00460576157941083,1.47737728180531,-4.07396565439345e-05,0.5
0,0.00660928107607979,1.48366152956765,-3.16885069625615e-05,0.5
0,0.00868146139151706,1.49136086818106,-2.04841305990599e-05,0.5
0,0.00935038483046261,1.49989630258592,-7.59222454324077e-06,0.5
0,0.00758745222022808,1.50726142150771,4.22881684560998e-06,0.5
0.00631897498150279,0.0109746178039449,1.51446400127488,1.48234648793302e-05,0.5
0.0224130350043528,0.00100893424365967,1.52222861114832,2.90851236671543e-05,0.5
0.0120469993633895,0.00456808900792911,1.51704781433707,2.1463458376778e-05,0.5
0.0399250755371367,0.00489862532061767,1.52889534796025,3.95481378782605e-05,0.5
0.048370845246081,0.00341634959007808,1.53245413453242,4.62211036046909e-05,0.5
0.0546152419132138,0.00216062030300798,1.53501934459578,5.10992343252238e-05,0.5
0.0587987538222386,0.00039037601937351,1.53673725091917,5.48793831126368e-05,0.5
0.0518844036086447,0,1.53376401269936,5.19055516912912e-05,0.5
0.0435334451494547,0,1.53013180248128,4.77508278785284e-05,0.5
0.0396214980656542,0,1.52835602030567,4.6176149173674e-05,0.5
0.0334808500320344,0,1.52563400268455,4.32107674713237e-05,0.5
0.0277171423441961,0,1.52303710279745,4.0274580277278e-05,0.5
0.0221609615305569,0,1.52050942967611,3.73571520401219e-05,0.5
0.0168433389050225,0,1.51806121512373,3.44606238667389e-05,0.5
0.011753638441983,0,1.51568894800235,3.15873411250206e-05,0.5
0.00688531842103162,0,1.51339046727957,2.87384192482829e-05,0.5
0.00223139807500449,0,1.51116346722369,2.59151249550034e-05,0.5
0,0,1.50900574915578,2.31185898305351e-05,0.5
0,0,1.50691518678054,2.03498647600393e-05,0.5
0,0,1.50488972835604,1.76099157377466e-05,0.5
0,0,1.50292739311577,1.48996295695528e-05,0.5
0,0,1.50102626863833,1.22198178078087e-05,0.5
0,0,1.49918450820081,9.57122074053802e-06,0.5
0,0,1.49740032826072,6.95451115265741e-06,0.5
0,0,1.49567200603938,4.37029791261782e-06,0.5
0,0,1.49399787720564,1.81912938599948e-06,0.5
0,0,1.49237633365514,-6.98503314767882e-07,0.5
0,0,1.49080582138085,-3.18216323700042e-06,0.5
0,0,1.48928483843108,-5.63146464328804e-06,0.5
0,0,1.48781193295106,-8.04607020894983e-06,0.5
0,0,1.48638570130453,-1.04256883547391e-05,0.5
0,0,1.48500478627179,-1.27700707084372e-05,0.5
0,0,1.483667875321,-1.50790096892747e-05,0.5
0,0,1.48237369894957,-1.7352336209407e-05,0.5
0,0,1.48112102909253,-1.95899174869412e-05,0.5
0,0,1.47990867759511,-2.16810852062763e-05,0.5
0,0,1.47866891997934,-2.39740727718986e-05,0.5
0,0,1.47749882179774,-2.57813512360215e-05,0.5
0,0,1.47614247568148,-2.84620432172192e-05,0.5
0,0,1.47499889110647,-3.00378610407575e-05,0.5
0,0,1.47352304560133,-3.30024235466646e-05,0.5
0,0,1.47234040404278,-3.47892900114636e-05,0.5
0,0,1.47092781455102,-3.75813272868079e-05,0.5
0,0,1.46971193860056,-3.95838936618731e-05,0.5
0,0,1.46836116343059,-4.22416055115888e-05,0.5
0,0,1.46715600752235,-4.41995639959539e-05,0.5
0,0,1.46579268503787,-4.6949962408841e-05,0.5
0,0,1.4646063709312,-4.88041520780162e-05,0.5
0,0,1.46320679913132,-5.16764874433099e-05,0.5
0,0,1.46202081425521,-5.35582073676998e-05,0.5
0,0,1.46062373668932,-5.6423105087539e-05,0.5
0,0,1.45943005318776,-5.83885349600771e-05,0.5
0,0,1.45805671003798,-6.12018656718747e-05,0.5
0,0,1.45686473510975,-6.34966983850998e-05,0.5
0,0,1.45566048449396,-6.58946044867898e-05,0.5
0,0,1.45450524610952,-6.82315492779444e-05,0.5
0,0,1.45338823080145,-7.05259556244867e-05,0.5
0,0,1.45231001744211,-7.27753494688979e-05,0.5
0,0.000272151663704631,1.45126937777761,-7.49801250040798e-05,0.5
0,0.00320260691569827,1.45235269117403,-7.42150639363798e-05,0.5
0,0.00650222374186555,1.45700247897211,-6.83543298533486e-05,0.5
0,0.00940656207222606,1.46149682445208,-6.25011676829901e-05,0.5
0,0.0123570852768229,1.46701673793107,-5.51227741019883e-05,0.5
0,0.0151482953475999,1.47345438352204,-4.62627563569784e-05,0.5
0,0.0182725441669726,1.48314474859268,-3.26362609160132e-05,0.5
0,0,1.48955725769235,-1.82949296972844e-05,0.5
0,0.0112753925512043,1.47921047633098,-3.6251026045674e-05,0.5
0,0.000805855934020462,1.5004352358973,-2.88045586192515e-06,0.5
0,0.00556204753306747,1.49110774885914,-1.67913529756375e-05,0.5
0.00573960055495156,0.00772443185462535,1.50562677944332,4.08572351336948e-06,0.5
0.0222064301645397,0.00827764848653775,1.51244713492287,1.48776392337521e-05,0.5
0.0400746638373036,0.00840769268472237,1.51991537451086,2.64750565849252e-05,0.5
0.058359608613878,0.00828841813803371,1.52759521053605,3.86454679757214e-05,0.5
0.07669820628018,0.00843162392492644,1.53527353338303,5.08929733422071e-05,0.5
0.0942801282704058,0.00717205440493103,1.54276707613289,6.3262092065062e-05,0.5
0.101181472647158,0.00655489843092264,1.54553001102758,6.85684373146896e-05,0.5
0.109594204530429,0.00474655963871652,1.54907249855952,7.51787278355365e-05,0.5
0.11501197854679,0.00266836158168753,1.55133548332629,8.00039540185925e-05,0.5
0.115834358024344,0,1.55165902851232,8.20093880926933e-05,0.5
0.100905412626645,0,1.54532673558965,7.4339138723297e-05,0.5
0.0989665371659488,0,1.54439197559023,7.40915440163176e-05,0.5
0.0923810571962273,0,1.54153727982556,7.12315568723834e-05,0.5
0.0863538320293335,0,1.53886742505774,6.8400269965529e-05,0.5
0.0805018236068378,0,1.5362560705863,6.55813992488886e-05,0.5
0.0748952991759018,0,1.53372638594163,6.27750790818002e-05,0.5
0.0695195922279588,0,1.53127353150425,5.99851991822648e-05,0.5
0.0643687214857576,0,1.52889553150766,5.72128625962383e-05,0.5
0.0594355284322563,0,1.52659002191656,5.4459623001158e-05,0.5
0.0547132760855949,0,1.52435477796457,5.17268402204194e-05,0.5
0.0501954343913814,0,1.52218764325476,4.90157946375188e-05,0.5
0.0458757037812942,0,1.52008653754279,4.63276732126881e-05,0.5
0.0417480018945455,0,1.5180494523458,4.36635769080948e-05,0.5
0.0378064559487479,0,1.51607444841929,4.10245245739421e-05,0.5
0.0340453946327141,0,1.51415965307602,3.84114571635655e-05,0.5
0.0304593404486289,0,1.51230325765359,3.58252416749335e-05,0.5
0.02704300234977,0,1.51050351507984,3.32666749203439e-05,0.5
0.0237912686816831,0,1.50875873753866,3.07364871183737e-05,0.5
0.0206992004106646,0,1.50706729423093,2.8235345318349e-05,0.5
0.017762024627691,0,1.50542760922653,2.57638566647062e-05,0.5
0.0149751283159238,0,1.50383815940364,2.33225715086466e-05,0.5
0.012334052370527,0,1.50229747247147,2.09119863740882e-05,0.5
0.00456608114720344,0,1.500804125073,1.8747791153733e-05,0.5
0.00529666034167966,0,1.49915809518049,1.59854004977744e-05,0.5
0,0,1.49771352709975,1.46686091362068e-05,0.5
0,0,1.49532742733067,1.03152409891694e-05,0.5
0,0,1.49372887362238,7.91306803492653e-06,0.5
0,0,1.49191162590096,4.94570341432568e-06,0.5
0,0,1.49018162386803,2.07197499992478e-06,0.5
0,0,1.48849958368728,-7.67246502866755e-07,0.5
0,0,1.48687075436438,-3.26022392467973e-06,0.5
0,0,1.48501523064797,-6.58539948534959e-06,0.5
0,0,1.48342964608339,-8.58177248842361e-06,0.5
0,0,1.48115536437241,-1.27844422785673e-05,0.5
0,0,1.47946483762714,-1.54634136887019e-05,0.5
0,0,1.47752720570886,-1.88617407623885e-05,0.5
0,0,1.47575630866677,-2.1939175119365e-05,0.5
0,0,1.47399593908798,-2.47963552951861e-05,0.5
0,0,1.47205188964894,-2.83625006771353e-05,0.5
0,0,1.47035896727986,-3.05821048779595e-05,0.5
0,0,1.46792717998231,-3.51603896930772e-05,0.5
0,0,1.4661340582949,-3.81414157869694e-05,0.5
0,0,1.46412173263277,-4.17259584124145e-05,0.5
0,0,1.46224992458585,-4.50812527061149e-05,0.5
0,0,1.46041540448498,-4.84229667355795e-05,0.5
0,0,1.45864365104917,-5.17000960762863e-05,0.5
0,0,1.45692973256545,-5.49173506363455e-05,0.5
0,0,1.45527251619347,-5.80744747073081e-05,0.5
0,0,1.4536703050524,-6.11718753667187e-05,0.5
0,0,1.45212151513523,-6.42099757930137e-05,0.5
0,0,1.45062460538073,-6.71892206539501e-05,0.5
0,0,1.44917808594084,-7.01100771219112e-05,0.5
0,0,1.4477805150615,-7.29730318736921e-05,0.5
0,0,1.4464304974802,-7.57785896020959e-05,0.5
0,0,1.44512668267976,-7.85272713491099e-05,0.5
0,0,1.44386776324403,-8.12196129830732e-05,0.5
0,0,1.44265247327661,-8.38561637570297e-05,0.5
0,0,1.4414795868851,-8.64374849532369e-05,0.5
0,0,1.44034791672713,-8.89641486077205e-05,0.5
0,0,1.43925631261562,-9.14367363108401e-05,0.5
0,0,1.43820366018049,-9.38558380797565e-05,0.5
0,0,1.43718887958455,-9.62220512989527e-05,0.5
0,0.00156199160813469,1.43621092429093,-9.85359797251557e-05,0.5
0,0.00523297386974857,1.43691641417708,-9.8507838415728e-05,0.5
0,0.00877398579689474,1.43780342897604,-9.81442148168052e-05,0.5
0,0.0123327619304161,1.43899273583459,-9.73312626583386e-05,0.5
0,0.0158508829559257,1.44056774890861,-9.59240198011218e-05,0.5
0,0.0196416771069854,1.44505864061025,-9.04051057374915e-05,0.5
0,0.0228536051862078,1.44820717432617,-8.65399389238097e-05,0.5
0,0.0270885797059364,1.4584979073044,-7.27371072731056e-05,0.5
0,0.0299657818121045,1.46520079493563,-6.33980982906964e-05,0.5
0,0.0248090858565988,1.4740670162724,-4.91272478616279e-05,0.5
0,0,1.48022947417166,-3.36073587604671e-05,0.5
0,0.0189152950626324,1.47033704965518,-5.26539120225136e-05,0.5
0,0,1.48920049249153,-1.28079210695882e-05,0.5
0,0,1.47536484517622,-4.02439956060152e-05,0.5
0,0,1.47770041147546,-3.46154092731707e-05,0.5
0,0,1.47584487869428,-3.72706967648799e-05,0.5
0,0,1.47427370736954,-3.96522247752191e-05,0.5
0,0,1.47271161051603,-4.20352254099871e-05,0.5
0,0,1.47120533053492,-4.43833607667653e-05,0.5
0,0,1.46974891842333,-4.66953826945208e-05,0.5
0,0,1.46834157369275,-4.89713880618711e-05,0.5
0,0,1.46698175155394,-5.12110485145392e-05,0.5
0,0,1.46566805337552,-5.34141944444553e-05,0.5
0,0.000698116068676263,1.46439911272903,-5.55806747772955e-05,0.5
0,0.00370774562507029,1.46935572374895,-4.90612648297937e-05,0.5
0,0.00680461572757981,1.47788631322249,-3.72318815893842e-05,0.5
0,0,1.48624880038406,-2.27055930861072e-05,0.5
0,0.00388392916221679,1.47459862673467,-4.07604775871674e-05,0.5
0.00723627777401249,0.00742770766451625,1.4935818339173,-1.40210564950685e-05,0.5
0,0,1.49897408810605,-1.13281711448337e-06,0.5
0,0,1.48600938967691,-2.20522946272725e-05,0.5
0,0,1.48850148264515,-1.67032025639997e-05,0.5
0,0,1.48533823895344,-2.13896314859385e-05,0.5
0,0,1.48304520622964,-2.42984237062889e-05,0.5
0,0,1.4805768948818,-2.76845328185153e-05,0.5
0,0,1.47822161609452,-3.09769429280108e-05,0.5
0,0,1.47593744306267,-3.42320872494461e-05,0.5
0,0,1.4737289596635,-3.7440988371559e-05,0.5
0,0,1.47159320840876,-4.06033258468419e-05,0.5
0,0,1.46952803560809,-4.37186697175052e-05,0.5
0,0,1.4675312558803,-4.67866443887849e-05,0.5
0,0,1.46560077299856,-4.98069484664244e-05,0.5
0,0,1.4637345618227,-5.2779337824023e-05,0.5
0,0,1.4619306677074,-5.57036246164615e-05,0.5
0,0,1.46018720342352,-5.85796733058218e-05,0.5
0,0,1.45850234656772,-6.14073974491294e-05,0.5
0,0,1.4568743370285,-6.41867565635765e-05,0.5
0,0,1.45530147456903,-6.69177531746108e-05,0.5
0,0,1.45378211651198,-6.96004300196786e-05,0.5
0,0,1.45231467552302,-7.22348674024797e-05,0.5
0,0,1.45089761748843,-7.48211806895256e-05,0.5
0,0,1.44952945948245,-7.73595179417423e-05,0.5
0,0.00036686723981297,1.44820876782035,-7.98500576741495e-05,0.5
0,0.00346956406821365,1.45055995780696,-7.72273410014715e-05,0.5
0,0.00696680922615868,1.45780860316852,-6.75965578624773e-05,0.5
0,0.0100130331419959,1.46510850406761,-5.75955184180385e-05,0.5
0,0.0131172457395043,1.47390466451155,-4.53467341235759e-05,0.5
0,0,1.4810286702278,-3.17030492664579e-05,0.5
0,0.00898122841358385,1.46995426987937,-4.95577384472626e-05,0.5
0,0.0107181472832689,1.49240185455106,-1.73230043212387e-05,0.5
0,0.00360334760417824,1.49546041981922,-1.03933163047783e-05,0.5
0,0.00937702750471581,1.49705338960762,-8.98682093921968e-06,0.5
0.0270295299298581,0.00733894956616227,1.50983853976081,1.06886732337667e-05,0.5
0.0395105469119316,0.00958316696981495,1.51480844876774,1.83985674965079e-05,0.5
0.0562597234428059,0,1.52297779677781,3.32464409811167e-05,0.5
0.0287467634419439,0.00106870290280625,1.51046477295639,1.50552855141931e-05,0.5
0.054014811793418,0.00162544132716533,1.52117268920962,3.11382452436598e-05,0.5
0.0536018749469127,0,1.52097819806351,3.22440816216529e-05,0.5
0.0375365279074323,0,1.51401692974474,2.31005637105963e-05,0.5
0.03696264054055,0,1.51356067901143,2.30055565006777e-05,0.5
0.0312626113104908,0,1.51098230656919,2.00820222359843e-05,0.5
0.0261547539120355,0,1.50860012571794,1.72096997416521e-05,0.5
0.0211947166601527,0,1.50626753002519,1.4362319868474e-05,0.5
0.0164633256522953,0,1.50401117786778,1.15399832886042e-05,0.5
0.0119452731742563,0,1.50182601728135,8.74626213023829e-06,0.5
0.00763530770323354,0,1.49971031272275,5.98166731064906e-06,0.5
0,0,1.49766186108156,3.90982450756534e-06,0.5
0,0,1.49537810710828,3.24191499246196e-07,0.5
0,0,1.49340917009758,-1.85130537911186e-06,0.5
0,0,1.49122173614025,-5.2363360584537e-06,0.5
0,0,1.48926625530888,-7.96146710217388e-06,0.5
0,0,1.48730969318734,-1.08435277365046e-05,0.5
0,0,1.48542583471071,-1.33792584869572e-05,0.5
0,0,1.48347149846214,-1.65438845563699e-05,0.5
0,0,1.48168425001521,-1.82904851768831e-05,0.5
0,0,1.47948047826178,-2.23483031467117e-05,0.5
0,0,1.4777030028088,-2.49449049447615e-05,0.5
0,0,1.47583675680549,-2.79502531005897e-05,0.5
0,0,1.47405475354927,-3.08594923872802e-05,0.5
0,0,1.47232607098052,-3.37314958101919e-05,0.5
0,0,1.47065410907423,-3.59542486272798e-05,0.5
0,0,1.46876722427797,-3.95179844701928e-05,0.5
0,0,1.46716009672104,-4.16258002253085e-05,0.5
0,0,1.46527735807174,-4.5188919097194e-05,0.5
0,0,1.46366371558858,-4.78984371450186e-05,0.5
0,0,1.46202019804562,-5.0811960492318e-05,0.5
0,0,1.46044456907475,-5.36052846936648e-05,0.5
0,0,1.45890348984257,-5.61558695790489e-05,0.5
0,0,1.45732061468519,-5.92336378927248e-05,0.5
0,0,1.45587314664695,-6.10117637563872e-05,0.5
0,0,1.45411827794393,-6.47738213760722e-05,0.5
0,0,1.45269373583727,-6.72004152641593e-05,0.5
0,0,1.45117647372347,-7.01146361918886e-05,0.5
0,0,1.44975229796037,-7.28357494019744e-05,0.5
0,0,1.44836364728245,-7.53988312749114e-05,0.5
0,0,1.44696070341781,-7.82328820864568e-05,0.5
0,0,1.44565734041818,-8.03059700955889e-05,0.5
0,0,1.44415481043345,-8.35340071013028e-05,0.5
0,0,1.44288831668432,-8.54942115143963e-05,0.5
0,0,1.44137365980563,-8.87396962781558e-05,0.5
0,0,1.44009949955739,-9.12079536703653e-05,0.5
0,0,1.4387940671739,-9.38524779055125e-05,0.5
0,0,1.43754709438227,-9.64177651847104e-05,0.5
0,0,1.43634195101781,-9.89348775501968e-05,0.5
0,0.00157624989750335,1.43518006649946,-0.000101399535759289,0.5
0,0.00538165306369344,1.43902754399366,-9.68783139633288e-05,0.5
0,0.00875610942246363,1.44346533411425,-9.12892094303826e-05,0.5
0,0.0121002243049401,1.4485564899675,-8.46992373297866e-05,0.5
0,0.0153268185211351,1.45478070959179,-7.63640699556745e-05,0.5
0,0.0183312197425472,1.46175247291978,-6.67837302177432e-05,0.5
0,0.0206973772264872,1.47189479618612,-5.23579502082419e-05,0.5
0,0.0181939120883995,1.47911092534566,-4.08241702614658e-05,0.5
0,0.0231609445419055,1.48764234169353,-2.90738752727438e-05,0.5
0,0.0144370168519364,1.49516080973709,-1.55418098982167e-05,0.5
0,0.0221584669303774,1.50173864696135,-6.97848830539141e-06,0.5
0.0032660099855571,0.0131784997465578,1.51041208760442,8.42041786252546e-06,0.5
0.0226814020609827,0.0195868303926382,1.51798717159153,1.90632648863019e-05,0.5
0.0352465821244176,0.00396100698140807,1.52482845125997,3.32226318554132e-05,0.5
0.0349746880897846,0.011343377483652,1.52370343462455,3.09294396223841e-05,0.5
0.0639234707873263,0.0103007660791604,1.53620123389819,5.05334532456076e-05,0.5
0.0730396551322693,0.00853306925858306,1.54012146708929,5.79572559057671e-05,0.5
0.0892047690749658,0.00812574871631504,1.54697401525024,6.92679887243422e-05,0.5
0.102496454294377,0.00677930579919233,1.5526718533878,7.92699393890644e-05,0.5
0.121731143966066,0.00620116069609953,1.56088686703513,9.29405737929653e-05,0.5
0.134595556688454,0.00425838897204409,1.56646183768754,0.000103080841838758,0.5
0.141943759466235,0.00137054703165234,1.5697222019139,0.000109857488636187,0.5
0.137457528854351,0,1.56801323838056,0.000109414498688599,0.5
0.121244773077799,0,1.5613334119937,0.000101523056104729,0.5
0.117553883408759,0,1.55985059899361,0.000100898556688998,0.5
0.108723032403725,0,1.55623586595695,9.72671978215281e-05,0.5
0.100531731521448,0,1.55283287880613,9.36777466853962e-05,0.5
0.0925753607161547,0,1.54950816500406,9.01029008814186e-05,0.5
0.0849304745051449,0,1.54628696883901,8.65457410401686e-05,0.5
0.0775796798393856,0,1.54316355004812,8.30104985710746e-05,0.5
0.0705150152329363,0,1.54013527854284,7.949860848823e-05,0.5
0.0637272716085126,0,1.53719911279747,7.60119472132865e-05,0.5
0.0572077556812488,0,1.53435218172812,7.2552164391093e-05,0.5
0.0509480519420911,0,1.53159170604975,6.91208062633349e-05,0.5
0.0449400468357273,0,1.52891500626372,6.57193014573952e-05,0.5
0.0391759119518231,0,1.52631949709792,6.23489701190972e-05,0.5
0.0336480936391938,0,1.52380268407111,5.90110290706072e-05,0.5
0.0283493021608049,0,1.52136215990559,5.57065972929428e-05,0.5
0.0232725014387831,0,1.51899560113503,5.24367010562285e-05,0.5
0.018410899209352,0,1.51670076484812,4.92022788161124e-05,0.5
0.0137579375934097,0,1.51447548556976,4.60041858715082e-05,0.5
0.00930728406072766,0,1.51231767227255,4.2843198797471e-05,0.5
0.00505282277094256,0,1.51022530551297,3.97200196635248e-05,0.5
0.000988646274647,0,1.5081964346868,3.66352800477053e-05,0.5
0,0,1.50622917539849,3.35895448560206e-05,0.5
0,0,1.50432170693942,3.05833159565771e-05,0.5
0,0,1.50247226987036,2.76170356371753e-05,0.5
0,0,1.5006791637036,2.46910898947576e-05,0.5
0,0,1.4989407446802,2.18058115646911e-05,0.5
0,0,1.4972554236385,1.89614832974861e-05,0.5
0,0,1.49562166396971,1.61583403901883e-05,0.5
0,0,1.49403797965684,1.339657347934e-05,0.5
0,0,1.49250293339347,1.06763311020728e-05,0.5
0,0,1.49101513477876,7.99772213158798e-06,0.5
0,0,1.48957323858552,5.36081809297667e-06,0.5
0,0,1.48817594309819,2.76565536505547e-06,0.5
0,0,1.48682198851761,2.12237273619009e-07,0.5
0,0,1.48551015542991,-2.29946391874256e-06,0.5
0,0,1.48423926333663,-4.76950512135823e-06,0.5
0,0,1.48300816924351,-7.19797061805188e-06,0.5
0,0,1.48181576630543,-9.58497035912931e-06,0.5
0,0,1.48066098252521,-1.19306383385369e-05,0.5
0,0,1.4795427795038,-1.42351310521532e-05,0.5
0,0,1.47846015123991,-1.64986260333641e-05,0.5
0,0,1.47741212297682,-1.87213204622566e-05,0.5
0,0,1.47639775009443,-2.09034298449353e-05,0.5
0,0,1.47541611704475,-2.30451867596345e-05,0.5
0,0,1.47446633632887,-2.51468396664524e-05,0.5
0,0,1.4735475475137,-2.72086517776849e-05,0.5
0,0,1.47265891628694,-2.92308999858787e-05,0.5
0,0,1.47179963354852,-3.12138738468586e-05,0.5
0,0,1.47096891453715,-3.3157874615112e-05,0.5
0,0,1.47016599799037,-3.50632143290392e-05,0.5
0,0,1.46939014533689,-3.69302149436917e-05,0.5
0,0,1.46864063991972,-3.87592075087355e-05,0.5
0,0,1.46791678624894,-4.05505313894804e-05,0.5
0,0,1.46721790928284,-4.23045335289186e-05,0.5
0,0,1.46654335373628,-4.4021567748812e-05,0.5
0,0,1.46589248341516,-4.57019940879601e-05,0.5
0,0,1.46526468057594,-4.73461781758668e-05,0.5
0,0,1.46465934530918,-4.89544906401094e-05,0.5
0,0,1.46407589494612,-5.0527306545791e-05,0.5
0,0,1.4635137634874,-5.20650048655346e-05,0.5
0,0,1.462972401053,-5.35679679785485e-05,0.5
0,0,1.46245127335254,-5.50365811973625e-05,0.5
0,0,1.46194986117515,-5.6471232320898e-05,0.5
0,0.00111007440692545,1.46146765989808,-5.78723112126005e-05,0.5
0,0.00483349268584726,1.46665738399077,-5.13474437170119e-05,0.5
0,0.00835604235837347,1.47386705973917,-4.16820237694162e-05,0.5
0,0.0117369555470211,1.4816648023781,-3.09840430638696e-05,0.5
0.017656364560984,0.00596256206052511,1.49010236009122,-1.72466288864274e-05,0.5
0.0318003188970901,0.0142403633802177,1.49500785620823,-1.15151486379566e-05,0.5
0.0512375245838345,0,1.50462729489391,6.0311308791267e-06,0.5
0.030390689199968,0.00770751966650322,1.4942166470011,-1.04364521584663e-05,0.5
0.0780961609924689,0.0106391704512004,1.5143216896062,1.84081874713844e-05,0.5
0.0816370249723397,0,1.51761833821176,2.84304511080462e-05,0.5
0.00526395934788956,0,1.50776575538822,1.44311788377386e-05,0.5
0.049483945800718,0,1.50965710627766,1.6540783786338e-05,0.5
0,0,1.50796522643987,1.82762081495057e-05,0.5
0.00692009706904843,0,1.50563768382056,1.30802479702055e-05,0.5
0,0,1.50395435273971,1.17526972704723e-05,0.5
0,0,1.50204880427554,9.22710351868305e-06,0.5
0,0,1.50026331848989,6.87373889287235e-06,0.5
0,0,1.49852277457499,4.51938679115554e-06,0.5
0,0,1.49683807721573,2.19183365959455e-06,0.5
0,0,1.49520661714873,-1.09408974462303e-07,0.5
0,0,1.49362693505942,-2.38354131812683e-06,0.5
0,0,1.49209746886136,-4.62995479554874e-06,0.5
0,0,1.49061672450459,-6.84809766995885e-06,0.5
0,0,1.48918325604685,-9.03747042636852e-06,0.5
0,0,1.48779566630086,-1.11976243143353e-05,0.5
0,0,1.48645260469554,-1.33281583071949e-05,0.5
0,0,1.48515276557761,-1.54287166130136e-05,0.5
0,0,1.48389488653029,-1.74989862296494e-05,0.5
0,0,1.48267774676714,-1.95386946283472e-05,0.5
0,0,1.48150016558968,-2.15476075455533e-05,0.5
0,0,1.48036100090712,-2.35255268802435e-05,0.5
0,0,1.47925914781542,-2.5280688727897e-05,0.5
0,0,1.47815325225504,-2.73928537071845e-05,0.5
0,0,1.47711980537969,-2.87532287655045e-05,0.5
0,0,1.47600260374731,-3.11312711141748e-05,0.5
0,0,1.47501640239015,-3.24433990657289e-05,0.5
0,0,1.47393061812455,-3.47732400441756e-05,0.5
0,0,1.4729700881422,-3.62723123474975e-05,0.5
0,0,1.47195079802818,-3.84067700663809e-05,0.5
0,0,1.47102027748519,-4.01809305749555e-05,0.5
0,0,1.47009780020251,-4.20227940592054e-05,0.5
0,0,1.46921170693663,-4.38191928846917e-05,0.5
0,0,1.46835502637242,-4.55843240651843e-05,0.5
0,0,1.4675279587083,-4.7316127348229e-05,0.5
0,0,1.46672960638687,-4.90148216682398e-05,0.5
0,0,1.46595918872389,-5.06805411049776e-05,0.5
0,0,1.46521593631377,-5.23134447457758e-05,0.5
0,0,1.46449910467329,-5.39137065317494e-05,0.5
0,0,1.4638079718878,-5.54815139148592e-05,0.5
0,0,1.4631418380339,-5.70170670618099e-05,0.5
0,0,1.46250002438824,-5.85205779293676e-05,0.5
0,0,1.46188187269725,-5.99922694239976e-05,0.5
0,0,1.46128674447029,-6.14323745973854e-05,0.5
0,0,1.46071402030062,-6.28411358839179e-05,0.5
0,0,1.46016309921199,-6.4218804376886e-05,0.5
0,0.00147569655497546,1.4596333980302,-6.55656391417892e-05,0.5
0,0.00511040220773447,1.46482642627889,-5.89267648403438e-05,0.5
0,0.00803367961179442,1.46924424651879,-5.30523253243453e-05,0.5
0,0.0111453859509079,1.47485160589637,-4.54771039711654e-05,0.5
0,0.0141133367980684,1.48150920408304,-3.62169740550063e-05,0.5
0,0.0168986983158678,1.48883972826761,-2.58039463969019e-05,0.5
0.0175832104117292,0.0155108023231095,1.49803283166959,-1.16496822121242e-05,0.5
0.0369370445098544,0.0190217058771339,1.50570353884513,-5.62716342351758e-07,0.5
0.0538581812357529,0.0126253635691706,1.51332868180518,1.26151894538957e-05,0.5
0.0533869803434367,0.00825502527986318,1.52033670856662,2.30792958417181e-05,0.5
0.0760607887134391,0.0141785795885805,1.52423148906152,2.95870395717621e-05,0.5
0.0912514756716687,0.0130361857035202,1.53213810908032,4.20347752576104e-05,0.5
0.103671511626895,0.0127991400719821,1.53718201560832,5.06586648524435e-05,0.5
0.117767465056916,0.0127984213461543,1.54293530669462,6.02572178676304e-05,0.5
0.131390015295981,0.0124159779905062,1.5485232038098,6.98210867004003e-05,0.5
0.144172410012502,0.0117166975852444,1.55377790180723,7.90200696444713e-05,0.5
0.156089450329456,0.0106948993859124,1.55868891771728,8.78352078010074e-05,0.5
0.166834612602091,0.00931398849348473,1.56312594572371,9.60658756694164e-05,0.5
0.176025734240062,0.00753613134040424,1.56692559231728,0.000103454710086212,0.5
0.178427756735674,0.00456465640048208,1.56788184497585,0.000106793872175706,0.5
0.180723355925032,0.00166921076069231,1.56878179729962,0.00010994961216408,0.5
0.177622334076147,0,1.56741786421578,0.000109842130155289,0.5
0.167625923288359,0,1.56312657825745,0.000105340368777778,0.5
0.164258055896908,0,1.56158073009898,0.000104593090691401,0.5
0.158373980702303,0,1.55898617469767,0.000102347353511511,0.5
0.152875601149962,0,1.55651937419331,0.000100103275316459,0.5
0.147559989075954,0,1.55411341408928,9.78567274304507e-05,0.5
0.14246246832424,0,1.55177993726037,9.56083220019854e-05,0.5
0.137572637932873,0,1.5495155119209,9.33612051626079e-05,0.5
0.132884702794241,0,1.54731822467865,9.11169412089861e-05,0.5
0.128392340860858,0,1.54518598846155,8.8877291928648e-05,0.5
0.12408953536169,0,1.54311681703637,8.66438706690618e-05,0.5
0.119970462264145,0,1.54110878783855,8.44182038411065e-05,0.5
0.116029499028593,0,1.53916004486261,8.22017256765551e-05,0.5
0.112261214867774,0,1.53726879544176,7.99957838685986e-05,0.5
0.108660363919344,0,1.53543330799066,7.78016433690967e-05,0.5
0.105221878301539,0,1.53365190970946,7.56204902715398e-05,0.5
0.10194086149969,0,1.53192298439742,7.34534354872772e-05,0.5
0.0988125820055503,0,1.53024497035006,7.13015182668714e-05,0.5
0.0713364332475366,0,1.52861635833978,7.01665122126107e-05,0.5
0.0844771514825319,0,1.52666268523152,6.67792862748516e-05,0.5
0.0762813264598422,0,1.52507039516782,6.48324870984441e-05,0.5
0.0731970806025836,0,1.52339750761003,6.24577010925443e-05,0.5
0.0703179701978307,0,1.52179536894329,6.01528601239619e-05,0.5
0.0675693456766042,0,1.52023644163839,5.78633920695217e-05,0.5
0.0649596372538871,0,1.51872389645049,5.5598302584895e-05,0.5
0.0095571292281422,0,1.51725604565261,5.55202479394124e-05,0.5
0.0412387526844653,0,1.51485575443741,5.03525647911833e-05,0.5
0.027025712987419,0,1.51330868104124,4.84436975936453e-05,0.5
0.0235596683101009,0,1.51148723729004,4.55420604728745e-05,0.5
0.0203914763950796,0,1.50977015852312,4.27821433347658e-05,0.5
0.0173502525974386,0,1.50809476870199,4.004011423815e-05,0.5
0.014461461699409,0,1.50647031222071,3.73351967903133e-05,0.5
0.011718164456516,0,1.50489450117227,3.46670364812201e-05,0.5
0.00911652829431289,0,1.50336607000092,3.20359605094971e-05,0.5
0.00665241905574917,0,1.50188365406988,2.94422052017629e-05,0.5
0.00432188189625599,0,1.50044594789933,2.68859589182522e-05,0.5
0.00212108304959025,0,1.49905168598639,2.43673740390502e-05,0.5
4.6312946963448e-05,0,1.49769964382897,2.18865667170409e-05,0.5
0,0,1.49638863611209,1.94436193778531e-05,0.5
0,0,1.49511751533653,1.93438534385535e-05,0.5
0,0,1.49249111870336,1.34343871204591e-05,0.5
0,0,1.49103748475227,1.13016928724881e-05,0.5
0,0,1.48919541936607,8.02467663076286e-06,0.5
0,0,1.48747048577061,4.91662229525071e-06,0.5
0,0,1.48578704064584,1.83881853421667e-06,0.5
0,0,1.48415672735522,-1.1877703069776e-06,0.5
0,0,1.48257699091831,-4.16398483391178e-06,0.5
0,0,1.48104655897298,-7.08991316730935e-06,0.5
0,0,1.47956401959036,-9.96571704849202e-06,0.5
0,0,1.47812802584246,-1.27915980593964e-05,0.5
0,0,1.47673727088123,-1.55677814873989e-05,0.5
0,0,1.4753904898172,-1.82945178610347e-05,0.5
0,0,1.47408645775024,-2.09720805741128e-05,0.5
0,0,1.47282398838904,-2.27004432893913e-05,0.5
0,0,1.47092387756415,-2.67862132275705e-05,0.5
0,0,1.46960744504836,-2.92769944901138e-05,0.5
0,0,1.46813088854084,-3.2207834966664e-05,0.5
0,0,1.46672761695918,-3.50393536622484e-05,0.5
0,0,1.46536468548022,-3.74249651608867e-05,0.5
0,0,1.46377636373742,-4.07854008698317e-05,0.5
0,0,1.46244980900659,-4.23301062536652e-05,0.5
0,0,1.46042323927354,-4.67647242776752e-05,0.5
0,0,1.4589943324318,-4.93784563571338e-05,0.5
0,0,1.45740186844748,-5.2498515342558e-05,0.5
0,0,1.45589208911938,-5.55015382430407e-05,0.5
0,0,1.45442638913368,-5.84568716631872e-05,0.5
0,0,1.45300995791118,-6.13544372117393e-05,0.5
0,0,1.45164086852599,-6.38871005897986e-05,0.5
0,0,1.4500875685706,-6.71690476027666e-05,0.5
0,0,1.44876467575132,-6.88889547310507e-05,0.5
0,0,1.44667726577628,-7.32993190205376e-05,0.5
0,0,1.44524293029358,-7.59750244355778e-05,0.5
0,0,1.44363115458173,-7.91262652091914e-05,0.5
0,0,1.4421040347287,-8.21624458674199e-05,0.5
0,0,1.44062326650826,-8.51468287324045e-05,0.5
0,0,1.4391939664026,-8.76223830175423e-05,0.5
0,0,1.43744596113994,-9.12323669892089e-05,0.5
0,0,1.43604206143391,-9.3313931906894e-05,0.5
0,0,1.43400264775799,-9.74403161868608e-05,0.5
0,0,1.43249141898262,-0.000100266468923113,0.5
0,0,1.43084564529446,-0.000103458620584139,0.5
0,0,1.42928941717408,-0.000106432485662866,0.5
0,0,1.42770616590489,-0.00010950694788945,0.5
0,0,1.4261646304066,-0.000112327089437313,0.5
0,0,1.42449111958468,-0.000115691815823042,0.5
0,0,1.42302858525886,-0.000117969635187859,0.5
0,0,1.42105446704265,-0.000121929229005346,0.5
0,0,1.41954576807021,-0.000124315114929402,0.5
0,0,1.41756056205634,-0.000128180701574308,0.5
0,0,1.41595945320055,-0.000130927318895347,0.5
0,0,1.41410287092763,-0.000134486797950804,0.5
0,0,1.41248000298974,-0.000137265380213772,0.5
0,0,1.41062054311687,-0.000140854002054164,0.5
0,0,1.40901814627179,-0.000143453426738144,0.5
0,0,1.40705250997589,-0.000147252049332366,0.5
0,0,1.40543988474044,-0.000149819468917118,0.5
0,0,1.40342721856829,-0.000153665370182757,0.5
0,0,1.40177618467536,-0.000156347764879898,0.5
0,0,1.39978984101054,-0.000160103054324967,0.5
0,0,1.39811486395771,-0.000162840091342352,0.5
0,0,1.39613630247173,-0.000166569787626217,0.5
0,0,1.39445849267165,-0.000169261792500711,0.5
0,0,1.39244351233522,-0.000173054461819923,0.5
0,0,1.39076036972248,-0.000175714510685637,0.5
0,0.00551566967064353,1.38871322700198,-0.000179546267194702,0.5
0,0.00375790129071968,1.3915091273623,-0.000176043793941706,0.5
0,0.011616463082153,1.38982499375945,-0.000179145259223781,0.5
0,0.0154613890790435,1.39512357150367,-0.000172521541963209,0.5
0,0.0195249767091083,1.40026493749644,-0.000165836920449665,0.5
0,0.0237029187092422,1.40822177906549,-0.000155220707514357,0.5
0,0.027532182081819,1.4186794826964,-0.000140873127810506,0.5
0,0,1.42230351774694,-0.000117837502340059,0.5
0,0.011963221206503,1.41212503344828,-0.000145626252289069,0.5
0,0.001359683912675,1.43577789738942,-0.000108329017576165,0.5
0,0.00181139856731574,1.42472260825456,-0.000123624093958762,0.5
0,0.00575140230574735,1.43086725226886,-0.000115620901724317,0.5
0,0.00814918405876436,1.43921152919158,-0.000103755033313656,0.5
0,0.0103862672052786,1.44602571753861,-9.39737039018213e-05,0.5
0,0.0123495774434772,1.45249581029548,-8.45666627127512e-05,0.5
0,0.0143217233922369,1.46107056272288,-7.20525737121428e-05,0.5
0,0.0142529468612327,1.46942553095859,-5.92188612276182e-05,0.5
0,0.0149011773212806,1.4772752611905,-4.72251282219002e-05,0.5
0,0.0129367748650466,1.48512169734867,-3.45423399825059e-05,0.5
0,0.00895736255755836,1.49273660001974,-2.16984178433265e-05,0.5
0,0.0123484451476399,1.49857821779606,-1.30297262804503e-05,0.5
0,0.00632222985826761,1.50741131044323,2.19667862998996e-06,0.5
0,0.00756001144647545,1.50923884406568,5.54594533997826e-06,0.5
0,0.00706778828386359,1.52058992606061,2.3369270953104e-05,0.5
0,0.00531406840259178,1.52600834835749,3.29466614659079e-05,0.5
0,0.00319144002050113,1.53020239311463,4.06207577551364e-05,0.5
0,6.35073591791714e-05,1.53185451927924,4.47125513443113e-05,0.5
0,0,1.52274500007605,3.31850018650112e-05,0.5
0,0,1.52039752359279,3.09393838009529e-05,0.5
0,0,1.51636755411606,2.64286223453149e-05,0.5
0,0,1.51215954735676,2.13969472051868e-05,0.5
0,0,1.50807517903009,1.64243436183e-05,0.5
0,0,1.50412096458287,1.15074589017274e-05,0.5
0,0,1.50029511936019,6.65148897888749e-06,0.5
0,0,1.49659354085253,1.85740214663735e-06,0.5
0,0,1.49301219781723,-2.87370407647276e-06,0.5
0,0,1.48954718837593,-7.54089367212479e-06,0.5
0,0,1.48619475436384,-1.21433489504286e-05,0.5
0,0,1.482951276428,-1.66803679270958e-05,0.5
0,0,1.47981326836882,-2.11513566332245e-05,0.5
0,0,1.47677737162222,-2.55558222818282e-05,0.5
0,0,1.47384034996841,-2.98933667292777e-05,0.5
0,0,1.47099908448219,-3.41636803117239e-05,0.5
0,0,1.46825056871151,-3.83665360271424e-05,0.5
0,0,1.46559190407413,-4.25017840459513e-05,0.5
0,0,1.4630202954616,-4.65693465320321e-05,0.5
0,0,1.46053304704049,-5.05692127572228e-05,0.5
0,0,1.45812755824152,-5.45014344932341e-05,0.5
0,0,1.45580131992744,-5.83661216658265e-05,0.5
0,0,1.45355191073109,-6.21634382569144e-05,0.5
0,0,1.45137699355556,-6.58935984410474e-05,0.5
0,0,1.44927431222863,-6.95568629434591e-05,0.5
0,0,1.44724168830432,-7.31535356075745e-05,0.5
0,0,1.44527701800437,-7.6683960160525e-05,0.5
0,0,1.44337826929319,-8.01485171658456e-05,0.5
0,0,1.44154347907997,-8.35476211531186e-05,0.5
0,0,1.4397707505419,-8.68817179148837e-05,0.5
0,0,1.43805825056294,-9.01512819616614e-05,0.5
0,0,1.43640420728266,-9.3356814126434e-05,0.5
0,0,1.43480690775006,-9.64988393103966e-05,0.5
0,0,1.4332646956775,-9.9577904362238e-05,0.5
0,0,1.43177596929012,-0.000102594576083627,0.5
0,0,1.43033917926634,-0.000105549439353977,0.5
0,0,1.4289528267652,-0.000108443095367947,0.5
0,0.00256235617206232,1.42761546153668,-0.00011127615997946,0.5
0,0.00688964893130604,1.43578340989182,-0.000100777269606221,0.5
0,0.0102245800349053,1.44311810361491,-9.09719262647444e-05,0.5
0,0.0137003020037037,1.45169886045045,-7.93363248939248e-05,0.5
0,0.00987758966992221,1.45971592934303,-6.65870377853897e-05,0.5
0,0.0170551491577066,1.46695441479239,-5.75574137197678e-05,0.5
0,0,1.47463314662383,-4.03037716224995e-05,0.5
0,0.0081362502857492,1.46327215437258,-6.04822947061256e-05,0.5
0,0.00611130977545661,1.48581630532188,-2.69469493444512e-05,0.5
0,0.00755200165005529,1.4889342900821,-2.18574756777239e-05,0.5
0,0,1.49614865150299,-7.00619643210903e-06,0.5
0,0,1.48420483842843,-2.63815842501897e-05,0.5
0,0,1.4863008429982,-2.24359668354189e-05,0.5
0,0,1.48367068787379,-2.57684290873783e-05,0.5
0,0,1.48136583732392,-2.89227943844979e-05,0.5
0,0,1.4790818114168,-3.20564580244584e-05,0.5
0,0,1.47687701479922,-3.51522109533528e-05,0.5
0,0,1.47474356141583,-3.82059620635159e-05,0.5
0,0,1.47268020060251,-4.12179521708008e-05,0.5
0,0,1.47068465669432,-4.41874781313495e-05,0.5
0,0,1.46875486696347,-4.71141003037181e-05,0.5
0,0,1.46688881881329,-4.99974082220258e-05,0.5
0,0,1.46508457252393,-5.28370580643125e-05,0.5
0,0,1.4633402548606,-5.56327623886335e-05,0.5
0,0.000620574437395667,1.46165405704185,-5.83842878021702e-05,0.5
0,0.00324453577977775,1.46691431055098,-5.13359039762942e-05,0.5
0,0.00596832401777644,1.47604144581995,-3.84843574693696e-05,0.5
0,0,1.48368504525214,-2.49922399610784e-05,0.5
0,0.00220617350237072,1.47154215752918,-4.38302695202428e-05,0.5
0,0.00516560629897193,1.48833977354197,-1.99098886758222e-05,0.5
0,0,1.49552370638254,-7.57130229161605e-06,0.5
0,0.00065323268059253,1.48257090753525,-2.65816053194306e-05,0.5
0,0.00311850244429247,1.4929097114721,-1.18609238141489e-05,0.5
0,0.00429082161065486,1.50193595785414,1.75918060371689e-06,0.5
0,0.00543007382337573,1.50932533488862,1.29940405480199e-05,0.5
0,0,1.51606307859917,2.51025889165292e-05,0.5
0,0,1.50393691754376,7.42953345168031e-06,0.5
0,0,1.50611689293769,1.10983397608503e-05,0.5
0,0,1.50349115205044,8.05393857674005e-06,0.5
0,0,1.50119773177007,5.12084937735022e-06,0.5
0,0,1.49892069549765,2.20987029478416e-06,0.5
0,0,1.49672081540066,-6.74638690554788e-07,0.5
0,0,1.4945899664993,-3.52687998074706e-06,0.5
0,0,1.49252703395112,-6.34702708057164e-06,0.5
0,0,1.49052981170015,-9.13406261896887e-06,0.5
0,0,1.48859631215527,-1.18872691256659e-05,0.5
0,0,1.4867245935974,-1.46059613302951e-05,0.5
0,0,1.48491278452867,-1.72895281240034e-05,0.5
0,0,1.48315907723751,-1.99374216540142e-05,0.5
0,0,1.48146172592557,-2.25491549497805e-05,0.5
0,0,1.47981904424186,-2.51242983734976e-05,0.5
0,0,1.47822940302022,-2.76624764446429e-05,0.5
0,0,1.47669122809528,-3.0163364790043e-05,0.5
0,0,1.47520299821153,-3.26266872496101e-05,0.5
0,0,1.47376324301862,-3.50522131246848e-05,0.5
0,0,1.47237054114944,-3.74397545629779e-05,0.5
0,0,1.47102351837747,-3.9789164073399e-05,0.5
0,0,1.46972084584973,-4.21003321645348e-05,0.5
0,0.00134805226979154,1.46846123839213,-4.43731851008216e-05,0.5
0,0.0043910485538092,1.47508532986721,-3.54937617998647e-05,0.5
0,0.00684244574166527,1.48231702386521,-2.53469488410954e-05,0.5
0,0.00934486657520242,1.49034902369608,-1.39309593747589e-05,0.5
0,0,1.49769301721469,-5.91872490253567e-07,0.5
0,0.00466796182238559,1.48679237340513,-1.77237675383454e-05,0.5
0,0.00774184041041825,1.50578102546103,9.56017298362373e-06,0.5
0.000110862315755921,0.00174084861707813,1.51096695206477,1.92749027581836e-05,0.5
0,0.00492570533562681,1.50932170365802,1.65133486706628e-05,0.5
0.02677346626645,0.00646418012571371,1.52141813430155,3.45213096216758e-05,0.5
0.0444030708305202,0.00669242740748,1.52875190733915,4.62395967149141e-05,0.5
0.0590103114939913,0,1.53548387421048,5.8264454285235e-05,0.5
0.0326387362764009,0,1.52370612003328,4.15318708917974e-05,0.5
0.0380783448763155,0,1.52586134024582,4.53472439945788e-05,0.5
0.032497971831079,0,1.52333758622242,4.26946917434475e-05,0.5
0.027876939884417,0,1.52113107839285,4.01188503471561e-05,0.5
0.0232960689818967,0,1.51893850958433,3.75573209363877e-05,0.5
0.0189320513370632,0,1.51681816279429,3.50101342384857e-05,0.5
0.0147616226928154,0,1.51476236545184,3.24835668531815e-05,0.5
0.0107816991621956,0,1.51277009789314,2.99777063554206e-05,0.5
0.00698606710066322,0,1.51083930809947,2.74938293842107e-05,0.5
0.0033691279162035,0,1.50896814721973,2.50329168371779e-05,0.5
0,0,1.50715480861574,2.25959112112238e-05,0.5
0,0,1.50539755042456,2.01836771384864e-05,0.5
0,0,1.50369468970322,1.7797011668735e-05,0.5
0,0,1.50204460072402,1.5436646691177e-05,0.5
0,0,1.50044571273507,1.31032524186841e-05,0.5
0,0,1.49889650790082,1.07974405320622e-05,0.5
0,0,1.49739551931255,8.51976720532336e-06,0.5
0,0,1.49594132908139,6.27073598562969e-06,0.5
0,0,1.49453256650817,4.05080053936279e-06,0.5
0,0,1.49316790632697,1.86036726970913e-06,0.5
0,0,1.49184606701939,-3.00202188251635e-07,0.5
0,0,1.4905658091964,-2.43058858937085e-06,0.5
0,0,1.48932593404499,-4.53051281182097e-06,0.5
0,0,1.48812528183683,-6.59973369695297e-06,0.5
0,0,1.48696273049638,-8.63804599075621e-06,0.5
0,0,1.48583719422588,-1.06345169292707e-05,0.5
0,0,1.48474535995602,-1.24198704188844e-05,0.5
0,0,1.4836481683981,-1.45698786858836e-05,0.5
0,0,1.48262307279563,-1.59482804877591e-05,0.5
0,0,1.48151019892527,-1.83718370062106e-05,0.5
0,0,1.48052920567136,-1.97230059868075e-05,0.5
0,0,1.47944861742942,-2.20805302718056e-05,0.5
0,0,1.47849053408458,-2.36294974628454e-05,0.5
0,0,1.47747633655281,-2.57856996670274e-05,0.5
0,0,1.47654712569359,-2.73539076107546e-05,0.5
0,0,1.47557525324264,-2.94782397287793e-05,0.5
0,0,1.47468570326436,-3.08999019698356e-05,0.5
0,0,1.47372925889527,-3.31014444695746e-05,0.5
0,0,1.47287544526375,-3.44485780915485e-05,0.5
0,0,1.47194103039092,-3.66479592023289e-05,0.5
0,0,1.47111361811139,-3.80298042538196e-05,0.5
0,0,1.47021591108996,-4.01478253473095e-05,0.5
0,0,1.46941326342497,-4.15421324835883e-05,0.5
0,0,1.46854906144403,-4.36095643873779e-05,0.5
0,0,1.46777428121809,-4.49479176849867e-05,0.5
0,0,1.46693245787897,-4.70160945400466e-05,0.5
0,0,1.46618517141536,-4.82982505028517e-05,0.5
0,0,1.4653636633942,-5.03584303613936e-05,0.5
0,0,1.46464019803035,-5.1623946866416e-05,0.5
0,4.41722672553469e-05,1.46384337042364,-5.36443266520767e-05,0.5
0,0,1.46356588150624,-5.43024439747143e-05,0.5
0,0.00206154651206521,1.46247978965104,-5.67024576106408e-05,0.5
0,0,1.46479686445313,-5.37274900822415e-05,0.5
0,0.00408807090783754,1.46189232405214,-5.85439232082963e-05,0.5
0,0.00289634952190533,1.46599623227649,-5.31777617632971e-05,0.5
0,0.00711238871839847,1.46562861162415,-5.4235306574551e-05,0.5
0,0.00954127488368367,1.47057483230201,-4.77799508039987e-05,0.5
0,0.0117065385525781,1.47365518491312,-4.36561303887622e-05,0.5
0,0.0141374591584885,1.47769565455344,-3.82091744276664e-05,0.5
0,0.0163545002110161,1.4821731667424,-3.19712432042464e-05,0.5
0,0.0190122828811574,1.48966650631699,-2.13512408783985e-05,0.5
0,0.0139540919235246,1.49900435568169,-6.18285672991763e-06,0.5
0.0025496088627853,0.0210181953455386,1.50581009842324,2.8509713464004e-06,0.5
0.0144811955591886,0,1.51287334593307,1.83586578917629e-05,0.5
0,0.0107460157377711,1.50284494585331,1.61290766697225e-06,0.5
0.0437872993581648,0.0120427707561296,1.52349167511247,3.21173792072575e-05,0.5
0.0525413145063737,0.00939343317820486,1.52718908239455,3.93637306015073e-05,0.5
0.0679571308476153,0.0113209733365255,1.53331280944782,4.87323748733342e-05,0.5
0.0863697091114392,0.00416834075316185,1.5416838889067,6.34725243563545e-05,0.5
0.0947355241089518,0.00808258070684254,1.54453445056887,6.80603751083841e-05,0.5
0.116245168611792,0,1.55459588466332,8.59377915279433e-05,0.5
0.0882973571997705,0,1.54204503890001,6.83909209364351e-05,0.5
0.0933683311978652,0,1.54410345012328,7.25189226567103e-05,0.5
0.0877273216175912,0,1.54157893679183,7.02852097834826e-05,0.5
0.0830445154380453,0,1.53937117714446,6.8103421764436e-05,0.5
0.0784033861309936,0,1.53717775432724,6.59243446882068e-05,0.5
0.0739751733487159,0,1.53505514804921,6.37454882684444e-05,0.5
0.0697370878893185,0,1.53299584370095,6.15736718868203e-05,0.5
0.0656860205424837,0,1.53099881360136,5.94093526078242e-05,0.5
0.0618158619807064,0,1.52906204063502,5.7254165803428e-05,0.5
0.0581210969785027,0,1.5271837039069,5.51094472939552e-05,0.5
0.0545963386154018,0,1.5253620249044,5.29764842271161e-05,0.5
0.0512363925304671,0,1.52359528872471,5.0856477617155e-05,0.5
0.0480362400882665,0,1.52188183850973,4.87505524069877e-05,0.5
0.0449910332795344,0,1.52022007376005,4.66597601211532e-05,0.5
0.0420960881361679,0,1.51860844815784,4.45850824945463e-05,0.5
0.0393468786540346,0,1.51704546755762,4.25274347774366e-05,0.5
0.0367390309197136,0,1.51552968804458,4.04876689191441e-05,0.5
0.0342683174754779,0,1.51405971407168,3.84665766069277e-05,0.5
0.0319306519063126,0,1.51263419667023,3.64648921707066e-05,0.5
0.0297220836407431,0,1.51125183173113,3.44832953588301e-05,0.5
0.0276387929565036,0,1.50991135835402,3.25224139906239e-05,0.5
0.025677086182618,0,1.50861155726121,3.05828264910794e-05,0.5
0.0238333910898088,0,1.50735124927407,2.86650643128333e-05,0.5
0.0221042524614895,0,1.5061292938491,2.67696142503564e-05,0.5
0.0204863278379316,0,1.50494458767122,2.48969206510537e-05,0.5
0.0189763834265086,0,1.50379606330211,2.3047387527772e-05,0.5
0.00404972910774011,0,1.50268268788113,2.17738134365717e-05,0.5
0.0116999716635031,0,1.50144379891781,1.93441621398483e-05,0.5
0,0,1.50037709592504,1.81219449691724e-05,0.5
0.0024352114631264,0,1.49915402706651,1.57319127903817e-05,0.5
0,0,1.49808921896851,1.39908761631046e-05,0.5
0,0,1.49700698424545,1.20836508017708e-05,0.5
0,0,1.4959675062286,1.02248825096418e-05,0.5
0,0,1.49495853847863,9.46135605132907e-06,0.5
0,0,1.49367202877739,6.44239611583655e-06,0.5
0,0,1.49268579995421,4.86962291175922e-06,0.5
0,0,1.49161555339471,2.87793343420276e-06,0.5
0,0,1.49060060137015,9.66868996237341e-07,0.5
0,0,1.48961333704513,-9.22560915058158e-07,0.5
0,0,1.48865749412389,-2.67371440786721e-06,0.5
0,0,1.48770092720545,-4.62316255736555e-06,0.5
0,0,1.48680078098877,-4.55367507384026e-06,0.5
0,0,1.48538549489765,-8.42375340012739e-06,0.5
0,0,1.48446663126744,-9.81753836228685e-06,0.5
0,0,1.48337753287143,-1.19525562299332e-05,0.5
0,0,1.48236131519325,-1.39648623360107e-05,0.5
0,0,1.48137027275159,-1.59580326668168e-05,0.5
0,0,1.48041160151174,-1.7916314085694e-05,0.5
0,0,1.4794838047632,-1.98404048165531e-05,0.5
0,0,1.47858612998859,-2.17303481997945e-05,0.5
0,0,1.47771774631869,-2.35862612959221e-05,0.5
0,0,1.4768778588587,-2.54082821757408e-05,0.5
0,0,1.47606569547597,-2.67236987266208e-05,0.5
0,0,1.47507109857982,-2.90912776456765e-05,0.5
0,0,1.47427680449731,-3.00936694626393e-05,0.5
0,0,1.47315196147897,-3.276971490618e-05,0.5
0,0,1.47230582728966,-3.44516449300627e-05,0.5
0,0,1.47139089648006,-3.63984044204105e-05,0.5
0,0,1.47052163287027,-3.82780667166788e-05,0.5
0,0,1.46967871510462,-3.98309275602229e-05,0.5
0,0,1.46871043351849,-4.20520078680624e-05,0.5
0,0,1.46789637267846,-4.3438328036641e-05,0.5
0,0,1.46687631639739,-4.57727131251341e-05,0.5
0,0,1.4660438753891,-4.71818591373024e-05,0.5
0,0,1.46500136296004,-4.95384600407711e-05,0.5
0,0,1.46414395512728,-5.102022890028e-05,0.5
0,0,1.46309738594583,-5.33592483721266e-05,0.5
0,0,1.46222165094794,-5.48738213669802e-05,0.5
0,0,1.46116210830678,-5.72330155672064e-05,0.5
0,0,1.46027424201419,-5.90762871639275e-05,0.5
0,0,1.45936431567493,-6.10305665180424e-05,0.5
0,0,1.45849391447445,-6.29313004829016e-05,0.5
0,0,1.45765268042483,-6.47964482958325e-05,0.5
0,0,1.456841446376,-6.66236166986357e-05,0.5
0,0,1.45605925653151,-6.84131616200819e-05,0.5
0,0,1.45530533710836,-7.01653616433273e-05,0.5
0,0,1.45457891494561,-7.18805104018223e-05,0.5
0,0,1.45387924280315,-7.35589134981878e-05,0.5
0,0.00015512444814866,1.4532055956032,-7.52008856352078e-05,0.5
0,0.0031563287897099,1.45387234285163,-7.49701530654599e-05,0.5
0,0.00662586360990514,1.45820913942696,-6.95469821452182e-05,0.5
0,0.00964038116113552,1.46215060520004,-6.44580926783169e-05,0.5
0,0.0127202556484177,1.46699643805715,-5.80417429172933e-05,0.5
0,0.0156424400500745,1.47263599008116,-5.0337948448507e-05,0.5
0,0.0183756473750675,1.47879613484661,-4.17303132060941e-05,0.5
0,0.0209054148054241,1.48540531235202,-3.23104150845908e-05,0.5
0,0.0232061650636482,1.49238379217617,-2.21774538642965e-05,0.5
0.00308500001791927,5.69307165822293e-05,1.50036976873809,-5.04061363102065e-06,0.5
0,0.0154181633060342,1.49136367656172,-2.10041537576299e-05,0.5
0.0313602384033643,0.00666370670137819,1.51125190547849,1.02307588076214e-05,0.5
0.0324998310303063,0.0115910917555365,1.51086767675378,9.71753520272621e-06,0.5
0.0566967919363914,0.00489044857716403,1.52173075303955,2.75369837844808e-05,0.5
0.0628749692025368,0.00921711926155325,1.52360528226297,3.0434352301102e-05,0.5
0.0900722860300742,0.00981049884890612,1.53503808909537,4.79966767061349e-05,0.5
0.102019712935698,0.00025760865741584,1.5408602095841,5.95846011029587e-05,0.5
0.0857065286809784,0.00209842080510528,1.53316298019058,4.87704130363035e-05,0.5
0.108878973975079,0.00205435619826657,1.54289949579213,6.39720582265587e-05,0.5
0.111700296790383,0,1.54400009475071,6.7290446560939e-05,0.5
0.0948980556099762,0,1.53672741014249,5.81320441061037e-05,0.5
0.0957162184743642,0,1.53681801175008,5.91921819387773e-05,0.5
0.0906048791668627,0,1.53446730848143,5.70145155592308e-05,0.5
0.0860950364462288,0,1.53231561684052,5.48580676556321e-05,0.5
0.0816960886759072,0,1.53020113903326,5.27086048485434e-05,0.5
0.0774991050541777,0,1.52815390146863,5.0563676094404e-05,0.5
0.0734889828657985,0,1.52616892209146,4.84277516215257e-05,0.5
0.0696614553037635,0,1.52424479132431,4.63016515553402e-05,0.5
0.0660106821636839,0,1.5223795806479,4.41868266804037e-05,0.5
0.0625312372717718,0,1.52057149830758,4.20845247291025e-05,0.5
0.0592178470308391,0,1.51881880295178,3.99959325317322e-05,0.5
0.0560654232496957,0,1.51711981447791,3.79221566058302e-05,0.5
0.0530690507770046,0,1.51547290994397,3.58642303708942e-05,0.5
0.0502239818267708,0,1.51387652169218,3.38231171307147e-05,0.5
0.0267975629766786,0,1.51232913523381,3.26465732352938e-05,0.5
0.0379586932598686,0,1.51058178285147,2.96728396692644e-05,0.5
0.0309386544873466,0,1.5090965950546,2.78488008867429e-05,0.5
0.0283082626694711,0,1.50756519773706,2.56882340820827e-05,0.5
0.0258653265954662,0,1.50609839834723,2.35908010746597e-05,0.5
0.010801114028327,0,1.50467348454564,2.20305847317134e-05,0.5
0.0171743788764908,0,1.50318264999356,1.94320519364681e-05,0.5
0,0,1.50183583381476,1.81946378744467e-05,0.5
0.00460561163973217,0,1.50028681902356,1.53212235643751e-05,0.5
0,0,1.49896268021139,1.34036778977507e-05,0.5
0,0,1.49760402933192,1.12229086358398e-05,0.5
0,0,1.49630182025395,9.10358824409316e-06,0.5
0,0,1.49503747726244,7.0076708586296e-06,0.5
0,0,1.4938128344903,5.7720385506629e-06,0.5
0,0,1.49238599318797,2.79505276241655e-06,0.5
0,0,1.49120697197228,9.50060172177951e-07,0.5
0,0,1.48997508277902,-1.21316549779819e-06,0.5
0,0,1.4887992316679,-3.30440109218135e-06,0.5
0,0,1.48765723248027,-5.16426031596212e-06,0.5
0,0,1.48644376619581,-7.48787594990483e-06,0.5
0,0,1.48535382594501,-9.08938615479877e-06,0.5
0,0,1.48403827170476,-1.16968368823446e-05,0.5
0,0,1.48294595668709,-1.32717358351211e-05,0.5
0,0,1.48158196315195,-1.59822813077705e-05,0.5
0,0,1.48045539975596,-1.80173341278676e-05,0.5
0,0,1.47929054202949,-2.0215959056988e-05,0.5
0,0,1.47817334587363,-2.23588510879633e-05,0.5
0,0,1.47709041201375,-2.44682468442042e-05,0.5
0,0,1.47604292012236,-2.65409077603602e-05,0.5
0,0,1.47502970714705,-2.85770065659094e-05,0.5
0,0,1.47404984737078,-3.05766416581037e-05,0.5
0,0,1.4731024137615,-3.25399339976466e-05,0.5
0,0,1.47218651149749,-3.44670263961913e-05,0.5
0,0,1.47130127301973,-3.63580792315191e-05,0.5
0,0,1.47044585763129,-3.82132698988491e-05,0.5
0,0,1.46961945047582,-4.00327915611682e-05,0.5
0,0,1.4688212616416,-4.18168520927201e-05,0.5
0,0,1.46805052528743,-4.35656730539337e-05,0.5
0,0,1.46730649880415,-4.52794887215743e-05,0.5
0,0,1.46658846200829,-4.69585451675419e-05,0.5
0,0,1.46589571636664,-4.86030993846442e-05,0.5
0,0,1.46522758425063,-5.02134184570334e-05,0.5
0,0,1.46458340821913,-5.17897787732103e-05,0.5
0,0,1.46396255032862,-5.33324652795832e-05,0.5
0,0,1.4633643914696,-5.48417707726639e-05,0.5
0,3.67054928422588e-05,1.46278833072801,-5.63179952280711e-05,0.5
0,0.0027900752072936,1.46326313235376,-5.63218504770108e-05,0.5
0,0.00672223917230832,1.47094486862543,-4.61945074235571e-05,0.5
0,0.00987574116212129,1.47804100569087,-3.64595727635053e-05,0.5
0.00209691856093848,0.010457468743396,1.4874316311897,-2.27689387070588e-05,0.5
0.017013724063288,0.00276220419485086,1.49431671541166,-1.07570429322884e-05,0.5
0.0241341189994861,0.011725296316242,1.49608772796094,-9.70066863443249e-06,0.5
0,0,1.50775642859696,1.58107038090001e-05,0.5
0,0,1.49467939370442,-7.70260988214645e-06,0.5
0,0,1.49709624228089,-1.93509087355325e-06,0.5
0,0,1.49434222625762,-5.77257434485844e-06,0.5
0,0,1.49223004200073,-8.46813545323587e-06,0.5
0,0,1.49002386769019,-1.14352609848261e-05,0.5
0,0,1.48790791357643,-1.43418517568189e-05,0.5
0,0,1.48585670031535,-1.72160278021798e-05,0.5
0,0,1.48387221450305,-2.00530725600948e-05,0.5
0,0,1.48195204599472,-2.28523746588903e-05,0.5
0,0,1.48009428869552,-2.56133985544214e-05,0.5
0,0,1.47829703789832,-2.83356485566474e-05,0.5
0,0,1.47655846235083,-3.10186983089773e-05,0.5
0,0,1.47487679247557,-3.36621773867163e-05,0.5
0,0,1.47325031934168,-3.62657698594837e-05,0.5
0,0,1.4716773921364,-3.88292108147445e-05,0.5
0,0,1.47015641596196,-4.13522834198925e-05,0.5
0,0,1.46868584969124,-4.38348160734769e-05,0.5
0,0,1.46726420391824,-4.62766797108639e-05,0.5
0,0,1.46589003899327,-4.86777852456494e-05,0.5
0,0,1.46456196313994,-5.10380811418908e-05,0.5
0,0,1.46327863065032,-5.33575511104358e-05,0.5
0,0,1.46203874015472,-5.56362119232783e-05,0.5
0,0,1.46084103296282,-5.7874111340117e-05,0.5
0,0,1.45968429147301,-6.00713261415912e-05,0.5
0,0,1.45856733764695,-6.22279602639375e-05,0.5
0,0,1.45748903154643,-6.43441430300687e-05,0.5
0,0,1.45644826992994,-6.64200274723254e-05,0.5
0,0,1.45544398490616,-6.84557887423805e-05,0.5
0,0,1.45447514264205,-7.04516226040019e-05,0.5
0,0.00187674048561001,1.45354074212306,-7.24077440045873e-05,0.5
0,0.00553325591915859,1.45904086855729,-6.53900578509319e-05,0.5
0,0.00881469780916933,1.46603838738317,-5.59454200003562e-05,0.5
0,0.0119524434839594,1.47337368229968,-4.58571143441465e-05,0.5
0,0.0146098874777343,1.47993806000927,-3.66390954158421e-05,0.5
0,0.0174402024923333,1.48866398680863,-2.42324903029414e-05,0.5
0.0118863310881593,0.0173480399204578,1.49692178835139,-1.16586998283933e-05,0.5
0.0311262560640085,0.0186423830997471,1.50486127829424,2.54855149444882e-07,0.5
0.0455436039265669,0.00645280507222,1.51207867401572,1.3990529034354e-05,0.5
0.0453983707731497,0.0120038374981032,1.5134903561071,1.51391258333531e-05,0.5
0.0732138200006783,0.0133218807137497,1.52353697922033,3.07213061774686e-05,0.5
0.0747809460943572,0.0111360456442761,1.52464295137175,3.36722845841254e-05,0.5
0.0848573488941726,0.0110665594787549,1.52872711014057,4.04660012509882e-05,0.5
0.0939503808879889,0.0104021744509656,1.532446975402,4.70281061357467e-05,0.5
0.10163259362776,0.00948048124270428,1.53557579694049,5.27631240564911e-05,0.5
0.103408494369276,0.00765321826917657,1.53621628463768,5.49890180462633e-05,0.5
0.107482519283808,0.00623080917299621,1.53781660902258,5.85019238931441e-05,0.5
0.10965575528597,0.00439537928715004,1.53862866220059,6.09531628070477e-05,0.5
0.110035853743322,0.00236102053241217,1.53867550722685,6.22566089053192e-05,0.5
0.108213081457382,7.17039150927864e-05,1.53778386268734,6.2168258146883e-05,0.5
0.100078932402774,0,1.53420833706034,5.81527256797827e-05,0.5
0.0957142876704371,0,1.53218457868935,5.61722654220843e-05,0.5
0.0907637195800458,0,1.52991237818554,5.38229730701413e-05,0.5
0.0857043137252951,0,1.52756865835812,5.12519393227946e-05,0.5
0.0808607499481335,0,1.52529683225577,4.86971010175393e-05,0.5
0.0762231617676307,0,1.52309364125581,4.61576869218183e-05,0.5
0.071789342746111,0,1.52095835491704,4.36357916350278e-05,0.5
0.0399863878745848,0,1.518888834345,4.2258973304393e-05,0.5
0.0536469147914948,0,1.51636905780899,3.8245416282046e-05,0.5
0.0435409074426515,0,1.51433945075105,3.59345625495268e-05,0.5
0.0391405640706861,0,1.51220298021648,3.31141660492369e-05,0.5
0.0350103082881371,0,1.51015918359603,3.03782136771941e-05,0.5
0.0310551178679607,0,1.50817342175682,2.76614197218321e-05,0.5
0.027285251043606,0,1.50624951765513,2.49747295306741e-05,0.5
0,0,1.50438516461496,2.36662112385615e-05,0.5
0.00849074650585487,0,1.50196848661803,1.92279093594666e-05,0.5
0,0,1.50011780387396,1.68233193535799e-05,0.5
0,0,1.49812196089729,1.38163635078451e-05,0.5
0,0,1.49622064416688,1.09167944144085e-05,0.5
0,0,1.49437239470026,8.04448736338875e-06,0.5
0,0,1.49258241105724,5.2122250613924e-06,0.5
0,0,1.49084843012948,2.41989012717467e-06,0.5
0,0,1.4891688839708,3.30291930734087e-08,0.5
0,0,1.48729252680321,-3.26700095353876e-06,0.5
0,0,1.48566889948145,-4.61666257521242e-06,0.5
0,0,1.48313245286201,-9.50593720162643e-06,0.5
0,0,1.4813775976,-1.21560543734839e-05,0.5
0,0,1.47940527553644,-1.54557546407676e-05,0.5
0,0,1.47753222417516,-1.86352299779625e-05,0.5
0,0,1.47571177191387,-2.17747615377292e-05,0.5
0,0,1.473950183913,-2.48621630542385e-05,0.5
0,0,1.47224508950312,-2.78978960945298e-05,0.5
0,0,1.47059494112667,-3.07102922978587e-05,0.5
0,0,1.4688684163812,-3.39287782451121e-05,0.5
0,0,1.46729797055092,-3.53243607488198e-05,0.5
0,0,1.46462204883151,-4.06943570207941e-05,0.5
0,0,1.46290427444527,-4.34643106716241e-05,0.5
0,0,1.46090372750402,-4.69915008606077e-05,0.5
0,0,1.45901304669317,-5.03762575687502e-05,0.5
0,0,1.4571756901123,-5.37135394711292e-05,0.5
0,0,1.45539966979431,-5.69892300630778e-05,0.5
0,0,1.45368238011573,-6.02041930757786e-05,0.5
0,0,1.4520222312425,-6.31158382552008e-05,0.5
0,0,1.45021666685135,-6.66249519967546e-05,0.5
0,0,1.44862618038911,-6.88376989797933e-05,0.5
0,0,1.4463578571162,-7.3318470177299e-05,0.5
0,0,1.44469136531866,-7.61214125114884e-05,0.5
0,0,1.44273953241854,-7.98030892220631e-05,0.5
0,0,1.44098784554291,-8.30621864716185e-05,0.5
0,0,1.43924818873526,-8.61749369543948e-05,0.5
0,0,1.43744709313341,-8.96872228519025e-05,0.5
0,0,1.4358061346334,-9.19629189358506e-05,0.5
0,0,1.43359931247191,-9.64481622831252e-05,0.5
0,0,1.43193167142832,-9.92252447829907e-05,0.5
0,0,1.42998130055333,-0.00010297374667771,0.5
0,0,1.42824792483046,-0.000106229303200952,0.5
0,0,1.42652074500479,-0.000109478462684248,0.5
0,0,1.42481609119074,-0.00011271244626333,0.5
0,0,1.42312953999258,-0.000116035085440292,0.5
0,0,1.42154803732881,-0.000119156817029263,0.5
0,0,1.42000157589071,-0.000122262409608294,0.5
0,0,1.41851341583765,-0.000125296653237641,0.5
0,0,1.41707844436404,-0.000128266312834681,0.5
0,0,1.41569576432887,-0.000131171128370787,0.5
0,0.000510920372738507,1.41436380038642,-0.000134011890628222,0.5
0,0.00463306993664407,1.41354531454228,-0.000136145379003003,0.5
0,0.00882565708282898,1.41336234736296,-0.000137380836309734,0.5
0,0.0130013538666604,1.41317405241082,-0.000138594492768025,0.5
0,0.0172276476365297,1.41325896370021,-0.000139417628712511,0.5
0,0.0214425565098422,1.41353451696063,-0.000139944726078951,0.5
0,0.0261178469806423,1.41998714699563,-0.000131907452469112,0.5
0,0.0297896465667994,1.42281622857462,-0.00012854044641118,0.5
0,0.0341405883261928,1.43070533397425,-0.000118259194920917,0.5
0,0.0375466704642444,1.43660122262794,-0.000110332768741748,0.5
0,0.028063368089044,1.44688626989387,-9.29200553288166e-05,0.5
0,0.0260436233098253,1.45418978414425,-8.15965759867363e-05,0.5
0,0.0128549127658658,1.46184395303223,-6.69995215743211e-05,0.5
0,0.0281938830321729,1.46975819374694,-5.88294607601432e-05,0.5
0,0,1.47707997566528,-4.05699330234031e-05,0.5
0,0.0147224037018448,1.46542231622804,-6.1110718663174e-05,0.5
0,0.0149072999139863,1.48830327461568,-2.75935741894127e-05,0.5
0,0,1.48976426027329,-1.82850246236891e-05,0.5
0,0.00311280504775464,1.47836038001217,-3.8446272680931e-05,0.5
0,0.00120170430596543,1.4923184093043,-1.71910154489051e-05,0.5
0,0,1.48829913467258,-2.18632234870772e-05,0.5
0,0,1.4832428683965,-2.88013319241151e-05,0.5
0,0,1.48243928469422,-2.96556671284946e-05,0.5
0,0,1.47993465222942,-3.28600784243371e-05,0.5
0,0,1.47759581068327,-3.59961363135292e-05,0.5
0,0,1.47531336104234,-3.90953466804698e-05,0.5
0,0,1.47310820792254,-4.21548499852093e-05,0.5
0,0,1.47097587727295,-4.51723353903941e-05,0.5
0,0,1.46891447694258,-4.8147583776809e-05,0.5
0,0.000225061996428137,1.4669217582218,-5.10799957648619e-05,0.5
0,0.00168954443881036,1.46755652075817,-5.03567796444196e-05,0.5
0,0.00346513430448092,1.47081319355091,-4.58567605120581e-05,0.5
0,0.00509189508992322,1.47448958849076,-4.06442447569753e-05,0.5
0,0.00677763122474952,1.47912694158969,-3.39996462810647e-05,0.5
0,0.00802874775719762,1.48296575744268,-2.83432741442282e-05,0.5
0,0.00946484241578311,1.48825538784075,-2.05750090478941e-05,0.5
0,0.0101540490557138,1.49175046885114,-1.51655578693326e-05,0.5
0,0.0111048942300345,1.4965887324266,-7.84137738451825e-06,0.5
0,0.0117239030845869,1.50139948038561,-3.79829985791612e-07,0.5
0.00354650523733278,0.0127655466599758,1.50858012160877,1.05443962634425e-05,0.5
0.0229566221739019,0.00785447941114168,1.51732799754263,2.51417020813688e-05,0.5
0.0385028840952944,0.0120436749289777,1.52345677984747,3.41739522661966e-05,0.5
0.0532256283676695,0,1.53099419621459,4.869324960516e-05,0.5
0.0247034583349758,0.000913781920229665,1.51810094428083,2.98682429853502e-05,0.5
0.0445302518273734,0.000208098797486764,1.52658275243955,4.30613688794579e-05,0.5
0.0323003203213418,0,1.52144139188393,3.7076785905047e-05,0.5
0.0249099712493472,0,1.51817251945232,3.30255293824302e-05,0.5
0.0200660781528915,0,1.51600495853029,3.06720172716982e-05,0.5
0.0139529955464032,0,1.51328045051456,2.74245087520927e-05,0.5
0.00816994481869687,0,1.51066567238432,2.42170228630848e-05,0.5
0.00261237451591262,0,1.50812612357144,2.10383622024329e-05,0.5
0,0,1.50566709639133,1.7891119205182e-05,0.5
0,0,1.50328546386374,1.47768921586892e-05,0.5
0,0,1.50097894482347,1.16966029321013e-05,0.5
0,0,1.49874520409775,8.65122079855176e-06,0.5
0,0,1.49658200428879,5.64160519808922e-06,0.5
0,0,1.49448718355033,2.66853905355258e-06,0.5
0,0,1.49245865566329,-2.67271976485125e-07,0.5
0,0,1.49049440666307,-3.16519447371186e-06,0.5
0,0,1.48859249209667,-6.02466338265825e-06,0.5
0,0,1.48675103431822,-8.84517817825928e-06,0.5
0,0,1.48496821990993,-1.16262992468448e-05,0.5
0,0,1.4832422972095,-1.43676444438705e-05,0.5
0,0,1.48157157394156,-1.70688858239557e-05,0.5
0,0,1.47995441494784,-1.97297465341983e-05,0.5
0,0,1.4783892400121,-2.23499978629227e-05,0.5
0,0,1.47687452177534,-2.4929456436283e-05,0.5
0,0,1.47540878373743,-2.74679815555324e-05,0.5
0,0,1.47399059834132,-2.99654726681187e-05,0.5
0,0,1.47261858513624,-3.24218669660975e-05,0.5
0,0,1.47129140901625,-3.48371371056764e-05,0.5
0,0,1.47000777853114,-3.72112890420001e-05,0.5
0,0,1.46876644426619,-3.95443599735752e-05,0.5
0,0,1.467566197288,-4.18364163910072e-05,0.5
0,0,1.46640586765349,-4.40875522249776e-05,0.5
0,0,1.46528432297921,-4.62978870886386e-05,0.5
0,0.00151243758209486,1.46420046706848,-4.84675646098349e-05,0.5
0,0.00488930230724799,1.4705958355266,-4.01021057615638e-05,0.5
0,0.00766817491289334,1.47751175580249,-3.06104964279021e-05,0.5
0,0.0108772119580986,1.48714163609191,-1.7156133670593e-05,0.5
0,0.00175895906444095,1.49378584654255,-5.23080990519623e-06,0.5
0,0.0095742764572758,1.49237120412999,-8.73448691881965e-06,0.5
0.0257736423576364,0,1.5068638576337,1.51833469327137e-05,0.5
0,0.00280090233480864,1.49377671621178,-4.64967780179818e-06,0.5
0.0344576575419284,0.00506456314445,1.5091806730705,1.74937063346103e-05,0.5
0.0488536745436963,0.00526396911116703,1.51511250940054,2.70016086894233e-05,0.5
0.0643108904928261,0.00636398341745927,1.52140560295329,3.65732773389452e-05,0.5
0.0809061218093617,0.00710528202758142,1.52823640944089,4.72232449857963e-05,0.5
0.0997411631835511,0.00784857000839922,1.53604758588205,5.94564455399462e-05,0.5
0.118255499598673,0.00774039710355504,1.54380860788895,7.19380787419394e-05,0.5
0.135889953919263,0.0079455338525777,1.55115512264288,8.38799725624349e-05,0.5
0.153134950753765,0.00660032248594753,1.55849233649494,9.61992376196805e-05,0.5
0.167290189278406,0.00620394504103314,1.56438451237728,0.000106320276679635,0.5
0.181971076550488,0.00482453050861346,1.57060772860596,0.00011716915631027,0.5
0.191548018257168,0.00259189298014947,1.57469050114062,0.000125036238006047,0.5
0.191394114041212,0,1.57468972630278,0.000126962874151445,0.5
0.174329208685963,0,1.56756032194001,0.000118358962608887,0.5
0.172807864503253,0,1.56687938775421,0.000118770421751678,0.5
0.165320409921552,0,1.56373916022286,0.000115788178163176,0.5
0.158475618748476,0,1.56081151918024,0.0001128326628489,0.5
0.151805921541443,0,1.55794226923644,0.000109883221450711,0.5
0.145400468451141,0,1.55516080259831,0.000106940230524201,0.5
0.13924249748889,0,1.55246158943687,0.000104008401620191,0.5
0.133325819239918,0,1.54984258563389,0.000101089037732962,0.5
0.12764275544026,0,1.54730125607588,9.81840075754369e-05,0.5
0.122186103405538,0,1.54483522275935,9.52949536360171e-05,0.5
0.116948877098938,0,1.54244217925758,9.2423430748433e-05,0.5
0.111924337089409,0,1.54011990061739,8.95708885159577e-05,0.5
0.107105975818388,0,1.53786623848739,8.67386797384958e-05,0.5
0.102487509600299,0,1.5356791184726,8.39280646097072e-05,0.5
0.098062869999954,0,1.53355653728305,8.11402153348031e-05,0.5
0.0938261956990461,0,1.53149656004429,7.83762204459154e-05,0.5
0.0897718246710515,0,1.52949731770993,7.5637088934865e-05,0.5
0.0858942866758574,0,1.52755700457994,7.29237541951604e-05,0.5
0.0821882960569015,0,1.52567387591911,7.02370777842871e-05,0.5
0.0786487448285607,0,1.52384624567148,6.75778530140051e-05,0.5
