5.000000,5.000000,5.000000,5.000000,5.000000,5.000000,5.000000,5.000000,5.000000,5.000000,5.000000,
5.000000,5.000000,5.000000,5.000000,5.000000,5.000000,5.000000,5.000000,5.000000,5.000000,5.000000,
5.000000,1.867522,5.000000,5.000000,5.000000,2.251494,5.000000,5.000000,5.000000,9.676337,7.772173,
5.000000,1.867522,5.000000,5.000000,5.000000,2.251494,5.000000,5.000000,5.000000,9.676337,7.772173,
2.603738,1.867522,5.000000,5.000000,5.000000,1.067707,5.000000,5.000000,5.000000,9.676337,7.772173,
2.603738,1.867522,5.000000,5.000000,5.000000,1.067707,5.000000,4.428779,5.000000,9.676337,7.772173,
2.603738,1.867522,5.000000,5.000000,5.000000,1.067707,5.000000,4.428779,5.000000,9.676337,7.772173,
2.603738,1.867522,2.187060,6.417286,1.213379,1.067707,5.000000,4.428779,5.000000,9.676337,7.772173,
1.700639,1.867522,8.970010,6.417286,1.213379,1.067707,5.000000,4.428779,5.000000,9.676337,7.772173,
1.700639,1.867522,8.970010,6.417286,1.213379,1.067707,5.000000,4.428779,5.000000,9.676337,7.772173,
1.700639,1.867522,8.970010,6.417286,1.213379,1.067707,5.000000,4.428779,5.000000,9.676337,7.772173,
1.700639,1.867522,8.970010,6.417286,1.213379,1.067707,2.847805,4.428779,5.000000,9.676337,4.768909,
1.700639,1.867522,8.970010,6.417286,1.213379,1.067707,2.847805,4.428779,5.000000,9.676337,1.254535,
1.700639,1.867522,9.060590,6.417286,1.213379,1.067707,2.847805,4.428779,5.000000,9.676337,1.254535,
1.700639,1.867522,4.225349,2.133460,1.213379,1.067707,2.847805,4.428779,5.000000,9.676337,1.254535,
1.700639,1.867522,4.225349,2.133460,1.213379,1.067707,2.847805,4.428779,5.000000,9.676337,1.254535,
1.700639,1.867522,4.225349,2.133460,1.213379,1.067707,1.691415,4.428779,5.000000,9.676337,1.254535,
1.700639,1.867522,4.225349,2.133460,1.213379,10.601626,1.691415,3.245131,6.522199,9.676337,1.254535,
1.700639,1.867522,4.225349,2.133460,1.213379,10.601626,1.691415,3.245131,6.522199,9.676337,1.254535,
1.700639,1.867522,4.225349,2.133460,1.213379,10.601626,1.691415,3.245131,6.522199,9.676337,1.254535,
1.700639,1.867522,4.225349,2.133460,1.213379,10.601626,1.691415,3.245131,6.522199,9.676337,1.254535,
1.700639,1.867522,4.225349,1.340739,1.213379,10.601626,1.691415,3.245131,6.522199,9.676337,1.254535,
1.700639,1.867522,3.911036,1.340739,1.213379,17.541199,1.691415,3.245131,6.522199,9.676337,1.333520,
1.700639,1.867522,3.911036,1.340739,1.213379,17.541199,1.691415,3.245131,6.522199,9.676337,1.333520,
1.700639,1.954007,3.911036,1.340739,1.213379,17.541199,1.691415,3.245131,6.522199,9.676337,1.333520,
1.700639,1.954007,3.911036,1.340739,1.213379,13.660833,1.691415,3.245131,6.522199,9.676337,1.333520,
1.700639,1.954007,3.911036,1.340739,1.213379,13.660833,1.691415,3.245131,6.522199,9.676337,1.333520,
1.700639,1.954007,4.708390,1.340739,1.213379,13.660833,1.691415,3.245131,6.522199,9.676337,1.333520,
1.700639,1.954007,4.708390,1.340739,1.213379,14.789841,1.615878,3.245131,10.914175,10.259211,0.862171,
1.700639,1.954007,4.708390,1.340739,1.213379,15.843310,1.615878,3.245131,10.914175,10.259211,0.862171,
1.700639,1.954007,4.708390,1.340739,1.213379,15.843310,1.615878,3.245131,10.914175,10.259211,0.862171,
1.700639,1.954007,4.708390,2.787029,1.213379,15.843310,1.615878,3.245131,10.914175,10.259211,0.862171,
1.700639,1.954007,4.708390,2.787029,1.213379,15.843310,0.855089,3.245131,11.922379,10.259211,0.862171,
1.700639,1.954007,4.708390,1.713098,1.213379,15.843310,0.855089,3.245131,11.922379,10.259211,0.862171,
1.700639,1.954007,4.708390,1.713098,1.213379,13.052907,0.855089,3.245131,11.922379,10.259211,0.862171,
1.690217,1.954007,4.708390,1.713098,1.213379,14.307115,0.855089,3.245131,11.922379,9.668017,0.862171,
1.690217,1.954007,4.708390,2.398006,1.213379,14.307115,0.855089,3.245131,11.922379,9.668017,0.862171,
1.690217,1.954007,4.708390,2.398006,1.213379,14.307115,0.855089,3.245131,11.922379,4.003042,0.862171,
1.690217,1.954007,4.708390,2.398006,1.213379,14.307115,0.855089,3.245131,11.922379,4.003042,0.862171,
1.690217,1.954007,4.708390,2.398006,1.213379,14.307115,0.855089,3.245131,11.922379,4.003042,0.862171,
1.690217,1.954007,4.708390,2.398006,1.213379,14.307115,0.855089,3.245131,11.922379,4.003042,0.862171,
1.690217,1.954007,4.708390,2.398006,1.213379,14.307115,0.661420,3.245131,11.922379,4.003042,0.905501,
1.690217,1.422563,3.898706,2.398006,1.213379,15.019834,0.661420,3.245131,12.697141,4.003042,0.905501,
1.690217,1.422563,3.898706,2.398006,1.213379,15.019834,0.661420,3.245131,12.697141,4.003042,0.905501,
1.690217,1.422563,3.898706,2.398006,1.213379,15.019834,0.661420,3.245131,12.697141,4.003042,0.905501,
1.690217,1.422563,3.898706,2.398006,1.213379,15.019834,0.661420,3.245131,12.697141,4.003042,0.905501,
1.690217,1.422563,3.898706,2.398006,1.213379,15.019834,0.661420,3.245131,12.697141,4.003042,0.905501,
1.690217,1.422563,3.898706,2.398006,1.213379,15.019834,0.661420,3.245131,11.308979,4.003042,0.905501,
1.690217,1.422563,3.898706,2.398006,1.213379,15.019834,0.661420,3.245131,11.308979,4.003042,0.905501,
1.690217,1.422563,3.898706,2.398006,1.213379,15.019834,0.661420,3.245131,11.308979,4.003042,0.905501,
1.690217,1.422563,3.898706,2.398006,1.213379,15.019834,0.661420,3.245131,11.308979,4.003042,0.905501,
1.690217,1.422563,3.898706,2.398006,1.213379,15.019834,0.661420,3.245131,11.308979,4.003042,0.905501,
1.690217,1.422563,3.898706,2.398006,1.213379,15.019834,0.661420,3.245131,11.308979,4.003042,0.905501,
1.690217,1.422563,3.898706,2.398006,1.213379,15.019834,0.661420,3.245131,11.308979,4.003042,0.905501,
1.690217,1.422563,3.898706,2.398006,1.213379,15.019834,0.661420,3.245131,11.308979,4.003042,0.905501,
1.690217,1.422563,3.898706,2.398006,1.213379,15.019834,0.661420,3.245131,11.308979,4.003042,0.905501,
1.690217,1.422563,3.898706,2.398006,1.213379,15.019834,0.661420,3.245131,11.308979,4.003042,0.905501,
1.690217,1.422563,3.898706,2.398006,1.213379,15.019834,0.661420,3.245131,11.308979,4.003042,0.905501,
1.690217,1.422563,3.898706,2.398006,1.213379,15.019834,0.661420,3.245131,11.308979,4.003042,0.905501,
1.690217,1.422563,3.898706,2.398006,1.213379,15.019834,0.661420,3.245131,11.308979,4.003042,0.905501,
1.690217,1.422563,3.898706,2.398006,1.213379,15.019834,0.661420,3.245131,11.308979,4.003042,0.905501,
1.690217,1.422563,3.898706,2.398006,1.213379,15.019834,0.661420,3.245131,11.308979,4.003042,0.905501,
1.690217,1.422563,3.898706,2.398006,1.213379,15.019834,0.661420,3.245131,11.308979,4.003042,0.905501,
1.690217,1.422563,3.898706,2.398006,1.213379,15.019834,0.661420,3.245131,11.308979,4.003042,0.905501,
1.690217,1.422563,3.898706,2.398006,1.213379,15.019834,0.661420,3.245131,11.308979,4.003042,0.905501,
1.690217,1.422563,3.898706,2.398006,1.213379,10.664574,0.661420,3.245131,11.308979,4.003042,0.905501,
1.690217,1.422563,3.898706,2.398006,1.213379,10.664574,0.661420,3.245131,11.308979,4.003042,0.905501,
1.690217,1.422563,3.898706,2.398006,1.213379,10.664574,0.661420,3.245131,11.308979,4.003042,0.905501,
1.690217,1.422563,3.898706,2.398006,1.213379,10.664574,0.661420,3.245131,11.308979,4.003042,0.905501,
1.690217,1.422563,3.898706,2.398006,1.213379,10.664574,0.661420,3.245131,11.308979,4.003042,0.905501,
1.690217,1.422563,3.898706,2.398006,1.213379,10.664574,0.661420,3.245131,11.308979,4.003042,0.905501,
1.690217,1.422563,3.898706,2.398006,1.213379,10.664574,0.661420,3.245131,11.308979,4.003042,0.905501,
1.690217,1.422563,3.898706,2.398006,1.213379,10.664574,0.661420,3.245131,11.308979,4.003042,0.905501,
1.690217,1.422563,3.898706,2.398006,1.213379,7.379838,0.661420,3.245131,11.308979,2.217512,2.290251,
1.690217,1.422563,3.898706,7.317737,1.213379,2.889474,0.661420,3.245131,11.308979,2.217512,2.290251,
1.690217,1.422563,3.898706,7.317737,1.213379,5.512553,0.661420,3.245131,11.308979,2.217512,2.290251,
1.690217,1.499613,3.898706,5.053053,1.213379,5.512553,0.661420,3.245131,11.308979,2.217512,2.290251,
1.690217,1.499613,3.898706,3.675268,1.213379,5.512553,0.661420,3.245131,11.308979,2.217512,2.290251,
1.690217,1.499613,3.898706,3.675268,1.213379,5.512553,0.661420,3.245131,11.308979,2.217512,2.290251,
1.690217,1.499613,3.898706,3.675268,1.213379,5.512553,0.661420,3.245131,11.308979,2.217512,2.290251,
1.690217,1.499613,3.898706,3.675268,1.213379,5.086702,0.661420,3.245131,11.308979,2.217512,2.290251,
1.690217,1.499613,3.898706,3.675268,1.213379,5.086702,0.661420,3.245131,11.308979,2.217512,2.290251,
1.690217,1.445861,3.898706,3.675268,1.213379,5.086702,0.661420,3.245131,11.308979,2.217512,2.290251,
1.690217,1.445861,3.898706,3.675268,1.213379,9.890784,0.661420,3.245131,11.308979,2.217512,2.290251,
1.690217,1.445861,3.898706,3.675268,1.213379,9.890784,0.661420,3.245131,11.308979,2.217512,2.290251,
1.690217,1.445861,3.898706,3.675268,1.213379,9.890784,0.661420,3.245131,11.308979,2.217512,2.290251,
1.690217,1.445861,3.898706,3.675268,1.213379,9.890784,0.661420,3.245131,11.308979,2.217512,2.290251,
1.690217,1.445861,3.898706,3.675268,1.213379,9.890784,0.661420,3.245131,11.308979,2.217512,2.290251,
1.690217,1.445861,3.898706,3.675268,1.213379,9.890784,0.661420,3.245131,11.308979,2.217512,2.290251,
1.690217,1.445861,3.898706,3.675268,1.213379,9.890784,0.661420,3.245131,11.308979,2.217512,2.290251,
1.690217,1.445861,3.898706,3.675268,1.213379,9.890784,0.661420,3.245131,11.308979,2.217512,2.290251,
1.690217,1.445861,3.898706,3.675268,1.213379,9.890784,0.661420,4.024770,11.308979,2.217512,2.290251,
1.690217,1.445861,3.898706,3.675268,1.213379,9.890784,0.661420,4.024770,11.308979,2.217512,2.290251,
1.690217,1.445861,3.898706,3.675268,1.213379,9.890784,0.661420,4.024770,11.308979,2.217512,2.290251,
1.690217,1.445861,3.898706,3.675268,1.213379,9.890784,0.661420,4.024770,8.670771,2.217512,2.290251,
1.690217,1.445861,4.274296,3.675268,1.213379,9.890784,0.661420,4.024770,8.670771,2.217512,2.290251,
1.690217,1.445861,4.274296,3.675268,1.213379,13.870226,0.661420,4.024770,4.968604,2.217512,2.290251,
1.690217,1.445861,4.274296,3.675268,1.213379,13.870226,0.661420,4.024770,4.968604,2.217512,2.290251,
1.690217,1.445861,4.274296,3.675268,1.213379,14.179150,0.661420,4.024770,4.968604,2.217512,2.025184,
1.690217,1.445861,4.274296,3.675268,1.213379,14.179150,0.661420,4.024770,4.968604,2.217512,2.025184,
1.690217,1.445861,4.274296,3.675268,1.213379,19.871251,0.661420,4.024770,5.466654,2.217512,2.025184,
1.690217,1.445861,4.274296,3.675268,1.213379,19.871251,0.661420,4.024770,13.092883,2.217512,2.025184,
1.690217,1.445861,4.274296,3.675268,1.213379,11.985194,0.661420,4.024770,13.372626,2.217512,2.025184,
1.690217,1.445861,4.274296,3.675268,1.213379,11.985194,0.661420,4.024770,13.372626,2.217512,2.025184,
1.690217,1.445861,4.274296,3.675268,1.213379,11.985194,0.661420,4.024770,13.372626,2.217512,2.025184,
1.690217,1.445861,4.274296,3.675268,1.213379,11.985194,0.661420,4.024770,13.372626,2.217512,2.025184,
1.690217,1.445861,4.274296,3.675268,1.213379,11.985194,0.661420,4.024770,13.372626,2.217512,2.025184,
1.690217,1.445861,4.274296,3.675268,1.213379,11.985194,0.661420,4.024770,13.372626,2.217512,2.025184,
1.690217,1.445861,4.274296,3.675268,1.213379,11.985194,0.661420,4.024770,13.372626,2.217512,2.025184,
1.690217,1.445861,4.274296,3.675268,1.213379,11.985194,0.661420,4.024770,13.372626,2.217512,2.025184,
1.690217,1.445861,4.274296,3.675268,1.213379,11.985194,0.661420,4.024770,13.372626,2.217512,2.025184,
1.690217,1.445861,4.274296,3.675268,1.213379,11.985194,0.661420,4.024770,13.372626,2.217512,2.025184,
1.690217,1.445861,4.274296,3.675268,1.213379,11.985194,0.661420,4.024770,13.372626,2.217512,2.025184,
1.690217,1.445861,4.274296,3.675268,1.213379,11.985194,0.661420,4.024770,13.372626,2.217512,2.025184,
1.690217,1.445861,4.274296,3.675268,1.213379,11.985194,0.661420,4.024770,13.372626,2.217512,2.025184,
1.690217,1.445861,4.274296,3.675268,1.213379,11.985194,0.661420,4.024770,13.372626,2.217512,2.025184,
1.690217,1.445861,4.274296,3.675268,1.213379,11.985194,0.661420,4.024770,13.372626,2.217512,2.025184,
1.690217,1.445861,4.274296,3.675268,1.213379,11.985194,0.661420,4.024770,13.372626,2.217512,2.025184,
1.690217,1.445861,4.274296,3.675268,1.213379,11.985194,0.661420,4.024770,13.372626,2.217512,2.025184,
1.690217,1.445861,4.274296,3.675268,1.213379,11.985194,0.661420,4.024770,13.372626,2.217512,2.025184,
1.690217,1.445861,4.274296,3.675268,1.213379,11.985194,0.661420,4.024770,13.372626,2.217512,2.025184,
1.690217,1.445861,4.274296,3.675268,1.213379,11.985194,0.661420,4.024770,13.372626,2.217512,2.025184,
1.690217,1.445861,4.274296,3.675268,1.213379,11.985194,0.661420,4.024770,13.372626,2.217512,2.025184,
1.690217,1.445861,4.274296,3.675268,1.213379,11.985194,0.661420,4.184997,13.372626,2.217512,2.025184,
1.690217,1.445861,4.274296,3.675268,1.213379,11.985194,0.661420,4.184997,13.372626,2.217512,2.025184,
1.690217,1.445861,4.274296,3.675268,1.213379,11.985194,0.661420,4.184997,13.372626,2.217512,2.025184,
1.690217,1.445861,4.274296,3.675268,1.213379,11.985194,0.661420,4.184997,13.372626,2.217512,2.030080,
1.690217,1.445861,4.274296,3.675268,1.213379,11.985194,0.661420,4.184997,13.372626,2.217512,2.030080,
1.690217,1.445861,4.274296,3.675268,1.213379,11.985194,0.661420,4.184997,13.372626,2.217512,2.030080,
1.690217,1.445861,4.274296,3.675268,1.213379,11.985194,0.661420,4.184997,13.372626,2.217512,2.030080,
1.690217,1.445861,4.274296,3.675268,1.213379,11.985194,0.661420,4.184997,13.372626,2.217512,2.030080,
1.690217,1.445861,4.274296,3.675268,1.213379,11.985194,0.661420,4.184997,13.372626,2.217512,2.030080,
1.690217,1.445861,4.274296,3.675268,1.213379,11.985194,0.661420,4.184997,13.372626,2.217512,2.030080,
1.690217,1.445861,4.274296,3.675268,1.213379,11.985194,0.661420,4.184997,13.372626,2.217512,2.030080,
1.690217,1.445861,4.274296,3.675268,1.213379,11.985194,0.661420,4.184997,13.372626,2.217512,2.030080,
1.690217,1.445861,4.274296,3.675268,1.213379,11.985194,0.661420,4.184997,13.372626,2.217512,2.030080,
1.690217,1.445861,4.274296,3.675268,1.213379,11.985194,0.661420,4.184997,13.372626,2.217512,2.030080,
1.690217,1.445861,4.274296,3.675268,1.213379,11.985194,0.661420,3.603954,18.580014,2.217512,2.030080,
1.690217,1.445861,4.274296,3.675268,1.213379,11.985194,0.661420,3.603954,11.344555,2.217512,2.030080,
1.690217,1.445861,4.274296,3.675268,1.213379,11.737066,0.661420,3.603954,7.388843,2.217512,2.030080,
1.690217,1.445861,4.274296,3.675268,1.213379,11.737066,0.661420,3.603954,7.388843,2.217512,2.030080,
1.690217,1.445861,4.274296,3.675268,1.213379,11.737066,0.661420,3.603954,7.388843,2.217512,2.341337,
1.690217,1.445861,4.274296,3.675268,1.213379,11.667424,0.661420,3.603954,5.842306,2.217512,2.341337,
1.690217,1.445861,4.274296,3.309540,1.213379,11.667424,0.661420,3.603954,5.842306,2.217512,2.341337,
1.690217,1.445861,4.274296,3.309540,1.213379,11.667424,0.661420,3.603954,11.945215,2.217512,2.341337,
1.690217,1.445861,4.004543,3.309540,1.225203,11.667424,0.661420,3.603954,11.945215,2.217512,2.341337,
1.690217,1.445861,4.004543,3.309540,1.088832,9.664544,0.661420,3.603954,11.945215,2.217512,2.341337,
1.690217,1.445861,4.004543,3.309540,1.088832,9.664544,0.661420,3.603954,11.945215,2.217512,2.341337,
1.690217,1.445861,4.004543,5.160608,1.088832,4.138675,0.661420,3.603954,11.945215,2.217512,2.341337,
1.690217,1.445861,4.004543,5.160608,1.088832,4.138675,0.661420,3.603954,11.945215,2.217512,2.079716,
1.690217,1.445861,4.004543,5.160608,1.088832,4.138675,0.661420,3.032473,11.945215,2.217512,2.079716,
1.690217,1.445861,4.004543,5.160608,1.088832,4.138675,0.661420,3.032473,15.396145,2.217512,2.079716,
1.690217,1.445861,4.004543,5.160608,1.088832,4.138675,0.661420,3.032473,15.396145,2.217512,2.079716,
1.690217,1.445861,4.004543,5.160608,1.088832,4.138675,0.661420,3.032473,15.396145,2.217512,2.079716,
1.690217,1.445861,4.004543,5.160608,1.088832,4.138675,0.661420,3.032473,15.396145,2.217512,2.079716,
1.690217,1.445861,4.004543,5.160608,1.088832,4.138675,0.661420,3.032473,15.396145,2.217512,2.079716,
1.690217,1.445861,4.004543,5.160608,1.088832,4.138675,0.661420,3.032473,15.396145,2.217512,2.079716,
1.690217,1.445861,4.004543,7.323392,1.088832,4.138675,0.661420,3.032473,15.396145,2.217512,2.079716,
1.690217,1.445861,4.004543,7.323392,1.088832,4.138675,0.661420,3.032473,15.396145,2.217512,2.079716,
1.690217,1.445861,4.004543,7.323392,1.088832,4.138675,0.661420,3.032473,15.396145,2.217512,5.861278,
1.690217,1.445861,4.004543,6.376895,1.088832,4.138675,0.661420,3.032473,15.396145,2.217512,5.861278,
1.690217,1.445861,4.004543,6.376895,1.088832,6.224542,0.661420,3.032473,15.396145,1.983248,5.861278,
1.690217,1.445861,4.004543,6.376895,1.088832,6.224542,0.661420,3.275138,15.396145,1.983248,5.861278,
1.690217,1.445861,4.004543,6.376895,1.088832,6.224542,0.661420,3.275138,15.396145,1.983248,5.861278,
1.690217,1.445861,4.004543,6.376895,1.088832,6.224542,0.661420,3.275138,15.396145,1.983248,5.861278,
1.690217,1.445861,4.004543,6.376895,1.088832,6.224542,0.661420,3.275138,15.396145,1.983248,5.861278,
1.690217,1.445861,4.004543,12.852829,1.088832,6.224542,0.661420,3.275138,15.396145,1.983248,5.861278,
1.690217,1.445861,4.004543,12.852829,1.088832,6.224542,0.661420,3.275138,15.396145,1.983248,5.861278,
1.690217,1.445861,4.004543,12.852829,1.088832,6.224542,0.661420,3.275138,15.396145,1.983248,5.861278,
1.690217,1.445861,4.004543,12.852829,1.088832,6.224542,0.661420,3.275138,15.396145,1.983248,5.861278,
1.690217,1.445861,4.004543,12.852829,1.088832,6.224542,0.661420,3.275138,15.396145,1.983248,5.861278,
1.690217,1.445861,4.004543,12.852829,1.088832,6.224542,0.661420,3.275138,15.396145,1.983248,5.861278,
1.690217,1.445861,4.004543,12.852829,1.088832,6.224542,0.661420,3.275138,15.396145,1.983248,5.861278,
1.690217,1.445861,4.004543,12.852829,1.088832,6.224542,0.661420,3.275138,15.396145,1.983248,5.861278,
1.690217,1.445861,4.004543,12.852829,1.088832,6.224542,0.661420,3.275138,15.396145,1.983248,5.861278,
1.690217,1.445861,4.004543,12.852829,1.088832,6.224542,0.661420,3.275138,15.396145,1.983248,5.861278,
1.690217,1.445861,4.004543,12.852829,1.088832,6.224542,0.661420,3.275138,15.396145,1.803412,5.861278,
1.690217,1.445861,4.004543,7.233507,1.088832,6.224542,0.661420,3.275138,15.396145,1.803412,5.861278,
1.690217,1.445861,4.004543,7.233507,1.088832,6.224542,0.661420,3.275138,11.703656,1.803412,5.861278,
1.690217,1.445861,4.004543,7.233507,1.088832,6.224542,0.661420,3.275138,11.703656,1.803412,5.861278,
1.690217,1.445861,4.004543,7.803113,1.088832,2.976971,0.661420,3.275138,11.703656,1.803412,5.861278,
1.690217,1.445861,4.004543,7.803113,1.088832,2.976971,0.661420,3.275138,11.703656,1.803412,5.861278,
1.690217,1.445861,4.004543,7.803113,1.088832,4.199049,0.661420,3.275138,11.703656,1.803412,5.861278,
1.690217,1.445861,4.004543,2.725735,1.088832,4.199049,0.661420,3.275138,11.703656,1.803412,5.861278,
1.690217,1.445861,4.004543,2.725735,1.088832,11.796269,0.661420,3.275138,11.703656,1.797775,5.861278,
1.690217,1.445861,4.004543,5.257598,1.088832,11.796269,0.661420,3.275138,11.703656,1.797775,5.861278,
1.690217,1.445861,4.004543,5.257598,1.088832,13.544403,0.661420,3.275138,11.703656,1.797775,5.861278,
1.690217,1.445861,4.004543,5.257598,1.088832,13.544403,0.661420,3.275138,11.703656,1.797775,5.861278,
1.690217,1.445861,4.004543,2.691841,1.088832,7.697668,0.661420,3.275138,11.703656,1.797775,5.861278,
1.690217,1.445861,4.004543,2.691841,1.088832,7.697668,0.661420,3.275138,11.703656,1.797775,5.861278,
1.690217,1.445861,4.004543,2.691841,1.103646,11.420228,0.661420,3.275138,11.703656,1.797775,5.861278,
1.690217,1.445861,4.004543,2.691841,1.103646,11.420228,0.661420,3.275138,11.703656,1.797775,5.861278,
1.690217,1.445861,4.004543,4.146761,1.103646,11.420228,0.661420,3.275138,11.703656,1.797775,5.861278,
1.690217,1.445861,4.004543,4.146761,1.103646,11.420228,0.661420,3.275138,8.953957,1.797775,5.861278,
1.690217,1.445861,4.004543,4.146761,1.103646,9.812236,0.661420,3.275138,13.019919,1.797775,5.861278,
1.690217,1.445861,4.004543,4.146761,1.103646,4.541623,0.661420,3.275138,10.593997,1.797775,6.047319,
1.690217,1.445861,4.004543,4.146761,1.103646,5.339156,0.661420,3.275138,10.644596,1.797775,7.422006,
1.690217,1.445861,4.004543,4.146761,1.103646,5.339156,0.661420,3.275138,10.644596,1.797775,7.422006,
1.690217,1.445861,4.004543,4.146761,1.103646,8.630549,0.661420,3.275138,8.466840,1.797775,7.422006,
1.690217,1.445861,4.004543,4.146761,1.103646,8.630549,0.661420,3.275138,8.466840,1.797775,7.422006,
1.690217,1.445861,4.004543,4.146761,1.103646,6.692638,0.661420,3.275138,8.466840,1.797775,7.422006,
1.690217,1.445861,4.004543,12.928620,1.103646,6.692638,0.661420,3.275138,8.466840,1.797775,7.606739,
1.690217,1.445861,4.004543,12.928620,1.103646,6.692638,0.661420,3.275138,8.466840,1.797775,7.606739,
1.690217,1.445861,4.004543,12.928620,1.103646,6.692638,0.661420,3.275138,8.466840,1.797775,7.606739,
1.690217,1.445861,4.004543,12.928620,1.103646,6.692638,0.661420,3.275138,8.466840,1.797775,7.606739,
1.690217,1.445861,4.004543,12.928620,1.103646,6.692638,0.661420,3.275138,7.050642,1.797775,5.077354,
1.690217,1.445861,4.004543,12.928620,1.103646,6.692638,0.661420,3.275138,7.050642,1.797775,5.077354,
1.690217,1.445861,4.004543,12.928620,1.103646,6.692638,0.661420,3.275138,7.050642,1.797775,5.077354,
1.690217,1.445861,4.004543,12.928620,1.103646,6.692638,0.661420,3.275138,7.050642,1.797775,3.801428,
1.690217,1.445861,4.004543,10.953321,1.103646,6.692638,0.661420,3.275138,7.050642,1.797775,3.801428,
1.690217,1.445861,4.004543,7.868936,1.103646,2.914840,0.661420,3.275138,3.034291,1.797775,3.801428,
1.690217,1.445861,4.004543,7.868936,1.103646,2.914840,0.661420,3.275138,3.034291,1.797775,3.801428,
1.690217,1.445861,4.004543,7.868936,1.103646,4.070375,0.661420,3.275138,8.924443,1.797775,1.820616,
1.690217,1.445861,4.614203,7.868936,1.103646,4.070375,0.661420,3.275138,8.924443,2.532568,1.820616,
1.690217,1.445861,4.614203,8.368552,1.103646,4.070375,0.661420,3.275138,8.924443,2.532568,1.820616,
1.690217,1.445861,4.614203,8.368552,1.103646,4.070375,0.661420,3.275138,8.924443,2.532568,1.820616,
1.690217,1.445861,4.614203,8.368552,1.103646,4.070375,0.661420,3.275138,8.924443,2.532568,1.820616,
1.690217,1.445861,4.614203,8.368552,1.103646,4.070375,0.661420,3.275138,8.924443,2.532568,1.820616,
1.690217,1.445861,4.614203,8.368552,1.103646,4.070375,0.661420,3.275138,8.924443,2.532568,1.820616,
1.690217,1.445861,4.614203,8.368552,1.103646,4.070375,0.661420,3.275138,8.924443,2.532568,1.820616,
1.690217,1.445861,4.614203,8.368552,1.103646,4.070375,0.791707,3.275138,8.924443,2.532568,1.820616,
1.690217,1.445861,4.614203,8.368552,1.103646,4.070375,0.791707,3.275138,8.924443,2.532568,2.758151,
1.690217,1.445861,4.614203,8.368552,1.103646,4.070375,0.791707,3.275138,8.924443,2.532568,2.758151,
1.690217,1.445861,4.614203,8.368552,1.103646,4.070375,0.791707,3.275138,8.924443,2.532568,2.758151,
1.690217,1.445861,4.614203,8.368552,1.103646,4.070375,0.791707,3.275138,8.924443,2.532568,2.758151,
1.690217,1.445861,4.614203,8.368552,0.980659,4.070375,0.791707,3.275138,8.924443,2.532568,2.758151,
1.690217,1.445861,4.614203,8.368552,0.980659,4.070375,0.791707,3.275138,8.924443,2.532568,2.758151,
1.690217,1.445861,4.614203,8.368552,0.980659,4.070375,0.791707,3.275138,8.924443,2.532568,2.758151,
1.690217,1.445861,4.614203,8.368552,0.980659,4.070375,0.791707,3.275138,8.801392,2.532568,2.758151,
1.690217,1.445861,4.614203,8.368552,0.980659,4.070375,0.791707,3.275138,8.801392,2.532568,2.758151,
1.690217,1.445861,4.614203,8.368552,0.980659,4.070375,0.791707,3.275138,8.801392,2.532568,2.758151,
1.690217,1.445861,4.614203,8.368552,0.980659,4.070375,0.791707,3.275138,8.801392,2.532568,2.758151,
1.690217,1.445861,4.614203,8.368552,0.980659,4.070375,0.791707,3.275138,8.801392,2.532568,2.758151,
1.690217,1.445861,4.614203,8.368552,0.980659,4.070375,0.791707,3.275138,8.801392,2.532568,2.758151,
1.690217,1.445861,4.614203,8.686180,0.980659,4.070375,0.791707,3.275138,8.801392,2.532568,2.758151,
1.690217,1.445861,4.614203,8.686180,0.980659,4.070375,0.791707,3.275138,8.801392,2.532568,2.758151,
1.690217,1.445861,4.614203,4.364399,0.980659,4.070375,0.791707,3.275138,8.801392,2.532568,2.758151,
1.690217,1.445861,4.614203,4.364399,0.980659,8.555214,0.791707,3.275138,8.801392,2.532568,2.758151,
1.690217,1.445861,4.614203,4.364399,0.980659,3.818901,0.791707,3.275138,8.801392,2.532568,2.758151,
1.690217,1.445861,4.614203,4.364399,0.980659,9.144628,0.791707,3.275138,8.801392,2.532568,2.758151,
1.690217,1.445861,4.614203,4.364399,0.980659,9.144628,0.791707,3.275138,8.801392,2.532568,2.758151,
1.690217,1.445861,4.614203,4.364399,0.980659,9.144628,0.791707,3.275138,8.801392,2.532568,2.758151,
1.690217,1.445861,4.614203,4.364399,0.980659,9.144628,0.791707,3.275138,8.801392,2.532568,2.758151,
1.690217,1.445861,4.614203,4.364399,0.980659,9.144628,0.791707,3.275138,8.801392,2.532568,2.758151,
1.690217,1.445861,4.614203,4.364399,0.980659,9.144628,0.791707,3.275138,8.801392,2.532568,2.758151,
1.690217,1.445861,4.614203,4.364399,0.980659,9.144628,0.791707,3.275138,8.801392,2.532568,2.758151,
1.690217,1.445861,4.614203,4.364399,0.980659,9.144628,0.791707,3.275138,8.801392,2.532568,2.758151,
1.690217,1.445861,4.614203,4.364399,0.980659,9.144628,0.791707,3.275138,8.801392,2.532568,2.758151,
1.690217,1.445861,4.614203,4.364399,0.980659,9.144628,0.791707,3.275138,8.801392,2.532568,2.758151,
1.690217,1.445861,4.614203,4.364399,0.980659,9.144628,0.791707,3.275138,8.801392,2.532568,2.758151,
1.690217,1.445861,4.614203,4.364399,0.980659,9.144628,0.791707,3.275138,8.801392,2.532568,2.758151,
1.690217,1.445861,4.614203,4.364399,0.980659,9.144628,0.791707,3.275138,8.801392,2.532568,2.758151,
1.690217,1.445861,4.614203,4.364399,0.980659,9.144628,0.791707,3.275138,8.801392,2.532568,2.758151,
1.690217,1.445861,4.614203,4.364399,0.980659,9.144628,0.791707,3.275138,8.801392,2.532568,2.758151,
1.690217,1.445861,4.614203,4.364399,0.980659,9.144628,0.791707,3.275138,8.801392,2.532568,2.758151,
1.690217,1.445861,4.614203,4.364399,0.980659,9.144628,0.791707,3.275138,8.801392,2.532568,2.758151,
1.690217,1.445861,4.614203,4.364399,0.980659,9.144628,0.791707,3.275138,8.801392,2.532568,2.758151,
1.690217,1.445861,4.614203,4.364399,0.980659,9.144628,0.791707,3.275138,8.801392,2.532568,2.758151,
1.690217,1.445861,4.614203,4.364399,0.980659,9.144628,0.791707,3.275138,8.801392,2.532568,2.758151,
1.690217,1.445861,4.614203,4.364399,0.980659,9.144628,0.791707,3.275138,8.801392,2.532568,2.758151,
1.690217,1.445861,4.614203,4.364399,0.980659,9.144628,0.791707,3.275138,8.801392,2.532568,2.758151,
1.690217,1.445861,4.614203,4.364399,0.980659,9.144628,0.791707,3.275138,8.801392,2.532568,2.758151,
1.690217,1.445861,4.614203,4.364399,0.980659,9.144628,0.791707,3.275138,8.801392,2.532568,2.758151,
1.690217,1.445861,4.614203,4.394858,0.980659,9.144628,0.791707,3.275138,8.801392,2.532568,2.758151,
1.690217,1.445861,4.614203,4.394858,0.980659,9.144628,0.791707,3.275138,8.801392,2.532568,2.758151,
1.690217,1.445861,4.614203,4.394858,0.980659,9.144628,0.791707,3.275138,8.801392,2.532568,2.758151,
1.690217,1.445861,4.614203,4.394858,0.980659,9.144628,0.791707,3.275138,8.801392,2.532568,2.758151,
1.690217,1.445861,4.614203,4.394858,0.980659,9.144628,0.791707,3.275138,8.801392,2.532568,2.758151,
1.690217,1.445861,4.614203,4.394858,0.980659,9.144628,0.791707,3.275138,8.801392,2.532568,2.758151,
1.690217,1.445861,4.614203,4.394858,0.980659,9.144628,0.791707,3.275138,11.713238,2.532568,2.758151,
1.690217,1.445861,4.614203,4.394858,0.980659,9.144628,0.791707,3.275138,11.713238,2.532568,2.758151,
1.690217,1.445861,4.614203,4.394858,0.980659,9.144628,0.791707,3.275138,11.713238,2.532568,2.370504,
1.690217,1.445861,4.614203,3.555322,0.980659,9.144628,0.791707,3.275138,11.713238,2.532568,2.370504,
1.609620,1.445861,4.614203,3.555322,0.980659,9.144628,0.791707,3.275138,11.713238,2.532568,2.370504,
1.609620,1.445861,4.614203,3.555322,0.980659,9.144628,0.791707,3.275138,11.713238,2.532568,2.370504,
1.609620,1.445861,4.614203,3.555322,0.980659,9.144628,0.791707,3.275138,11.713238,2.532568,2.370504,
1.609620,1.445861,6.809029,3.555322,0.980659,9.144628,0.791707,3.275138,10.605588,2.532568,2.370504,
1.609620,1.445861,6.809029,3.555322,0.980659,9.144628,0.791707,3.275138,10.605588,2.532568,2.370504,
1.609620,1.445861,6.809029,3.555322,0.980659,9.144628,0.791707,3.275138,10.605588,2.532568,2.370504,
1.609620,1.445861,5.029549,3.555322,0.980659,9.144628,0.791707,3.275138,10.605588,2.532568,2.370504,
1.609620,1.445861,5.029549,3.555322,0.980659,9.144628,0.791707,3.275138,10.605588,2.532568,5.435780,
1.609620,1.445861,5.029549,3.555322,0.980659,12.584736,0.791707,3.275138,10.605588,2.532568,6.226253,
1.609620,1.445861,5.029549,3.555322,0.980659,14.631782,0.791707,3.275138,9.263187,2.532568,6.226253,
1.609620,1.445861,5.029549,10.977916,0.980659,14.631782,0.791707,3.275138,9.263187,2.532568,6.226253,
1.609620,1.445861,5.029549,2.766945,0.980659,13.714635,0.791707,3.275138,9.263187,2.532568,5.956711,
1.609620,1.445861,5.029549,2.766945,0.980659,13.714635,0.791707,3.275138,9.263187,2.532568,5.956711,
1.609620,1.445861,5.029549,2.766945,0.980659,15.400789,0.791707,3.275138,9.263187,2.532568,5.956711,
1.609620,1.445861,5.029549,2.766945,0.980659,15.400789,0.791707,3.275138,9.263187,2.532568,5.956711,
1.609620,1.445861,5.029549,2.766945,0.980659,15.400789,0.791707,3.275138,9.263187,2.532568,5.956711,
1.609620,1.445861,5.029549,2.766945,0.980659,15.400789,0.791707,3.275138,9.263187,2.532568,5.956711,
1.609620,1.445861,5.029549,2.766945,0.980659,15.400789,0.791707,3.275138,9.263187,2.532568,5.956711,
1.609620,1.445861,5.029549,2.766945,0.980659,15.400789,0.791707,3.275138,9.263187,2.532568,5.956711,
1.609620,1.445861,5.029549,2.766945,0.980659,15.400789,0.791707,3.275138,9.263187,2.532568,5.956711,
1.609620,1.445861,5.029549,2.766945,0.980659,15.400789,0.791707,3.275138,9.263187,2.532568,5.956711,
1.609620,1.445861,5.029549,2.766945,0.980659,15.400789,0.791707,3.275138,9.263187,2.532568,5.956711,
1.609620,1.445861,5.029549,2.766945,0.980659,15.400789,0.791707,3.275138,9.263187,2.532568,5.956711,
1.609620,1.445861,5.029549,2.766945,0.980659,15.400789,0.791707,3.275138,9.263187,2.532568,5.956711,
1.609620,1.445861,5.029549,2.766945,0.980659,15.400789,0.791707,3.275138,9.263187,2.532568,5.956711,
1.609620,1.445861,5.029549,2.766945,0.980659,15.400789,0.791707,3.275138,9.263187,2.532568,5.956711,
1.609620,1.445861,5.029549,2.766945,0.980659,15.400789,0.791707,3.275138,9.263187,2.532568,5.956711,
1.609620,1.445861,5.029549,2.766945,0.980659,15.400789,0.791707,3.275138,9.263187,2.532568,5.956711,
1.609620,1.445861,5.029549,2.766945,0.980659,15.400789,0.791707,3.275138,9.263187,2.532568,5.956711,
1.609620,1.445861,5.029549,2.766945,0.980659,15.400789,0.791707,3.275138,9.263187,2.532568,5.956711,
1.609620,1.445861,5.029549,2.766945,0.980659,15.400789,0.791707,3.275138,9.263187,2.532568,5.956711,
1.609620,1.445861,5.029549,2.766945,0.980659,15.400789,0.791707,3.275138,9.263187,2.532568,5.956711,
1.609620,1.445861,5.029549,2.766945,0.980659,15.400789,0.791707,3.275138,9.263187,2.532568,5.956711,
1.609620,1.445861,5.029549,2.766945,0.980659,15.400789,0.791707,3.275138,9.263187,2.532568,5.956711,
1.609620,1.445861,5.029549,2.766945,0.980659,15.400789,0.791707,3.275138,9.263187,2.532568,5.956711,
1.609620,1.445861,5.029549,2.766945,0.980659,15.400789,0.791707,3.275138,9.263187,2.532568,5.956711,
1.609620,1.445861,5.029549,2.766945,0.980659,15.400789,0.791707,3.275138,9.263187,2.532568,5.956711,
1.609620,1.445861,5.029549,2.766945,0.980659,15.400789,0.791707,3.275138,9.263187,2.532568,5.956711,
1.609620,1.445861,5.029549,2.766945,0.980659,15.400789,0.791707,3.275138,9.263187,2.532568,5.956711,
1.609620,1.445861,5.029549,2.766945,0.980659,15.400789,0.791707,3.275138,9.263187,2.532568,5.956711,
1.609620,1.445861,5.029549,2.766945,0.980659,15.400789,0.791707,3.275138,9.263187,2.532568,5.956711,
1.609620,1.445861,5.029549,2.766945,0.980659,15.400789,0.791707,3.275138,9.263187,2.532568,5.956711,
1.609620,1.445861,5.029549,2.766945,0.980659,15.400789,0.791707,3.275138,9.263187,2.532568,5.956711,
1.609620,1.445861,5.029549,2.766945,0.980659,15.400789,0.791707,3.275138,9.263187,2.532568,5.956711,
1.609620,1.445861,5.029549,2.766945,0.980659,15.400789,0.791707,3.275138,9.263187,2.532568,5.956711,
1.609620,1.445861,5.029549,2.766945,0.980659,15.400789,0.791707,3.275138,9.263187,2.532568,5.956711,
1.609620,1.445861,5.029549,2.766945,0.980659,15.400789,0.791707,3.275138,9.263187,2.532568,5.956711,
1.609620,1.445861,5.029549,2.766945,0.980659,15.400789,0.791707,3.275138,9.263187,2.532568,5.956711,
1.609620,1.445861,5.029549,2.766945,0.980659,15.400789,0.791707,3.275138,9.263187,2.532568,5.956711,
1.609620,1.445861,5.029549,2.766945,0.980659,15.400789,0.791707,3.275138,9.263187,2.532568,5.956711,
1.609620,1.445861,5.029549,2.766945,0.980659,15.400789,0.791707,3.275138,9.263187,2.532568,5.956711,
1.609620,1.445861,5.029549,2.766945,0.980659,13.469274,0.791707,3.275138,9.263187,2.532568,5.956711,
1.609620,1.445861,5.029549,2.766945,0.980659,13.469274,0.791707,3.275138,7.586292,2.532568,5.956711,
1.609620,1.445861,5.029549,2.766945,0.980659,13.469274,0.791707,3.275138,7.586292,2.532568,5.956711,
1.609620,1.445861,5.029549,2.766945,0.980659,13.469274,0.791707,3.275138,7.586292,2.532568,5.956711,
1.609620,1.445861,5.029549,2.766945,0.980659,13.469274,0.791707,3.275138,7.586292,2.532568,5.956711,
1.609620,1.445861,5.029549,2.766945,0.980659,13.469274,0.791707,3.275138,7.586292,2.532568,5.956711,
1.609620,1.445861,5.029549,2.766945,0.980659,13.469274,0.791707,3.275138,7.586292,2.532568,5.956711,
1.609620,1.445861,5.029549,2.766945,0.980659,13.469274,0.791707,3.275138,7.586292,2.532568,5.956711,
1.609620,1.445861,5.029549,2.766945,0.980659,13.469274,0.791707,3.275138,7.586292,2.532568,5.956711,
1.609620,1.445861,5.029549,2.766945,0.980659,13.469274,0.791707,3.275138,7.586292,2.532568,5.956711,
1.609620,1.445861,5.029549,2.766945,0.980659,13.469274,0.791707,3.275138,7.586292,2.532568,5.956711,
1.609620,1.445861,5.029549,2.766945,0.980659,13.469274,0.791707,3.275138,7.586292,2.532568,5.956711,
1.609620,1.445861,5.029549,2.766945,0.980659,13.469274,0.791707,3.275138,7.586292,2.532568,5.956711,
1.609620,1.445861,5.029549,2.766945,0.980659,13.469274,0.791707,3.275138,7.586292,1.769240,5.956711,
1.609620,1.445861,5.029549,2.766945,0.980659,13.469274,0.791707,3.275138,7.586292,1.769240,5.956711,
1.609620,1.445861,5.029549,2.766945,0.980659,13.469274,0.791707,3.275138,7.586292,1.769240,5.956711,
1.609620,1.445861,5.029549,2.766945,0.980659,13.469274,0.791707,3.275138,7.586292,1.769240,5.956711,
1.609620,1.445861,5.029549,2.766945,0.980659,13.469274,0.791707,3.275138,7.586292,1.769240,5.956711,
1.609620,1.445861,5.029549,2.766945,0.980659,13.469274,0.791707,3.275138,7.586292,1.769240,5.956711,
1.609620,1.445861,5.029549,2.766945,0.980659,13.469274,0.791707,3.275138,7.586292,1.769240,5.956711,
1.609620,1.445861,5.029549,2.766945,0.980659,13.469274,0.791707,3.275138,7.586292,1.769240,5.956711,
1.609620,1.445861,5.029549,2.766945,0.980659,13.469274,0.791707,3.275138,7.586292,1.769240,5.956711,
1.609620,1.445861,5.029549,2.766945,0.980659,13.469274,0.791707,3.275138,7.586292,1.769240,5.956711,
1.609620,1.445861,5.029549,2.766945,0.980659,13.469274,0.791707,3.275138,7.586292,1.769240,5.956711,
1.609620,1.445861,5.029549,2.766945,0.980659,13.469274,0.791707,3.275138,7.586292,1.769240,5.956711,
1.609620,1.445861,5.029549,2.766945,0.980659,13.469274,0.791707,3.275138,7.586292,1.769240,5.956711,
1.609620,1.445861,5.029549,2.766945,0.980659,13.469274,0.791707,3.275138,7.586292,1.769240,5.956711,
1.609620,1.445861,5.029549,2.766945,0.980659,13.469274,0.791707,3.275138,7.586292,1.769240,5.956711,
1.609620,1.445861,5.029549,2.766945,0.980659,13.469274,0.791707,3.275138,7.586292,1.769240,5.956711,
1.609620,1.445861,5.029549,2.766945,0.980659,13.469274,0.791707,3.275138,7.586292,1.769240,5.956711,
1.609620,1.445861,5.029549,2.766945,0.980659,13.469274,0.791707,3.275138,7.586292,1.769240,5.956711,
1.609620,1.445861,5.029549,2.766945,0.980659,13.469274,0.791707,3.275138,7.586292,1.769240,5.956711,
1.609620,1.445861,5.029549,2.766945,0.980659,13.469274,0.791707,3.275138,7.586292,1.769240,5.956711,
1.609620,1.445861,5.029549,2.766945,0.980659,13.469274,0.791707,3.275138,7.586292,1.769240,5.956711,
1.609620,1.445861,5.029549,2.766945,0.980659,13.469274,0.791707,3.275138,7.586292,1.769240,5.956711,
1.609620,1.445861,5.029549,2.766945,0.980659,13.469274,0.791707,3.275138,7.586292,1.769240,5.956711,
1.609620,1.445861,5.029549,2.766945,0.980659,13.469274,0.791707,3.275138,7.586292,1.769240,5.956711,
1.609620,1.445861,5.029549,2.766945,0.980659,13.469274,0.791707,3.828865,9.610725,1.769240,5.956711,
1.609620,1.445861,5.029549,2.901855,0.980659,13.469274,0.791707,3.828865,9.610725,1.769240,8.157481,
1.609620,1.445861,5.029549,2.901855,0.980659,13.469274,0.791707,3.408626,10.543316,1.769240,8.157481,
1.609620,1.445861,5.029549,2.864671,0.980659,13.469274,0.791707,3.408626,13.986279,1.769240,8.157481,
1.609620,1.445861,5.029549,2.864671,0.980659,13.469274,0.791707,3.408626,13.986279,1.769240,5.136554,
1.609620,1.445861,5.029549,2.864671,0.980659,13.469274,0.791707,3.408626,15.088741,1.769240,5.136554,
1.609620,1.445861,5.029549,2.864671,0.980659,10.771886,0.791707,3.408626,19.412936,1.769240,5.136554,
1.609620,1.445861,5.029549,2.864671,0.980659,9.276404,0.791707,3.408626,19.412936,1.769240,8.072875,
1.609620,1.445861,5.029549,2.864671,0.980659,9.276404,0.791707,3.408626,14.602931,1.769240,8.072875,
1.609620,1.445861,5.029549,2.864671,0.980659,9.276404,0.791707,3.408626,14.602931,1.769240,6.161508,
1.609620,1.445861,5.029549,1.838411,0.980659,9.276404,0.791707,3.408626,14.602931,1.769240,7.645404,
1.609620,1.445861,4.679758,2.889039,0.980659,12.603033,0.791707,3.408626,9.755889,2.209176,9.317311,
1.609620,1.445861,4.679758,2.889039,0.980659,12.603033,0.791707,3.408626,9.755889,2.209176,9.317311,
1.609620,1.445861,4.482288,2.889039,0.980659,12.603033,0.791707,3.408626,9.755889,2.209176,9.317311,
1.609620,1.445861,4.482288,3.156837,0.980659,12.603033,0.791707,3.408626,9.755889,1.915736,7.700245,
1.609620,1.445861,4.042745,3.156837,0.980659,9.695120,0.791707,3.408626,9.755889,1.915736,7.700245,
1.609620,1.445861,4.042745,3.156837,0.980659,9.695120,0.791707,3.408626,9.755889,1.915736,7.700245,
1.609620,1.445861,4.042745,3.156837,0.980659,9.695120,0.791707,3.408626,9.755889,1.915736,7.700245,
1.609620,1.445861,4.042745,3.156837,0.980659,11.311253,0.791707,3.408626,9.755889,1.915736,7.700245,
1.609620,1.445861,4.042745,3.156837,0.980659,11.311253,0.791707,3.408626,9.755889,1.915736,7.700245,
1.609620,1.445861,4.042745,3.156837,0.980659,11.311253,0.791707,3.408626,9.755889,1.915736,7.700245,
1.609620,1.445861,4.042745,3.156837,0.980659,11.311253,0.791707,3.408626,9.755889,1.915736,7.700245,
1.609620,1.445861,4.042745,3.156837,0.980659,11.311253,0.791707,3.408626,9.755889,1.915736,7.700245,
1.609620,1.445861,4.042745,3.156837,0.980659,11.311253,0.791707,3.408626,9.755889,1.915736,7.700245,
1.609620,1.445861,4.042745,3.156837,0.980659,11.311253,0.791707,3.408626,9.755889,1.915736,7.700245,
1.609620,1.445861,4.042745,3.156837,0.980659,11.311253,0.791707,3.408626,6.551326,1.915736,8.686553,
1.609620,1.445861,4.042745,3.156837,0.980659,15.383536,0.791707,3.408626,3.259070,1.915736,8.686553,
1.609620,1.445861,4.042745,3.156837,0.980659,15.383536,0.791707,3.408626,3.259070,1.915736,8.686553,
1.609620,1.445861,4.042745,3.156837,0.980659,15.383536,0.791707,3.408626,3.259070,1.915736,8.686553,
1.609620,1.445861,4.042745,3.156837,0.980659,15.383536,0.791707,3.408626,3.259070,1.915736,8.686553,
1.609620,1.445861,4.042745,3.156837,0.980659,15.383536,0.791707,3.408626,3.259070,1.915736,8.686553,
1.609620,1.445861,4.042745,1.587839,0.980659,15.383536,0.791707,3.408626,3.259070,1.915736,8.686553,
1.609620,1.445861,4.042745,1.587839,0.980659,15.383536,0.791707,3.408626,3.259070,1.915736,8.686553,
1.609620,1.445861,4.042745,1.587839,0.980659,15.383536,0.791707,3.408626,3.259070,1.915736,8.686553,
1.609620,1.445861,4.042745,1.587839,0.980659,15.383536,0.904705,3.408626,3.259070,1.915736,8.686553,
1.609620,1.445861,4.042745,1.587839,0.980659,15.383536,0.904705,3.408626,3.259070,1.915736,8.686553,
1.609620,1.445861,4.042745,1.587839,0.980659,9.790522,0.904705,3.408626,3.259070,1.915736,8.686553,
1.609620,1.445861,4.042745,1.587839,0.980659,9.790522,0.904705,3.408626,3.259070,1.915736,8.686553,
1.609620,1.445861,4.042745,1.587839,0.980659,9.790522,0.904705,3.408626,3.259070,1.915736,8.686553,
1.609620,1.445861,4.042745,1.587839,0.980659,10.999838,0.904705,3.408626,3.259070,1.915736,8.686553,
1.609620,1.445861,4.042745,1.587839,0.980659,10.999838,0.904705,3.408626,3.259070,1.915736,8.686553,
1.609620,1.445861,4.042745,1.587839,0.980659,10.999838,0.904705,3.408626,3.259070,1.915736,8.686553,
1.609620,1.445861,4.042745,1.587839,0.980659,10.999838,0.904705,3.408626,3.259070,1.915736,8.686553,
1.609620,1.445861,4.042745,3.575035,0.980659,10.999838,0.904705,2.985254,3.259070,1.915736,8.686553,
1.609620,1.445861,4.042745,3.575035,0.980659,10.999838,0.904705,2.985254,12.504532,1.915736,8.686553,
1.609620,1.445861,4.042745,3.575035,0.980659,10.999838,0.904705,2.985254,12.504532,1.915736,8.686553,
1.609620,1.445861,4.042745,3.575035,0.980659,10.999838,0.904705,2.985254,12.504532,1.915736,8.686553,
1.609620,1.445861,4.042745,3.575035,0.980659,10.999838,0.904705,2.985254,12.504532,1.915736,8.686553,
1.609620,1.445861,4.042745,3.575035,0.980659,10.999838,0.904705,2.985254,12.504532,1.915736,8.686553,
1.609620,1.445861,4.042745,3.575035,0.980659,10.999838,0.904705,2.985254,12.504532,1.915736,8.686553,
1.609620,1.445861,4.042745,3.575035,0.980659,10.999838,0.904705,2.985254,12.504532,1.915736,8.686553,
1.609620,1.445861,4.042745,3.575035,0.980659,10.999838,0.904705,2.985254,12.504532,1.915736,9.845325,
1.609620,1.445861,4.042745,3.575035,0.980659,10.999838,0.904705,2.985254,12.504532,1.915736,9.845325,
1.609620,1.445861,4.042745,3.575035,0.980659,10.999838,0.904705,2.985254,11.381737,1.915736,12.696855,
1.609620,1.445861,4.042745,3.575035,0.980659,9.952144,0.904705,2.985254,11.381737,1.915736,12.696855,
1.609620,1.445861,4.042745,3.575035,0.980659,9.952144,0.904705,2.985254,11.381737,1.915736,12.696855,
1.609620,1.445861,4.042745,3.575035,0.980659,9.952144,0.904705,2.985254,11.381737,1.915736,11.818515,
1.609620,1.445861,4.042745,3.575035,0.980659,13.441088,0.904705,2.985254,11.381737,1.915736,8.373988,
1.609620,1.445861,4.042745,3.575035,0.980659,13.441088,0.904705,2.985254,11.381737,1.915736,8.373988,
1.609620,1.445861,4.042745,3.575035,0.980659,13.441088,0.904705,2.985254,11.381737,1.915736,8.373988,
1.609620,1.445861,4.042745,3.575035,0.980659,13.441088,0.904705,2.985254,11.830901,1.915736,8.373988,
1.609620,1.445861,4.042745,3.575035,0.980659,13.441088,0.904705,2.985254,12.832736,1.915736,9.628487,
1.609620,1.445861,4.042745,3.575035,0.980659,13.441088,0.904705,2.985254,12.832736,1.915736,11.632337,
1.609620,1.445861,4.042745,3.575035,0.980659,13.441088,0.904705,2.985254,12.832736,1.915736,10.063159,
1.609620,1.445861,4.042745,7.258664,0.980659,13.441088,0.904705,2.985254,12.832736,1.915736,10.063159,
1.609620,1.445861,4.042745,7.258664,0.980659,13.441088,0.904705,2.985254,12.832736,1.915736,10.063159,
1.609620,1.445861,4.042745,7.258664,0.980659,13.441088,0.904705,2.985254,12.832736,1.915736,10.063159,
1.609620,1.445861,4.042745,7.258664,0.980659,13.441088,0.904705,2.985254,12.832736,1.915736,10.063159,
1.609620,1.445861,4.042745,7.258664,0.980659,13.441088,0.904705,2.985254,12.832736,1.915736,10.063159,
1.609620,1.445861,4.042745,3.822489,0.980659,13.441088,0.904705,2.985254,12.832736,1.915736,10.063159,
1.609620,1.445861,4.042745,3.822489,0.980659,13.441088,0.904705,2.985254,12.832736,1.915736,10.063159,
1.609620,1.445861,4.042745,3.822489,0.980659,13.441088,0.904705,2.985254,12.832736,1.915736,10.063159,
1.609620,1.445861,4.042745,3.822489,0.980659,13.441088,0.904705,2.985254,12.832736,1.915736,10.063159,
1.609620,1.445861,4.042745,3.822489,0.980659,13.441088,0.904705,2.985254,12.832736,1.915736,10.063159,
1.609620,1.445861,4.042745,3.822489,0.980659,13.441088,0.904705,2.985254,12.832736,1.915736,10.063159,
1.609620,1.445861,4.042745,3.822489,0.980659,13.441088,0.904705,2.985254,12.832736,1.915736,10.063159,
1.609620,1.445861,4.042745,3.822489,0.980659,13.441088,0.904705,2.985254,12.832736,1.915736,10.063159,
1.609620,1.445861,4.042745,3.822489,0.980659,13.441088,0.904705,2.985254,13.112427,1.915736,10.063159,
1.609620,1.445861,4.042745,3.822489,0.980659,13.441088,0.904705,2.985254,13.112427,1.915736,10.063159,
1.609620,1.445861,4.042745,3.822489,0.980659,13.441088,0.904705,2.985254,13.112427,1.915736,10.063159,
1.609620,1.445861,4.042745,3.822489,0.980659,13.441088,0.904705,2.985254,13.112427,1.915736,10.063159,
1.609620,1.445861,4.042745,3.822489,0.980659,13.441088,0.904705,2.985254,13.112427,1.915736,10.063159,
1.609620,1.445861,4.042745,3.822489,0.980659,13.441088,0.904705,2.985254,13.112427,1.915736,10.063159,
1.609620,1.445861,4.042745,3.822489,0.980659,13.441088,0.904705,2.985254,13.112427,1.915736,10.063159,
1.609620,1.445861,4.042745,3.822489,0.980659,13.441088,0.904705,2.985254,13.112427,1.915736,10.063159,
1.609620,1.445861,4.042745,3.822489,0.980659,13.441088,0.904705,2.985254,13.112427,1.915736,10.063159,
1.609620,1.445861,4.042745,3.822489,0.980659,13.441088,0.904705,2.985254,13.112427,1.915736,10.063159,
1.609620,1.445861,4.042745,3.822489,0.980659,13.441088,0.904705,2.985254,13.112427,1.915736,10.063159,
1.609620,1.445861,4.042745,3.822489,0.980659,13.441088,0.904705,2.985254,13.112427,1.915736,10.063159,
1.609620,1.445861,4.042745,3.822489,0.980659,13.441088,0.904705,2.985254,13.112427,1.915736,10.063159,
1.637353,1.445861,4.042745,3.822489,0.980659,13.441088,0.904705,2.985254,13.112427,1.915736,10.063159,
1.637353,1.445861,4.042745,3.822489,0.980659,14.225913,0.904705,2.985254,10.788629,1.915736,10.063159,
1.637353,1.445861,4.042745,3.822489,0.980659,14.225913,0.904705,2.985254,10.788629,1.915736,10.063159,
1.637353,1.445861,4.042745,3.822489,0.980659,14.225913,0.904705,2.985254,11.209564,1.915736,10.063159,
1.637353,1.445861,4.042745,3.822489,0.980659,14.225913,0.904705,2.985254,11.209564,1.915736,9.211389,
1.637353,1.445861,4.042745,3.822489,0.980659,13.789618,0.904705,2.985254,11.209564,1.915736,9.211389,
1.637353,1.445861,4.042745,3.822489,0.980659,13.789618,0.904705,2.985254,11.209564,1.915736,9.211389,
1.637353,1.445861,4.042745,3.822489,0.980659,13.789618,0.904705,2.985254,11.209564,1.915736,12.548241,
1.637353,1.445861,4.042745,3.822489,0.980659,13.789618,0.904705,2.985254,11.209564,1.915736,12.548241,
1.637353,1.445861,4.042745,3.822489,0.980659,13.789618,0.904705,2.985254,11.209564,1.915736,12.548241,
1.637353,1.445861,4.042745,3.822489,0.980659,13.789618,0.904705,2.985254,11.209564,1.915736,12.548241,
1.637353,1.445861,4.042745,3.822489,0.980659,13.789618,0.904705,2.985254,11.209564,1.915736,12.548241,
1.637353,1.445861,4.042745,3.822489,0.980659,13.789618,0.904705,2.985254,11.209564,1.915736,12.548241,
1.637353,1.445861,4.042745,3.822489,0.980659,13.789618,0.904705,2.985254,11.209564,1.915736,12.548241,
1.637353,1.445861,4.042745,3.822489,0.980659,13.789618,0.904705,2.985254,11.209564,1.915736,12.548241,
1.637353,1.445861,4.042745,3.822489,0.980659,13.789618,0.904705,2.985254,11.209564,1.915736,12.548241,
1.637353,1.445861,4.042745,3.822489,0.980659,13.789618,0.904705,2.985254,11.209564,1.915736,9.234835,
1.637353,1.445861,4.042745,3.154689,0.980659,13.789618,0.904705,2.985254,5.154261,1.915736,9.234835,
1.637353,1.445861,4.042745,3.154689,0.980659,13.789618,0.904705,2.985254,9.726498,1.915736,9.234835,
1.637353,1.445861,4.042745,3.154689,0.980659,13.673731,0.904705,2.985254,11.019792,1.915736,13.122202,
1.637353,1.445861,4.042745,3.154689,0.980659,9.400448,0.904705,2.985254,11.019792,1.915736,13.122202,
1.637353,1.445861,4.042745,3.154689,0.980659,9.400448,0.904705,2.985254,11.019792,1.915736,13.122202,
1.637353,1.445861,4.042745,3.154689,0.980659,9.400448,0.904705,2.985254,11.019792,1.915736,13.122202,
1.637353,1.445861,4.042745,3.154689,0.980659,6.256576,0.904705,2.985254,11.019792,1.915736,13.122202,
1.637353,1.445861,4.042745,3.154689,0.980659,6.256576,0.904705,2.985254,11.019792,1.915736,13.122202,
1.637353,1.445861,4.042745,3.154689,0.980659,6.256576,0.904705,2.985254,11.019792,1.915736,13.122202,
1.637353,1.445861,4.042745,3.154689,0.980659,6.256576,0.904705,2.985254,11.019792,1.915736,13.122202,
1.637353,1.445861,4.042745,3.154689,0.980659,6.256576,0.904705,2.985254,11.019792,1.915736,13.122202,
1.637353,1.445861,4.042745,3.154689,0.980659,6.256576,0.904705,2.985254,11.019792,1.915736,13.122202,
1.637353,1.445861,4.042745,3.154689,0.980659,6.256576,0.904705,2.985254,11.019792,1.915736,13.122202,
1.637353,1.445861,4.042745,3.154689,0.980659,6.256576,0.904705,2.985254,11.019792,1.915736,13.122202,
1.637353,1.445861,4.042745,3.154689,0.980659,3.555817,0.904705,2.985254,11.019792,1.915736,13.122202,
1.637353,1.445861,4.042745,3.154689,0.980659,3.555817,0.904705,2.985254,11.019792,1.915736,13.122202,
1.637353,1.445861,4.042745,3.154689,0.980659,3.555817,0.904705,2.985254,11.019792,1.915736,13.122202,
1.637353,1.445861,4.042745,1.348679,0.980659,3.555817,0.904705,2.985254,11.019792,1.915736,13.122202,
1.637353,1.445861,4.042745,1.348679,0.980659,3.555817,0.904705,2.985254,11.019792,1.915736,13.122202,
1.637353,1.445861,4.042745,1.348679,0.980659,3.555817,0.904705,2.985254,11.019792,1.915736,13.122202,
1.637353,1.445861,4.042745,8.321628,0.980659,3.555817,0.904705,2.985254,11.019792,1.915736,13.122202,
1.637353,1.445861,4.042745,8.321628,0.980659,4.917369,0.904705,2.985254,11.019792,1.915736,13.122202,
1.637353,1.445861,4.042745,8.321628,0.980659,4.917369,0.904705,2.985254,11.019792,1.915736,13.122202,
1.637353,1.445861,4.042745,8.321628,0.980659,4.917369,0.904705,2.985254,11.019792,1.915736,13.122202,
1.637353,1.445861,4.042745,8.321628,0.980659,4.917369,0.904705,2.985254,11.019792,1.915736,13.122202,
1.637353,1.445861,4.042745,8.321628,0.980659,4.917369,0.904705,2.985254,11.019792,1.915736,13.122202,
1.637353,1.445861,4.042745,8.321628,0.980659,4.917369,0.904705,2.985254,11.019792,1.915736,9.372571,
1.637353,1.445861,4.042745,8.321628,0.980659,4.917369,0.904705,3.142463,11.019792,1.681165,9.372571,
1.637353,1.445861,4.042745,8.321628,0.980659,4.917369,0.904705,3.142463,11.019792,1.681165,9.372571,
1.637353,1.445861,4.042745,8.321628,0.980659,4.917369,0.904705,3.142463,11.019792,1.681165,9.372571,
1.637353,1.445861,4.042745,5.886885,0.980659,4.917369,0.904705,3.142463,11.019792,1.681165,11.520018,
1.637353,1.445861,4.042745,8.460920,0.980659,3.580080,0.904705,3.142463,11.019792,1.681165,11.520018,
1.500427,1.445861,4.042745,8.460920,0.980659,3.580080,0.904705,3.142463,11.019792,1.681165,11.520018,
1.500427,1.445861,4.042745,8.460920,0.980659,3.580080,0.904705,3.142463,11.019792,1.681165,15.047939,
1.500427,1.445861,4.042745,8.460920,0.980659,3.580080,0.904705,3.142463,11.019792,1.681165,15.047939,
1.500427,1.445861,4.042745,8.460920,0.980659,3.580080,0.904705,3.142463,11.019792,1.681165,15.047939,
1.500427,1.445861,4.042745,9.346024,0.980659,3.580080,0.904705,3.142463,6.724247,1.681165,15.047939,
1.500427,1.445861,4.042745,9.346024,0.980659,3.580080,0.904705,3.142463,6.724247,1.681165,15.047939,
1.500427,1.445861,4.042745,9.346024,0.980659,3.580080,0.904705,3.142463,6.724247,1.681165,15.162647,
1.500427,1.445861,4.042745,9.346024,0.980659,3.580080,0.904705,3.142463,6.724247,1.681165,15.162647,
1.500427,1.445861,4.042745,8.795350,0.980659,3.580080,0.904705,3.142463,6.724247,1.681165,15.162647,
1.500427,1.445861,4.042745,5.689520,0.980659,5.300683,0.904705,3.142463,6.724247,1.681165,15.162647,
1.500427,1.445861,4.042745,1.840725,0.980659,8.771752,0.904705,3.142463,6.724247,1.681165,15.162647,
1.500427,1.445861,4.042745,1.840725,0.980659,8.771752,0.904705,3.142463,6.724247,1.681165,15.162647,
1.500427,1.445861,4.042745,1.840725,0.980659,8.771752,0.904705,3.142463,6.724247,1.681165,15.162647,
1.500427,1.445861,4.042745,3.056689,0.980659,8.771752,0.904705,3.142463,6.724247,1.681165,15.162647,
1.500427,1.445861,4.042745,3.056689,0.980659,8.771752,0.904705,3.142463,6.724247,1.681165,15.162647,
1.500427,1.445861,4.042745,3.056689,0.980659,8.771752,0.904705,3.142463,6.724247,1.681165,16.362817,
1.500427,1.262085,4.042745,3.056689,0.980659,10.737233,0.904705,3.142463,6.228889,1.681165,16.759074,
1.500427,1.262085,4.042745,3.056689,0.980659,10.311090,0.904705,3.142463,3.911532,1.681165,19.313195,
1.500427,1.262085,3.813605,6.639062,0.980659,17.257855,0.904705,3.142463,3.911532,1.681165,19.313195,
1.500427,1.262085,3.813605,6.639062,0.980659,17.257855,0.904705,3.142463,3.911532,1.681165,19.313195,
1.500427,1.262085,3.813605,6.639062,0.980659,19.348913,0.904705,3.142463,3.911532,1.681165,16.948275,
1.500427,1.262085,3.813605,7.724156,0.980659,15.466282,0.791035,3.142463,3.911532,1.681165,16.948275,
1.500427,1.262085,3.813605,7.724156,0.980659,15.466282,0.791035,3.142463,3.911532,1.681165,16.948275,
1.500427,1.262085,3.813605,6.088775,0.980659,15.466282,0.791035,3.142463,3.911532,1.681165,16.948275,
1.500427,1.262085,3.813605,6.088775,0.980659,16.583872,0.791035,3.142463,8.793084,1.681165,16.948275,
1.500427,1.262085,3.813605,6.088775,0.980659,16.583872,0.791035,3.142463,8.793084,1.681165,16.948275,
1.500427,1.262085,3.813605,6.088775,0.980659,16.583872,0.791035,3.142463,8.793084,1.681165,16.948275,
1.500427,1.262085,3.813605,5.252741,0.980659,10.795122,0.791035,3.142463,6.315317,1.681165,16.948275,
1.500427,1.262085,3.813605,5.252741,0.980659,10.795122,0.791035,3.142463,7.813049,1.681165,16.948275,
1.500427,1.262085,3.813605,5.252741,0.976044,10.795122,0.791035,3.142463,7.813049,1.681165,14.996099,
1.500427,1.262085,3.813605,5.252741,0.976044,10.795122,0.791035,3.142463,4.063714,1.681165,14.996099,
1.500427,1.262085,3.813605,5.252741,0.976044,10.795122,0.791035,3.142463,4.063714,1.681165,14.996099,
1.500427,1.262085,3.813605,3.991819,0.976044,10.958790,0.791035,3.142463,4.063714,1.681165,14.996099,
1.500427,1.262085,3.813605,3.991819,0.976044,10.958790,0.791035,3.142463,4.063714,1.681165,14.996099,
1.500427,1.262085,3.813605,3.991819,0.976044,10.958790,0.791035,3.142463,4.063714,1.681165,14.996099,
1.500427,1.262085,3.813605,3.991819,0.976044,10.958790,0.791035,3.142463,4.063714,1.681165,14.996099,
1.500427,1.262085,3.813605,3.991819,0.976044,10.958790,0.791035,3.142463,4.063714,1.681165,14.996099,
1.500427,1.262085,3.813605,3.991819,0.976044,10.958790,0.791035,3.142463,4.063714,1.681165,14.996099,
1.500427,1.262085,3.813605,3.991819,0.976044,10.958790,0.791035,3.142463,4.063714,1.681165,14.996099,
1.500427,1.262085,3.813605,3.991819,0.976044,10.958790,0.791035,3.142463,4.063714,1.681165,14.996099,
1.500427,1.262085,3.813605,3.991819,0.976044,10.958790,0.791035,3.142463,4.063714,1.681165,14.996099,
1.500427,1.262085,3.813605,3.991819,0.976044,10.958790,0.791035,3.142463,4.063714,1.681165,14.996099,
1.500427,1.262085,3.813605,3.991819,0.976044,10.305036,0.791035,3.142463,4.063714,1.681165,14.996099,
1.500427,1.262085,3.813605,3.991819,0.976044,10.305036,0.791035,3.142463,4.063714,1.681165,14.996099,
1.500427,1.262085,3.813605,3.991819,0.976044,10.305036,0.791035,3.142463,4.063714,1.681165,14.996099,
1.500427,1.262085,3.813605,3.991819,0.976044,10.305036,0.791035,3.142463,4.063714,1.681165,14.996099,
1.500427,1.262085,3.813605,2.143236,0.976044,10.305036,0.791035,3.142463,4.063714,1.681165,14.996099,
1.500427,1.262085,3.813605,2.143236,0.976044,10.305036,0.791035,3.142463,4.063714,1.754845,12.514719,
1.500427,1.262085,3.813605,2.143236,0.976044,6.765814,0.791035,3.142463,4.063714,1.754845,12.514719,
1.500427,1.262085,3.813605,2.143236,0.976044,6.765814,0.791035,3.142463,4.063714,1.754845,12.514719,
1.500427,1.262085,3.813605,2.143236,0.976044,6.765814,0.791035,3.142463,4.063714,1.754845,12.514719,
1.500427,1.262085,3.813605,2.143236,0.976044,6.765814,0.791035,3.142463,4.063714,1.754845,12.514719,
1.500427,1.262085,3.813605,2.143236,0.976044,6.765814,0.791035,3.142463,4.063714,1.754845,12.514719,
1.500427,1.262085,3.813605,2.143236,0.976044,6.765814,0.791035,3.251102,4.063714,1.754845,12.514719,
1.500427,1.262085,3.813605,9.491384,0.976044,3.645243,0.791035,3.251102,11.788753,1.754845,12.514719,
1.500427,1.262085,3.813605,9.491384,0.976044,3.645243,0.791035,3.251102,11.788753,1.754845,12.514719,
1.500427,1.262085,3.813605,9.491384,0.976044,3.645243,0.791035,3.251102,11.788753,1.754845,12.514719,
1.500427,1.262085,3.813605,9.491384,0.976044,3.645243,0.791035,3.251102,11.788753,1.754845,12.514719,
1.500427,1.262085,3.813605,9.491384,0.976044,3.645243,0.791035,3.251102,11.788753,1.754845,12.514719,
1.500427,1.262085,3.813605,9.491384,0.976044,3.645243,0.791035,3.251102,11.788753,1.754845,12.514719,
1.500427,1.262085,3.813605,9.491384,0.976044,3.645243,0.791035,3.251102,11.788753,1.754845,12.514719,
1.500427,1.262085,3.813605,9.491384,0.976044,3.645243,0.791035,3.251102,11.788753,1.754845,12.514719,
1.500427,1.262085,3.813605,9.491384,0.976044,3.645243,0.791035,3.251102,11.788753,1.754845,12.514719,
1.500427,1.262085,3.813605,9.491384,0.976044,3.645243,0.791035,3.251102,11.788753,1.754845,12.514719,
1.500427,1.262085,3.813605,9.491384,0.976044,3.645243,0.791035,3.251102,11.788753,1.754845,12.514719,
1.500427,1.262085,3.813605,9.491384,0.976044,3.645243,0.791035,3.251102,11.788753,1.754845,12.514719,
1.500427,1.262085,3.813605,9.491384,0.976044,4.385619,0.791035,3.251102,11.788753,1.754845,12.514719,
1.500427,1.262085,3.813605,9.491384,0.976044,5.839146,0.791035,3.251102,11.788753,1.754845,12.514719,
1.500427,1.262085,3.813605,9.491384,0.976044,4.583245,0.791035,3.251102,17.066533,1.754845,12.957793,
1.500427,1.262085,3.813605,9.491384,0.976044,4.583245,0.791035,3.251102,17.066533,1.542992,12.957793,
1.500427,1.262085,3.813605,9.491384,0.976044,4.583245,0.791035,3.251102,19.298942,1.542992,12.957793,
1.500427,1.262085,3.813605,9.491384,0.976044,4.583245,0.791035,3.251102,20.328958,1.542992,10.165127,
1.500427,1.262085,3.813605,9.491384,0.976044,4.583245,0.791035,3.251102,24.356467,1.542992,10.165127,
1.500427,1.262085,3.813605,9.491384,0.976044,4.583245,0.791035,3.251102,24.356467,1.542992,10.165127,
1.500427,1.262085,3.813605,9.491384,0.976044,4.583245,0.791035,3.251102,18.216983,1.542992,13.027464,
1.500427,1.262085,3.813605,9.491384,0.976044,4.583245,0.791035,3.251102,18.216983,1.542992,13.027464,
1.500427,1.262085,3.813605,9.491384,0.976044,4.583245,0.791035,3.251102,16.000560,1.542992,13.027464,
1.500427,1.262085,3.813605,5.613221,0.976044,4.583245,0.791035,3.251102,16.000560,1.542992,13.027464,
1.500427,1.262085,3.813605,5.613221,0.976044,4.583245,0.791035,3.251102,16.000560,1.542992,13.027464,
1.500427,1.262085,3.813605,5.613221,0.976044,4.583245,0.791035,3.251102,16.000560,1.542992,13.027464,
1.500427,1.262085,3.813605,5.613221,0.976044,4.583245,0.791035,3.251102,16.000560,1.542992,13.027464,
1.500427,1.262085,3.813605,5.613221,0.976044,4.583245,0.791035,3.251102,16.000560,1.542992,13.027464,
1.500427,1.262085,3.813605,5.613221,0.976044,4.583245,0.791035,3.251102,16.000560,1.542992,13.027464,
1.500427,1.262085,3.813605,5.613221,0.976044,4.583245,0.791035,3.251102,16.000560,1.542992,13.027464,
1.500427,1.262085,3.813605,5.613221,0.976044,4.583245,0.791035,3.251102,16.000560,1.542992,13.027464,
1.500427,1.262085,3.813605,5.613221,0.976044,4.583245,0.791035,3.251102,10.698890,1.542992,13.027464,
1.500427,1.262085,3.813605,5.613221,0.976044,4.583245,0.791035,3.251102,10.698890,1.542992,13.027464,
1.500427,1.262085,3.813605,5.613221,0.976044,4.583245,0.791035,4.027850,11.305852,1.542992,13.027464,
1.500427,1.262085,5.770829,5.613221,0.976044,4.583245,0.791035,4.027850,10.314057,1.542992,13.027464,
1.500427,1.262085,4.186071,5.613221,1.185034,2.204403,0.791035,4.027850,9.171452,1.811826,13.027464,
1.500427,1.262085,4.186071,5.613221,1.185034,7.627549,0.791035,4.027850,6.750057,1.811826,13.027464,
1.500427,1.262085,4.186071,5.613221,1.185034,7.627549,0.791035,4.027850,6.035684,1.811826,13.027464,
1.500427,1.262085,4.186071,5.613221,1.185034,7.627549,0.791035,4.027850,6.035684,1.811826,13.027464,
1.500427,1.262085,4.186071,5.613221,1.185034,7.627549,0.791035,4.027850,6.035684,1.811826,13.027464,
1.500427,1.262085,4.186071,5.613221,1.185034,7.627549,0.791035,4.027850,6.035684,1.811826,9.386286,
1.500427,1.262085,4.186071,5.613221,1.185034,11.783075,0.791035,4.027850,6.035684,1.890379,9.386286,
1.500427,1.262085,4.186071,5.613221,1.185034,17.496460,0.791035,4.027850,6.213578,1.890379,9.386286,
1.500427,1.262085,4.186071,5.613221,1.185034,20.510673,0.791035,4.027850,13.751899,1.890379,11.473399,
1.500427,1.262085,4.186071,5.613221,1.185034,20.510673,0.791035,4.027850,13.751899,1.890379,11.473399,
1.500427,1.262085,4.186071,3.397195,1.185034,20.510673,0.791035,4.027850,13.751899,1.890379,11.473399,
1.500427,1.262085,4.186071,3.397195,1.185034,20.510673,0.791035,4.027850,10.901939,1.890379,11.473399,
1.500427,1.262085,3.765966,4.976566,1.185034,20.510673,0.791035,3.761408,10.901939,1.890379,11.473399,
1.500427,1.262085,3.765966,4.976566,1.185034,20.510673,0.791035,3.761408,12.904874,1.890379,11.473399,
1.500427,1.262085,3.765966,4.976566,1.185034,20.510673,0.791035,3.761408,12.904874,1.890379,8.229502,
1.500427,1.262085,3.765966,4.976566,1.185034,21.788374,0.791035,3.761408,12.904874,1.890379,8.229502,
1.500427,1.262085,3.765966,4.976566,1.185034,21.788374,0.791035,3.761408,13.571395,1.890379,8.229502,
1.500427,1.262085,3.765966,4.976566,1.185034,21.788374,0.791035,3.761408,13.571395,1.890379,6.942353,
1.500427,1.262085,3.765966,7.537769,1.185034,21.788374,0.791035,4.041089,16.707719,1.890379,6.942353,
1.500427,1.262085,3.765966,6.536830,1.185034,21.788374,0.791035,4.041089,16.707719,1.890379,6.942353,
1.500427,1.262085,3.765966,6.536830,1.185034,21.788374,0.791035,4.041089,16.707719,1.890379,6.942353,
1.500427,1.262085,3.765966,6.536830,1.185034,27.154236,0.791035,4.041089,16.707719,1.890379,8.468727,
1.500427,1.262085,3.765966,6.536830,1.185034,27.154236,0.791035,4.041089,16.707719,1.890379,8.468727,
1.500427,1.262085,3.765966,6.536830,1.185034,25.106445,0.791035,3.749460,14.655675,1.890379,8.468727,
1.500427,1.262085,3.765966,6.534856,1.185034,24.318859,0.791035,3.749460,14.508968,1.890379,8.468727,
1.500427,1.262085,3.765966,6.534856,1.185034,13.345509,0.791035,3.749460,14.508968,1.890379,8.468727,
1.500427,1.262085,3.765966,11.357628,1.185034,13.345509,0.791035,3.749460,9.137703,1.890379,8.468727,
1.500427,1.262085,3.765966,11.357628,1.185034,13.345509,0.791035,3.749460,9.137703,1.890379,8.468727,
1.500427,1.262085,3.765966,11.357628,1.185034,13.345509,0.791035,3.749460,9.137703,1.890379,8.468727,
1.500427,1.262085,3.765966,9.395718,1.185034,13.345509,0.791035,3.749460,9.137703,1.890379,8.468727,
1.500427,1.262085,3.765966,9.395718,1.185034,13.345509,0.791035,3.749460,9.137703,1.890379,8.468727,
1.500427,1.262085,3.765966,9.395718,1.185034,13.345509,0.791035,3.749460,9.137703,1.890379,8.468727,
1.500427,1.262085,3.765966,9.395718,1.185034,13.345509,0.791035,3.749460,9.137703,1.890379,8.468727,
1.500427,1.262085,3.765966,9.395718,1.185034,13.345509,0.791035,3.749460,9.137703,1.890379,8.468727,
1.500427,1.262085,3.765966,9.395718,1.185034,13.345509,0.791035,3.749460,9.137703,1.890379,8.468727,
1.500427,1.262085,3.765966,9.395718,1.185034,13.345509,0.791035,3.749460,9.137703,1.890379,8.468727,
1.500427,1.262085,3.765966,9.395718,1.185034,13.345509,0.791035,3.749460,9.137703,1.890379,8.468727,
1.500427,1.262085,3.765966,9.395718,1.185034,13.345509,0.791035,3.749460,14.957719,1.890379,8.468727,
1.500427,1.262085,3.765966,9.395718,1.185034,13.345509,0.791035,3.749460,14.957719,1.890379,8.468727,
1.500427,1.262085,3.765966,9.395718,1.185034,13.345509,0.791035,3.749460,14.957719,1.890379,8.468727,
1.500427,1.262085,3.765966,11.189959,1.185034,13.345509,0.791035,3.749460,14.957719,1.890379,8.468727,
1.500427,1.262085,3.765966,11.189959,1.185034,13.345509,0.791035,3.749460,14.957719,1.890379,8.468727,
1.500427,1.262085,3.765966,11.189959,1.185034,13.345509,0.791035,3.749460,14.957719,1.890379,8.468727,
1.500427,1.262085,3.765966,14.887138,1.185034,13.345509,0.791035,3.749460,14.957719,1.890379,8.468727,
1.500427,1.262085,3.765966,14.887138,1.185034,13.345509,0.791035,3.749460,14.957719,1.890379,8.468727,
1.500427,1.262085,3.765966,14.887138,1.185034,13.345509,0.791035,3.749460,7.764553,1.890379,8.468727,
1.500427,1.262085,3.765966,14.887138,1.185034,13.345509,0.791035,3.749460,4.439894,1.890379,10.097556,
1.500427,1.262085,3.765966,14.887138,1.185034,13.345509,0.791035,3.749460,4.439894,1.890379,10.097556,
1.500427,1.262085,3.765966,14.887138,1.185034,13.345509,0.791035,3.749460,4.439894,1.890379,10.097556,
1.500427,1.262085,3.765966,14.887138,1.185034,13.345509,0.791035,3.749460,4.439894,1.890379,10.097556,
1.500427,1.262085,3.765966,12.446860,1.185034,11.531432,0.791035,3.749460,4.439894,1.890379,10.097556,
1.500427,1.262085,3.765966,15.266641,1.185034,12.829674,0.791035,3.749460,10.769240,1.890379,10.097556,
1.500427,1.262085,3.735060,15.266641,1.219925,12.829674,0.791035,3.749460,10.769240,1.890379,10.097556,
1.500427,1.262085,3.735060,15.266641,1.219925,10.784763,0.791035,3.749460,10.769240,1.890379,10.097556,
1.500427,1.262085,3.735060,14.660371,1.219925,10.784763,0.791035,3.749460,10.769240,1.890379,10.097556,
1.500427,1.262085,3.735060,14.660371,1.219925,10.784763,0.791035,3.749460,10.769240,1.890379,8.316451,
1.500427,1.262085,3.735060,14.660371,1.219925,10.784763,0.791035,3.749460,10.769240,1.890379,8.316451,
1.500427,1.262085,3.735060,14.660371,1.219925,10.784763,0.791035,3.749460,10.769240,1.890379,8.316451,
1.500427,1.262085,3.735060,14.660371,1.219925,10.784763,0.791035,3.749460,10.769240,1.890379,8.316451,
1.500427,1.262085,3.735060,14.660371,1.219925,10.784763,0.791035,3.749460,10.769240,1.890379,8.316451,
1.500427,1.262085,3.735060,7.561201,1.219925,7.862708,0.791035,3.749460,10.769240,1.890379,8.316451,
1.500427,1.262085,3.735060,7.561201,1.219925,7.862708,0.791035,3.749460,10.769240,1.890379,8.316451,
1.500427,1.262085,3.735060,7.561201,1.219925,7.862708,0.791035,3.749460,10.769240,1.890379,8.316451,
1.500427,1.262085,3.735060,7.561201,1.219925,7.862708,0.791035,3.749460,10.769240,1.890379,8.316451,
1.500427,1.262085,3.735060,7.561201,1.219925,7.862708,0.791035,3.749460,10.769240,1.890379,8.316451,
1.500427,1.262085,3.735060,7.561201,1.219925,7.862708,0.791035,3.749460,10.769240,1.890379,8.316451,
1.500427,1.262085,3.735060,7.561201,1.219925,7.862708,0.791035,3.749460,10.769240,1.890379,8.316451,
1.500427,1.262085,3.735060,7.561201,1.219925,7.862708,0.791035,3.749460,10.769240,1.890379,8.316451,
1.500427,1.262085,3.735060,7.561201,1.219925,9.125387,0.791035,3.749460,10.769240,1.888477,8.316451,
1.500427,1.262085,3.735060,13.159053,1.219925,9.125387,0.791035,3.616017,10.769240,1.888477,9.915893,
1.500427,1.262085,3.735060,13.159053,1.219925,9.125387,0.791035,3.616017,9.897326,1.888477,9.915893,
1.500427,1.262085,3.735060,13.159053,1.219925,9.125387,0.791035,3.616017,8.870050,1.888477,9.915893,
1.500427,1.262085,3.735060,13.159053,1.219925,9.125387,0.791035,3.616017,11.687746,1.888477,9.915893,
1.500427,1.262085,3.735060,13.159053,1.219925,9.125387,0.791035,3.616017,11.687746,2.082559,6.567389,
1.500427,1.262085,3.735060,13.159053,1.219925,9.125387,0.791035,3.616017,11.687746,2.082559,10.527874,
1.500427,1.262085,3.603014,13.159053,1.219925,7.165309,0.791035,3.616017,10.277907,2.082559,10.527874,
1.500427,1.262085,3.603014,13.732227,1.219925,7.165309,0.791035,3.616017,10.277907,2.082559,10.527874,
1.500427,1.262085,3.603014,13.732227,1.219925,7.165309,0.791035,3.616017,10.277907,2.082559,10.527874,
1.500427,1.262085,3.603014,13.732227,1.219925,7.165309,0.791035,3.616017,10.277907,2.082559,11.045519,
1.500427,1.262085,3.603014,13.732227,1.219925,7.165309,0.791035,3.616017,10.277907,2.082559,10.205462,
1.500427,1.262085,3.603014,13.732227,1.219925,7.165309,0.791035,3.616017,10.277907,2.082559,10.205462,
1.500427,1.262085,3.603014,16.370465,1.219925,7.165309,0.791035,3.616017,10.277907,2.082559,10.205462,
1.500427,1.262085,3.603014,12.393222,1.219925,8.339215,0.791035,3.616017,10.277907,2.082559,10.093750,
1.500427,1.262085,3.603014,12.393222,1.219925,8.339215,0.791035,3.616017,10.277907,1.830769,10.093750,
1.500427,1.262085,3.603014,12.393222,1.219925,8.339215,0.791035,3.616017,10.277907,1.830769,10.093750,
1.500427,1.262085,3.603014,10.370367,1.219925,9.007303,0.791035,3.616017,10.277907,1.830769,10.093750,
1.500427,1.262085,3.603014,10.370367,1.219925,9.007303,0.764697,3.616017,10.277907,1.830769,10.093750,
1.500427,1.262085,3.603014,10.600665,1.219925,4.785420,0.764697,3.616017,10.277907,1.830769,10.093750,
1.500427,1.262085,3.603014,10.600665,1.219925,7.598277,0.764697,3.616017,10.277907,1.830769,7.112649,
1.500427,1.262085,3.603014,10.600665,1.219925,7.331504,0.764697,3.616017,11.107459,1.830769,11.798298,
1.500427,1.262085,3.603014,4.648340,1.219925,7.331504,0.764697,3.616017,6.161414,1.830769,11.798298,
1.500427,1.262085,3.603014,4.648340,1.219925,7.331504,0.764697,3.616017,6.161414,1.830769,11.798298,
1.500427,1.262085,3.603014,4.648340,1.219925,7.331504,0.764697,3.616017,6.161414,1.830769,11.798298,
1.500427,1.262085,3.603014,4.994471,1.219925,7.331504,0.764697,3.616017,6.161414,1.830769,11.798298,
1.500427,1.262085,3.603014,4.994471,1.219925,7.331504,0.764697,3.616017,6.161414,1.830769,11.798298,
1.500427,1.262085,3.603014,4.994471,1.219925,7.331504,0.764697,3.616017,6.161414,1.830769,11.798298,
1.500427,1.262085,3.603014,4.994471,1.219925,7.331504,0.764697,3.616017,6.161414,1.830769,11.798298,
1.500427,1.262085,3.603014,4.994471,1.219925,7.331504,0.764697,3.616017,6.161414,1.830769,11.798298,
1.500427,1.262085,3.603014,4.994471,1.219925,7.331504,0.764697,3.616017,6.161414,1.830769,11.798298,
1.500427,1.262085,3.603014,5.495993,1.219925,7.331504,0.764697,3.616017,6.161414,1.830769,11.798298,
1.500427,1.262085,3.603014,3.029579,1.219925,7.331504,0.764697,3.616017,6.161414,1.830769,11.921348,
1.500427,1.262085,3.603014,3.029579,1.219925,7.331504,0.764697,3.656363,6.161414,1.830769,11.921348,
1.500427,1.262085,3.603014,3.029579,1.219925,2.878610,0.764697,3.656363,4.708530,1.830769,11.331674,
1.500427,1.262085,3.603014,3.029579,1.219925,2.878610,0.764697,3.656363,5.753956,1.830769,12.130579,
1.500427,1.262085,3.603014,3.029579,1.219925,2.878610,0.764697,3.656363,5.753956,2.015218,12.130579,
1.500427,1.262085,3.603014,3.029579,1.219925,6.848206,0.764697,3.656363,4.554156,2.015218,12.130579,
1.500427,1.262085,3.603014,3.029579,1.219925,7.389015,0.764697,3.656363,4.554156,2.015218,12.130579,
1.500427,1.262085,3.603014,3.029579,1.219925,7.389015,0.764697,3.656363,4.554156,2.015218,12.130579,
1.500427,1.262085,3.603014,3.029579,1.219925,4.338246,0.764697,3.656363,4.554156,2.015218,12.130579,
1.500427,1.262085,3.603014,3.029579,1.219925,4.338246,0.764697,3.656363,7.720894,2.015218,12.130579,
1.500427,1.262085,3.603014,3.029579,1.219925,3.988132,0.764697,3.656363,7.720894,1.828611,12.130579,
1.500427,1.262085,3.603014,3.029579,1.219925,3.988132,0.764697,3.656363,7.720894,1.828611,12.130579,
1.500427,1.262085,3.603014,8.784289,1.219925,3.988132,0.764697,3.656363,6.438555,1.828611,8.985005,
1.500427,1.262085,3.603014,8.784289,1.219925,3.988132,0.764697,3.656363,6.438555,1.828611,8.985005,
1.500427,1.262085,3.603014,8.784289,1.219925,3.988132,0.764697,3.656363,6.438555,1.828611,8.985005,
1.500427,1.262085,3.603014,5.911915,1.219925,3.988132,0.764697,3.656363,6.438555,1.828611,8.985005,
1.500427,1.262085,3.603014,5.911915,1.219925,6.045602,0.764697,3.656363,6.438555,1.828611,8.985005,
1.500427,1.262085,3.603014,3.931615,1.219925,2.586220,0.764697,3.656363,6.438555,1.828611,8.985005,
1.500427,1.262085,3.603014,3.931615,1.219925,2.586220,0.764697,3.656363,6.438555,1.828611,8.985005,
1.500427,1.262085,3.603014,3.931615,1.219925,3.907035,0.764697,3.656363,11.668754,1.828611,8.985005,
1.500427,1.262085,4.386500,3.931615,1.219925,8.530031,0.764697,3.656363,11.668754,1.828611,8.985005,
1.500427,1.262085,4.386500,3.931615,1.219925,8.530031,0.764697,3.656363,11.668754,1.828611,8.985005,
1.500427,1.262085,4.386500,3.931615,1.219925,8.530031,0.764697,3.656363,12.007697,1.828611,8.985005,
1.500427,1.262085,4.386500,3.931615,1.219925,8.530031,0.764697,3.656363,16.268580,1.828611,8.985005,
1.500427,1.262085,4.386500,3.931615,1.219925,8.530031,0.764697,3.786339,16.268580,1.828611,8.985005,
1.500427,1.262085,4.386500,3.931615,1.219925,8.530031,0.764697,3.786339,16.268580,1.828611,8.985005,
1.500427,1.262085,4.386500,3.931615,1.219925,4.360959,0.764697,3.786339,16.268580,1.828611,8.985005,
1.500427,1.262085,4.386500,3.931615,1.219925,5.266041,0.804397,3.786339,16.268580,1.828611,8.985005,
1.500427,1.262085,4.386500,3.931615,1.219925,5.266041,0.804397,3.786339,10.324696,1.828611,8.985005,
1.500427,1.262085,4.386500,2.138622,1.219925,5.266041,0.804397,3.786339,10.324696,1.828611,8.985005,
1.500427,1.262085,4.386500,2.138622,1.219925,5.266041,0.804397,3.786339,10.324696,1.828611,8.985005,
1.500427,1.262085,4.386500,4.745145,1.219925,6.431383,0.804397,3.786339,10.324696,1.828611,8.985005,
1.500427,1.262085,3.544657,4.745145,1.219925,6.431383,0.804397,3.786339,10.430659,1.828611,16.775945,
1.500427,1.262085,3.544657,4.745145,1.219925,6.431383,0.804397,3.786339,6.174280,1.828611,10.695356,
1.500427,1.262085,3.544657,4.745145,1.219925,6.431383,0.804397,3.786339,8.577070,1.828611,12.127676,
1.500427,1.262085,3.544657,6.333739,1.219925,6.431383,0.804397,3.786339,8.577070,1.828611,12.127676,
1.500427,1.262085,3.544657,6.333739,1.219925,6.431383,0.804397,3.786339,4.691796,1.828611,12.127676,
1.500427,1.262085,3.544657,6.333739,1.219925,6.431383,0.804397,3.786339,10.125808,1.828611,9.205734,
1.500427,1.262085,3.544657,4.978586,1.219925,6.431383,0.804397,3.786339,10.125808,1.828611,9.205734,
1.500427,1.262085,3.544657,3.391686,1.219925,6.431383,0.804397,3.786339,10.125808,1.828611,9.205734,
1.500427,1.262085,3.544657,3.391686,1.219925,6.431383,0.804397,3.786339,10.125808,1.828611,10.994344,
1.500427,1.262085,3.544657,4.995330,1.219925,6.431383,0.804397,3.786339,10.125808,1.828611,10.994344,
1.500427,1.262085,3.544657,3.447041,1.219925,3.800145,0.804397,3.786339,10.125808,1.828611,10.120359,
1.500427,1.262085,3.544657,3.447041,1.219925,3.728505,0.804397,3.786339,10.125808,1.828611,10.120359,
1.500427,1.262085,3.544657,3.447041,1.219925,8.302052,0.804397,3.786339,17.037587,1.828611,10.120359,
1.500427,1.262085,3.544657,3.447041,1.219925,3.648037,0.804397,3.786339,17.037587,1.867319,7.235570,
1.500427,1.262085,3.544657,7.011269,1.219925,3.648037,0.804397,3.786339,17.037587,1.867319,7.235570,
1.500427,1.262085,3.544657,7.011269,1.219925,3.648037,0.804397,3.786339,10.892015,1.867319,8.645953,
1.500427,1.262085,3.544657,4.925286,1.219925,8.568066,0.804397,3.786339,10.892015,1.867319,8.645953,
1.500427,1.262085,3.544657,6.524912,1.219925,9.771082,0.804397,3.786339,10.892015,1.867319,8.416298,
1.500427,1.262085,3.544657,10.920029,1.219925,11.653308,0.804397,3.786339,10.892015,1.867319,8.416298,
1.500427,1.262085,3.544657,10.920029,1.219925,8.177046,0.804397,3.786339,8.792405,1.867319,8.416298,
1.500427,1.262085,3.544657,7.223391,1.219925,8.177046,0.804397,3.786339,8.792405,1.903500,8.416298,
1.500427,1.262085,3.544657,8.427078,1.219925,4.007847,0.971389,3.786339,11.598034,1.903500,9.289050,
1.500427,1.262085,3.544657,9.869078,1.219925,3.388630,0.971389,3.786339,11.598034,1.903500,9.289050,
1.500427,1.262085,3.544657,8.440170,1.219925,3.388630,0.971389,3.786339,11.598034,1.903500,9.289050,
1.500427,1.262085,3.544657,8.440170,1.435477,3.388630,0.971389,3.786339,11.598034,1.963036,9.289050,
1.500427,1.262085,3.544657,8.440170,1.435477,2.008022,0.927325,3.786339,8.693170,1.963036,7.854263,
1.500427,1.262085,3.544657,8.440170,1.435477,3.013487,0.927325,3.786339,4.197917,1.963036,7.854263,
1.500427,1.262085,3.544657,5.288811,1.435477,3.013487,0.927325,3.786339,4.197917,1.963036,7.854263,
1.500427,1.262085,3.544657,5.288811,1.435477,6.998890,0.927325,3.786339,4.197917,1.963036,7.854263,
1.500427,1.262085,3.544657,7.672441,1.435477,5.228640,0.927325,3.786339,4.197917,1.963036,7.854263,
1.500427,1.262085,3.544657,7.672441,1.435477,5.228640,0.927325,3.786339,4.197917,1.963036,7.854263,
1.500427,1.262085,3.544657,5.895769,1.435477,5.228640,0.927325,4.073099,2.557207,1.963036,7.854263,
1.500427,1.262085,3.544657,5.895769,1.435477,5.228640,0.927325,4.073099,2.557207,1.963036,7.854263,
1.500427,1.262085,3.544657,5.895769,1.435477,5.228640,0.927325,4.073099,2.557207,1.963036,7.854263,
1.500427,1.262085,3.544657,5.895769,1.435477,5.228640,0.927325,4.073099,2.557207,1.963036,7.854263,
1.500427,1.262085,3.544657,5.895769,1.435477,5.228640,0.927325,4.073099,2.557207,1.963036,7.854263,
1.500427,1.262085,3.544657,5.895769,1.435477,5.228640,0.927325,4.073099,2.557207,1.963036,7.854263,
1.500427,1.262085,3.544657,5.895769,1.435477,5.228640,0.927325,4.073099,2.557207,1.963036,7.854263,
1.500427,1.262085,3.544657,5.368486,1.435477,5.228640,0.927325,4.073099,2.667349,2.884019,3.807467,
1.500427,1.262085,3.544657,3.690866,1.435477,5.228640,0.927325,4.073099,2.667349,2.884019,3.807467,
1.500427,1.262085,3.544657,3.690866,1.435477,5.228640,0.927325,4.073099,2.667349,2.884019,3.807467,
1.500427,1.262085,3.544657,3.690866,1.435477,5.228640,0.927325,4.073099,2.667349,2.884019,4.566194,
1.500427,1.262085,3.544657,3.690866,1.435477,5.228640,0.927325,4.073099,2.667349,2.884019,4.566194,
1.500427,1.262085,3.544657,6.189899,1.435477,5.228640,0.927325,4.073099,2.672900,2.884019,4.566194,
1.500427,1.262085,3.544657,7.291983,1.435477,5.228640,0.927325,4.073099,6.789947,2.884019,3.074412,
1.500427,1.262085,3.544657,7.291983,1.435477,5.228640,0.927325,4.073099,6.789947,2.686991,3.074412,
1.500427,1.262085,3.544657,7.291983,1.435477,5.228640,0.927325,4.073099,6.789947,2.686991,3.074412,
1.500427,1.262085,3.544657,5.382450,1.435477,5.228640,0.927325,4.073099,6.789947,2.686991,3.074412,
1.564285,1.262085,3.544657,5.382450,1.435477,6.026732,0.927325,4.073099,6.789947,2.686991,3.074412,
1.564285,1.262085,3.544657,5.382450,1.435477,6.026732,0.927325,4.073099,6.789947,2.686991,5.776984,
1.564285,1.262085,3.544657,5.382450,1.607992,6.026732,0.927325,4.073099,6.789947,2.686991,5.776984,
1.564285,1.262085,3.544657,5.382450,1.607992,6.026732,0.927325,4.073099,6.789947,2.686991,5.776984,
1.564285,1.262085,3.544657,7.573813,1.607992,6.026732,0.927325,4.073099,6.789947,2.686991,5.776984,
1.564285,1.262085,3.544657,7.573813,1.607992,6.026732,0.927325,4.073099,6.789947,2.686991,4.033309,
1.564285,1.262085,3.139315,7.573813,1.842981,1.846252,0.927325,4.073099,6.789947,2.686991,4.033309,
1.564285,1.262085,3.139315,7.573813,1.842981,7.082482,0.927325,4.073099,6.008276,2.686991,4.033309,
1.564285,1.262085,3.139315,7.573813,1.842981,7.082482,0.927325,4.073099,11.829429,2.686991,5.287957,
1.564285,1.262085,3.139315,7.573813,1.842981,9.473160,0.927325,4.073099,10.423158,2.686991,5.287957,
1.564285,1.262085,3.139315,7.573813,1.842981,9.473160,0.927325,4.073099,10.423158,2.686991,5.287957,
1.564285,1.262085,3.139315,7.573813,1.842981,8.755386,0.927325,4.073099,10.423158,2.686991,5.300920,
1.564285,1.262085,3.139315,7.573813,1.842981,8.755386,0.927325,3.989807,10.423158,2.686991,5.300920,
1.564285,1.262085,3.139315,8.021545,1.842981,10.623481,0.927325,3.989807,10.423158,2.686991,5.300920,
1.564285,1.262085,3.139315,8.021545,1.842981,10.623481,0.927325,3.989807,10.423158,2.686991,5.300920,
1.564285,1.262085,3.139315,12.054976,1.842981,10.623481,0.927325,3.989807,10.423158,2.686991,5.300920,
1.564285,1.262085,3.139315,12.054976,1.842981,10.623481,0.927325,3.989807,10.423158,2.686991,5.300920,
1.564285,1.262085,3.139315,12.054976,1.842981,10.623481,0.927325,3.989807,5.207969,2.686991,5.300920,
1.564285,1.262085,3.139315,12.054976,1.842981,14.019022,0.927325,3.989807,5.207969,2.686991,5.300920,
1.564285,1.262085,3.139315,12.054976,1.842981,14.019022,0.927325,3.989807,3.435370,2.686991,5.300920,
1.564285,1.262085,3.139315,12.054976,1.842981,14.019022,0.927325,3.989807,3.435370,2.686991,5.300920,
1.564285,1.262085,3.139315,12.054976,1.842981,14.019022,0.927325,3.989807,3.435370,2.686991,5.300920,
1.564285,1.262085,3.139315,12.054976,1.842981,14.019022,0.927325,3.989807,3.435370,2.686991,5.300920,
1.564285,1.262085,3.301630,12.054976,1.842981,14.019022,0.927325,3.989807,3.811422,2.686991,5.300920,
1.564285,1.262085,3.301630,12.054976,1.842981,14.019022,0.927325,4.212368,3.811422,2.686991,5.300920,
1.564285,1.262085,3.301630,12.054976,1.842981,14.019022,0.927325,4.212368,6.589324,2.686991,5.300920,
1.564285,1.262085,3.301630,12.054976,1.842981,14.019022,0.927325,4.212368,6.589324,2.686991,5.300920,
1.564285,1.262085,3.301630,12.054976,1.842981,14.019022,0.927325,4.212368,6.589324,2.686991,5.300920,
1.564285,1.262085,3.301630,12.054976,1.842981,14.019022,0.927325,4.212368,6.589324,2.686991,5.300920,
1.564285,1.262085,3.301630,12.054976,1.842981,14.019022,0.927325,4.212368,6.589324,2.686991,5.300920,
1.564285,1.262085,3.301630,12.054976,1.842981,14.019022,0.927325,4.212368,6.589324,2.686991,5.300920,
1.564285,1.262085,3.301630,12.054976,1.842981,14.019022,0.927325,4.212368,6.589324,2.686991,5.300920,
1.564285,1.262085,3.301630,12.054976,1.842981,14.019022,0.927325,4.212368,6.589324,2.686991,5.300920,
1.564285,1.262085,3.301630,12.054976,1.842981,14.019022,0.927325,4.212368,7.352138,2.686991,5.300920,
1.564285,1.343080,3.301630,12.054976,1.842981,14.019022,0.927325,4.212368,7.352138,2.686991,5.300920,
1.564285,1.343080,3.301630,12.054976,1.842981,14.997416,0.927325,4.212368,7.352138,2.686991,5.300920,
1.564285,1.343080,3.301630,12.054976,1.842981,14.997416,0.927325,4.212368,7.961284,2.686991,5.300920,
1.564285,1.343080,3.301630,12.054976,1.842981,14.997416,0.927325,4.212368,7.961284,2.686991,5.300920,
1.564285,1.343080,3.301630,12.054976,1.842981,13.011754,0.927325,4.212368,10.210417,2.686991,5.300920,
1.564285,1.343080,3.301630,12.054976,1.842981,13.011754,0.927325,4.212368,10.210417,2.686991,5.300920,
1.564285,1.343080,3.301630,12.054976,1.842981,13.011754,0.927325,4.212368,4.961108,2.709499,5.300920,
1.564285,1.343080,3.301630,12.054976,1.842981,13.011754,0.927325,4.212368,4.961108,2.709499,5.300920,
1.564285,1.343080,3.301630,12.054976,1.842981,14.733664,0.927325,4.212368,4.961108,3.019956,5.300920,
1.564285,1.343080,3.301630,12.054976,1.842981,10.380146,0.927325,4.212368,4.961108,3.019956,5.300920,
1.564285,1.343080,3.301630,13.246739,1.842981,9.548600,0.927325,4.212368,11.168509,3.019956,5.300920,
1.564285,1.343080,3.301630,13.246739,1.842981,16.121677,0.955787,4.212368,11.168509,3.019956,1.912264,
1.564285,1.343080,3.301630,13.246739,1.842981,17.281777,0.955787,4.212368,11.168509,3.019956,1.912264,
1.564285,1.343080,3.301630,13.246739,1.842981,13.317131,0.955787,4.212368,11.168509,3.019956,1.912264,
1.564285,1.343080,3.301630,14.369116,1.842981,14.439956,0.955787,4.212368,11.168509,3.019956,1.912264,
1.564285,1.343080,3.301630,14.369116,1.842981,14.439956,0.955787,4.212368,11.168509,3.019956,1.912264,
1.564285,1.343080,3.301630,14.369116,1.842981,14.439956,0.955787,4.212368,11.168509,3.019956,1.912264,
1.564285,1.343080,3.301630,14.369116,1.842981,14.439956,0.955787,4.212368,11.168509,3.019956,1.912264,
1.564285,1.343080,3.301630,14.369116,1.842981,14.439956,0.955787,4.212368,11.168509,3.019956,1.912264,
1.564285,1.343080,3.301630,14.369116,1.842981,14.439956,0.955787,4.212368,11.168509,3.019956,1.912264,
1.564285,1.343080,3.301630,14.369116,1.842981,14.439956,0.955787,4.212368,11.168509,3.019956,1.912264,
1.564285,1.343080,3.301630,14.369116,1.842981,14.439956,0.955787,4.212368,11.168509,3.019956,1.912264,
1.564285,1.343080,3.301630,14.369116,1.842981,14.439956,0.955787,4.212368,15.593611,3.019956,1.912264,
1.564285,1.343080,3.301630,14.369116,1.842981,14.439956,0.955787,4.212368,15.593611,3.019956,1.912264,
1.564285,1.343080,3.301630,14.369116,1.842981,14.439956,0.955787,4.212368,15.593611,3.019956,1.912264,
1.564285,1.343080,3.301630,14.369116,1.842981,14.439956,0.955787,4.212368,15.593611,3.019956,1.912264,
1.564285,1.343080,3.301630,14.369116,1.842981,14.439956,0.955787,4.212368,15.593611,3.019956,1.912264,
1.564285,1.343080,3.301630,14.369116,1.842981,14.439956,0.955787,4.212368,15.593611,3.019956,1.912264,
1.564285,1.343080,3.301630,14.369116,1.842981,14.439956,0.955787,4.212368,15.593611,3.019956,1.912264,
1.564285,1.343080,3.301630,14.369116,1.842981,14.439956,0.955787,4.212368,15.593611,3.019956,1.912264,
1.564285,1.343080,3.301630,14.369116,1.842981,14.439956,0.955787,4.212368,15.593611,3.019956,1.912264,
1.564285,1.343080,3.301630,14.369116,1.842981,14.439956,0.955787,4.212368,15.593611,3.019956,1.912264,
1.564285,1.343080,3.301630,14.369116,1.842981,14.439956,0.955787,4.212368,15.593611,3.019956,1.912264,
1.564285,1.343080,3.301630,14.369116,1.842981,14.439956,0.955787,4.212368,15.593611,3.019956,1.912264,
1.564285,1.343080,3.301630,14.369116,1.842981,10.560744,0.955787,4.212368,15.593611,3.019956,1.912264,
1.564285,1.343080,3.301630,14.369116,1.842981,10.560744,0.955787,4.212368,15.593611,3.019956,1.912264,
1.564285,1.343080,3.301630,14.369116,1.842981,10.560744,0.955787,4.212368,15.593611,3.019956,1.912264,
1.564285,1.343080,3.301630,14.369116,1.842981,10.560744,0.955787,4.212368,15.593611,3.955288,1.912264,
1.564285,1.343080,3.301630,14.369116,1.842981,10.560744,0.955787,4.212368,15.593611,3.955288,1.912264,
1.564285,1.390981,3.301630,14.369116,1.842981,10.560744,0.955787,4.212368,15.593611,3.955288,1.912264,
1.564285,1.390981,3.301630,14.369116,1.842981,10.560744,0.955787,4.212368,15.593611,3.955288,1.912264,
1.516848,1.390981,3.301630,17.076264,1.842981,16.892706,0.955787,4.212368,15.593611,3.955288,1.912264,
1.516848,1.390981,3.301630,17.076264,1.842981,16.892706,0.955787,4.212368,15.593611,3.955288,1.912264,
1.516848,1.390981,3.301630,17.076264,1.842981,16.892706,0.955787,4.212368,15.593611,3.955288,1.912264,
1.516848,1.390981,3.301630,17.076264,1.842981,16.892706,0.955787,4.212368,15.593611,3.955288,1.912264,
1.516848,1.390981,3.301630,17.076264,1.842981,16.892706,0.955787,4.212368,15.593611,3.955288,1.912264,
1.516848,1.390981,3.301630,17.076264,1.842981,16.892706,0.955787,4.212368,15.593611,3.955288,3.648799,
1.516848,1.390981,3.301630,17.076264,1.842981,16.892706,0.955787,4.212368,15.593611,3.955288,3.648799,
1.516848,1.390981,3.301630,17.076264,1.842981,16.892706,0.955787,4.212368,15.593611,3.955288,3.648799,
1.516848,1.390981,3.301630,17.076264,1.842981,16.892706,0.955787,4.212368,15.593611,3.955288,3.648799,
1.516848,1.390981,3.301630,10.020847,1.842981,16.892706,0.955787,4.212368,15.593611,3.955288,3.648799,
1.516848,1.390981,3.301630,10.020847,1.842981,16.892706,0.955787,4.212368,15.593611,3.955288,3.648799,
1.516848,1.390981,3.301630,10.020847,1.842981,16.892706,0.955787,4.212368,15.593611,3.955288,3.648799,
1.516848,1.390981,3.301630,10.020847,1.842981,14.127253,0.955787,4.212368,15.593611,3.955288,3.648799,
1.516848,1.390981,3.301630,10.020847,1.842981,14.127253,0.955787,4.212368,15.593611,3.955288,3.648799,
1.516848,1.390981,3.301630,7.772259,1.842981,14.127253,0.955787,4.212368,15.593611,3.955288,3.648799,
1.516848,1.390981,3.301630,7.772259,1.842981,16.307792,0.955787,4.212368,15.593611,3.955288,3.648799,
1.516848,1.390981,3.301630,5.745586,1.842981,16.307792,1.121456,4.212368,18.971048,3.955288,3.648799,
1.516848,1.390981,3.301630,9.072918,1.842981,16.307792,1.121456,4.212368,18.971048,3.955288,2.535381,
1.516848,1.390981,3.301630,9.072918,1.842981,16.307792,1.121456,4.212368,18.971048,3.955288,2.535381,
1.516848,1.390981,3.301630,9.072918,1.842981,13.579806,1.121456,4.212368,18.971048,3.955288,2.535381,
1.516848,1.390981,3.301630,9.072918,1.842981,13.579806,1.121456,4.212368,18.971048,3.955288,2.535381,
1.516848,1.390981,3.301630,9.072918,1.842981,12.939542,1.121456,4.212368,18.971048,3.955288,2.535381,
1.516848,1.390981,3.301630,9.072918,1.842981,12.939542,1.121456,4.212368,14.754224,3.955288,2.841566,
1.516848,1.390981,3.301630,5.162398,1.842981,12.939542,1.121456,4.212368,14.754224,3.955288,2.841566,
1.516848,1.390981,3.301630,5.162398,1.842981,16.156870,1.121456,4.212368,9.904462,3.955288,2.841566,
1.516848,1.390981,3.301630,3.029646,1.842981,11.594641,1.121456,4.212368,9.904462,3.955288,2.841566,
1.516848,1.390981,3.301630,3.064744,1.842981,11.594641,1.121456,4.212368,9.904462,3.955288,2.841566,
1.516848,1.390981,3.301630,3.064744,1.842981,6.324956,1.121456,4.212368,9.904462,3.955288,2.841566,
1.516848,1.390981,3.434643,3.064744,1.842981,6.324956,1.121456,4.212368,3.550702,3.955288,2.841566,
1.516848,1.390981,3.434643,3.064744,1.842981,9.559496,1.121456,4.212368,3.550702,3.955288,2.841566,
1.516848,1.390981,3.434643,3.861347,1.842981,9.559496,1.121456,4.212368,3.550702,3.955288,6.078248,
1.516848,1.390981,3.434643,3.861347,1.842981,11.184213,1.121456,4.212368,3.550702,3.955288,6.078248,
1.516848,1.390981,3.434643,3.861347,1.842981,11.184213,1.121456,4.212368,3.550702,3.955288,5.567859,
1.516848,1.390981,3.434643,3.861347,1.842981,11.184213,1.121456,4.212368,9.170759,3.955288,6.426921,
1.516848,1.390981,3.434643,3.861347,1.842981,12.734600,1.121456,4.212368,9.170759,3.955288,6.426921,
1.516848,1.390981,3.434643,3.861347,1.842981,12.734600,1.121456,4.395030,9.170759,3.955288,6.426921,
1.516848,1.390981,3.434643,3.861347,1.842981,12.734600,1.121456,4.395030,9.170759,3.955288,6.426921,
1.516848,1.390981,3.434643,3.861347,1.842981,12.734600,1.121456,4.395030,9.170759,3.955288,6.426921,
1.516848,1.390981,3.434643,3.861347,1.842981,12.734600,1.121456,4.395030,6.056712,3.955288,6.426921,
1.516848,1.390981,3.434643,3.861347,1.842981,12.734600,1.121456,4.395030,2.989614,3.955288,2.168300,
1.516848,1.390981,3.434643,3.861347,1.842981,14.738111,1.121456,4.395030,3.122534,3.955288,2.168300,
1.516848,1.390981,3.434643,3.861347,1.842981,14.717822,1.121456,4.395030,1.641655,3.955288,2.168300,
1.516848,1.390981,3.434643,3.861347,1.842981,11.445328,1.121456,4.395030,11.840370,3.955288,2.168300,
1.516848,1.390981,3.434643,3.861347,1.842981,11.445328,1.121456,4.395030,11.840370,3.955288,2.168300,
1.516848,1.390981,3.434643,1.794292,1.842981,11.445328,1.121456,4.395030,11.840370,3.955288,2.168300,
1.516848,1.390981,3.434643,1.794292,1.842981,11.445328,1.121456,4.395030,11.840370,3.955288,2.168300,
1.516848,1.390981,3.434643,1.794292,1.842981,11.445328,1.121456,4.395030,11.840370,3.955288,2.168300,
1.516848,1.390981,3.434643,1.794292,1.842981,11.445328,1.121456,4.395030,11.840370,3.955288,2.168300,
1.516848,1.390981,3.434643,1.794292,1.842981,11.445328,1.121456,4.395030,11.840370,3.955288,2.168300,
1.516848,1.390981,3.434643,1.794292,1.842981,11.445328,1.121456,4.395030,11.840370,3.955288,2.168300,
1.516848,1.390981,3.434643,1.794292,1.842981,11.445328,1.121456,4.395030,11.840370,3.955288,2.168300,
1.516848,1.390981,3.434643,1.794292,1.842981,11.445328,1.121456,4.395030,11.840370,3.955288,2.168300,
1.516848,1.390981,3.434643,3.427069,1.842981,12.579444,1.121456,4.395030,16.870259,3.955288,2.168300,
1.516848,1.390981,3.434643,3.427069,1.842981,18.164869,1.121456,4.395030,16.419063,3.955288,2.168300,
1.516848,1.390981,3.434643,3.427069,1.842981,18.164869,1.121456,4.395030,14.221383,3.955288,2.168300,
1.516848,1.390981,3.434643,3.427069,1.842981,18.164869,1.121456,4.395030,14.221383,3.955288,2.168300,
1.516848,1.390981,3.434643,4.477385,1.842981,18.164869,1.121456,4.395030,18.076201,3.955288,2.168300,
1.516848,1.390981,3.434643,4.477385,1.842981,18.164869,1.121456,4.395030,18.076201,3.955288,2.168300,
1.516848,1.390981,3.434643,4.477385,1.842981,18.164869,1.121456,4.395030,18.076201,3.955288,2.401687,
1.516848,1.390981,3.434643,4.477385,1.842981,18.164869,1.121456,4.395030,18.076201,3.955288,2.401687,
1.516848,1.390981,3.434643,4.477385,1.842981,18.164869,1.121456,4.395030,18.076201,3.955288,2.401687,
1.516848,1.390981,3.434643,4.477385,1.842981,18.164869,1.121456,4.395030,18.076201,3.955288,1.874493,
1.516848,1.390981,3.434643,4.477385,1.842981,18.164869,1.121456,4.395030,18.067305,3.955288,1.874493,
1.516848,1.390981,3.434643,3.022004,1.842981,18.164869,1.121456,4.395030,18.067305,3.955288,4.099983,
1.516848,1.390981,3.434643,3.022004,1.842981,24.405188,1.121456,4.395030,18.067305,3.955288,4.099983,
1.516848,1.390981,3.434643,3.022004,1.842981,24.405188,1.121456,4.395030,18.067305,3.955288,4.295920,
1.516848,1.390981,3.434643,3.022004,1.842981,24.405188,1.121456,4.395030,16.898443,3.955288,4.295920,
1.516848,1.390981,3.434643,3.022004,1.842981,23.251942,1.121456,4.395030,16.898443,3.955288,4.295920,
1.516848,1.390981,3.434643,3.022004,1.842981,23.251942,1.121456,4.395030,16.898443,3.955288,4.295920,
1.516848,1.390981,3.434643,3.022004,1.842981,21.261486,1.121456,4.395030,16.898443,3.955288,4.783995,
1.516848,1.390981,3.434643,3.022004,1.842981,21.261486,1.121456,4.395030,17.827314,3.955288,3.091479,
1.516848,1.390981,3.434643,3.022004,1.842981,21.657931,1.121456,4.395030,19.707950,3.955288,3.091479,
1.516848,1.390981,3.434643,3.022004,1.842981,21.657931,1.121456,4.395030,19.707950,3.955288,3.091479,
1.378179,1.390981,3.434643,4.228372,1.842981,15.689418,1.121456,4.395030,20.089955,3.955288,3.091479,
1.378179,1.390981,3.434643,5.336182,1.842981,15.689418,1.121456,4.395030,21.043226,3.955288,3.091479,
1.378179,1.390981,3.434643,5.336182,1.842981,15.689418,1.121456,4.395030,21.043226,3.955288,3.091479,
1.378179,1.390981,3.434643,5.336182,1.842981,15.689418,1.121456,4.395030,21.043226,3.955288,3.091479,
1.378179,1.390981,3.434643,5.336182,1.842981,15.689418,1.121456,4.395030,21.043226,3.955288,3.091479,
1.378179,1.390981,3.434643,5.336182,1.842981,15.689418,1.121456,4.395030,21.043226,3.955288,3.091479,
1.378179,1.390981,3.434643,5.336182,1.842981,15.689418,1.121456,4.395030,21.043226,3.955288,3.091479,
1.378179,1.390981,3.434643,5.336182,1.842981,15.689418,1.121456,4.395030,21.043226,3.955288,3.091479,
1.378179,1.390981,3.434643,5.336182,1.842981,15.689418,1.121456,4.823148,21.043226,4.175706,3.091479,
1.378179,1.390981,3.434643,2.751993,1.842981,15.689418,1.121456,4.823148,21.043226,4.175706,3.091479,
1.378179,1.390981,3.434643,2.127294,1.842981,15.689418,1.121456,4.823148,22.358742,4.175706,3.091479,
1.378179,1.390981,3.434643,2.127294,1.842981,15.689418,1.121456,4.823148,22.358742,4.175706,3.091479,
1.378179,1.390981,3.434643,2.127294,1.842981,15.689418,1.121456,4.823148,22.358742,4.175706,3.091479,
1.378179,1.601847,3.434643,2.127294,1.842981,15.868230,1.121456,4.823148,22.358742,4.819225,3.091479,
1.378179,1.601847,3.322879,2.127294,1.842981,11.226958,1.121456,4.823148,25.238683,4.819225,3.091479,
1.378179,1.601847,3.322879,2.127294,1.812092,9.881990,1.121456,4.823148,25.238683,4.819225,3.091479,
1.378179,1.601847,3.322879,2.127294,1.812092,10.707235,1.211040,4.823148,25.238683,4.819225,3.091479,
1.378179,1.601847,3.322879,2.127294,1.812092,10.707235,1.211040,4.823148,25.487426,4.819225,3.091479,
1.378179,1.601847,3.322879,2.127294,1.812092,10.707235,1.211040,4.823148,25.487426,4.093717,3.091479,
1.378179,1.601847,3.322879,2.127294,1.812092,8.965612,1.211040,4.823148,25.487426,4.093717,2.551796,
1.378179,1.601847,3.322879,2.127294,1.812092,8.965612,1.211040,4.823148,28.145095,4.093717,2.551796,
1.378179,1.601847,3.322879,2.127294,1.898044,8.965612,1.211040,4.823148,28.145095,4.093717,2.551796,
1.378179,1.601847,3.322879,2.127294,1.898044,8.965612,1.211040,4.823148,28.145095,4.093717,2.551796,
1.378179,1.601847,3.322879,2.127294,1.898044,8.965612,1.211040,4.823148,22.902614,4.093717,2.551796,
1.378179,1.601847,3.322879,2.127294,1.898044,8.965612,1.211040,4.823148,22.902614,4.093717,2.551796,
1.378179,1.601847,3.322879,2.127294,1.898044,8.299211,1.211040,4.823148,22.902614,5.284752,2.551796,
1.378179,1.601847,3.322879,2.127294,1.898044,10.573404,1.211040,4.823148,22.902614,3.553252,6.103774,
1.378179,1.601847,3.322879,2.127294,1.708497,13.257928,1.211040,4.823148,22.902614,3.553252,6.103774,
1.378179,1.601847,3.322879,2.785746,1.708497,13.257928,1.211040,4.604457,22.902614,3.553252,6.103774,
1.378179,1.601847,3.322879,2.785746,1.708497,13.257928,1.211040,4.604457,24.683740,3.553252,6.103774,
1.378179,1.601847,3.322879,2.785746,1.708497,9.437107,1.211040,4.604457,24.683740,3.553252,6.103774,
1.378179,1.601847,3.788615,2.785746,1.708497,10.366957,1.211040,4.604457,22.318308,3.553252,3.221020,
1.378179,1.601847,3.788615,2.785746,1.708497,10.366957,1.211040,4.700653,22.318308,3.553252,3.221020,
1.378179,1.601847,3.788615,2.785746,1.708497,10.366957,1.211040,4.700653,22.318308,3.553252,3.221020,
1.378179,1.601847,3.788615,2.785746,1.708497,10.366957,1.211040,4.700653,22.318308,3.553252,4.106792,
1.378179,1.601847,3.788615,2.785746,1.708497,10.044167,1.211040,4.700653,21.142980,3.553252,4.106792,
1.378179,1.601847,3.619917,4.174602,1.708497,14.891877,1.211040,4.700653,21.142980,3.553252,4.106792,
1.378179,1.601847,3.619917,4.174602,1.708497,13.539126,1.211040,4.700653,15.781774,3.553252,4.106792,
1.378179,1.601847,3.619917,4.174602,1.708497,13.539126,1.211040,4.700653,15.781774,3.553252,4.106792,
1.378179,1.601847,3.619917,4.174602,1.708497,13.539126,1.211040,4.700653,15.781774,3.553252,4.106792,
1.378179,1.601847,3.619917,4.174602,1.708497,10.684452,1.211040,4.700653,15.781774,3.553252,4.106792,
1.378179,1.601847,3.619917,4.174602,1.708497,10.684452,1.211040,4.700653,15.781774,3.553252,4.106792,
1.378179,1.601847,3.619917,4.174602,1.708497,6.380440,1.211040,4.700653,11.488243,3.553252,4.106792,
1.378179,1.601847,3.619917,4.174602,1.708497,3.777697,1.211040,4.700653,11.488243,3.553252,4.106792,
1.378179,1.601847,3.619917,4.174602,1.708497,3.777697,1.211040,4.700653,16.945198,3.553252,4.106792,
1.378179,1.601847,3.619917,4.174602,1.708497,9.043522,1.211040,4.700653,13.547690,3.925148,4.106792,
1.378179,1.601847,3.619917,4.174602,1.708497,9.043522,1.211040,4.700653,13.547690,3.925148,4.106792,
1.378179,1.601847,3.619917,3.322802,1.708497,9.737304,1.211040,4.700653,13.547690,3.925148,4.106792,
1.378179,1.601847,3.619917,3.322802,1.708497,9.737304,1.211040,4.700653,13.547690,3.925148,4.106792,
1.378179,1.601847,3.619917,3.322802,1.708497,9.767572,1.211040,4.700653,13.547690,3.925148,4.106792,
1.378179,1.601847,3.619917,3.322802,1.708497,9.767572,1.211040,4.700653,13.547690,3.925148,5.974201,
1.378179,1.345058,3.386046,3.322802,1.708497,9.827305,1.211040,4.700653,12.761989,3.311161,5.974201,
1.378179,1.176506,3.386046,3.322802,1.708497,9.827305,1.211040,4.700653,12.761989,3.311161,5.974201,
1.378179,1.176506,3.006673,3.322802,1.708497,9.827305,1.211040,4.700653,12.761989,3.311161,5.974201,
1.378179,1.176506,3.006673,3.322802,1.708497,9.827305,1.211040,4.700653,12.761989,3.311161,9.624291,
1.378179,1.176506,3.006673,4.563252,1.708497,9.827305,1.211040,4.700653,12.761989,3.311161,9.624291,
1.378179,1.176506,3.006673,4.563252,1.708497,9.827305,1.211040,4.700653,12.761989,3.311161,9.624291,
1.378179,1.176506,3.006673,4.563252,1.708497,9.827305,1.211040,4.700653,12.761989,3.311161,9.624291,
1.378179,1.176506,3.006673,5.300503,1.708497,9.827305,1.211040,4.700653,12.761989,3.311161,9.624291,
1.378179,1.176506,3.006673,5.300503,1.708497,9.827305,1.211040,4.700653,12.761989,3.311161,9.624291,
1.378179,1.176506,3.006673,5.300503,1.708497,9.827305,1.211040,4.700653,13.953056,3.311161,9.624291,
1.378179,1.176506,3.006673,5.300503,1.708497,9.827305,1.211040,4.700653,13.953056,3.311161,9.624291,
1.378179,1.176506,3.006673,5.300503,1.708497,9.827305,1.211040,4.700653,13.953056,3.311161,9.624291,
1.378179,1.176506,3.006673,5.300503,1.708497,9.827305,1.211040,4.700653,13.953056,3.311161,5.898035,
1.378179,1.176506,3.759238,5.300503,1.708497,9.827305,1.211040,4.700653,13.953056,3.311161,5.898035,
1.378179,1.176506,2.746768,5.300503,1.972289,9.827305,1.211040,4.700653,13.953056,3.311161,9.402935,
1.378179,1.176506,2.746768,5.300503,1.972289,8.481312,1.211040,4.700653,11.660278,3.311161,9.402935,
1.378179,1.176506,2.746768,11.300075,1.972289,8.481312,1.211040,4.700653,11.660278,3.311161,9.402935,
1.378179,1.176506,2.746768,15.603163,1.972289,8.575154,1.211040,4.700653,11.660278,3.311161,9.402935,
1.378179,1.176506,2.746768,15.603163,1.972289,13.968330,1.211040,4.700653,11.660278,3.311161,9.402935,
1.378179,1.176506,2.746768,11.515785,1.972289,13.968330,1.211040,4.700653,11.660278,3.311161,9.402935,
1.378179,1.176506,2.746768,11.515785,1.972289,13.968330,1.211040,4.700653,10.938089,3.311161,9.402935,
1.378179,1.176506,2.746768,10.421273,1.972289,13.968330,1.211040,4.700653,10.938089,3.311161,9.402935,
1.378179,1.176506,2.746768,9.181557,1.972289,12.284983,1.211040,4.700653,7.585776,3.311161,5.976661,
1.378179,1.176506,2.746768,9.181557,1.972289,12.284983,1.211040,4.700653,10.099399,3.311161,4.177084,
1.378179,1.176506,2.746768,9.181557,1.972289,12.284983,1.211040,4.700653,16.051910,3.311161,9.637613,
1.378179,1.176506,2.746768,9.181557,1.972289,12.697117,1.227689,4.700653,16.051910,3.311161,9.637613,
1.378179,1.176506,2.746768,9.181557,1.972289,9.336361,1.227689,4.700653,16.051910,3.311161,9.637613,
1.378179,1.176506,2.746768,9.181557,1.972289,9.336361,1.227689,4.700653,16.051910,3.311161,9.637613,
1.378179,1.176506,2.746768,9.181557,1.972289,9.336361,1.227689,4.700653,16.051910,3.311161,9.637613,
1.378179,1.176506,2.746768,8.579005,1.972289,9.336361,1.227689,4.700653,16.051910,3.311161,9.637613,
1.378179,1.176506,2.746768,8.579005,1.972289,9.336361,1.227689,4.700653,13.815448,3.311161,9.584567,
1.378179,1.176506,2.746768,10.444373,1.972289,9.336361,1.227689,4.700653,13.815448,3.311161,9.584567,
1.378179,1.176506,2.746768,7.641957,1.972289,9.336361,1.227689,4.779759,13.815448,3.311161,9.584567,
1.378179,1.176506,2.746768,10.752541,1.972289,9.336361,1.227689,4.779759,16.386446,3.311161,9.584567,
1.378179,1.176506,2.746768,10.752541,1.972289,9.336361,1.227689,4.141119,16.386446,3.311161,12.099786,
1.378179,1.176506,2.746768,6.423461,1.730560,8.711684,1.227689,4.141119,16.386446,3.311161,12.099786,
1.389535,1.176506,2.746768,6.423461,1.575764,8.067909,1.227689,4.141119,16.386446,3.311161,12.099786,
1.389535,1.176506,2.746768,7.766307,1.575764,6.681520,1.227689,4.141119,16.371393,3.311161,12.099786,
1.389535,1.176506,2.746768,7.766307,1.575764,6.681520,1.227689,4.141119,16.371393,3.311161,12.099786,
1.389535,1.176506,2.746768,12.966183,1.575764,6.063470,1.227689,4.141119,12.568010,3.311161,12.099786,
1.389535,1.176506,2.746768,12.966183,1.575764,6.063470,1.227689,4.141119,12.568010,3.311161,12.099786,
1.389535,1.176506,2.746768,16.414699,1.575764,6.063470,1.227689,4.141119,9.213246,3.311161,12.099786,
1.389535,1.176506,2.746768,16.414699,1.575764,6.063470,1.227689,4.141119,9.213246,3.311161,12.099786,
1.389535,1.047256,2.746768,16.414699,1.575764,6.063470,1.227689,4.141119,9.213246,3.311161,12.099786,
1.389535,1.047256,2.746768,16.414699,1.575764,6.063470,1.227689,4.141119,9.213246,3.311161,12.099786,
1.389535,1.047256,2.746768,16.414699,1.575764,6.063470,1.227689,4.141119,8.469106,3.311161,12.099786,
1.389535,1.047256,2.746768,13.548067,1.575764,6.063470,1.227689,4.141119,8.469106,3.311161,12.099786,
1.389535,1.047256,2.746768,13.548067,1.575764,6.063470,1.227689,4.141119,8.469106,3.311161,12.099786,
1.389535,1.047256,2.746768,13.548067,1.575764,10.379160,1.227689,4.141119,8.469106,3.311161,12.099786,
1.389535,1.047256,2.746768,13.548067,1.575764,10.379160,1.227689,4.141119,8.469106,3.311161,12.099786,
1.389535,1.047256,2.746768,13.548067,1.575764,10.379160,1.227689,4.141119,8.469106,3.311161,12.099786,
1.389535,1.047256,2.746768,13.548067,1.575764,10.379160,1.227689,4.141119,8.469106,3.311161,12.099786,
1.389535,1.047256,2.746768,13.548067,1.575764,10.379160,1.227689,4.141119,8.469106,3.311161,12.099786,
1.389535,1.047256,2.746768,13.548067,1.575764,10.379160,1.227689,4.141119,6.249443,3.311161,12.099786,
1.389535,1.047256,2.746768,13.548067,1.575764,10.379160,1.297926,4.141119,6.249443,3.311161,12.099786,
1.389535,1.047256,3.258618,13.548067,1.575764,10.379160,1.297926,4.141119,6.249443,3.311161,14.667747,
1.389535,1.047256,3.258618,13.548067,1.575764,10.379160,1.297926,4.141119,6.249443,3.311161,14.667747,
1.389535,1.047256,3.258618,21.769123,1.575764,10.379160,1.297926,4.141119,6.249443,3.311161,14.667747,
1.389535,1.319370,3.258618,21.769123,1.575764,9.511228,1.390796,4.141119,6.249443,3.311161,9.893078,
1.389535,1.319370,3.258618,21.769123,1.575764,9.511228,1.390796,4.141119,6.249443,3.311161,9.893078,
1.389535,1.319370,3.258618,21.769123,1.575764,9.511228,1.390796,4.141119,8.764969,3.311161,9.893078,
1.389535,1.319370,3.258618,21.769123,1.575764,9.511228,1.390796,4.141119,8.764969,3.311161,9.893078,
1.389535,1.319370,3.258618,21.769123,1.575764,9.511228,1.390796,4.141119,8.764969,3.311161,10.038777,
1.389535,1.319370,3.258618,21.769123,1.575764,9.511228,1.390796,4.141119,8.764969,3.311161,10.038777,
1.389535,1.319370,3.258618,21.769123,1.575764,9.511228,1.390796,4.141119,8.764969,3.311161,10.038777,
1.389535,1.319370,3.258618,21.769123,1.575764,9.511228,1.390796,4.141119,8.764969,3.311161,10.038777,
1.389535,1.319370,3.258618,21.769123,1.575764,9.511228,1.390796,4.141119,7.207685,3.311161,10.038777,
1.389535,1.319370,3.258618,21.769123,1.575764,9.511228,1.390796,4.141119,7.207685,3.311161,10.038777,
1.389535,1.319370,3.258618,21.769123,1.575764,9.511228,1.390796,4.141119,7.207685,3.311161,10.038777,
1.389535,1.319370,3.258618,18.832652,1.575764,9.511228,1.390796,4.141119,7.207685,3.311161,12.147984,
1.389535,1.319370,3.258618,18.832652,1.575764,6.854374,1.390796,4.141119,15.629347,3.311161,12.147984,
1.389535,1.319370,3.258618,15.860094,1.575764,6.854374,1.390796,4.141119,15.629347,3.311161,12.147984,
1.389535,1.145391,3.258618,20.331708,1.575764,6.854374,1.390796,4.141119,15.629347,3.311161,12.147984,
1.389535,1.145391,3.258618,20.331708,1.575764,6.854374,1.390796,4.141119,10.786666,3.311161,12.147984,
1.389535,1.145391,3.258618,20.331708,1.575764,6.854374,1.390796,4.141119,10.786666,3.311161,12.147984,
1.389535,1.087221,3.258618,20.958384,1.575764,6.854374,1.390796,4.141119,6.516602,3.311161,12.147984,
1.389535,1.087221,3.258618,20.958384,1.575764,2.151140,1.390796,4.141119,4.014920,3.311161,12.147984,
1.389535,1.087221,3.258618,20.958384,1.575764,3.149154,1.390796,4.141119,5.218011,3.311161,12.301204,
1.389535,1.087221,3.258618,19.041715,1.575764,3.149154,1.390796,4.141119,5.218011,3.311161,12.301204,
1.389535,1.087221,3.258618,19.041715,1.575764,5.800057,1.390796,4.141119,3.964255,3.311161,12.301204,
1.389535,1.087221,3.258618,15.467239,1.575764,5.800057,1.390796,4.141119,3.998877,3.311161,12.301204,
1.389535,1.087221,3.258618,15.467239,1.575764,5.800057,1.390796,4.141119,3.998877,3.311161,12.301204,
1.389535,1.087221,3.258618,15.467239,1.575764,5.800057,1.390796,4.141119,3.998877,3.311161,12.301204,
1.389535,1.087221,3.258618,19.684784,1.575764,5.800057,1.390796,4.141119,3.998877,3.311161,12.301204,
1.389535,1.087221,3.258618,19.684784,1.575764,5.800057,1.390796,4.141119,3.998877,3.311161,12.301204,
1.389535,1.087221,3.258618,19.684784,1.575764,5.800057,1.390796,4.141119,3.998877,3.311161,12.301204,
1.389535,1.087221,3.258618,19.684784,1.575764,5.800057,1.390796,4.141119,3.998877,3.311161,13.531377,
1.389535,1.087221,3.258618,20.932637,1.575764,8.180571,1.390796,4.141119,3.998877,3.311161,13.944543,
1.389535,1.087221,3.258618,15.828512,1.575764,7.993103,1.390796,4.141119,3.998877,3.311161,16.508432,
1.389535,1.087221,3.258618,18.105428,1.575764,15.038959,1.390796,4.141119,3.572911,3.311161,11.860071,
1.389535,1.087221,3.258618,14.621375,1.575764,15.038959,1.390796,4.141119,4.354137,3.311161,11.860071,
1.389535,1.087221,3.258618,14.114922,1.575764,15.038959,1.390796,4.141119,4.354137,3.311161,11.860071,
1.389535,1.087221,3.258618,14.114922,1.575764,15.038959,1.390796,4.141119,4.354137,3.311161,11.860071,
1.389535,1.087221,3.258618,14.114922,1.575764,15.038959,1.390796,4.141119,4.354137,3.311161,11.860071,
1.389535,1.087221,3.258618,14.114922,1.575764,15.038959,1.390796,4.141119,4.354137,3.311161,11.860071,
1.389535,1.087221,3.258618,14.114922,1.575764,15.038959,1.390796,4.141119,4.354137,3.311161,11.860071,
1.389535,1.087221,3.258618,14.114922,1.575764,15.038959,1.390796,4.141119,4.354137,3.311161,11.860071,
1.389535,1.087221,3.258618,14.114922,1.575764,15.038959,1.390796,4.141119,4.354137,3.311161,11.860071,
1.389535,1.087221,3.258618,12.375031,1.575764,9.268654,1.390796,4.141119,4.354137,3.311161,12.361071,
1.389535,1.087221,3.258618,13.229896,1.575764,17.473277,1.390796,4.141119,6.355541,3.311161,15.571662,
1.389535,1.087221,3.258618,8.671179,1.575764,17.473277,1.390796,4.141119,6.355541,3.311161,15.571662,
1.389535,1.087221,3.258618,8.671179,1.575764,14.677362,1.390796,4.141119,6.355541,3.311161,15.571662,
1.389535,1.087221,3.258618,8.671179,1.575764,15.916706,1.390796,4.141119,4.011951,3.311161,15.571662,
1.389535,1.087221,3.258618,6.422680,1.575764,15.989252,1.390796,4.141119,4.011951,3.311161,13.491701,
1.389535,1.087221,3.258618,9.899672,1.575764,15.989252,1.390796,4.141119,4.011951,3.311161,13.491701,
1.389535,1.087221,3.258618,9.899672,1.575764,15.989252,1.390796,4.141119,4.011951,3.311161,13.491701,
1.389535,1.087221,3.258618,9.899672,1.575764,19.718019,1.390796,4.141119,5.192669,3.311161,10.819609,
1.389535,1.087221,3.258618,7.398716,1.575764,22.265025,1.390796,4.141119,5.192669,3.311161,10.819609,
1.389535,1.087221,3.258618,7.398716,1.575764,16.521429,1.390796,4.141119,5.192669,3.311161,10.819609,
1.389535,1.244387,3.171950,4.363632,1.575764,17.224966,1.390796,4.141119,6.771425,3.311161,10.819609,
1.389535,1.244387,3.171950,4.363632,1.575764,17.224966,1.390796,4.141119,6.771425,3.311161,10.819609,
1.389535,1.244387,3.171950,4.363632,1.575764,17.224966,1.390796,4.141119,10.640229,3.311161,10.819609,
1.389535,1.244387,3.171950,4.363632,1.575764,17.224966,1.390796,4.141119,10.640229,3.273712,10.819609,
1.398233,1.244387,3.171950,4.363632,1.575764,16.472598,1.390796,4.141119,10.640229,3.273712,10.819609,
1.398233,1.244387,3.171950,4.363632,1.575764,16.472598,1.390796,4.141119,9.340568,3.273712,10.819609,
1.398233,1.244387,3.171950,4.363632,1.774884,9.705166,1.397576,4.141119,9.340568,3.273712,10.819609,
1.398233,1.244387,3.171950,3.275060,1.774884,14.086523,1.397576,4.141119,9.340568,3.273712,10.819609,
1.398233,1.244387,3.171950,3.275060,1.774884,14.086523,1.397576,4.141119,9.340568,3.357868,10.819609,
1.398233,1.244387,3.171950,3.275060,1.774884,14.086523,1.397576,4.141119,9.340568,3.357868,10.819609,
1.398233,1.244387,3.171950,3.275060,1.774884,14.086523,1.397576,4.141119,9.340568,3.357868,10.819609,
1.398233,1.244387,3.171950,3.275060,1.774884,14.086523,1.397576,4.141119,8.198482,3.357868,10.819609,
1.398233,1.244387,3.171950,3.275060,1.774884,8.380523,1.397576,4.403124,13.244208,3.357868,11.526000,
1.398233,1.244387,3.171950,3.275060,1.774884,8.380523,1.397576,4.403124,13.244208,3.357868,11.526000,
1.398233,1.244387,3.171950,3.275060,1.774884,8.380523,1.397576,4.403124,13.244208,3.357868,11.526000,
1.398233,1.244387,3.171950,3.275060,1.774884,7.517013,1.397576,4.403124,11.326251,3.357868,11.526000,
1.398233,1.244387,3.171950,3.275060,1.774884,7.517013,1.397576,4.403124,11.326251,3.357868,11.526000,
1.398233,1.244387,3.171950,3.275060,1.774884,7.517013,1.397576,4.403124,11.326251,3.357868,11.526000,
1.398233,1.244387,3.171950,3.275060,1.774884,9.713488,1.397576,4.403124,11.326251,3.357868,11.526000,
1.398233,1.244387,3.171950,3.275060,1.774884,9.713488,1.397576,4.403124,11.326251,3.357868,11.526000,
1.398233,1.244387,3.171950,3.275060,1.774884,9.713488,1.397576,4.403124,11.373902,3.357868,12.525690,
1.398233,1.244387,3.171950,4.314986,1.774884,9.713488,1.397576,4.403124,10.142671,3.357868,12.525690,
1.398233,1.244387,3.171950,4.314986,1.774884,3.811394,1.397576,4.403124,10.142671,3.357868,12.525690,
1.398233,1.244387,3.171950,4.314986,1.774884,3.811394,1.397576,4.403124,10.142671,3.357868,11.661790,
1.398233,1.244387,3.171950,4.314986,1.774884,3.811394,1.397576,4.403124,10.142671,3.357868,11.661790,
1.398233,1.244387,3.171950,9.861910,1.774884,3.811394,1.397576,4.403124,10.142671,3.357868,11.661790,
1.398233,1.244387,3.171950,9.861910,1.774884,3.811394,1.397576,4.403124,7.330440,3.357868,11.661790,
1.398233,1.244387,3.171950,9.861910,1.774884,3.811394,1.397576,4.403124,7.330440,3.357868,9.140944,
1.398233,1.244387,3.171950,3.702323,1.774884,4.478684,1.397576,4.403124,7.330440,3.357868,9.140944,
1.398233,1.324112,3.171950,3.702323,1.774884,5.901027,1.397576,4.403124,7.330440,3.357868,9.140944,
1.398233,1.324112,3.171950,3.702323,1.774884,5.901027,1.397576,4.403124,7.330440,3.357868,9.140944,
1.389096,1.437320,3.171950,3.702323,1.774884,3.745283,1.397576,4.403124,7.330440,3.357868,9.140944,
1.389096,1.437320,3.171950,3.702323,1.774884,3.745283,1.397576,4.403124,7.330440,3.357868,9.140944,
1.389096,1.437320,3.171950,3.702323,1.774884,3.745283,1.397576,4.403124,8.745554,3.357868,9.140944,
1.389096,1.502938,3.171950,2.947731,1.774884,3.745283,1.397576,4.403124,12.921053,3.357868,9.140944,
1.389096,1.502938,3.171950,2.947731,1.774884,6.460171,1.337747,4.403124,19.671335,3.357868,10.283379,
1.389096,1.502938,3.171950,2.947731,1.774884,6.460171,1.337747,4.403124,13.532828,3.357868,10.283379,
1.389096,1.502938,3.171950,2.947731,1.774884,8.058883,1.337747,4.403124,13.532828,3.357868,5.122873,
1.389096,1.502938,3.171950,2.947731,1.774884,8.058883,1.337747,4.403124,13.532828,3.357868,7.051031,
1.389096,1.502938,3.171950,2.947731,1.774884,8.058883,1.337747,4.403124,13.532828,3.357868,7.051031,
1.389096,1.446592,3.171950,2.947731,1.774884,8.058883,1.337747,4.403124,13.532828,3.357868,7.051031,
1.389096,1.446592,3.171950,4.082197,1.774884,8.058883,1.337747,4.403124,13.532828,3.357868,7.051031,
1.389096,1.446592,3.171950,4.082197,1.774884,8.058883,1.337747,4.403124,13.532828,3.357868,7.051031,
1.389096,1.446592,3.171950,4.082197,1.774884,8.058883,1.337747,4.403124,13.532828,3.357868,7.051031,
1.389096,1.446592,3.171950,4.082197,1.774884,11.833260,1.337747,4.403124,13.532828,3.357868,6.310709,
1.389096,1.446592,3.171950,1.572412,1.774884,11.833260,1.337747,4.403124,13.532828,3.357868,6.310709,
1.389096,2.202041,3.171950,1.572412,1.584948,9.935351,1.337747,4.403124,17.844984,3.357868,6.310709,
1.389096,2.202041,3.171950,1.572412,1.584948,9.935351,1.337747,4.403124,12.533748,3.357868,6.310709,
1.389096,2.202041,3.171950,1.572412,1.584948,9.935351,1.337747,4.403124,12.533748,3.357868,9.130537,
1.389096,2.202041,3.171950,1.572412,1.584948,9.935351,1.337747,4.669835,13.082236,3.357868,9.130537,
1.389096,2.202041,3.171950,1.572412,1.584948,11.616495,1.337747,4.669835,13.082236,3.357868,9.130537,
1.389096,1.959512,3.171950,1.572412,1.584948,6.962006,1.337747,4.669835,11.822155,3.357868,9.130537,
1.389096,1.959512,3.171950,1.572412,1.584948,11.343557,1.337747,4.669835,9.155017,3.357868,9.130537,
1.389096,2.084712,3.171950,1.572412,1.584948,11.343557,1.337747,4.669835,9.155017,3.357868,9.130537,
1.389096,2.084712,3.171950,1.572412,1.584948,15.276933,1.337747,4.669835,5.347400,3.357868,9.130537,
1.389096,2.084712,3.171950,1.572412,1.584948,15.276933,1.337747,4.669835,5.347400,3.357868,9.130537,
1.389096,2.084712,3.171950,1.572412,1.584948,15.276933,1.337747,4.669835,6.460976,3.357868,9.130537,
1.389096,2.084712,3.171950,1.572412,1.584948,15.276933,1.337747,4.669835,5.088303,3.357868,10.613564,
1.389096,2.084712,3.171950,1.572412,1.584948,20.965481,1.337747,4.669835,5.546603,3.357868,10.803164,
1.389096,2.084712,3.171950,1.572412,1.584948,23.978792,1.337747,4.669835,5.546603,3.357868,12.819531,
1.389096,2.084712,3.171950,1.572412,1.584948,23.978792,1.337747,4.167466,6.611326,3.357868,12.819531,
1.389096,2.084712,3.171950,1.805609,1.584948,24.869361,1.337747,4.167466,6.611326,3.357868,12.819531,
1.389096,2.084712,3.171950,1.207834,1.584948,24.869361,1.337747,4.167466,6.611326,3.357868,12.819531,
1.389096,2.084712,3.171950,1.207834,1.584948,24.869361,1.337747,4.167466,6.611326,3.357868,12.819531,
1.389096,2.084712,3.171950,1.207834,1.584948,21.303491,1.337747,4.167466,6.611326,3.357868,12.819531,
1.389096,2.084712,3.171950,1.207834,1.584948,18.196997,1.337747,4.167466,4.338381,3.357868,12.819531,
1.389096,2.084712,3.171950,1.207834,1.584948,18.196997,1.337747,4.167466,4.338381,3.357868,12.819531,
1.389096,2.084712,3.077915,1.207834,1.584948,18.196997,1.337747,4.167466,6.096078,3.357868,12.819531,
1.389096,2.084712,3.077915,1.207834,1.704277,18.196997,1.337747,4.167466,6.096078,3.357868,11.161722,
1.389096,2.084712,3.077915,1.207834,1.704277,18.196997,1.337747,4.264025,9.684350,3.357868,11.161722,
1.389096,2.084712,3.077915,1.207834,1.704277,13.161075,1.337747,4.264025,8.731909,3.357868,11.161722,
1.389096,2.084712,3.077915,1.207834,1.704277,11.380148,1.337747,4.264025,8.156391,4.015263,11.161722,
1.389096,2.084712,3.077915,1.207834,1.704277,11.380148,1.337747,4.264025,8.156391,4.015263,11.161722,
1.389096,2.084712,3.077915,1.207834,1.704277,11.380148,1.337747,4.264025,8.760538,4.015263,12.084573,
1.389096,2.084712,3.077915,1.207834,1.704277,11.380148,1.337747,4.264025,8.760538,4.015263,10.676665,
1.389096,2.084712,3.077915,1.207834,1.704277,11.380148,1.337747,4.264025,8.859190,4.015263,10.676665,
1.389096,2.084712,3.077915,1.207834,1.704277,11.380148,1.337747,4.264025,8.859190,4.015263,10.676665,
1.389096,2.084712,3.077915,1.207834,1.704277,11.380148,1.337747,4.264025,8.859190,4.015263,10.676665,
1.389096,2.084712,3.077915,1.207834,1.704277,11.380148,1.337747,4.264025,8.859190,4.015263,10.676665,
1.389096,2.084712,3.077915,1.207834,1.704277,11.380148,1.337747,4.264025,8.859190,4.015263,10.676665,
1.389096,2.084712,3.077915,1.207834,1.704277,11.380148,1.337747,4.264025,8.859190,3.047065,10.676665,
1.389096,2.084712,3.077915,1.207834,1.704277,11.380148,1.337747,4.319516,8.764986,3.047065,10.676665,
1.389096,2.084712,3.077915,1.207834,1.704277,13.311956,1.337747,4.319516,8.672237,3.047065,10.676665,
1.389096,2.084712,3.077915,1.207834,1.704277,13.311956,1.337747,4.319516,5.303888,3.047065,10.401774,
1.389096,2.084712,3.077915,1.207834,1.704277,11.270956,1.337747,4.319516,3.814847,3.047065,10.401774,
1.389096,2.084712,3.077915,1.207834,1.704277,11.270956,1.337747,4.319516,3.814847,3.047065,10.401774,
1.389096,2.084712,3.077915,1.207834,1.704277,10.807782,1.337747,4.319516,3.814847,3.047065,10.401774,
1.389096,2.084712,3.077915,1.207834,1.704277,10.807782,1.337747,4.319516,8.273376,3.047065,10.401774,
1.389096,2.084712,3.077915,1.350253,1.704277,10.807782,1.337747,4.319516,8.273376,3.047065,10.401774,
1.389096,2.084712,3.077915,1.350253,1.704277,10.807782,1.337747,4.319516,8.273376,3.047065,10.401774,
1.389096,2.084712,3.077915,1.350253,1.704277,11.589553,1.299756,4.319516,8.273376,3.047065,10.401774,
1.389096,2.084712,3.077915,1.350253,1.704277,13.978792,1.299756,4.319516,8.273376,3.047065,10.401774,
1.389096,2.084712,3.077915,1.350253,1.704277,15.096867,1.299756,4.319516,8.273376,3.047065,10.401774,
1.389096,2.084712,3.077915,1.375523,1.704277,17.219291,1.299756,4.319516,8.273376,3.047065,10.401774,
1.389096,2.084712,3.077915,1.375523,1.704277,17.219291,1.299756,4.319516,8.116982,3.047065,10.401774,
1.389096,2.084712,3.077915,1.375523,1.704277,17.219291,1.299756,4.319516,8.116982,3.047065,10.401774,
1.389096,2.084712,3.077915,1.375523,1.704277,17.219291,1.299756,4.319516,8.116982,3.047065,10.401774,
1.389096,2.084712,3.077915,1.375523,1.704277,16.918682,1.299756,4.319516,8.116982,3.047065,11.895092,
1.389096,2.084712,3.077915,1.375523,1.704277,16.918682,1.299756,4.319516,8.116982,3.047065,11.895092,
1.389096,2.084712,3.077915,1.375523,1.704277,16.918682,1.299756,4.319516,10.975298,3.047065,9.035817,
1.389096,2.583054,3.077915,1.375523,1.704277,16.790853,1.299756,4.319516,8.931579,3.047065,9.035817,
1.389096,2.583054,3.077915,1.375523,1.704277,16.790853,1.299756,4.319516,8.931579,3.047065,9.035817,
1.389096,2.583054,3.077915,1.375523,1.704277,16.790853,1.299756,4.319516,14.762219,3.417909,9.035817,
1.389096,2.583054,3.400341,1.375523,1.704277,16.790853,1.299756,4.319516,14.762219,3.417909,9.035817,
1.389096,2.583054,3.400341,1.187683,1.704277,14.702986,1.299756,4.319516,14.762219,3.417909,9.871817,
1.389096,2.583054,3.400341,1.187683,1.704277,11.333407,1.299756,4.319516,13.254981,3.417909,9.871817,
1.389096,2.583054,3.400341,1.187683,1.676940,5.490281,1.299756,4.319516,13.254981,3.417909,8.112100,
1.389096,2.583054,3.400341,1.187683,1.676940,3.902212,1.299756,4.319516,13.364359,3.417909,8.112100,
1.389096,2.583054,3.400341,1.187683,1.676940,8.438425,1.299756,4.319516,8.060115,3.417909,8.112100,
1.389096,2.583054,3.400341,1.187683,1.676940,8.438425,1.299756,4.319516,11.690269,3.417909,8.112100,
1.389096,2.583054,3.400341,1.187683,1.676940,8.438425,1.299756,4.319516,11.690269,3.417909,8.112100,
1.389096,2.583054,3.400341,1.187683,1.676940,8.438425,1.299756,4.319516,11.690269,3.842695,8.112100,
1.389096,2.583054,3.400341,1.187683,1.676940,14.411787,1.299756,4.319516,15.389543,3.842695,8.112100,
1.389096,2.327618,3.054263,1.187683,1.676940,14.411787,1.299756,4.319516,9.660239,3.842695,8.112100,
1.389096,2.327618,3.054263,1.187683,1.676940,14.411787,1.299756,4.319516,10.200405,3.842695,8.112100,
1.389096,2.327618,3.054263,1.187683,1.676940,14.411787,1.299756,4.319516,10.200405,3.842695,11.142247,
1.389096,2.327618,3.054263,1.187683,1.676940,8.644356,1.299756,4.319516,10.200405,3.842695,11.142247,
1.389096,2.327618,3.054263,1.187683,1.676940,8.644356,1.299756,4.319516,10.200405,3.842695,11.142247,
1.389096,2.327618,3.054263,1.187683,1.676940,8.644356,1.299756,4.319516,10.200405,3.842695,11.142247,
1.389096,2.327618,3.054263,1.187683,1.676940,9.819275,1.299756,4.319516,10.200405,2.552178,11.142247,
1.389096,2.327618,3.054263,1.187683,1.676940,3.845172,1.299756,4.319516,10.200405,3.551098,12.560004,
1.389096,2.327618,3.054263,1.187683,1.676940,3.845172,1.299756,4.319516,10.200405,3.551098,12.560004,
1.389096,2.327618,3.054263,1.187683,1.676940,3.845172,1.299756,4.319516,10.200405,3.551098,9.821131,
1.389096,2.327618,3.054263,1.187683,1.676940,12.829867,1.299756,4.319516,12.942463,3.551098,9.821131,
1.389096,2.327618,3.054263,1.187683,1.691888,12.829867,1.299756,4.319516,14.968706,2.670498,9.821131,
1.389096,1.844134,3.054263,1.187683,1.691888,12.829867,1.299756,4.319516,14.968706,3.445453,13.504664,
1.389096,1.844134,3.054263,1.187683,1.691888,10.603162,1.299756,4.319516,13.491730,3.445453,13.504664,
1.389096,2.081986,3.054263,1.187683,1.691888,15.614848,1.299756,4.319516,15.778934,3.445453,8.819007,
1.389096,2.081986,3.054263,1.187683,1.691888,15.167937,1.299756,4.319516,15.778934,3.445453,8.819007,
1.389096,2.081986,3.054263,1.187683,1.691888,10.546264,1.299756,4.319516,11.560968,3.445453,9.461942,
1.389096,2.081986,3.054263,1.187683,1.691888,5.709388,1.299756,4.319516,11.560968,3.445453,8.735864,
1.389096,2.081986,3.054263,1.187683,1.691888,5.709388,1.299756,4.319516,11.560968,3.445453,10.131700,
1.389096,2.081986,3.054263,1.187683,1.691888,3.701745,1.299756,4.319516,11.560968,3.445453,10.131700,
1.389096,2.081986,3.054263,1.595129,1.691888,3.701745,1.299756,4.319516,11.560968,3.445453,10.024835,
1.389096,2.081986,3.054263,1.595129,1.761294,3.701745,1.299756,4.319516,11.560968,3.445453,10.024835,
1.389096,2.081986,3.054263,1.595129,1.761294,3.701745,1.299756,4.319516,11.560968,3.445453,10.024835,
1.389096,2.081986,3.054263,1.595129,1.761294,5.473809,1.299756,4.319516,7.986036,3.445453,10.024835,
1.389096,2.081986,2.900086,1.595129,1.761294,5.473809,1.299756,4.319516,7.986036,3.445453,10.024835,
1.389096,2.081986,2.900086,1.595129,1.761294,2.605638,1.299756,4.319516,7.986036,3.445453,10.024835,
1.389096,2.081986,2.900086,1.595129,1.750941,6.115874,1.299756,4.319516,7.986036,3.445453,7.051788,
1.389096,2.081986,2.900086,1.595129,1.750941,6.172733,1.299756,4.319516,9.014400,3.445453,11.743984,
1.389096,2.081986,2.900086,1.595129,1.750941,5.294262,1.299756,4.319516,9.014400,3.445453,11.743984,
1.389096,2.081986,2.900086,1.595129,1.750941,5.294262,1.299756,4.319516,9.014400,3.445453,9.499086,
1.389096,2.081986,2.900086,1.595129,1.731779,5.294262,1.299756,4.319516,9.014400,3.445453,9.499086,
1.389096,2.081986,2.900086,1.595129,1.731779,5.294262,1.299756,4.319516,9.014400,3.445453,9.499086,
1.389096,2.081986,2.797866,1.595129,2.288953,4.388721,1.299756,4.347034,9.014400,3.445453,9.499086,
1.389096,2.081986,2.797866,1.471688,2.288953,4.388721,1.299756,4.347034,9.014400,3.445453,9.499086,
1.389096,2.081986,2.797866,1.471688,2.288953,4.388721,1.299756,4.347034,9.014400,3.445453,9.499086,
1.389096,2.081986,2.797866,1.471688,2.288953,4.388721,1.299756,4.347034,9.014400,3.445453,9.499086,
1.389096,2.081986,2.797866,1.471688,2.288953,4.411648,1.299756,4.347034,9.014400,3.445453,9.499086,
1.389096,2.081986,2.797866,1.471688,2.288953,7.260852,1.299756,4.347034,9.014400,3.445453,9.499086,
1.389096,2.081986,2.797866,1.584391,2.288953,7.260852,1.299756,4.347034,6.532971,3.445453,9.499086,
1.389096,2.081986,2.797866,1.584391,2.288953,7.260852,1.157621,4.347034,6.532971,3.445453,9.499086,
1.389096,2.081986,2.797866,1.584391,2.288953,2.839594,1.144241,4.347034,4.960269,3.445453,9.049642,
1.389096,2.081986,2.797866,1.584391,2.288953,4.346490,1.144241,4.347034,5.924480,3.337490,9.980257,
1.389096,2.081986,2.797866,1.584391,2.288953,5.884028,1.144241,4.347034,5.924480,2.525919,7.067082,
1.389096,2.081986,2.797866,1.584391,2.105197,9.068842,1.144241,4.347034,4.664270,2.525919,13.269990,
1.389096,2.081986,2.797866,1.584391,2.105197,9.068842,1.144241,4.347034,4.664270,2.525919,13.269990,
1.389096,2.081986,2.797866,1.584391,2.105197,9.068842,1.144241,4.347034,4.664270,2.525919,13.269990,
1.389096,2.081986,2.797866,1.584391,2.105197,5.594151,1.144241,4.347034,4.664270,2.525919,13.030860,
1.389096,2.081986,2.797866,1.584391,2.105197,5.594151,1.144241,4.347034,7.802769,2.525919,13.030860,
1.389096,2.081986,2.797866,1.584391,2.105197,4.738638,1.144241,4.347034,7.802769,2.525919,13.030860,
1.389096,2.081986,2.797866,1.584391,2.105197,4.738638,1.144241,4.347034,7.802769,2.525919,13.030860,
1.389096,2.081986,2.797866,1.584391,2.105197,2.820241,1.144241,4.347034,6.504182,2.525919,9.850655,
1.389096,2.081986,2.797866,1.584391,2.105197,2.820241,1.144241,4.347034,6.504182,2.525919,9.850655,
1.389096,2.081986,2.797866,1.584391,2.105197,2.820241,1.144241,4.347034,6.504182,2.525919,9.850655,
1.389096,2.081986,2.797866,1.584391,2.105197,2.820241,1.144241,4.347034,6.504182,2.525919,9.850655,
1.389096,2.081986,2.797866,1.584391,2.105197,2.820241,1.144241,4.347034,6.504182,2.525919,9.850655,
1.389096,2.081986,2.797866,1.584391,2.105197,1.449094,1.144241,4.347034,6.504182,2.525919,9.850655,
1.389096,2.496001,2.797866,1.584391,2.105197,1.449094,1.144241,4.347034,8.268282,2.525919,9.850655,
1.389096,2.496001,2.797866,1.584391,2.105197,3.396627,1.144241,4.347034,13.324660,2.525919,9.850655,
1.389096,2.496001,2.797866,1.584391,2.105197,3.396627,1.144241,4.347034,7.712190,2.801269,9.850655,
1.389096,2.496001,2.797866,1.584391,2.105197,3.396627,1.144241,4.347034,8.378013,2.801269,9.850655,
1.389096,2.496001,2.797866,1.584391,2.105197,3.396627,1.144241,4.347034,8.378013,2.801269,9.850655,
1.389096,2.496001,2.797866,1.584391,2.105197,3.396627,1.144241,4.347034,8.378013,2.801269,9.850655,
1.389096,2.496001,2.797866,1.584391,2.105197,3.396627,1.144241,4.347034,8.378013,2.801269,9.850655,
1.389096,2.496001,2.797866,1.584391,2.105197,3.396627,1.144241,4.347034,8.378013,2.801269,9.850655,
1.389096,2.496001,2.797866,1.584391,2.105197,3.396627,1.144241,4.347034,8.378013,2.801269,9.850655,
1.389096,2.496001,2.797866,1.352363,2.105197,4.688823,1.144241,4.347034,8.378013,2.801269,9.850655,
1.389096,2.496001,2.797866,1.352363,2.105197,4.688823,1.144241,4.347034,8.378013,2.801269,7.968856,
1.389096,2.496001,2.525152,1.413477,2.105197,2.561688,1.144241,4.347034,8.378013,2.801269,10.559239,
1.389096,2.496001,2.525152,1.413477,2.105197,2.561688,1.144241,4.347034,9.720766,2.801269,10.559239,
1.389096,2.496001,2.525152,1.413477,2.105197,2.561688,1.144241,4.347034,9.720766,2.801269,10.559239,
1.389096,2.180703,2.710267,1.413477,2.105197,2.561688,1.144241,4.347034,9.867418,2.801269,10.559239,
1.389096,2.180703,2.710267,1.413477,2.105197,2.561688,1.144241,4.347034,5.694920,2.801269,4.856545,
1.389096,2.180703,2.710267,1.413477,2.105197,2.561688,1.144241,4.347034,8.192268,2.801269,7.077966,
1.389096,2.180703,2.710267,1.413477,2.105197,4.288610,1.144241,4.347034,8.158975,2.801269,7.077966,
1.389096,2.180703,2.710267,1.413477,2.105197,4.288610,1.144241,4.347034,4.386593,2.801269,7.077966,
1.389096,2.180703,2.710267,1.413477,2.105197,3.751293,1.144241,4.347034,9.882220,2.801269,7.077966,
1.389096,2.180703,2.710267,1.413477,2.105197,4.566550,1.144241,4.347034,13.333666,2.801269,7.077966,
1.389096,2.180703,2.710267,1.413477,2.105197,4.566550,1.144241,4.347034,13.333666,2.801269,7.077966,
1.389096,2.180703,2.710267,1.413477,2.326958,7.550501,1.144241,4.347034,13.053567,2.801269,9.095709,
1.389096,2.180703,2.710267,1.413477,2.326958,7.550501,1.144241,4.347034,13.053567,2.801269,9.095709,
1.389096,2.180703,2.710267,1.413477,2.326958,4.534305,1.144241,4.347034,13.053567,2.801269,9.095709,
1.389096,2.180703,2.710267,1.413477,2.326958,4.534305,1.144241,4.347034,13.053567,2.801269,9.095709,
1.389096,2.180703,2.710267,1.413477,2.035448,8.908460,1.144241,4.347034,19.918678,2.801269,9.095709,
1.389096,2.180703,2.710267,1.413477,2.035448,4.066780,1.144241,4.347034,19.918678,2.801269,9.095709,
1.389096,2.180703,2.710267,1.413477,2.035448,9.333797,1.144241,4.347034,13.454089,2.801269,9.095709,
1.389096,2.180703,2.710267,1.413477,2.035448,9.018371,1.144241,4.347034,7.384697,2.801269,10.291042,
1.389096,2.242867,2.710267,1.413477,2.035448,9.018371,1.144241,4.347034,7.384697,2.801269,10.291042,
1.389096,2.242867,2.710267,1.413477,2.035448,10.179609,1.144241,4.347034,7.384697,2.801269,9.911245,
1.389096,2.499298,2.710267,1.413477,2.035448,12.040109,1.144241,4.347034,7.384697,2.801269,9.911245,
1.389096,1.670016,2.710267,1.413477,2.035448,8.541055,1.144241,4.347034,5.783202,2.801269,9.911245,
1.389096,1.670016,2.710267,1.693064,1.801811,8.541055,1.144241,4.347034,5.783202,2.191783,9.911245,
1.389096,1.670016,2.710267,1.693064,1.801811,4.263733,1.023457,4.347034,8.967365,2.191783,10.655342,
1.389096,1.670016,2.710267,1.693064,1.801811,3.516735,1.023457,4.347034,8.522998,2.191783,10.655342,
1.389096,1.670016,2.710267,1.693064,1.801811,4.705266,1.023457,4.347034,12.060126,2.191783,10.655342,
1.389096,1.670016,2.710267,1.693064,1.801811,4.705266,1.023457,4.347034,14.412518,2.048806,10.655342,
1.389096,1.670016,2.710267,1.693064,1.801811,2.504588,0.934849,4.347034,11.418677,2.048806,9.095641,
1.389096,2.047860,2.710267,1.693064,1.801811,3.218474,0.934849,4.347034,6.424086,2.048806,12.188985,
1.389096,2.047860,2.710267,1.693064,1.801811,3.419650,0.934849,4.347034,6.424086,2.048806,12.188985,
1.389096,1.696126,2.710267,1.693064,1.801811,7.273632,0.934849,4.347034,6.424086,2.048806,12.188985,
1.389096,1.696126,2.927895,1.693064,1.801811,5.429820,0.934849,4.347034,5.287706,2.048806,12.188985,
1.337437,1.696126,2.927895,1.693064,1.801811,5.429820,0.934849,4.347034,4.112140,2.048806,12.188985,
1.337437,1.696126,2.927895,1.693064,1.644849,6.879690,0.934849,4.385879,2.521743,2.048806,12.188985,
1.337437,1.696126,2.927895,1.693064,1.644849,6.879690,0.934849,4.385879,8.955581,2.048806,12.188985,
1.337437,1.696126,2.927895,1.693064,1.644849,6.879690,0.934849,4.385879,8.773510,2.048806,12.188985,
1.337437,1.696126,2.927895,1.693064,1.644849,6.879690,0.934849,4.385879,6.974282,2.048806,12.188985,
1.337437,1.696126,2.927895,1.693064,1.644849,6.879690,0.934849,4.385879,6.974282,2.048806,12.188985,
1.337437,1.696126,2.927895,1.693064,1.644849,4.451572,0.934849,4.385879,6.974282,2.048806,12.188985,
1.337437,1.696126,2.927895,1.693064,1.644849,4.451572,0.934849,4.385879,6.974282,2.048806,12.188985,
1.337437,1.696126,2.927895,3.099824,1.644849,4.451572,0.934849,4.385879,6.974282,2.048806,12.188985,
1.337437,1.311592,2.927895,2.615264,1.644849,3.852980,0.934849,4.385879,6.974282,2.048806,12.188985,
1.337437,1.311592,2.927895,2.615264,1.644849,3.852980,0.934849,4.385879,6.974282,2.048806,12.188985,
1.337437,1.311592,2.927895,2.615264,1.644849,3.167993,0.934849,4.385879,8.398934,2.048806,12.188985,
1.337437,1.311592,2.927895,2.615264,1.644849,3.167993,0.934849,4.385879,4.836857,2.048806,12.188985,
1.337437,1.311592,2.927895,2.615264,1.644849,3.167993,0.934849,4.385879,3.672862,2.048806,15.575037,
1.337437,1.311592,2.927895,2.615264,1.644849,3.167993,0.934849,4.385879,7.464288,2.048806,12.161469,
1.337437,1.311592,2.845483,2.764346,1.644849,6.051496,0.934849,4.385879,7.464288,2.048806,14.283903,
1.337437,1.311592,2.845483,2.764346,1.644849,6.051496,0.934849,4.385879,7.464288,2.048806,10.961998,
1.337437,1.311592,2.845483,2.809339,1.644849,6.051496,0.934849,4.385879,10.655166,2.210371,10.961998,
1.337437,1.311592,2.845483,2.809339,1.644849,6.624253,0.934849,4.385879,10.655166,2.210371,10.961998,
1.337437,1.311592,2.845483,2.809339,1.644849,10.830561,0.934849,4.385879,10.655166,2.210371,10.961998,
1.337437,1.311592,2.795058,2.809339,1.644849,9.005010,0.934849,4.385879,8.639741,2.210371,10.961998,
1.337437,1.311592,2.795058,2.809339,1.644849,9.005010,0.934849,4.385879,8.639741,2.210371,12.275895,
1.337437,1.311592,2.795058,5.808356,1.644849,9.005010,0.934849,4.385879,8.639741,2.210371,12.275895,
1.337437,1.311592,2.795058,6.041486,1.644849,9.005010,0.934849,4.385879,15.501980,1.993092,12.275895,
1.337437,1.311592,2.818897,6.954507,1.852942,9.005010,0.934849,4.385879,15.501980,1.993092,12.275895,
1.337437,1.311592,2.818897,6.954507,1.852942,9.005010,0.934849,4.385879,14.036943,1.993092,13.635703,
1.337437,1.311592,2.559823,6.954507,1.852942,9.005010,0.934849,4.385879,14.036943,1.993092,13.562429,
1.337437,1.311592,2.559823,6.954507,1.852942,11.192869,0.934849,4.385879,12.578393,1.993092,13.562429,
1.337437,1.311592,2.559823,6.954507,1.852942,13.896541,0.934849,4.385879,12.578393,1.993092,13.562429,
1.337437,1.311592,2.559823,6.954507,1.852942,12.986771,0.934849,4.385879,12.578393,1.993092,13.562429,
1.337437,1.055203,2.559823,10.725671,1.852942,12.986771,0.934849,4.162679,15.434780,1.993092,13.562429,
1.337437,1.055203,2.559823,10.868217,1.852942,14.681019,0.934849,4.162679,15.434780,1.993092,10.174119,
1.337437,1.055203,2.559823,10.868217,1.852942,12.994285,0.934849,4.162679,15.434780,1.993092,10.174119,
1.337437,1.055203,2.559823,14.751470,1.831468,12.994285,0.934849,4.162679,13.894550,1.993092,10.174119,
1.337437,1.055203,2.559823,14.751470,1.831468,12.994285,0.934849,4.162679,13.894550,1.993092,10.174119,
1.337437,1.055203,2.559823,13.361232,1.831468,10.350781,0.934849,4.162679,8.373148,1.993092,9.211389,
1.337437,1.055203,2.559823,10.089302,1.831468,13.755956,0.934849,4.162679,8.373148,1.993092,10.998344,
1.337437,1.055203,2.559823,10.089302,1.831468,10.101442,0.934849,4.162679,5.534544,1.993092,11.029596,
1.337437,1.055203,2.559823,10.089302,1.831468,10.101442,0.934849,4.162679,5.534544,1.993092,11.029596,
1.337437,1.055203,2.559823,10.089302,1.831468,10.101442,0.934849,4.162679,4.037096,1.993092,11.029596,
1.337437,1.055203,2.559823,10.089302,1.831468,1.473650,0.934849,4.162679,4.037096,1.993092,16.837672,
1.337437,1.055203,3.049228,9.631419,1.831468,1.473650,0.934849,4.162679,4.129144,1.993092,15.186788,
1.337437,1.055203,3.049228,8.144416,1.323892,5.356904,0.934849,4.162679,4.129144,1.993092,15.186788,
1.337437,1.055203,3.049228,8.144416,1.323892,3.689893,0.934849,4.162679,6.806916,1.993092,15.186788,
1.337437,1.055203,3.049228,8.144416,1.323892,3.689893,0.934849,4.162679,6.187374,1.993092,15.186788,
1.337437,1.055203,3.049228,8.144416,1.323892,3.689893,0.934849,4.162679,6.187374,1.993092,15.186788,
1.337437,1.055203,3.049228,8.144416,1.323892,3.689893,0.934849,4.162679,6.187374,1.993092,15.186788,
1.337437,1.055203,3.049228,8.144416,1.323892,3.689893,0.934849,4.162679,6.187374,1.993092,15.186788,
1.337437,1.055203,3.049228,8.144416,1.323892,3.689893,0.934849,4.162679,6.187374,1.993092,15.186788,
1.337437,1.055203,3.049228,8.144416,1.323892,3.689893,0.934849,4.162679,6.187374,1.993092,15.186788,
1.337437,1.055203,3.049228,8.144416,1.735292,3.689893,0.934849,4.162679,6.187374,1.993092,15.186788,
1.337437,1.055203,3.049228,8.144416,1.735292,6.098631,0.934849,4.162679,7.037489,1.993092,15.186788,
1.337437,1.302048,3.049228,8.144416,1.735292,6.098631,0.934849,4.162679,5.730775,1.993092,15.186788,
1.337437,1.302048,3.049228,11.730770,1.735292,6.098631,0.934849,4.162679,5.730775,1.993092,15.186788,
1.337437,1.302048,3.049228,11.730770,1.735292,6.098631,0.934849,4.162679,5.730775,1.993092,15.186788,
1.337437,1.302048,3.049228,11.730770,1.735292,6.098631,0.934849,4.162679,5.730775,1.993092,15.186788,
1.337437,1.302048,3.049228,11.730770,1.735292,5.059317,0.934849,4.162679,8.321883,1.993092,15.186788,
1.337437,1.302048,3.049228,11.730770,1.735292,5.059317,0.934849,4.162679,8.321883,1.993092,15.186788,
1.337437,1.302048,3.049228,11.730770,1.735292,5.059317,0.934849,4.162679,8.321883,1.993092,15.186788,
1.337437,1.302048,2.468401,12.367494,1.735292,4.971485,0.934849,4.162679,8.321883,1.993092,15.186788,
1.337437,1.302048,2.468401,18.932481,1.735292,7.475606,0.934849,4.162679,6.637308,1.993092,15.186788,
1.337437,1.302048,2.468401,18.932481,1.735292,7.475606,0.934849,4.162679,6.637308,1.993092,15.186788,
1.337437,1.302048,2.468401,20.082732,1.735292,7.475606,0.934849,4.162679,6.637308,1.993092,15.186788,
1.337437,1.302048,2.468401,16.321485,2.101706,14.164011,0.934849,4.162679,6.637308,1.993092,15.186788,
1.337437,1.302048,2.468401,16.321485,2.101706,14.164011,0.934849,4.162679,6.637308,1.993092,15.186788,
1.337437,1.302048,2.468401,16.321485,2.101706,14.164011,0.934849,4.162679,6.637308,1.993092,15.186788,
1.337437,1.302048,2.468401,16.321485,2.101706,14.164011,0.934849,4.162679,6.637308,1.993092,15.186788,
1.337437,1.302048,2.468401,13.506976,2.101706,14.164011,0.934849,4.162679,16.262643,1.993092,15.186788,
1.337437,1.302048,2.468401,13.506976,2.101706,11.069713,0.934849,4.162679,16.262643,1.993092,15.186788,
1.337437,1.302048,2.468401,13.506976,2.101706,9.246609,0.934849,4.162679,16.262643,1.993092,9.278205,
1.337437,1.302048,2.621713,13.506976,2.101706,9.246609,0.934849,4.162679,16.262643,1.993092,9.278205,
1.337437,1.302048,2.621713,13.506976,2.101706,9.246609,0.934849,4.162679,16.262643,1.993092,9.278205,
1.337437,1.302048,2.621713,13.506976,2.101706,9.246609,0.934849,4.162679,16.262643,1.993092,9.278205,
1.337437,1.302048,2.756664,13.506976,2.101706,9.246609,0.934849,4.162679,16.262643,1.993092,9.278205,
1.337437,1.302048,2.756664,13.506976,2.101706,9.246609,0.934849,4.162679,16.262643,1.993092,9.278205,
1.337437,1.302048,2.756664,13.506976,2.101706,9.246609,0.934849,4.162679,16.262643,1.993092,9.278205,
1.337437,1.302048,2.756664,13.506976,2.101706,9.246609,0.934849,4.162679,16.262643,1.993092,9.278205,
1.337437,1.302048,2.756664,13.506976,2.101706,9.246609,0.934849,4.162679,16.262643,1.993092,9.278205,
1.337437,1.302048,2.756664,13.506976,2.101706,4.481672,0.934849,4.162679,16.405359,1.993092,9.278205,
1.337437,1.302048,2.756664,13.506976,2.101706,4.481672,0.934849,4.162679,14.150657,1.993092,9.278205,
1.337437,1.302048,2.756664,13.506976,2.101706,4.481672,0.934849,4.302133,14.150657,1.932619,6.139387,
1.337437,1.302048,2.756664,13.506976,2.101706,4.481672,0.934849,4.912370,11.187286,1.932619,6.139387,
1.337437,1.302048,2.756664,2.168194,2.101706,4.481672,0.934849,4.912370,12.904370,1.932619,6.139387,
1.337437,1.302048,2.756664,4.532573,2.101706,5.377534,0.934849,4.912370,12.904370,1.932619,6.139387,
1.337437,1.302048,2.756664,4.532573,2.101706,5.377534,0.934849,4.912370,12.904370,1.932619,8.190639,
1.337437,1.302048,2.756664,2.236455,2.101706,5.377534,0.934849,4.912370,8.241475,1.932619,8.190639,
1.337437,1.302048,2.756664,2.236455,2.101706,3.147661,0.934849,4.912370,5.405833,1.932619,8.190639,
1.337437,1.302048,2.756664,2.236455,2.101706,4.358193,0.934849,4.912370,5.405833,1.932619,6.736895,
1.337437,1.302048,2.756664,2.236455,2.101706,3.809886,0.934849,4.912370,2.948380,1.932619,6.736895,
1.337437,1.302048,2.756664,2.236455,2.101706,3.809886,0.934849,4.912370,2.948380,1.932619,11.597853,
1.337437,1.302048,2.756664,2.236455,2.101706,6.247793,0.934849,4.912370,2.948380,1.932619,11.597853,
1.337437,1.302048,2.756664,2.236455,2.101706,6.247793,0.934849,4.912370,2.948380,1.932619,11.597853,
1.337437,1.302048,2.756664,2.236455,2.101706,6.247793,0.934849,4.912370,7.852949,1.932619,11.597853,
1.337437,1.302048,2.756664,2.236455,2.101706,6.247793,0.934849,4.912370,5.155946,1.932619,11.597853,
1.337437,1.302048,2.242509,2.236455,2.101706,14.132686,0.934849,4.912370,5.155946,1.932619,11.597853,
1.337437,1.300335,2.242509,2.236455,2.101706,14.132686,0.934849,4.912370,3.691580,1.932619,11.597853,
1.337437,1.300335,2.242509,2.236455,2.101706,14.132686,0.934849,4.912370,4.082809,1.932619,10.252085,
1.337437,1.300335,2.242509,1.913341,2.101706,14.132686,0.934849,4.912370,7.679553,1.932619,10.252085,
1.337437,1.300335,2.242509,1.913341,2.101706,14.132686,0.934849,4.912370,7.679553,1.932619,9.625291,
1.337437,1.300335,2.829323,1.913341,2.101706,14.132686,0.934849,4.912370,7.679553,1.932619,10.473083,
1.337437,1.300335,2.829323,1.913341,2.101706,14.132686,0.974067,4.912370,4.747258,1.932619,10.715493,
1.337437,1.300335,2.829323,1.913341,2.101706,14.132686,0.974067,4.912370,7.018751,1.932619,10.715493,
1.337437,1.300335,2.829323,1.913341,2.101706,14.132686,0.974067,4.912370,7.018751,1.932619,12.269478,
1.337437,1.300335,2.829323,1.913341,2.101706,14.132686,0.974067,4.912370,7.018751,1.932619,12.269478,
1.337437,1.300335,2.829323,1.913341,2.101706,14.132686,0.974067,4.912370,7.018751,1.932619,11.922407,
1.337437,1.300335,2.829323,1.913341,2.101706,14.132686,0.974067,4.912370,7.018751,1.932619,11.922407,
1.337437,1.300335,2.829323,1.913341,2.101706,16.572408,0.974067,4.748234,7.018751,1.932619,11.505817,
1.337437,1.300335,2.829323,2.576847,2.101706,18.485387,0.974067,4.748234,7.018751,1.932619,13.171282,
1.337437,1.300335,2.829323,2.576847,2.101706,18.485387,0.974067,4.748234,7.018751,1.932619,13.171282,
1.337437,1.300335,2.089975,2.735290,2.101706,18.485387,0.974067,4.748234,10.715158,1.932619,17.551596,
1.337437,1.300335,2.089975,2.735290,2.101706,12.171315,0.974067,4.748234,2.501354,1.932619,13.916994,
1.337437,1.300335,2.089975,2.735290,2.101706,12.171315,0.974067,4.748234,5.324343,1.932619,13.916994,
1.337437,1.300335,2.089975,2.735290,2.101706,12.171315,0.974067,4.748234,5.324343,1.932619,13.916994,
1.337437,1.300335,2.477753,2.735290,2.101706,10.608731,0.974067,4.748234,5.787826,1.932619,13.916994,
1.337437,1.300335,2.477753,2.735290,2.101706,10.608731,0.974067,4.748234,5.787826,1.932619,13.916994,
1.337437,1.300335,2.477753,2.735290,2.101706,10.608731,0.974067,4.748234,5.787826,1.932619,11.529620,
1.337437,1.300335,2.477753,2.735290,2.101706,6.686065,0.974067,4.748234,5.787826,1.932619,12.467181,
1.337437,1.300335,2.477753,2.735290,2.101706,10.256906,0.974067,4.748234,2.691746,2.261098,12.467181,
1.337437,1.300335,2.477753,2.050121,2.101706,10.256906,0.974067,4.748234,2.691746,2.261098,12.467181,
1.337437,1.300335,2.477753,2.674373,2.101706,10.256906,0.974067,4.748234,2.691746,2.261098,12.467181,
1.337437,1.300335,2.678614,3.064967,2.101706,5.170532,0.974067,4.748234,2.691746,2.261098,10.636055,
1.337437,1.300335,2.678614,1.932872,2.101706,5.170532,0.974067,4.748234,2.691746,2.261098,10.636055,
1.337437,1.300335,2.678614,1.932872,2.101706,5.170532,0.974067,4.748234,2.691746,2.261098,12.797430,
1.337437,1.300335,2.678614,1.932872,2.101706,1.987903,0.974067,4.748234,2.221721,2.261098,12.797430,
1.337437,1.300335,2.678614,1.932872,2.101706,5.346251,0.974067,4.748234,1.483012,2.261098,9.397340,
1.337437,1.300335,2.678614,1.932872,2.101706,5.346251,0.974067,4.748234,1.483012,2.261098,8.252386,
1.337437,1.300335,2.678614,1.932872,2.101706,4.735232,0.974067,4.748234,7.731176,2.261098,8.587647,
1.337437,1.300335,2.678614,4.288003,2.101706,7.111856,0.974067,4.748234,5.337740,2.261098,11.383720,
1.337437,1.300335,2.678614,2.650946,2.101706,8.314453,0.974067,4.713300,5.337740,2.261098,10.004012,
1.337437,1.300335,2.678614,2.196344,2.101706,4.831379,0.974067,4.713300,5.337740,2.261098,10.004012,
1.337437,1.300335,2.678614,2.196344,2.101706,4.831379,0.974067,4.713300,5.337740,2.261098,10.004012,
1.337437,1.300335,2.678614,2.196344,2.101706,4.831379,0.974067,4.713300,3.408482,2.261098,10.766776,
1.337437,1.300335,2.678614,2.196344,2.101706,9.502576,0.974067,4.713300,1.891356,2.261098,10.766776,
1.337437,1.300335,2.678614,2.196344,2.101706,11.615887,0.974067,4.713300,2.684623,2.261098,11.343302,
1.337437,1.300335,2.678614,2.196344,2.101706,11.649019,0.974067,4.713300,1.525524,2.261098,11.343302,
1.337437,1.300335,2.678614,2.196344,2.101706,8.471758,0.974067,4.713300,11.753514,2.261098,11.343302,
1.337437,1.300335,2.678614,2.196344,2.101706,8.471758,0.974067,4.713300,11.753514,2.261098,11.343302,
1.337437,1.300335,2.678614,2.196344,2.101706,8.471758,0.974067,4.713300,11.753514,2.261098,11.343302,
1.337437,1.300335,2.678614,2.196344,2.101706,8.471758,0.974067,4.713300,11.753514,2.261098,11.343302,
1.337437,1.300335,2.678614,5.049842,2.101706,8.471758,0.974067,4.713300,11.753514,2.212158,11.343302,
1.337437,1.300335,2.678614,5.049842,2.101706,8.471758,0.930464,4.713300,12.104745,2.212158,7.343571,
1.337437,1.300335,2.678614,5.049842,2.101706,11.916220,0.930464,4.713300,12.104745,2.212158,5.670431,
1.337437,1.300335,2.678614,5.049842,2.101706,11.916220,0.930464,4.713300,6.677085,2.212158,5.670431,
1.337437,1.300335,2.678614,5.049842,2.101706,11.686367,0.930464,4.713300,6.677085,2.212158,6.964832,
1.337437,1.300335,2.678614,2.084996,2.101706,1.925264,0.930464,4.713300,6.677085,2.212158,6.964832,
1.337437,1.300335,2.678614,3.553379,2.101706,4.995112,0.930464,4.713300,11.984912,2.212158,6.964832,
1.337437,1.300335,2.678614,3.553379,2.101706,11.083544,0.930464,4.713300,11.586959,2.212158,6.964832,
1.337437,1.300335,2.678614,3.553379,2.101706,11.083544,0.930464,4.713300,9.478940,2.212158,5.916993,
1.337437,1.300335,2.678614,3.553379,2.304996,11.083544,0.930464,4.713300,9.478940,2.212158,5.916993,
1.337437,1.300335,2.678614,4.547773,2.304996,11.083544,0.930464,4.713300,9.478940,2.212158,5.916993,
1.337437,1.300335,2.678614,4.547773,2.011976,11.083544,0.930464,4.713300,9.478940,2.212158,5.916993,
1.337437,1.300335,2.678614,4.547773,2.011976,11.083544,0.930464,4.713300,11.453837,2.212158,5.916993,
1.337437,1.300335,2.678614,4.547773,2.011976,6.391271,0.930464,4.713300,11.453837,2.212158,5.916993,
1.337437,1.300335,2.678614,4.547773,2.011976,4.990094,0.930464,4.713300,11.453837,2.212158,9.169889,
1.337437,1.300335,2.678614,4.547773,2.011976,4.990094,0.930464,4.713300,11.453837,2.212158,5.550947,
1.337437,1.300335,2.678614,6.756434,2.011976,6.502722,0.930464,4.713300,11.512969,2.212158,5.550947,
1.337437,1.300335,2.678614,4.310608,2.011976,6.502722,0.930464,4.713300,11.512969,2.212158,6.305102,
1.337437,1.300335,2.678614,4.310608,2.011976,6.502722,0.930464,4.713300,17.353960,2.212158,7.809509,
1.337437,1.300335,2.678614,4.310608,2.011976,6.502722,0.930464,4.713300,17.353960,2.212158,6.876290,
1.337437,1.300335,2.678614,4.310608,2.011976,6.502722,0.930464,4.713300,16.185925,2.212158,6.876290,
1.337437,1.300335,2.678614,4.310608,2.011976,6.075667,0.930464,4.713300,9.637361,2.212158,6.876290,
1.337437,1.300335,2.678614,4.310608,2.011976,5.628721,0.930464,4.713300,9.637361,2.212158,6.876290,
1.337437,1.300335,2.678614,4.310608,2.011976,4.753005,0.930464,4.713300,9.637361,2.212158,6.876290,
1.337437,1.300335,2.678614,5.536944,2.011976,8.855294,0.930464,4.713300,9.637361,2.212158,4.296111,
1.337437,1.300335,2.678614,5.536944,2.011976,9.477565,0.930464,4.713300,11.645955,2.212158,4.070938,
1.337437,1.300335,2.678614,5.536944,2.011976,9.477565,0.930464,4.713300,11.645955,2.212158,6.294803,
1.337437,1.300335,2.678614,5.764269,2.011976,9.477565,0.930464,4.713300,12.086326,2.094631,6.294803,
1.337437,1.300335,2.678614,6.384867,2.011976,9.477565,0.930464,4.713300,13.081825,2.094631,7.862306,
1.337437,1.300335,2.693367,3.973519,2.011976,9.477565,0.930464,4.713300,13.081825,1.836402,10.015335,
1.337437,1.300335,2.693367,3.973519,2.011976,12.864512,0.930464,4.713300,13.081825,2.344338,10.015335,
1.337437,1.300335,2.693367,3.973519,2.011976,12.864512,0.930464,4.713300,13.081825,2.344338,10.015335,
1.337437,1.300335,2.693367,3.973519,2.011976,12.864512,0.930464,4.713300,13.081825,2.344338,10.015335,
1.337437,1.300335,2.693367,3.973519,2.011976,18.549521,0.930464,4.713300,11.452379,2.344338,10.015335,
1.337437,1.300335,2.693367,3.876025,2.011976,18.549521,0.930464,4.713300,11.452379,2.344338,10.015335,
1.337437,1.300335,2.693367,3.876025,2.011976,18.549521,0.930464,4.713300,11.452379,2.344338,9.923193,
1.214981,1.300335,2.693367,3.876025,2.011976,18.549521,0.930464,4.713300,15.673715,2.344338,9.923193,
1.214981,1.300335,2.693367,3.876025,2.011976,18.549521,0.930464,4.713300,16.993587,2.344338,11.648197,
1.214981,1.330862,2.693367,3.876025,2.011976,10.314757,0.930464,4.713300,16.993587,2.344338,11.648197,
1.214981,1.330862,2.693367,3.876025,2.011976,10.314757,0.930464,4.713300,16.993587,2.344338,11.648197,
1.214981,1.330862,2.693367,3.876025,2.011976,10.314757,0.930464,4.713300,16.993587,2.344338,11.648197,
1.214981,1.330862,2.693367,3.876025,2.011976,10.314757,0.930464,4.713300,16.993587,2.344338,11.648197,
1.214981,1.330862,2.693367,3.876025,2.011976,10.314757,0.930464,4.713300,16.993587,2.344338,11.648197,
1.214981,1.330862,2.693367,3.876025,2.011976,10.314757,0.930464,4.713300,16.993587,2.344338,11.648197,
1.214981,1.330862,2.693367,3.876025,2.011976,10.314757,0.930464,4.713300,16.993587,2.344338,11.648197,
1.214981,1.330862,2.693367,3.876025,2.011976,10.314757,0.930464,4.713300,16.993587,2.344338,11.648197,
1.214981,1.330862,2.693367,3.876025,2.011976,8.602723,0.930464,4.713300,16.927503,2.344338,11.648197,
1.214981,1.330862,2.693367,3.876025,2.011976,8.602723,0.930464,4.713300,16.927503,2.344338,11.648197,
1.214981,1.330862,2.693367,3.876025,2.011976,8.602723,0.930464,4.713300,16.927503,2.344338,11.648197,
1.214981,1.330862,2.693367,3.876025,2.011976,8.602723,0.930464,4.713300,16.927503,2.344338,11.648197,
1.214981,1.330862,2.693367,3.876025,2.011976,8.602723,0.930464,4.713300,11.691597,2.344338,11.648197,
1.214981,1.330862,2.693367,3.876025,2.011976,8.602723,0.930464,4.713300,11.691597,2.344338,11.648197,
1.214981,1.330862,2.693367,3.876025,2.011976,8.602723,0.930464,4.713300,11.691597,2.344338,11.648197,
1.214981,1.330862,2.693367,3.876025,2.011976,10.849418,0.934647,4.713300,16.581850,2.271031,13.709944,
1.214981,1.330862,2.693367,3.876025,2.011976,13.524276,0.934647,4.713300,16.581850,2.271031,13.709944,
1.214981,1.330862,2.693367,3.552195,2.011976,8.692314,0.934647,4.537965,16.581850,2.271031,13.709944,
1.214981,1.330862,2.693367,3.552195,2.011976,8.692314,0.934647,4.537965,16.581850,2.271031,13.709944,
1.214981,1.330862,2.693367,3.552195,2.011976,8.692314,0.934647,4.537965,17.782063,2.271031,9.074388,
1.214981,1.330862,2.693367,2.437483,2.011976,9.686723,0.918289,4.537965,15.418424,2.271031,9.074388,
1.214981,1.330862,2.693367,3.460485,2.011976,9.686723,0.918289,4.660406,14.711961,2.271031,10.604528,
1.214981,1.330862,2.693367,2.236940,2.011976,9.884397,0.918289,4.660406,15.050440,2.391551,10.604528,
1.214981,1.330862,2.693367,2.236940,2.011976,9.884397,0.918289,4.660406,15.050440,2.391551,9.715002,
1.214981,1.330862,2.693367,2.236940,2.011976,9.884397,0.918289,4.660406,13.885055,2.391551,9.715002,
1.214981,1.330862,2.693367,3.904079,2.011976,9.884397,0.918289,4.660406,13.885055,2.391551,9.715002,
1.214981,1.330862,2.693367,3.904079,2.011976,8.709152,0.918289,4.660406,13.885055,2.391551,13.024504,
1.214981,1.330862,2.693367,6.600846,2.011976,8.709152,0.918289,4.660406,13.885055,2.391551,13.024504,
1.214981,1.330862,2.693367,6.600846,2.011976,8.709152,0.918289,4.660406,13.885055,2.566478,13.024504,
1.214981,1.330862,2.693367,2.165278,2.011976,6.242337,0.918289,4.660406,15.171260,2.566478,13.024504,
1.214981,1.330862,2.693367,2.165278,2.011976,6.242337,0.918289,4.660406,15.171260,2.566478,13.024504,
1.214981,1.330862,2.693367,2.165278,2.011976,6.242337,0.918289,4.660406,15.171260,2.566478,13.024504,
1.214981,1.330862,2.693367,2.165278,2.011976,6.242337,0.918289,4.660406,15.171260,2.566478,14.015832,
1.214981,1.330862,2.693367,2.165278,2.011976,6.242337,0.918289,4.660406,15.171260,2.566478,14.015832,
1.214981,1.330862,2.682678,2.165278,2.011976,6.242337,0.918289,4.660406,11.783893,2.566478,14.015832,
1.214981,1.330862,2.682678,2.165278,2.011976,6.242337,0.918289,4.711069,11.783893,2.566478,14.015832,
1.214981,1.330862,2.682678,2.481987,2.011976,7.351374,0.918289,4.711069,11.783893,2.566478,13.798372,
1.214981,1.330862,2.682678,2.481987,2.011976,9.072801,0.918289,4.711069,15.808773,2.566478,7.709683,
1.214981,1.330862,2.682678,2.481987,2.011976,9.072801,0.918289,5.554587,16.969701,2.566478,7.709683,
1.214981,1.330862,2.682678,2.481987,2.011976,5.243920,0.918289,5.554587,16.969701,2.566478,8.735473,
1.214981,1.290103,2.682678,2.481987,2.011976,6.082994,0.918289,5.554587,16.162336,2.566478,8.735473,
1.214981,1.290103,2.682678,2.481987,2.011976,6.082994,0.918289,5.554587,15.372499,2.566478,8.735473,
1.214981,1.290103,2.716616,2.481987,2.011976,3.838860,0.918289,5.554587,16.578401,2.566478,6.044861,
1.214981,2.091857,2.716616,2.481987,2.011976,3.838860,0.918289,5.554587,16.578401,2.566478,9.683169,
1.214981,2.091857,2.716616,2.481987,2.011976,3.838860,0.918289,5.554587,16.578401,2.566478,9.683169,
1.214981,1.674352,2.716616,2.815684,2.011976,3.409083,0.918289,5.554587,16.578401,2.566478,9.683169,
1.214981,1.674352,2.716616,2.815684,2.011976,3.409083,0.918289,5.554587,8.173869,2.566478,9.683169,
1.214981,1.674352,2.716616,2.815684,2.011976,3.047743,0.918289,5.554587,8.173869,2.566478,9.683169,
1.214981,1.674352,2.716616,2.815684,2.011976,3.047743,0.918289,5.554587,7.989918,2.566478,9.683169,
1.214981,1.674352,2.716616,2.815684,2.011976,3.047743,0.918289,5.384639,7.989918,2.566478,9.683169,
1.214981,1.674352,2.716616,2.815684,2.011976,2.104580,0.918289,5.384639,11.473218,2.566478,9.683169,
1.214981,1.674352,2.716616,2.815684,2.011976,2.104580,0.918289,5.384639,11.473218,2.566478,9.683169,
1.214981,1.674352,2.716616,2.815684,2.011976,4.465578,0.918289,5.384639,9.797961,2.566478,5.947342,
1.214981,1.674352,2.716616,1.271007,2.011976,4.465578,0.918289,5.384639,9.797961,2.566478,5.947342,
1.214981,3.005076,2.716616,1.271007,2.061642,8.400236,0.918289,5.384639,14.443548,2.566478,9.443674,
1.214981,3.005076,2.716616,1.271007,2.061642,7.229457,0.918289,5.384639,14.443548,2.566478,9.443674,
1.214981,3.005076,2.716616,1.271007,2.061642,10.849616,0.918289,5.384639,12.721237,2.566478,9.443674,
1.214981,3.005076,2.716616,1.271007,2.061642,10.849616,0.918289,5.384639,12.721237,2.566478,9.443674,
1.214981,1.935142,2.716616,1.271007,2.061642,16.151051,0.918289,5.384639,12.721237,2.566478,9.443674,
1.214981,1.935142,2.716616,1.564516,2.061642,16.151051,0.918289,5.384639,12.721237,2.623842,9.091136,
1.214981,1.935142,2.716616,1.564516,2.061642,16.151051,0.918289,5.384639,11.967853,2.437053,9.091136,
1.214981,1.935142,2.553893,1.564516,2.061642,16.151051,0.918289,5.384639,11.967853,2.437053,9.091136,
1.214981,1.935142,2.553893,1.564516,2.061642,14.450998,0.918289,5.384639,8.543601,2.437053,9.091136,
1.214981,1.935142,2.553893,1.564516,2.061642,10.920573,0.918289,5.384639,10.960134,2.437053,9.091136,
1.214981,1.935142,2.553893,1.564516,2.061642,10.920573,0.918289,5.384639,16.889859,2.437053,9.091136,
1.214981,2.465432,2.553893,1.564516,2.061642,11.376927,1.174595,5.384639,16.889859,2.437053,10.417830,
1.214981,2.465432,2.553893,1.564516,2.061642,8.085561,1.174595,5.384639,6.255171,2.437053,10.417830,
1.214981,2.465432,2.553893,1.564516,2.061642,7.467791,1.174595,5.384639,6.255171,2.437053,10.417830,
1.214981,2.465432,2.553893,1.564516,2.061642,7.467791,1.174595,5.384639,6.255171,2.437053,10.417830,
1.214981,2.465432,2.553893,1.564516,2.061642,7.467791,1.174595,5.384639,6.168088,2.437053,10.417830,
1.214981,2.465432,2.553893,1.564516,2.061642,7.467791,1.174595,5.384639,4.901805,3.286647,10.417830,
1.214981,2.465432,2.553893,1.564516,2.061642,6.961409,1.174595,5.384639,4.901805,3.286647,10.417830,
1.214981,2.465432,2.553893,1.564516,2.061642,4.286918,1.174595,5.217993,8.534171,3.286647,10.417830,
1.214981,2.465432,2.553893,1.564516,2.061642,4.286918,1.174595,5.217993,11.285692,3.373374,10.417830,
1.214981,2.465432,2.553893,1.564516,2.061642,4.286918,1.174595,5.217993,11.285692,3.373374,10.417830,
1.214981,2.465432,2.553893,1.564516,2.061642,4.286918,1.174595,5.217993,11.285692,3.373374,9.049665,
1.214981,2.465432,2.553893,1.564516,2.061642,4.286918,1.174595,5.217993,8.475354,3.373374,7.805412,
1.214981,2.465432,2.553893,1.564516,2.061642,4.286918,1.174595,5.217993,8.475354,3.373374,7.805412,
1.214981,2.465432,2.553893,1.564516,2.061642,4.286918,1.174595,5.217993,8.475354,3.373374,7.805412,
1.214981,2.465432,2.553893,1.564516,2.061642,4.286918,1.174595,5.217993,8.475354,3.373374,7.805412,
1.214981,2.465432,2.553893,1.564516,2.061642,4.286918,1.174595,5.525604,8.475354,3.373374,7.805412,
1.214981,2.465432,2.553893,1.564516,2.061642,4.286918,1.174595,5.525604,5.569296,3.373374,7.805412,
1.214981,2.511325,2.553893,1.564516,2.061642,4.286918,1.174595,5.525604,5.569296,3.373374,7.805412,
1.214981,2.511325,2.553893,1.564516,2.061642,1.743966,1.174595,5.525604,4.148192,3.373374,7.805412,
1.214981,2.511325,2.553893,1.564516,2.061642,2.347592,1.174595,5.525604,5.799352,3.373374,7.805412,
1.214981,2.511325,2.553893,1.564516,2.061642,2.347592,1.174595,5.525604,5.712591,3.373374,7.805412,
1.214981,2.511325,2.553893,1.564516,2.061642,6.203538,1.174595,5.525604,5.712591,3.373374,7.805412,
1.214981,2.511325,2.553893,1.564516,2.061642,6.203538,1.174595,5.525604,5.712591,3.373374,8.641998,
1.214981,2.511325,2.553893,1.564516,2.061642,10.498318,1.174595,5.525604,9.374312,3.373374,8.641998,
1.214981,2.588214,2.553893,1.564516,2.061642,10.498318,1.174595,5.525604,10.571045,3.373374,8.641998,
1.214981,2.588214,2.543707,1.564516,2.061642,10.498318,1.174595,5.525604,10.174730,3.381684,7.581050,
1.214981,2.588214,2.543707,1.564516,2.061642,10.498318,1.174595,5.129112,10.174730,3.381684,7.814355,
1.214981,2.588214,2.543707,1.564516,2.061642,10.498318,1.174595,5.129112,10.174730,3.381684,7.814355,
1.214981,2.588214,2.543707,1.564516,2.061642,10.498318,1.174595,5.129112,7.716899,3.381684,7.814355,
1.214981,2.021100,2.543707,1.564516,2.061642,10.498318,1.287559,5.129112,7.716899,3.381684,7.814355,
1.214981,1.970877,3.170710,1.564516,2.061642,10.498318,1.287559,5.443533,7.716899,3.381684,7.814355,
1.214981,1.970877,3.170710,1.564516,2.061642,6.067704,1.287559,5.443533,7.716899,4.628361,2.953431,
1.214981,1.970877,3.170710,1.564516,2.061642,6.067704,1.287559,5.443533,11.254601,4.628361,2.953431,
1.214981,1.970877,3.170710,1.564516,2.061642,5.883671,1.388629,5.443533,11.254601,4.628361,2.953431,
1.214981,1.970877,3.170710,1.564516,1.902115,5.883671,1.388629,5.443533,11.254601,4.628361,6.405790,
1.214981,1.970877,3.170710,1.564516,1.902115,5.883671,1.388629,5.443533,13.322661,4.628361,6.405790,
1.214981,1.970877,3.170710,1.564516,1.902115,5.883671,1.388629,5.443533,10.218509,4.628361,6.405790,
1.214981,1.970877,3.170710,1.564516,1.902115,5.883671,1.388629,5.443533,10.218509,4.628361,7.030557,
1.214981,1.970877,3.170710,1.564516,1.902115,3.918648,1.388629,5.443533,10.218509,4.628361,3.435299,
1.214981,1.970877,3.170710,1.564516,1.902115,3.918648,1.388629,5.443533,10.218509,4.628361,3.435299,
1.214981,1.970877,3.375949,1.564516,1.902115,3.918648,1.388629,5.443533,10.218509,4.628361,5.931139,
1.214981,1.970877,3.375949,1.564516,1.902115,10.423253,1.388629,5.443533,8.495707,3.270566,5.931139,
1.214981,1.970877,3.375949,1.564516,1.902115,12.861020,1.388629,5.443533,8.495707,3.087729,5.931139,
1.214981,1.970877,3.375949,1.564516,1.902115,15.609402,1.388629,5.443533,6.758494,3.087729,9.373464,
1.214981,1.970877,2.863634,1.564516,1.902115,13.615259,1.388629,5.443533,4.242962,3.087729,9.373464,
1.214981,1.970877,2.863634,1.564516,1.902115,15.101572,1.388629,5.443533,5.760483,3.087729,9.373464,
1.214981,1.970877,2.863634,1.564516,1.902115,13.967809,1.388629,5.443533,4.715629,3.087729,9.373464,
1.214981,1.814231,2.863634,1.564516,1.902115,13.967809,1.388629,5.443533,4.715629,4.883304,7.928136,
1.214981,1.814231,2.863634,1.564516,1.902115,13.967809,1.388629,5.443533,4.715629,4.883304,7.928136,
1.214981,1.814231,2.863634,1.564516,1.902115,13.967809,1.388629,5.443533,4.715629,4.883304,7.928136,
1.214981,1.814231,2.863634,1.564516,1.902115,13.967809,1.388629,5.443533,4.715629,4.883304,7.928136,
1.214981,1.814231,2.863634,2.200809,1.902115,13.967809,1.388629,5.443533,4.715629,4.883304,10.199184,
1.214981,1.814231,2.863634,2.200809,1.902115,11.035874,1.388629,5.443533,4.715629,4.883304,10.199184,
1.214981,1.814231,2.863634,2.200809,1.902115,11.035874,1.388629,5.443533,8.821916,4.883304,10.199184,
1.214981,1.814231,2.863634,2.200809,1.902115,6.961333,1.388629,5.443533,8.821916,4.883304,10.199184,
1.214981,1.814231,2.863634,2.200809,1.902115,6.961333,1.388629,5.443533,8.821916,3.409858,10.199184,
1.214981,1.880417,2.863634,2.200809,1.902115,6.961333,1.388629,5.443533,8.821916,3.409858,10.199184,
1.214981,1.220882,2.863634,4.799340,1.902115,5.747885,1.388629,5.443533,4.886212,4.184591,10.199184,
1.214981,1.220882,2.863634,4.799340,2.008357,1.707818,1.388629,5.443533,4.886212,4.184591,10.199184,
1.214981,1.220882,2.863634,4.799340,2.008357,2.972402,1.388629,5.443533,5.781746,4.184591,10.433318,
1.214981,1.220882,2.863634,4.299301,2.008357,5.986836,1.604356,5.443533,11.264442,4.184591,10.433318,
1.214981,1.220882,2.863634,4.905542,2.174614,7.802119,1.604356,5.443533,8.717063,4.184591,10.433318,
1.214981,1.220882,2.863634,4.905542,2.174614,7.802119,1.604356,5.443533,8.717063,4.184591,10.433318,
1.214981,1.220882,2.863634,4.905542,2.174614,7.802119,1.604356,5.443533,8.717063,4.184591,10.433318,
1.214981,1.220882,2.863634,4.905542,2.174614,7.802119,1.604356,5.443533,8.717063,4.184591,10.433318,
1.214981,1.220882,2.863634,4.905542,2.174614,7.802119,1.604356,5.443533,8.717063,4.184591,10.433318,
1.214981,1.220882,2.863634,4.905542,2.174614,7.802119,1.604356,5.443533,8.717063,4.184591,10.433318,
1.214981,1.220882,2.863634,4.905542,2.174614,7.802119,1.604356,5.443533,8.717063,4.184591,10.433318,
1.214981,1.220882,2.863634,4.905542,2.174614,7.802119,1.604356,5.443533,8.717063,4.184591,11.723934,
1.214981,1.219192,2.863634,4.905542,2.174614,9.864116,1.604356,5.443533,7.856673,4.184591,12.173163,
1.214981,1.219192,2.863634,4.905542,2.174614,9.864116,1.604356,5.443533,7.856673,4.184591,12.173163,
1.214981,1.219192,2.863634,4.905542,2.174614,16.823796,1.604356,5.443533,7.856673,4.184591,7.634638,
1.214981,1.219192,2.863634,3.199446,2.319940,16.823796,1.604356,5.443533,7.856673,4.184591,7.634638,
1.214981,1.219192,2.863634,3.199446,2.319940,18.915337,1.604356,5.443533,7.856673,4.184591,7.634638,
1.214981,1.219192,2.863634,3.199446,2.319940,15.033010,1.604356,5.443533,7.856673,4.184591,7.634638,
1.214981,1.219192,2.863634,3.199446,2.319940,18.274436,1.604356,5.443533,7.856673,4.184591,7.634638,
1.214981,1.219192,2.863634,3.269456,2.379513,18.274436,1.604356,5.443533,7.856673,4.184591,7.634638,
1.214981,1.219192,2.863634,3.269456,2.379513,18.274436,1.604356,5.443533,7.856673,4.184591,7.634638,
1.214981,1.219192,2.863634,3.269456,2.379513,18.274436,1.604356,5.443533,7.856673,4.184591,7.634638,
1.214981,1.219192,2.863634,3.269456,2.379513,18.274436,1.604356,5.443533,7.856673,4.184591,7.634638,
1.214981,1.219192,2.863634,3.595686,2.379513,12.478662,1.604356,5.443533,5.567787,4.184591,7.634638,
1.214981,1.219192,2.576514,3.595686,2.379513,12.478662,1.604356,5.443533,7.230937,4.184591,11.077594,
1.214981,1.219192,2.576514,3.595686,2.379513,12.478662,1.604356,5.443533,7.230937,4.184591,9.239691,
1.214981,1.219192,2.576514,3.595686,2.379513,9.745638,1.604356,5.443533,7.230937,4.184591,7.411329,
1.214981,1.219192,2.576514,3.595686,2.379513,11.110189,1.604356,5.443533,4.588633,4.864905,7.411329,
1.214981,1.219192,2.576514,3.133719,2.639706,11.259694,1.604356,5.443533,4.588633,4.864905,5.934513,
1.214981,1.219192,2.576514,3.133719,2.639706,13.828232,1.604356,5.443533,6.902091,4.864905,7.234007,
1.214981,1.219192,2.576514,3.133719,2.639706,16.794767,1.604356,5.443533,10.598572,4.864905,7.234007,
1.214981,1.219192,2.576514,3.133719,2.639706,16.794767,1.604356,5.443533,10.513994,4.864905,5.257208,
1.214981,1.219192,2.576514,3.133719,2.639706,16.794767,1.604356,5.443533,6.339310,4.864905,5.257208,
1.214981,1.219192,2.576514,3.133719,2.639706,11.059368,1.604356,5.478651,9.732270,4.864905,5.257208,
1.214981,1.269450,2.576514,3.133719,2.639706,11.836153,1.690246,5.478651,10.603934,4.864905,5.257208,
1.214981,1.269450,2.576514,3.899374,2.639706,11.836153,1.690246,5.478651,10.603934,4.864905,5.257208,
1.214981,1.269450,2.576514,3.899374,2.667989,11.836153,1.690246,5.478651,10.603934,4.864905,8.294411,
1.214981,1.269450,2.576514,3.899374,2.667989,11.836153,1.690246,5.478651,5.091323,4.864905,7.388050,
1.214981,1.269450,2.576514,3.899374,2.667989,11.836153,1.690246,5.478651,5.091323,4.864905,7.388050,
1.214981,1.269450,2.576514,3.899374,2.667989,11.836153,1.690246,5.478651,4.862875,4.864905,7.388050,
1.214981,1.269450,2.576514,2.957420,2.667989,11.836153,1.462989,5.478651,7.728866,4.864905,7.388050,
1.214981,1.269450,2.576514,2.655772,2.667989,11.836153,1.462989,5.478651,7.728866,4.864905,7.388050,
1.214981,1.269450,2.576514,2.655772,2.667989,11.836153,1.462989,5.478651,7.728866,4.190216,4.721209,
1.214981,1.269450,2.576514,2.655772,2.667989,11.836153,1.462989,5.478651,7.578470,4.190216,4.721209,
1.214981,1.269450,2.576514,2.655772,2.667989,11.836153,1.462989,5.478651,7.578470,4.190216,4.721209,
1.214981,1.467249,2.576514,2.655772,2.667989,9.840238,1.462989,5.478651,6.700754,5.476719,4.721209,
1.214981,1.467249,2.576514,2.655772,2.667989,9.840238,1.462989,5.478651,6.700754,5.476719,6.341634,
1.214981,1.467249,2.576514,2.655772,2.667989,9.840238,1.462989,5.478651,6.700754,5.476719,6.341634,
1.214981,1.467249,2.576514,2.655772,2.667989,9.840238,1.462989,5.478651,6.700754,5.476719,6.341634,
1.214981,1.467249,2.576514,2.655772,2.667989,8.806766,2.091644,5.478651,5.521200,5.476719,6.341634,
1.214981,1.467249,2.576514,2.655772,2.797616,8.806766,2.091644,5.478651,5.521200,5.476719,6.341634,
1.214981,1.467249,2.459715,2.655772,2.885945,8.757541,2.091644,5.478651,5.521200,5.476719,6.341634,
1.214981,1.467249,2.459715,2.655772,2.885945,10.825655,2.091644,5.478651,5.521200,5.476719,8.998124,
1.214981,1.467249,2.459715,2.655772,2.885945,10.825655,2.091644,5.478651,5.521200,6.986534,4.411440,
1.214981,1.467249,2.459715,2.655772,2.885945,8.004442,2.091644,5.478651,5.521200,6.986534,6.406140,
1.214981,1.467249,2.459715,2.655772,2.885945,8.004442,2.091644,5.478651,5.521200,6.986534,6.406140,
1.214981,1.467249,2.459715,2.655772,2.885945,2.710686,2.091644,5.478651,5.521200,7.675324,6.243606,
1.214981,1.467249,2.459715,2.655772,2.885945,1.810762,2.091644,5.478651,5.521200,7.675324,6.243606,
1.214981,1.467249,2.459715,2.655772,2.885945,8.078231,2.091644,5.478651,9.216696,7.675324,6.243606,
1.214981,1.467249,2.459715,2.655772,2.885945,10.509574,2.091644,5.478651,10.647924,7.675324,6.243606,
1.214981,1.467249,2.459715,2.655772,2.885945,10.509574,2.091644,5.478651,7.785816,7.675324,6.243606,
1.214981,1.340074,2.459715,2.655772,2.885945,11.023504,2.091644,5.478651,7.785816,7.675324,4.640957,
1.214981,1.340074,2.459715,2.655772,2.467592,10.176739,2.091644,5.478651,7.785816,7.675324,4.640957,
1.214981,1.343438,2.459715,2.655772,2.467592,10.600072,2.091644,5.478651,7.785816,7.675324,4.640957,
1.214981,1.343438,2.459715,2.655772,2.467592,8.395182,2.091644,5.478651,7.785816,7.675324,6.103162,
1.214981,1.441493,2.459715,2.655772,2.470309,5.457083,2.091644,5.478651,7.785816,7.675324,6.103162,
1.214981,1.441493,2.459715,2.655772,2.470309,5.457083,2.945412,5.478651,10.291192,10.493051,6.103162,
1.214981,1.441493,2.459715,2.655772,2.470309,7.248032,2.945412,5.478651,11.427115,10.493051,6.103162,
1.214981,1.503880,2.459715,2.524761,2.470309,7.248032,2.945412,5.478651,11.427115,9.964603,6.103162,
1.214981,1.503880,2.459715,2.526188,2.470309,9.150398,2.945412,5.478651,11.427115,9.964603,7.672106,
1.214981,1.503880,2.459715,2.526188,2.470309,9.150398,3.038279,5.478651,5.543760,9.964603,7.672106,
1.214981,1.503880,2.299676,2.526188,2.470309,10.399091,3.038279,5.478651,5.543760,9.964603,7.672106,
1.214981,1.503880,2.299676,2.526188,2.470309,9.057596,3.502863,5.478651,5.543760,9.964603,9.105426,
1.214981,1.503880,2.299676,2.526188,2.470309,12.249112,3.502863,5.478651,5.543760,9.964603,9.105426,
1.214981,1.446799,2.299676,2.526188,2.470309,12.249112,3.502863,5.478651,9.561758,9.964603,9.105426,
1.214981,1.446799,2.299676,2.526188,2.470309,16.499222,3.502863,4.916899,9.561758,9.964603,9.105426,
1.214981,1.446799,2.299676,2.526188,2.470309,16.499222,3.502863,4.916899,9.561758,9.964603,9.105426,
1.214981,1.446799,2.299676,2.526188,2.470309,7.157301,3.502863,4.916899,9.561758,9.964603,9.105426,
1.214981,1.446799,2.299676,2.526188,2.470309,7.157301,3.502863,4.916899,9.561758,9.964603,8.017398,
1.214981,1.446799,2.299676,2.526188,2.470309,7.157301,3.502863,4.916899,9.561758,9.964603,13.525422,
1.214981,1.446799,2.299676,2.526188,2.470309,5.839280,3.502863,4.916899,13.961434,9.964603,13.525422,
1.214981,1.446799,2.299676,2.526188,2.470309,5.839280,4.142952,4.916899,13.961434,9.964603,12.308237,
1.214981,1.303882,2.299676,2.526188,2.470309,5.839280,3.353687,4.916899,13.961434,9.964603,14.685602,
1.214981,1.303882,2.299676,2.143199,2.470309,7.770099,3.353687,4.986998,14.489808,9.964603,8.204415,
1.214981,1.303882,2.299676,2.143199,2.470309,7.770099,3.353687,4.986998,14.489808,9.964603,8.204415,
1.214981,1.715667,2.515318,2.143199,2.470309,7.770099,3.353687,4.986998,13.209737,9.964603,10.814339,
1.214981,1.715667,2.515318,2.143199,2.470309,7.770099,3.353687,4.986998,10.492151,9.964603,10.814339,
1.214981,1.715667,2.515318,2.143199,2.470309,6.416378,3.353687,4.986998,9.226501,9.964603,10.814339,
1.214981,1.715667,2.515318,2.143199,2.470309,10.687043,3.353687,4.986998,9.226501,9.905051,10.814339,
1.199889,1.715667,2.515318,2.143199,2.470309,10.687043,3.353687,4.986998,9.226501,9.905051,9.695655,
1.199889,1.715667,2.515318,2.143199,2.470309,11.076904,3.353687,4.986998,9.669801,9.905051,6.321884,
1.199889,1.715667,2.492847,2.143199,2.470309,15.042796,3.353687,4.986998,9.669801,9.905051,8.168412,
1.199889,1.715667,2.492847,2.143199,2.470309,20.731920,3.353687,4.986998,9.669801,9.905051,8.570259,
1.199889,1.715667,2.492847,2.143199,2.470309,23.745244,3.353687,4.986998,16.984271,9.905051,8.570259,
1.199889,1.715667,2.492847,2.143199,2.470309,23.745244,3.353687,4.986998,16.984271,9.905051,8.570259,
1.199889,1.715667,2.492847,1.965109,2.470309,24.635814,3.353687,4.986998,16.310516,9.905051,8.570259,
1.199889,1.715667,2.492847,1.965109,2.470309,24.635814,3.353687,4.986998,13.434872,9.905051,8.570259,
1.199889,1.715667,2.492847,1.965109,2.470309,15.182355,3.353687,4.986998,10.043322,9.905051,8.570259,
1.199889,1.715667,2.492847,1.965109,2.470309,11.631208,3.353687,4.986998,12.082720,9.905051,8.570259,
1.199889,1.715667,2.492847,1.965109,2.470309,11.631208,3.353687,5.003459,8.885402,9.905051,8.570259,
1.199889,1.715667,2.492847,1.965109,2.470309,12.960575,3.353687,5.003459,6.333624,9.905051,8.570259,
1.199889,1.715667,2.492847,1.965109,2.647310,6.823333,2.888061,5.003459,7.560406,9.905051,8.570259,
1.199889,1.715667,2.492847,1.965109,2.647310,6.823333,2.888061,5.003459,12.031526,9.905051,8.570259,
1.199889,1.715667,2.492847,1.965109,2.647310,6.823333,2.888061,4.761178,15.187105,9.905051,8.570259,
1.199889,1.715667,2.492847,1.965109,2.647310,6.823333,2.979983,4.761178,15.187105,9.905051,8.570259,
1.199889,1.715667,2.492847,1.965109,2.647310,6.823333,2.979983,5.486485,14.329372,8.851433,8.570259,
1.199889,1.773901,2.492847,1.965109,2.647310,12.469610,2.979983,5.486485,14.329372,8.137956,9.884516,
1.199889,1.773901,2.492847,1.965109,2.647310,12.469610,2.979983,5.486485,14.637665,8.137956,9.884516,
1.199889,1.773901,2.492847,1.965109,2.647310,10.478421,2.979983,5.486485,12.597231,8.555768,8.606210,
1.199889,1.773901,2.492847,1.965109,2.647310,10.478421,2.979983,5.486485,12.477441,8.555768,8.606210,
1.199889,1.773901,2.492847,1.965109,2.647310,10.478421,2.979983,5.486485,12.477441,8.555768,8.606210,
1.199889,1.773901,2.237908,1.965109,2.647310,8.742810,2.979983,5.486485,12.477441,8.555768,8.606210,
1.199889,1.773901,2.237908,1.965109,2.647310,8.742810,2.979983,5.486485,12.477441,8.555768,8.606210,
1.199889,1.773901,2.237908,1.965109,2.647310,8.742810,2.979983,5.486485,12.477441,8.555768,8.606210,
1.199889,1.773901,2.237908,1.965109,2.647310,11.506798,2.979983,5.618249,8.238472,8.555768,8.606210,
1.199889,1.773901,2.237908,1.965109,2.647310,13.905716,2.979983,5.160331,8.220309,8.555768,8.606210,
1.199889,1.773901,2.237908,1.965109,2.647310,15.795974,2.979983,5.160331,8.195652,8.555768,8.606210,
1.199889,1.773901,2.212128,1.965109,2.647310,11.664974,2.979983,5.160331,4.939296,8.519430,8.505928,
1.199889,1.773901,2.212128,1.965109,2.647310,9.677387,2.979983,5.160331,3.612167,8.519430,8.505928,
1.199889,1.773901,2.212128,1.965109,3.073585,9.677387,2.979983,5.160331,3.612167,8.519430,8.505928,
1.199889,1.773901,2.212128,1.965109,3.073585,9.677387,2.979983,5.160331,6.855202,8.407292,8.505928,
1.199889,1.773901,2.212128,1.965109,3.073585,4.287248,2.979983,5.160331,10.728974,8.407292,8.505928,
1.199889,1.773901,2.212128,1.516479,3.073585,4.287248,2.979983,5.160331,10.728974,8.407292,9.561888,
1.199889,1.773901,2.212128,1.516479,3.073585,4.287248,2.979983,5.319786,6.629058,8.407292,9.561888,
1.199889,1.773901,2.212128,1.516479,3.073585,6.110163,2.979983,5.341812,6.629058,8.407292,9.561888,
1.199889,1.773901,2.212128,1.516479,3.073585,8.961974,2.979983,5.341812,12.111766,8.407292,9.561888,
1.199889,1.773901,2.212128,1.516479,3.073585,10.260800,2.979983,5.341812,12.111766,8.407292,9.561888,
1.199889,1.773901,2.212128,1.410744,3.073585,12.470239,2.979983,5.341812,12.111766,9.022225,9.561888,
1.199889,1.773901,2.212128,1.410744,3.073585,12.470239,2.979983,5.341812,11.676013,10.028783,10.124078,
1.199889,1.773901,2.212128,1.410744,3.073585,12.470239,2.979983,5.341812,11.676013,8.561843,10.124078,
1.199889,1.773901,2.212128,1.410744,3.073585,12.470239,2.979983,5.341812,4.746461,8.561843,10.124078,
1.199889,1.773901,2.212128,1.410744,2.646240,12.209290,2.979983,5.341812,2.701638,8.561843,11.631181,
1.199889,1.773901,2.212128,1.410744,2.646240,12.209290,2.979983,5.341812,4.718615,8.561843,11.631181,
1.199889,1.773901,2.212128,1.410744,2.646240,11.667049,2.979983,5.186796,8.126964,8.561843,8.786011,
1.199889,2.474396,2.212128,1.410744,2.646240,11.599718,2.979983,5.186796,8.126964,10.621512,8.786011,
1.199889,2.474396,2.212128,1.410744,2.646240,11.599718,2.979983,5.186796,8.126964,10.621512,8.786011,
1.199889,2.474396,2.212128,1.410744,2.646240,11.599718,4.902512,5.186796,14.004837,10.621512,9.765750,
1.199889,2.474396,2.212128,1.410744,2.646240,18.421162,4.902512,5.186796,14.004837,14.499047,9.765750,
1.199889,2.474396,2.212128,1.194201,2.646240,16.330780,4.902512,5.186796,14.004837,16.680756,9.765750,
1.199889,2.474396,2.212128,1.194201,2.646240,12.948281,5.207859,5.186796,12.505487,16.680756,9.765750,
1.199889,2.474396,2.212128,1.194201,2.646240,6.950123,5.207859,5.186796,12.505487,16.680756,8.016750,
1.199889,2.474396,2.212128,1.194201,2.646240,6.950123,5.207859,5.186796,12.628332,16.680756,8.016750,
1.199889,2.474396,2.212128,1.194201,3.019040,10.919463,5.207859,5.186796,7.361986,16.680756,8.016750,
1.199889,2.474396,2.212128,1.194201,3.019040,10.919463,5.207859,5.186796,7.361986,22.200445,8.016750,
1.199889,2.474396,2.212128,1.194201,3.019040,10.919463,5.207859,5.186796,7.361986,14.925457,8.016750,
1.199889,2.474396,2.212128,1.194201,3.019040,10.919463,5.207859,5.186796,7.361986,14.925457,8.016750,
1.199889,2.474396,2.212128,1.194201,3.019040,16.796650,5.509802,5.186796,11.297682,16.036788,8.016750,
1.199889,2.474396,2.212128,1.194201,3.019040,16.796650,5.509802,5.186796,5.792688,16.036788,8.016750,
1.199889,2.474396,2.212128,1.194201,3.019040,16.796650,5.509802,5.186796,6.909732,16.036788,8.016750,
1.199889,2.474396,2.212128,1.194201,3.019040,16.796650,5.509802,5.186796,6.909442,16.036788,8.016750,
1.199889,2.474396,2.212128,1.194201,3.019040,10.995231,3.998520,5.186796,6.909442,16.036788,8.016750,
1.199889,2.474396,2.212128,1.194201,3.019040,10.995231,3.998520,5.186796,6.562370,17.094698,10.336413,
1.199889,2.474396,2.212128,1.194201,3.019040,7.651992,5.579051,5.186796,6.562370,17.094698,10.336413,
1.199889,2.474396,2.212128,1.194201,3.019040,8.942438,5.579051,5.186796,4.339861,17.094698,5.860039,
1.199889,2.474396,2.212128,1.194201,3.019040,3.239559,5.579051,5.186796,5.630799,17.094698,7.840584,
1.199889,2.474396,2.212128,1.194201,3.019040,3.776500,5.579051,5.186796,5.630799,17.094698,7.840584,
1.199889,2.474396,2.212128,1.194201,3.019040,3.776500,5.579051,5.186796,5.630799,17.094698,5.630908,
1.199889,2.474396,2.212128,1.194201,3.019040,12.773205,5.579051,5.186796,5.630799,17.094698,5.630908,
1.199889,2.474396,2.212128,1.194201,3.019040,18.865598,5.579051,5.186796,8.259561,17.094698,5.630908,
1.199889,2.474396,2.212128,1.194201,3.019040,18.865598,5.579051,5.186796,8.259561,17.094698,9.737223,
1.199889,2.474396,2.212128,1.194201,3.019040,16.591457,5.579051,5.186796,8.259561,17.094698,9.737223,
1.199889,2.474396,2.212128,1.194201,3.019040,16.591457,5.504289,5.186796,8.259561,15.120965,9.737223,
1.199889,2.474396,2.212128,1.194201,3.019040,16.141562,5.504289,5.186796,8.259561,15.120965,9.737223,
1.199889,2.474396,2.212128,1.194201,3.019040,16.141562,5.504289,5.186796,8.259561,15.120965,9.737223,
1.199889,2.474396,2.212128,1.194201,3.019040,16.141562,5.504289,5.186796,8.259561,15.120965,8.985819,
1.199889,2.474396,2.212128,1.194201,2.829856,16.141562,5.504289,5.186796,8.259561,15.120965,10.359695,
1.199889,2.474396,2.212128,1.194201,2.829856,12.757565,5.504289,5.186796,8.259561,16.843056,10.359695,
1.199889,2.474396,2.212128,1.596643,2.829856,13.534224,5.504289,5.186796,8.259561,16.909145,10.238307,
1.199889,2.474396,2.212128,1.596643,2.829856,13.534224,5.504289,5.186796,8.259561,16.909145,10.238307,
1.199889,2.474396,2.212128,1.596643,2.829856,13.534224,5.504289,5.186796,8.259561,16.909145,10.238307,
1.199889,2.474396,2.212128,1.596643,2.829856,13.940391,5.504289,5.186796,8.259561,16.909145,10.238307,
1.199889,2.474396,2.212128,1.596643,2.829856,13.940391,5.504289,5.186796,8.259561,16.909145,10.238307,
1.199889,2.474396,2.212128,1.596643,2.829856,13.940391,5.504289,5.186796,11.699031,16.909145,5.865026,
1.199889,2.474396,2.212128,1.596643,2.829856,15.942862,5.504289,5.186796,11.699031,16.909145,5.865026,
1.199889,2.474396,2.212128,1.596643,2.829856,15.229853,5.504289,5.186796,12.470865,16.909145,5.865026,
1.199889,2.474396,2.212128,1.596643,2.829856,13.459849,5.504289,5.186796,12.470865,16.909145,5.865026,
1.199889,2.474396,2.212128,1.596643,2.829856,13.459849,5.504289,5.186796,12.470865,16.909145,5.865026,
1.199889,1.721867,2.212128,1.596643,2.829856,8.244943,5.504289,5.186796,7.212593,19.405108,6.498351,
1.199889,1.721867,2.212128,1.596643,2.745514,8.244943,5.504289,5.186796,7.376299,19.405108,6.498351,
1.199889,1.721867,2.536522,1.596643,2.644889,6.511877,5.504289,5.186796,7.376299,19.405108,6.498351,
1.199889,1.721867,2.536522,1.472028,2.644889,6.511877,5.504289,5.186796,7.376299,19.405108,6.498351,
1.199889,1.721867,2.536522,1.472028,2.644889,8.551197,4.826463,5.186796,7.376299,19.574917,6.498351,
1.199889,1.721867,2.536522,1.472028,2.644889,8.551197,4.826463,5.186796,7.376299,19.574917,6.498351,
1.199889,1.721867,2.536522,2.047805,2.644889,7.436177,4.826463,5.186796,7.376299,18.852028,6.498351,
1.199889,1.721867,2.536522,2.047805,2.644889,9.683116,5.810606,5.186796,7.376299,18.852028,6.498351,
1.199889,1.721867,2.536522,2.047805,2.644889,9.683116,5.810606,5.186796,5.237921,18.852028,6.498351,
1.199889,1.721867,2.536522,2.047805,2.644889,8.201745,5.810606,5.186796,9.736522,18.410811,6.498351,
1.199889,1.721867,2.280536,2.047805,2.644889,3.398116,5.810606,5.186796,7.514124,18.410811,6.520554,
1.199889,1.721867,2.280536,2.047805,2.644889,3.398116,5.810606,5.186796,7.877365,16.156933,7.796935,
1.199889,1.721867,2.280536,2.047805,2.644889,5.285356,5.810606,5.186796,7.877365,16.156933,7.796935,
1.199889,1.721867,2.280536,2.047805,2.644889,8.588069,5.810606,5.186796,6.077200,16.606865,7.796935,
1.199889,1.721867,2.280536,2.047805,2.644889,8.862059,5.810606,5.186796,11.445245,17.177431,9.807422,
1.199889,1.721867,2.280536,2.047805,2.644889,8.862059,5.810606,5.186796,11.651177,17.177431,9.807422,
1.199889,1.721867,2.280536,2.047805,2.644889,5.428601,5.810606,5.186796,11.651177,17.177431,9.705109,
1.199889,1.721867,2.280536,2.047805,2.644889,5.428601,5.810606,5.186796,14.013099,17.177431,9.705109,
1.199889,1.379276,2.280536,2.047805,2.644889,4.632874,5.810606,5.186796,14.013099,13.248446,9.705109,
1.199889,1.379276,2.280536,2.047805,2.644889,4.632874,5.810606,5.186796,8.936595,13.248446,9.705109,
1.199889,1.379276,2.280536,2.047805,2.573616,2.771879,5.810606,5.186796,7.451331,13.278922,6.766262,
1.199889,1.379276,2.280536,2.047805,2.573616,2.771879,5.810606,5.186796,7.451331,13.278922,6.766262,
1.199889,1.379276,2.280536,2.047805,2.573616,2.771879,5.810606,5.186796,7.451331,13.278922,6.766262,
1.199889,1.379276,2.280536,2.148164,2.573616,2.771879,5.810606,5.186796,7.451331,15.112025,6.766262,
1.199889,1.379276,2.280536,2.933452,2.573616,5.293405,5.810606,5.186796,6.837220,18.989831,6.766262,
1.199889,1.379276,2.280536,2.492567,2.573616,2.250503,5.810606,5.186796,2.916421,18.989831,6.766262,
1.199889,1.379276,2.280536,2.492567,2.573616,2.250503,5.810606,5.186796,5.702689,18.989831,6.766262,
1.199889,1.379276,2.280536,2.608837,2.573616,3.747650,5.810606,5.186796,11.033795,19.422249,6.766262,
1.199889,1.379276,2.280536,2.282387,2.573616,3.747650,5.810606,5.186796,11.033795,19.422249,6.766262,
1.199889,1.379276,2.280536,2.282387,2.573616,3.747650,5.810606,5.186796,11.033795,17.962688,10.690345,
1.199889,1.379276,2.280536,2.365892,2.573616,3.747650,5.810606,5.186796,11.033795,16.479203,10.690345,
1.199889,1.379276,2.280536,2.365892,2.573616,6.696773,5.810606,5.186796,11.033795,18.077006,10.690345,
1.199889,1.379276,2.280536,2.365892,2.573616,6.696773,5.810606,5.186796,5.793400,18.077006,10.690345,
1.128268,1.379276,2.280536,2.365892,2.573616,6.696773,5.810606,5.186796,5.793400,18.077006,10.690345,
1.128268,1.379276,2.280536,2.949170,2.573616,3.177605,5.810606,5.186796,5.793400,18.077006,10.690345,
1.128268,1.379276,2.280536,2.949170,2.573616,4.566674,5.810606,5.186796,5.793400,18.077006,10.690345,
1.128268,1.379276,2.280536,2.949170,2.573616,4.566674,5.810606,5.186796,5.793400,18.077006,8.735613,
1.128268,1.379276,2.280536,1.816590,2.573616,2.509469,5.810606,5.186796,5.793400,18.077006,11.256602,
1.128268,1.379276,2.280536,1.816590,2.573616,2.509469,5.810606,5.186796,5.793400,18.077006,11.256602,
1.128268,1.379276,2.280536,1.816590,2.573616,4.700821,5.810606,5.566991,5.793400,18.077006,11.256602,
1.128268,1.850577,2.618403,1.816590,2.573616,4.700821,5.810606,5.566991,5.793400,18.077006,11.256602,
1.128268,1.850577,2.618403,1.816590,2.573616,4.700821,5.810606,5.566991,5.793400,18.077006,5.442238,
1.128268,1.850577,2.618403,1.816590,2.573616,4.700821,5.810606,5.566991,8.270367,18.077006,5.442238,
1.128268,1.850577,2.618403,1.816590,2.573616,5.539238,3.900190,5.566991,8.226408,18.077006,5.442238,
1.128268,1.850577,2.618403,1.816590,2.573616,5.539238,3.900190,5.566991,4.434877,12.975434,4.143946,
1.128268,1.850577,2.618403,1.816590,2.573616,5.539238,3.900190,5.566991,9.920473,12.975434,3.157066,
1.128268,1.516719,2.618403,1.816590,2.573616,5.539238,3.900190,5.566991,9.920473,12.975434,8.682081,
1.128268,1.516719,2.618403,2.104974,2.573616,6.300383,3.900190,5.566991,9.920473,12.420891,8.682081,
1.128268,1.516719,2.618403,2.104974,2.490019,8.906582,3.900190,5.566991,9.920473,12.420891,10.512785,
1.128268,1.516719,2.618403,2.104974,2.490019,8.906582,3.900190,5.566991,9.920473,12.420891,10.512785,
1.128268,1.516719,2.618403,2.229713,2.490019,5.555124,3.900190,5.566991,9.920473,12.420891,10.512785,
1.128268,1.516719,2.618403,2.229713,2.490019,4.742407,3.744576,5.566991,7.370852,12.420891,10.512785,
1.128268,1.516719,2.618403,2.160071,2.086377,9.070444,4.131498,5.566991,14.420803,12.420891,10.512785,
1.128268,1.516719,2.618403,2.160071,2.086377,4.184034,4.131498,5.566991,13.296606,12.420891,7.587396,
1.128268,1.516719,2.618403,2.160071,2.086377,9.424327,4.131498,5.566991,6.931929,12.420891,11.482481,
1.128268,1.516719,2.618403,2.160071,2.086377,9.100437,4.131498,5.566991,2.411819,13.686547,11.482481,
1.128268,1.516719,2.618403,2.160071,2.086377,9.100437,4.131498,5.566991,2.411819,13.686547,11.482481,
1.128268,1.516719,2.618403,2.160071,2.086377,10.254764,4.131498,5.566991,12.660144,13.686547,11.041719,
1.128268,1.516719,2.618403,2.160071,2.086377,12.111646,4.131498,5.566991,12.660144,12.374882,11.041719,
1.128268,1.432077,2.618403,2.160071,2.086377,8.608812,4.131498,5.566991,10.477213,12.374882,11.041719,
1.128268,1.432077,2.618403,2.160071,2.086377,14.130791,4.131498,5.566991,10.477213,12.374882,11.041719,
1.128268,1.432077,2.618403,2.160071,2.086377,9.185288,4.131498,5.566991,13.190000,12.374882,11.727979,
1.128268,1.432077,2.618403,2.160071,2.086377,6.937693,4.131498,5.566991,12.519417,12.374882,11.727979,
1.128268,1.432077,2.618403,2.160071,2.086377,7.053964,3.962823,5.566991,15.904836,11.833365,11.727979,
1.128268,1.432077,2.618403,2.160071,2.086377,7.053964,3.962823,5.566991,18.224873,11.833365,11.727979,
1.128268,1.432077,2.618403,2.160071,2.086377,3.737533,3.962823,5.566991,15.210969,11.833365,10.109511,
1.128268,1.432077,2.618403,2.160071,2.086377,3.799885,3.962823,5.566991,10.037260,11.833365,13.148880,
1.128268,1.432077,2.618403,1.980240,2.086377,3.703900,4.453834,5.203377,10.037260,11.833365,13.148880,
1.128268,1.544850,2.618403,1.980240,2.086377,7.471570,4.453834,5.203377,17.352055,11.833365,13.148880,
1.128268,1.544850,2.890576,1.980240,2.086377,7.471570,4.453834,5.203377,15.359775,11.833365,13.148880,
1.128268,1.544850,2.890576,1.980240,2.086377,7.471570,4.453834,5.203377,12.839817,11.833365,13.148880,
1.128268,1.544850,2.890576,2.664133,2.086377,7.471570,4.453834,4.908189,12.839817,11.833365,13.148880,
1.128268,1.544850,2.890576,2.664133,2.086377,7.471570,4.453834,4.908189,12.839817,11.833365,13.148880,
1.128268,1.544850,2.890576,2.664133,2.086377,7.471570,4.453834,4.908189,12.839817,11.833365,13.148880,
1.128268,1.544850,2.890576,2.664133,2.086377,7.471570,4.453834,4.908189,12.839817,11.833365,13.148880,
1.128268,1.544850,2.890576,2.664133,2.086377,7.471570,4.453834,4.908189,12.839817,11.833365,13.148880,
1.128268,1.544850,2.890576,2.664133,2.086377,7.471570,4.453834,4.908189,12.839817,11.833365,13.148880,
1.128268,1.544850,2.890576,2.664133,2.086377,7.471570,4.453834,4.908189,12.839817,11.833365,13.148880,
1.128268,1.544850,2.890576,2.664133,2.086377,7.471570,4.453834,4.908189,12.839817,11.833365,13.148880,
1.128268,1.544850,2.890576,2.664133,2.086377,7.471570,4.453834,4.908189,12.839817,11.833365,13.148880,
1.128268,1.544850,2.890576,2.664133,2.086377,7.471570,4.453834,4.908189,12.839817,11.833365,13.148880,
1.128268,1.544850,2.890576,2.664133,2.086377,7.471570,4.453834,4.908189,12.839817,11.833365,13.148880,
1.128268,1.544850,2.890576,2.664133,2.086377,7.471570,4.453834,4.908189,12.839817,13.079749,13.148880,
1.128268,1.544850,2.890576,2.664133,2.086377,7.471570,4.453834,4.908189,10.119134,13.079749,13.148880,
1.128268,1.544850,2.890576,2.664133,2.086377,7.471570,4.453834,4.908189,12.954738,13.079749,9.775160,
1.128268,1.544850,2.830306,2.783541,2.086377,9.304561,4.225244,4.908189,12.954738,13.079749,11.980380,
1.128268,1.544850,2.830306,2.783541,2.086377,9.304561,4.225244,4.908189,12.954738,13.952396,8.730019,
1.128268,1.544850,2.830306,2.817024,2.086377,8.387836,4.225244,4.908189,15.878609,13.952396,8.730019,
1.128268,1.544850,2.830306,1.386547,2.086377,8.387836,4.225244,4.908189,15.878609,13.952396,8.730019,
1.128268,3.402519,2.830306,1.386547,2.086377,8.387836,4.225244,4.908189,15.878609,13.952396,8.730019,
1.128268,3.402519,2.788984,1.386547,2.086377,8.387836,4.225244,4.908189,15.878609,13.952396,8.730019,
1.128268,3.402519,2.788984,1.386547,2.086377,7.128093,4.225244,4.908189,14.703589,13.952396,10.181244,
1.128268,3.402519,2.788984,1.386547,2.086377,7.128093,4.225244,4.908189,14.703589,13.952396,10.181244,
1.128268,3.402519,2.788984,1.386547,2.086377,7.128093,4.225244,5.614532,14.703589,10.271228,7.396058,
1.128268,3.402519,2.816459,1.386547,2.086377,7.128093,4.225244,5.614532,14.703589,10.271228,9.694757,
1.128268,3.402519,2.816459,1.386547,2.086377,7.128093,4.225244,5.614532,14.703589,10.271228,11.153690,
1.128268,2.548897,2.558905,1.386547,2.086377,7.128093,4.225244,5.614532,14.703589,10.271228,11.141826,
1.128268,2.544481,2.558905,1.386547,2.086377,9.512380,4.225244,5.614532,13.238106,10.271228,11.141826,
1.128268,2.544481,2.558905,1.386547,2.086377,9.512380,4.225244,5.614532,13.238106,10.969628,11.141826,
1.128268,2.544481,2.558905,1.386547,2.086377,8.790856,3.494597,5.614532,13.238106,10.969628,10.181908,
1.128268,2.544481,2.558905,1.386547,2.086377,8.790856,3.494597,5.614532,13.238106,10.969628,10.181908,
1.128268,2.544481,2.558905,1.386547,2.086377,8.790856,3.494597,5.614532,13.238106,10.969628,10.181908,
1.128268,2.544481,2.558905,1.386547,2.086377,7.417640,3.494597,5.614532,13.238106,10.969628,10.181908,
1.128268,2.544481,2.558905,1.386547,2.086377,7.417640,3.494597,5.614532,11.722708,10.969628,9.109942,
1.128268,2.544481,2.558905,1.386547,2.086377,7.417640,3.494597,5.614532,12.997241,10.969628,9.109942,
1.128268,2.544481,3.357737,1.386547,2.086377,7.417640,3.494597,5.614532,7.514520,10.969628,8.246943,
1.128268,2.544481,3.357737,1.386547,2.086377,11.024356,3.494597,5.614532,7.514520,10.969628,8.246943,
1.128268,2.544481,3.357737,1.543576,2.086377,7.504174,3.494597,5.614532,4.888007,10.969628,8.503536,
1.128268,2.544481,3.357737,1.543576,2.086377,7.504174,3.386481,5.614532,4.888007,10.969628,8.503536,
1.128268,2.544481,3.357737,1.543576,2.086377,7.504174,3.386481,5.614532,4.888007,10.969628,8.503536,
1.128268,2.544481,3.357737,1.543576,2.086377,7.504174,3.787727,5.614532,4.103588,10.969628,8.503536,
1.128268,2.544481,3.402823,1.543576,2.086377,1.683682,3.787727,5.614532,4.165873,10.969628,7.216228,
1.128268,2.544481,3.402823,1.543576,2.086377,5.471722,3.462433,5.209510,10.884452,10.969628,7.216228,
1.128268,2.544481,3.402823,1.543576,2.086377,5.471722,3.462433,5.209510,10.884452,10.969628,7.216228,
1.128268,2.750054,3.402823,1.543576,2.086377,2.357951,3.462433,5.209510,9.713498,10.969628,7.216228,
1.128268,2.750054,3.402823,1.543576,2.086377,7.480911,3.462433,5.209510,9.713498,10.969628,7.216228,
1.128268,2.750054,3.402823,1.543576,2.086377,7.480911,3.462433,5.209510,9.713498,10.969628,7.216228,
1.128268,2.750054,3.402823,1.543576,2.086377,7.480911,3.462433,5.209510,9.713498,10.969628,7.216228,
1.128268,2.750054,3.402823,1.543576,2.086377,7.480911,3.462433,5.209510,9.713498,10.969628,7.216228,
1.128268,2.750054,3.402823,1.543576,2.086377,7.480911,3.462433,5.209510,9.713498,10.969628,7.216228,
1.128268,2.750054,3.402823,1.543576,2.086377,7.480911,3.462433,5.209510,9.713498,10.969628,7.216228,
1.128268,2.750054,3.402823,1.543576,2.086377,8.986274,3.462433,5.209510,10.061971,10.969628,10.042217,
1.128268,1.696823,3.402823,1.543576,2.086377,4.650440,3.462433,5.209510,8.259018,10.969628,10.042217,
1.128268,1.696823,3.412917,1.543576,2.086377,6.591964,3.462433,5.209510,3.135865,10.969628,10.042217,
1.128268,1.696823,3.412917,1.543576,2.086377,6.591964,3.462433,5.209510,4.968456,12.346792,10.042217,
1.128268,1.696823,3.412917,1.543576,2.086377,4.137931,3.640267,5.209510,4.968456,12.346792,10.042217,
1.128268,1.696823,3.412917,1.543576,2.086377,3.866944,3.640267,5.209510,7.731167,12.346792,10.042217,
1.128268,1.696823,2.911292,1.543576,2.086377,1.481672,4.287193,5.209510,7.731167,12.346792,13.455549,
1.128268,1.696823,2.911292,1.543576,2.086377,1.798200,4.287193,5.205907,3.194704,12.346792,9.971921,
1.128268,1.696823,2.911292,1.543576,2.086377,3.264839,4.287193,5.205907,3.194704,14.847648,9.971921,
1.128268,1.696823,2.911292,1.543576,2.086377,6.288088,4.287193,5.205907,3.316914,12.619131,11.955861,
1.128268,1.696823,2.911292,1.543576,2.086377,3.299954,4.287193,5.205907,3.316914,15.576495,11.955861,
1.128268,1.696823,2.911292,1.543576,2.086377,4.181068,5.491879,5.205907,3.316914,15.576495,11.955861,
1.174301,2.000611,2.911292,1.543576,2.210830,11.291906,5.491879,5.205907,3.316914,15.576495,11.955861,
1.174301,2.000611,2.911292,1.543576,2.210830,12.511681,5.491879,5.205907,3.316914,18.150672,8.618023,
1.174301,2.000611,2.911292,1.543576,2.210830,8.626095,5.743877,5.205907,3.316914,18.150672,8.618023,
1.174301,2.000611,2.911292,1.543576,2.210830,9.953510,5.931302,5.205907,3.316914,21.459907,8.618023,
1.174301,2.000611,2.911292,1.543576,2.210830,7.559791,5.972785,5.205907,13.359741,21.459907,8.618023,
1.174301,2.000611,2.911292,1.543576,2.210830,5.139907,5.972785,5.205907,13.359741,21.459907,8.618023,
1.174301,2.000611,2.911292,1.543576,2.210830,4.485150,5.972785,5.205907,13.359741,24.870022,3.542132,
1.174301,2.000611,2.793425,1.543576,2.210830,4.485150,5.972785,5.205907,11.436923,24.870022,3.542132,
1.174301,2.000611,2.793425,1.543576,2.210830,4.485150,7.623066,5.487013,11.436923,24.870022,3.542132,
1.174301,2.000611,2.793425,1.543576,2.210830,4.485150,7.623066,5.487013,11.436923,24.870022,3.542132,
1.174301,2.000611,2.824717,1.543576,2.210830,4.485150,7.623066,5.487013,11.436923,27.254535,3.542132,
1.174301,2.000611,2.824717,1.543576,2.210830,4.485150,7.623066,5.487013,11.436923,27.254535,3.542132,
1.174301,2.000611,2.824717,1.543576,2.210830,4.915025,7.704700,5.487013,11.436923,27.254535,5.812267,
1.174301,2.000611,2.824717,1.543576,2.210830,4.915025,7.704700,5.487013,11.436923,27.504687,5.812267,
1.174301,2.000611,2.824717,1.543576,2.210830,4.915025,7.704700,5.487013,11.436923,30.500819,5.812267,
1.174301,2.000611,2.824717,1.543576,2.210830,4.915025,7.704700,5.487013,11.644106,30.500819,5.812267,
1.174301,2.000611,2.824717,1.543576,2.210830,4.915025,7.704700,5.487013,9.477168,30.500819,5.812267,
1.174301,2.000611,2.824717,1.543576,2.210830,4.915025,7.704700,5.116540,9.477168,26.792942,5.812267,
1.174301,2.000611,2.824717,1.543576,2.210830,4.915025,7.735021,5.432503,6.798196,26.792942,5.812267,
1.113908,2.000611,2.824717,1.543576,2.210830,4.915025,7.735021,5.432503,6.798196,22.437094,5.812267,
1.113908,2.000611,2.824717,1.543576,2.210830,4.915025,7.735021,5.432503,10.043440,27.281624,5.812267,
1.113908,2.000611,2.824717,1.543576,2.210830,4.915025,7.735021,5.432503,13.389610,27.281624,7.930402,
1.113908,2.000611,2.824717,1.363951,2.210830,4.635036,8.307870,6.068913,8.707052,30.567480,7.930402,
1.113908,2.000611,2.824717,1.363951,2.210830,2.787747,8.307870,6.068913,8.707052,30.567480,3.051422,
1.113908,2.000611,2.824717,1.363951,2.210830,4.169844,8.307870,6.068913,8.085696,30.567480,3.403812,
1.113908,2.000611,2.824717,1.363951,2.210830,3.710048,7.914536,6.068913,4.586256,32.191784,3.403812,
1.113908,2.000611,2.824717,1.363951,2.595968,3.710048,7.914536,6.068913,4.586256,31.110068,3.403812,
1.113908,2.000611,2.824717,1.363951,2.595968,3.710048,7.914536,6.068913,4.586256,31.110068,3.010146,
1.113908,2.000611,2.824717,1.363951,2.595968,5.916393,6.636179,6.068913,10.045420,31.110068,3.010146,
1.113908,2.000611,2.824717,1.363951,2.595968,5.916393,6.636179,6.068913,10.045420,31.110068,3.010146,
1.113908,4.680653,2.824717,1.363951,2.595968,5.916393,6.636179,6.068913,10.045420,30.236507,3.010146,
1.113908,4.680653,2.824717,1.363951,2.595968,5.916393,6.636179,6.068913,10.045420,27.550217,3.010146,
1.113908,2.273327,2.824717,1.363951,2.595968,6.452282,6.501700,6.068913,7.298020,27.550217,3.010146,
1.113908,2.273327,2.824717,1.363951,2.595968,6.452282,6.501700,6.068913,6.479578,28.840888,3.704076,
1.113908,2.273327,2.824717,1.679724,2.595968,6.452282,6.501700,6.068913,6.479578,28.840888,4.562278,
1.113908,2.273327,2.824717,1.679724,2.595968,6.452282,6.501700,6.068913,12.869461,28.840888,5.067585,
1.113908,2.273327,2.824717,1.679724,2.595968,6.452282,6.501700,6.068913,12.869461,28.010269,5.067585,
1.113908,2.273327,2.824717,1.679724,2.595968,4.354084,6.501700,6.068913,9.252997,28.010269,5.067585,
1.113908,2.273327,2.824717,1.679724,2.595968,4.354084,6.501700,6.068913,9.252997,29.755115,5.067585,
1.113908,2.273327,2.824717,1.679724,2.595968,3.731564,6.501700,6.068913,9.252997,29.755115,5.067585,
1.113908,2.273327,2.824717,1.679724,2.595968,3.731564,7.210147,6.068913,7.433453,29.755115,5.067585,
1.113908,2.273327,2.824717,1.679724,2.595968,4.629182,7.210147,6.068913,4.666812,30.183273,5.067585,
1.113908,2.273327,2.824717,1.679724,2.595968,3.565015,7.210147,6.068913,4.666812,23.780029,5.709051,
1.113908,2.273327,2.824717,1.679724,2.595968,3.565015,5.412094,5.515581,7.257111,22.061211,5.709051,
1.113908,2.273327,2.824717,1.679724,2.595968,3.565015,5.412094,5.515581,7.189363,22.061211,7.961551,
1.113908,2.273327,2.824717,1.679724,2.595968,3.565015,5.412094,5.515581,8.391207,16.306585,7.961551,
1.113908,2.273327,2.088474,1.679724,2.595968,2.037288,5.412094,5.515581,11.950895,16.306585,12.525872,
1.113908,2.273327,2.088474,1.679724,2.595968,2.037288,5.412094,5.515581,3.358032,16.306585,8.964650,
1.113908,2.273327,2.003935,1.679724,2.595968,2.037288,5.412094,5.515581,3.358032,16.306585,8.964650,
1.113908,2.273327,2.003935,1.679724,2.595968,2.466494,5.412094,5.515581,8.644692,16.306585,8.964650,
1.113908,2.273327,2.447972,1.679724,2.595968,3.318960,5.412094,5.515581,8.419295,16.306585,11.352177,
1.113908,2.273327,2.447972,1.679724,2.595968,4.422066,5.412094,5.515581,8.419295,16.306585,11.352177,
1.113908,2.273327,2.237466,1.679724,2.595968,4.422066,5.412094,5.515581,8.419295,16.306585,9.050142,
1.113908,2.273327,2.237466,1.525863,2.595968,4.422066,5.412094,5.515581,8.419295,16.306585,10.122979,
1.113908,2.273327,2.237466,1.525863,2.595968,8.418697,5.412094,5.515581,4.268458,16.306585,10.122979,
1.113908,2.273327,2.237466,1.525863,2.595968,4.524976,5.412094,5.515581,4.268458,17.368448,10.611906,
1.113908,2.269346,2.237466,1.525863,2.595968,10.803588,5.412094,5.515581,4.268458,17.368448,10.611906,
1.113908,2.269346,2.237466,1.525863,2.595968,5.630150,5.412094,5.515581,4.268458,17.368448,10.611906,
1.113908,2.269346,2.237466,1.518488,2.595968,3.975325,5.412094,5.515581,4.268458,17.368448,10.611906,
1.113908,2.269346,2.237466,1.518488,2.595968,3.975325,6.561710,5.515581,4.268458,17.368448,10.611906,
1.113908,2.269346,2.340808,1.518488,2.595968,1.590771,5.771175,5.515581,4.268458,17.368448,10.611906,
1.113908,2.269346,2.340808,1.518488,2.595968,5.130220,5.771175,5.515581,4.268458,17.368448,7.349716,
1.113908,2.269346,2.340808,1.518488,2.595968,5.130220,5.771175,5.515581,8.353708,18.622234,6.521495,
1.113908,2.269346,2.340808,1.518488,2.595968,5.130220,5.771175,5.515581,13.258170,18.622234,7.149202,
1.113908,2.269346,2.340808,1.518488,2.595968,7.403212,5.771175,5.515581,10.262624,18.622234,10.093995,
1.113908,2.269346,2.340808,1.722470,2.595968,8.559940,5.771175,5.205555,10.262624,18.622234,10.093995,
1.113908,2.269346,2.340808,1.912315,2.595968,8.559940,5.771175,5.205555,11.793269,18.622234,10.093995,
1.113908,2.269346,2.340808,1.912315,2.595968,6.803345,5.771175,5.205555,11.793269,19.511026,10.093995,
1.113908,2.269346,2.340808,1.912315,2.595968,6.803345,5.771175,5.205555,8.395433,24.618380,10.851328,
1.113908,2.269346,2.340808,1.912315,2.595968,11.157286,5.771175,5.205555,4.453152,24.618380,5.026357,
1.113908,2.269346,2.340808,1.912315,2.595968,13.195599,5.771175,6.343150,4.453152,24.618380,5.026357,
1.113908,2.269346,2.340808,1.912315,2.595968,13.195599,5.771175,6.343150,4.453152,22.183461,5.026357,
1.113908,2.269346,2.340808,1.912315,2.595968,9.952351,5.771175,6.343150,4.453152,16.355250,5.026357,
1.113908,2.269346,2.340808,1.912315,2.595968,14.744289,5.771175,6.343150,4.453152,16.355250,5.026357,
1.113908,2.269346,2.340808,1.291878,2.595968,14.744289,5.771175,6.343150,4.453152,16.355250,5.026357,
1.113908,2.269346,2.340808,1.291878,2.595968,14.744289,5.846083,6.343150,4.453152,16.355250,5.026357,
1.113908,2.269346,2.340808,1.291878,2.595968,14.744289,6.007040,6.343150,1.835452,16.355250,6.352454,
1.113908,2.269346,2.340808,1.291878,2.595968,14.744289,6.007040,6.343150,4.364824,21.645193,3.495772,
1.113908,2.269346,2.340808,1.291878,2.595968,14.744289,6.007040,6.343150,4.364824,21.645193,3.311350,
1.113908,2.269346,2.340808,1.291878,2.595968,14.744289,6.062635,6.343150,1.716695,20.904004,3.311350,
1.113908,2.269346,2.340808,1.291878,2.595968,14.744289,6.062635,6.343150,1.716695,19.804560,5.365911,
1.113908,2.269346,2.340808,1.090229,2.595968,14.744289,6.062635,6.343150,1.716695,19.804560,5.365911,
1.113908,2.269346,2.340808,1.090229,2.595968,15.828083,6.062635,6.343150,8.106705,19.804560,5.365911,
1.113908,2.269346,2.340808,1.090229,2.595968,21.397504,6.062635,6.343150,8.006221,19.804560,5.365911,
1.113908,2.269346,2.340808,1.366406,2.595968,21.397504,6.062635,6.343150,6.299574,19.804560,4.800206,
1.113908,2.269346,2.340808,1.366406,2.595968,21.397504,6.062635,6.343150,4.498890,19.804560,3.485771,
1.153119,2.269346,2.340808,1.366406,2.595968,21.397504,6.062635,6.343150,4.498890,19.804560,3.485771,
1.153119,2.269346,2.340808,1.366406,2.595968,13.747904,6.062635,6.343150,4.498890,19.804560,3.485771,
1.153119,2.269346,2.340808,1.366406,2.595968,13.747904,4.578915,5.539862,7.249985,18.923394,2.909902,
1.153119,2.269346,2.340808,1.366406,2.595968,8.884401,4.578915,5.539862,7.249985,18.923394,2.909902,
1.153119,2.269346,2.340808,1.366406,2.595968,6.917801,4.578915,6.273118,7.249985,18.923394,2.909902,
1.153119,2.269346,2.340808,1.366406,2.595968,6.917801,4.578915,6.273118,7.249985,18.923394,2.029809,
1.153119,2.269346,2.340808,1.366406,2.595968,7.984608,4.578915,6.273118,7.702266,18.923394,2.827666,
1.153119,2.269346,2.340808,1.889533,2.595968,3.848475,3.631591,6.273118,7.702266,18.923394,2.827666,
1.153119,2.269346,2.340808,1.889533,2.595968,10.786914,4.744487,6.273118,13.701533,18.923394,2.827666,
1.153119,2.269346,2.340808,1.889533,2.595968,10.786914,4.744487,6.273118,13.701533,18.923394,3.636874,
1.153119,2.269346,2.340808,1.889533,2.595968,10.786914,4.744487,6.273118,12.554928,19.367016,3.636874,
1.153119,2.269346,2.340808,1.889533,2.861418,9.751209,4.744487,6.273118,12.554928,19.367016,3.636874,
1.153119,2.269346,2.340808,1.889533,2.861418,8.641150,4.744487,6.273118,12.554928,19.367016,3.636874,
1.153119,2.269346,2.340808,1.889533,2.861418,8.641150,4.744487,6.273118,12.554928,19.367016,4.402728,
1.153119,2.269346,2.340808,1.889533,2.861418,8.641150,4.744487,6.273118,12.554928,19.367016,2.910493,
1.153119,2.269346,2.340808,1.889533,2.861418,8.641150,4.744487,6.273118,12.554928,19.367016,2.910493,
1.153119,2.269346,2.340808,1.889533,2.861418,8.641150,4.744487,6.273118,12.554928,19.367016,2.910493,
1.153119,2.269346,2.340808,1.889533,2.861418,8.641150,4.744487,6.273118,12.972235,19.367016,2.910493,
1.153119,2.269346,2.340808,1.889533,2.861418,8.641150,4.744487,6.273118,13.951019,19.938184,2.910493,
1.153119,2.269346,2.340808,1.974645,2.861418,8.641150,4.744487,6.273118,13.951019,15.976171,6.209337,
0.873578,2.269346,2.340808,1.974645,2.861418,12.080702,4.744487,6.273118,13.951019,15.976171,6.209337,
0.873578,2.269346,2.340808,1.974645,2.861418,12.080702,4.744487,6.273118,13.951019,15.976171,6.209337,
0.873578,2.269346,2.340808,1.974645,2.861418,12.080702,4.744487,6.273118,13.951019,15.976171,6.209337,
0.873578,2.269346,2.340808,1.974645,2.861418,12.080702,4.744487,6.273118,13.951019,15.976171,6.209337,
0.873578,2.269346,2.340808,1.974645,2.861418,12.080702,4.744487,6.273118,13.951019,15.976171,6.209337,
0.873578,2.269346,2.340808,1.974645,2.861418,12.080702,4.744487,6.273118,13.951019,15.976171,6.209337,
1.132242,2.269346,2.340808,1.576016,2.861418,12.080702,4.070263,6.273118,13.951019,15.976171,6.209337,
1.132242,2.269346,2.340808,1.576016,2.861418,12.080702,4.070263,6.273118,13.951019,15.976171,6.209337,
1.132242,2.269346,2.340808,1.576016,2.861418,12.080702,4.070263,6.273118,13.951019,15.976171,6.209337,
1.077054,2.269346,2.340808,1.576016,2.861418,7.368340,4.070263,5.765159,13.951019,15.976171,6.209337,
1.077054,2.269346,2.340808,1.576016,2.861418,7.368340,4.070263,5.765159,13.951019,15.197474,6.209337,
1.077054,2.269346,2.340808,1.576016,2.861418,3.738539,4.070263,5.765159,16.841951,16.252362,6.209337,
1.077054,2.269346,2.340808,1.576016,2.861418,4.062921,4.070263,5.765159,16.841951,16.252362,6.209337,
1.077054,2.269346,2.340808,1.576016,2.861418,4.062921,4.070263,5.765159,16.841951,16.252362,6.209337,
1.077054,2.269346,2.340808,1.576016,2.861418,4.658421,4.070263,5.765159,17.092970,16.252362,6.209337,
1.077054,2.269346,2.340808,1.576016,2.861418,10.029051,4.070263,5.765159,17.092970,14.058934,6.209337,
1.077054,2.269346,2.340808,1.576016,2.861418,8.341742,4.820455,5.765159,17.026736,16.196092,6.209337,
1.077054,2.269346,2.340808,1.576016,2.861418,8.341742,4.820455,5.765159,17.026736,16.196092,6.209337,
1.077054,2.269346,2.340808,1.576016,2.861418,8.341742,4.820455,5.765159,17.026736,16.196092,6.209337,
1.077054,2.269346,2.340808,1.576016,2.861418,8.341742,4.820455,5.765159,17.026736,16.196092,6.209337,
1.077054,2.269346,2.340808,1.576016,2.861418,8.341742,4.820455,5.765159,11.790370,16.196092,6.209337,
1.077054,2.269346,2.340808,1.576016,2.861418,8.131923,4.820455,5.765159,11.790370,16.196092,6.209337,
1.077054,2.269346,2.340808,1.517401,2.861418,7.577546,4.820455,5.765159,11.790370,16.056292,6.399405,
1.077054,2.309648,2.340808,1.517401,2.861418,9.929535,4.820455,5.765159,16.678948,16.056292,8.892829,
1.077054,2.309648,2.340808,1.517401,2.861418,9.929535,4.820455,5.765159,16.678948,17.198583,8.892829,
1.077054,2.309648,2.340808,1.517401,2.861418,9.929535,4.820455,5.211140,16.678948,17.198583,8.892829,
1.077054,2.309648,2.340808,1.517401,2.861418,9.929535,4.826325,5.211140,18.462112,16.189791,8.892829,
1.077054,2.309648,2.340808,1.517401,2.861418,9.929535,4.826325,5.211140,19.660522,16.189791,8.892829,
1.077054,1.905049,2.340808,1.787530,2.861418,10.825634,4.826325,5.211140,17.295488,13.523790,8.892829,
1.077054,1.905049,2.160506,1.787530,2.861418,10.825634,4.826325,5.211140,16.583730,13.523790,10.437881,
1.077054,1.905049,2.160506,1.723363,2.861418,10.953691,4.826325,5.211140,16.583730,13.523790,10.437881,
1.077054,1.905049,2.160506,1.723363,2.861418,10.953691,4.826325,5.211140,16.583730,15.684648,9.559094,
1.077054,1.905049,2.160506,1.723363,2.861418,10.598365,4.826325,5.211140,15.411850,15.684648,9.559094,
1.077054,1.905049,2.160506,1.723363,3.060402,10.598365,4.826325,5.211140,15.411850,15.938383,9.559094,
1.077054,1.905049,2.160506,1.723363,3.060402,10.598365,4.826325,5.211140,10.070003,15.938383,12.876500,
1.077054,1.905049,2.160506,1.723363,2.717398,8.824121,4.826325,5.211140,10.070003,15.938383,12.876500,
1.077054,1.905049,2.160506,1.723363,2.717398,8.824121,4.826325,5.211140,10.070003,13.166981,12.876500,
1.077054,1.905049,2.160506,1.723363,2.717398,6.337229,4.826325,5.211140,11.456181,13.166981,12.876500,
1.077054,1.905049,2.160506,1.723363,2.717398,6.337229,4.826325,5.211140,6.920075,13.166981,12.876500,
1.077054,1.905049,2.160506,1.723363,2.717398,6.337229,4.826325,5.211140,6.920075,13.166981,12.876500,
1.077054,1.905049,2.160506,1.723363,2.717398,3.751599,4.826325,5.272452,6.920075,14.408392,12.876500,
1.077054,1.905049,2.160506,1.723363,2.717398,6.698909,4.826325,5.272452,12.611875,14.408392,11.173162,
1.077054,1.905049,2.160506,1.723363,2.717398,11.439199,4.826325,5.272452,9.279102,14.408392,11.173162,
1.077054,1.905049,2.160506,1.723363,2.717398,11.439199,4.826325,5.272452,9.953487,13.698585,11.173162,
1.077054,1.905049,2.160506,1.723363,2.717398,11.992186,4.826325,5.272452,9.953487,13.698585,11.173162,
1.077054,1.905049,2.160506,1.723363,2.717398,13.390207,4.820210,5.272452,14.030254,14.030138,11.173162,
1.077054,1.905049,2.160506,1.723363,2.717398,13.279405,4.820210,5.935337,15.200249,16.219554,11.173162,
1.077054,2.127104,2.160506,1.723363,2.717398,13.279405,4.820210,5.935337,15.200249,15.569483,11.921560,
1.077054,1.461013,2.160506,1.723363,2.717398,13.202694,4.820210,5.935337,14.398890,12.952761,11.921560,
1.077054,1.461013,2.160506,2.029620,2.717398,15.466661,4.820210,5.496531,13.618886,12.952761,11.921560,
1.077054,1.461013,2.522583,2.029620,2.717398,11.978784,4.820210,5.496531,14.836148,12.952761,8.886580,
1.077054,2.142144,2.522583,2.029620,2.717398,11.978784,4.820210,5.496531,14.836148,12.952761,12.207190,
1.077054,2.142144,2.522583,2.029620,2.717398,11.978784,4.820210,5.496531,17.717324,12.952761,12.207190,
1.077054,1.687472,2.522583,2.029620,2.717398,9.634719,4.820210,5.496531,17.717324,13.699495,12.207190,
1.077054,1.687472,2.522583,2.029620,2.717398,8.553617,4.820210,5.496531,9.300013,13.699495,12.207190,
1.077054,1.687472,2.522583,2.029620,2.717398,6.322597,4.820210,5.496531,9.300013,13.699495,12.207190,
1.077054,1.687472,2.522583,2.029620,2.717398,6.322597,4.820210,5.496531,8.982622,13.699495,12.207190,
1.077054,1.687472,2.522583,2.029620,2.372954,6.322597,4.820210,5.345272,8.982622,14.386974,12.207190,
1.077054,1.687472,2.522583,2.029620,2.372954,6.322597,4.820210,5.345272,12.389026,14.386974,12.207190,
1.077054,1.687472,2.522583,2.029620,2.372954,6.322597,4.820210,5.345272,12.389026,14.386974,12.207190,
1.077054,1.687472,2.522583,2.029620,2.372954,7.195612,4.820210,5.345272,10.677626,14.386974,8.215586,
1.077054,1.687472,2.522583,2.029620,2.372954,7.195612,4.820210,5.345272,10.677626,19.268813,6.837635,
1.077054,1.687472,2.276854,2.029620,2.372954,7.195612,4.820210,5.345272,10.677626,19.268813,10.197414,
1.077054,1.239685,2.932569,2.029620,2.372954,7.195612,4.820210,5.345272,10.677626,19.268813,10.197414,
1.077054,1.239685,2.932569,2.029620,2.372954,7.195612,4.820210,5.345272,9.076823,19.268813,10.197414,
1.077054,1.239685,2.932569,2.029620,2.372954,7.484405,4.820210,5.345272,9.076823,19.268813,10.197414,
1.077054,1.471634,2.932569,2.029620,2.372954,7.484405,4.820210,5.345272,9.076823,19.268813,10.197414,
1.077054,1.471634,2.932569,2.029620,2.372954,13.782391,4.820210,5.345272,9.076823,16.477862,9.784941,
1.077054,1.471634,2.932569,2.029620,2.372954,20.074255,4.820210,5.345272,8.531641,16.477862,9.784941,
1.077054,1.471634,2.636042,2.029620,2.372954,20.074255,4.820210,5.345272,11.350213,16.477862,9.784941,
1.077054,1.471634,2.636042,2.029620,2.137469,18.369249,4.844157,5.345272,11.350213,16.477862,9.784941,
1.077054,1.471634,2.636042,2.029620,2.137469,14.816682,4.844157,5.345272,13.618880,12.294498,9.784941,
1.077054,1.471634,2.636042,2.029620,2.137469,14.816682,4.844157,5.345272,19.515562,12.294498,14.599750,
1.077054,1.471634,2.636042,2.029620,2.137469,15.196381,4.844157,5.345272,9.979196,12.097847,14.599750,
1.077054,1.471634,2.636042,2.029620,2.137469,11.783768,4.495784,5.345272,9.979196,12.097847,14.599750,
1.077054,1.471634,2.636042,2.029620,2.137469,10.844416,4.495784,5.345272,4.770154,12.097847,14.599750,
1.077054,1.471634,2.636042,2.029620,2.137469,10.844416,4.495784,5.345272,4.770154,12.097847,14.599750,
1.077054,1.471634,2.636042,2.029620,2.137469,10.844416,4.495784,5.345272,4.770154,12.097847,14.599750,
1.077054,1.471634,2.636042,2.029620,2.137469,10.844416,4.495784,5.345272,4.032267,10.508657,14.382926,
1.077054,1.471634,2.636042,2.029620,2.137469,9.952130,3.519789,5.345272,10.879082,9.381877,15.611790,
1.077054,1.471634,2.636042,2.314861,2.137469,6.601865,3.519789,5.191858,13.863084,9.381877,15.611790,
1.077054,1.471634,2.636042,2.314861,2.137469,13.432068,3.519789,5.191858,16.433722,9.381877,15.611790,
1.077054,1.471634,2.636042,2.314861,2.137469,13.581679,3.519789,5.191858,16.433722,9.381877,18.007511,
1.077054,1.471634,2.636042,1.611261,1.774874,12.758472,3.519789,5.191858,17.169383,8.611947,16.490108,
1.077054,1.471634,2.636042,1.611261,1.774874,11.856919,3.519789,5.191858,14.234212,8.197623,16.490108,
1.077054,1.471634,2.636042,1.611261,1.774874,11.856919,3.519789,5.191858,14.229742,8.197623,16.490108,
1.077054,1.471634,2.636042,1.611261,1.774874,11.856919,3.519789,5.191858,14.229742,8.197623,16.490108,
1.077054,1.471634,2.636042,1.611261,1.774874,11.856919,3.519789,5.191858,10.448228,7.981632,16.490108,
1.077054,1.471634,2.636042,1.611261,1.774874,19.774999,3.519789,5.191858,10.448228,7.981632,16.490108,
1.077054,1.471634,2.636042,1.611261,1.774874,13.430548,3.519789,5.191858,7.238113,7.878963,16.490108,
1.077054,1.471634,2.636042,1.611261,1.774874,13.430548,3.519789,5.191858,7.238113,7.878963,16.490108,
1.077054,1.471634,2.636042,1.611261,1.774874,8.023353,3.519789,5.191858,5.265975,7.808085,16.490108,
1.077054,1.471634,2.636042,1.611261,1.774874,8.023353,3.519789,5.191858,6.568403,7.808085,19.137324,
1.077054,1.471634,2.636042,1.611261,1.774874,8.023353,3.519789,5.191858,6.274465,7.808085,19.137324,
1.077054,1.471634,2.636042,2.249615,1.774874,10.558201,3.519789,5.191858,7.171533,7.808085,17.176110,
1.077054,1.471634,2.636042,2.249615,1.774874,13.342377,3.519789,5.191858,7.230786,7.808085,17.176110,
1.077054,1.471634,2.636042,2.249615,1.774874,13.342377,3.519789,5.191858,7.230786,7.808085,17.176110,
1.077054,1.471634,2.636042,2.249615,1.774874,13.342377,3.519789,5.191858,7.230786,7.808085,17.176110,
1.077054,1.471634,2.636042,2.249615,1.774874,13.342377,3.519789,5.191858,7.230786,7.808085,15.787102,
1.077054,1.471634,2.636042,2.249615,1.774874,13.342377,3.519789,5.191858,7.230786,7.808085,15.787102,
1.077054,1.471634,2.636042,2.249615,1.774874,13.342377,3.519789,5.191858,7.230786,7.808085,15.787102,
1.045046,1.471634,2.636042,2.249615,1.774874,13.342377,3.519789,5.191858,5.289058,7.808085,15.787102,
1.045046,1.471634,2.636042,2.249615,1.774874,13.342377,3.519789,5.191858,5.289058,7.808085,15.787102,
1.045046,1.818101,3.210339,2.249615,1.774874,11.544453,3.519789,5.485599,6.982421,7.808085,15.787102,
1.045046,1.818101,3.210339,2.249615,1.774874,11.544453,3.519789,5.485599,6.982421,7.766508,9.754857,
1.045046,1.818101,3.210339,2.249615,1.774874,11.544453,3.519789,5.485599,10.602444,7.766508,16.804179,
1.045046,1.483359,3.210339,2.249615,1.774874,10.613885,3.519789,5.485599,10.602444,7.766508,16.804179,
1.045046,1.483359,3.210339,2.249615,1.822338,7.590074,3.519789,5.485599,10.602444,7.766508,16.804179,
1.002157,1.483359,3.210339,2.249615,1.822338,7.590074,3.519789,5.485599,10.602444,9.910357,16.804179,
1.002157,1.483359,3.210339,2.249615,1.822338,7.590074,3.708635,5.485599,7.643719,9.910357,16.804179,
1.002157,1.483359,3.210339,2.249615,1.822338,5.314870,3.708635,5.485599,7.643719,9.910357,16.804179,
1.002157,1.483359,3.210339,2.249615,1.822338,5.314870,4.005129,5.485599,7.643719,10.056891,12.035062,
1.002157,1.483359,3.210339,2.249615,1.822338,3.916423,4.005129,5.485599,7.643719,10.056891,12.035062,
1.002157,1.483359,3.394348,2.045422,1.822338,7.245307,4.005129,5.485599,7.643719,10.056891,12.035062,
1.002157,1.483359,3.394348,2.045422,1.822338,7.245307,4.005129,5.485599,7.643719,10.056891,12.035062,
1.002157,1.483359,3.394348,2.045422,1.822338,9.934250,4.005129,5.485599,7.643719,10.056891,12.035062,
1.002157,1.483359,3.394348,2.473873,1.822338,12.761569,4.005129,5.485599,7.643719,10.056891,15.007051,
1.002157,1.483359,2.871429,2.473873,1.822338,10.806972,4.005129,5.485599,7.643719,10.056891,15.007051,
1.002157,1.483359,2.871429,2.473873,1.822338,12.354313,4.005129,5.485599,7.643719,10.056891,15.007051,
1.002157,1.483359,2.871429,2.473873,1.822338,11.262096,3.508094,5.485599,6.067758,10.056891,15.007051,
1.002157,1.483359,2.871429,2.496874,1.822338,11.262096,3.922665,5.485599,6.067758,10.296707,15.007051,
1.002157,1.483359,2.871429,2.496874,1.822338,11.262096,3.922665,5.485599,6.067758,10.296707,15.007051,
1.002157,1.483359,2.871429,2.049732,1.822338,5.296733,3.922665,5.485599,5.240392,10.296707,15.007051,
1.002157,1.483359,2.871429,2.049732,1.822338,7.113566,4.043455,5.485599,5.240392,10.296707,15.889391,
1.002157,1.483359,2.871429,2.049732,1.822338,11.844225,4.043455,5.485599,5.240392,10.296707,15.889391,
1.002157,1.483359,2.871429,2.049732,1.822338,15.316809,4.043455,5.485599,6.072619,10.296707,20.593860,
1.002157,1.483359,2.871429,2.049732,1.822338,6.805390,4.043455,5.485599,6.389896,10.503089,20.593860,
1.002157,1.483359,2.871429,2.049732,1.822338,6.805390,3.731535,5.485599,6.389896,11.697923,16.257880,
1.002157,1.483359,2.871429,2.049732,1.822338,12.609887,3.731535,5.485599,6.389896,11.697923,15.944490,
1.002157,1.483359,2.871429,2.049732,2.336161,12.609887,3.731535,5.485599,10.262372,11.697923,15.944490,
1.002157,1.483359,2.871429,2.049732,2.336161,12.609887,3.731535,5.485599,10.262372,11.697923,15.944490,
1.002157,1.483359,2.871429,2.049732,2.336161,12.609887,3.731535,5.485599,10.262372,11.697923,15.944490,
1.002157,1.483359,2.871429,2.049732,2.336161,7.689288,3.731535,5.485599,10.262372,11.697923,15.944490,
1.002157,1.483359,2.871429,2.049732,2.336161,5.375707,3.731535,5.485599,18.546404,10.995796,15.944490,
1.002157,1.483359,2.871429,2.049732,2.336161,5.375707,3.731535,5.485599,18.546404,11.156758,15.944490,
1.002157,1.175092,2.871429,2.049732,2.336161,5.375707,3.731535,5.485599,18.546404,11.156758,15.944490,
1.002157,1.175092,2.871429,2.049732,2.336161,5.375707,3.731535,5.485599,18.546404,11.156758,15.944490,
1.002157,1.175092,2.871429,2.049732,2.336161,5.375707,3.731535,5.485599,11.670283,11.156758,15.944490,
1.002157,1.175092,2.871429,2.049732,2.336161,5.375707,3.731535,5.485599,11.670283,10.207885,15.944490,
1.002157,1.175092,2.871429,2.049732,2.141555,1.581858,3.731535,5.485599,8.175288,10.207885,15.944490,
1.002157,1.175092,2.871429,2.049732,2.141555,2.924402,3.731535,5.485599,8.337931,9.682763,16.055538,
1.002157,1.175092,2.871429,2.958079,2.141555,5.957120,3.731535,6.025995,13.557451,9.682763,12.331184,
1.002157,1.175092,2.871429,2.958079,2.141555,7.778705,3.731535,6.025995,10.921509,8.919914,12.331184,
1.002157,1.175092,2.871429,2.958079,2.141555,8.404644,3.731535,6.025995,9.349262,8.919914,12.331184,
1.002157,1.175092,2.871429,2.958079,2.141555,8.404644,3.731535,6.025995,9.349262,9.153469,12.331184,
1.002157,1.175092,2.871429,2.958079,2.141555,8.404644,3.731535,6.025995,9.349262,9.626794,12.331184,
1.002157,1.175092,2.871429,2.958079,2.141555,2.676784,3.731535,6.025995,2.625844,9.626794,12.331184,
1.002157,1.175092,2.871429,2.958079,2.141555,2.676784,3.731535,6.025995,5.011826,9.626794,9.798272,
1.002157,1.175092,2.871429,2.958079,2.141555,9.597995,3.731535,6.025995,5.011826,11.612776,9.798272,
1.002157,1.175092,2.871429,2.444524,2.141555,14.352996,3.731535,6.025995,5.011826,11.612776,11.123394,
1.002157,1.210711,2.871429,2.444524,2.141555,16.135554,3.731535,6.025995,5.027679,11.612776,11.593460,
1.002157,1.210711,2.871429,2.444524,2.141555,15.605206,3.731535,6.025995,3.237505,11.612776,14.190357,
1.002157,1.210711,2.871429,2.444524,2.141555,22.500670,3.731535,6.025995,3.208893,11.320553,9.570385,
1.002157,1.210711,2.871429,2.186536,2.141555,18.086533,3.731535,6.025995,4.158713,11.320553,11.441943,
1.002157,1.776525,2.871429,2.186536,2.141555,20.176991,3.731535,6.025995,6.316377,11.320553,9.181664,
1.002157,1.776525,2.871429,2.186536,2.141555,16.293999,3.731535,6.025995,6.316377,11.320553,9.181664,
1.002157,1.776525,2.871429,2.186536,2.141555,19.532379,3.684726,6.025995,6.316377,11.320553,9.181664,
1.002157,1.776525,2.871429,2.186536,2.319000,19.532379,3.684726,6.025995,11.053408,11.320553,9.181664,
1.002157,1.776525,2.871429,2.186536,2.319000,20.644977,3.684726,6.025995,15.134364,11.817111,9.181664,
1.002157,1.555510,2.871429,2.186536,2.319000,21.690268,3.684726,6.025995,16.570687,11.817111,9.181664,
1.002157,1.555510,2.871429,2.186536,2.319000,21.690268,3.684726,6.025995,16.570687,11.817111,9.181664,
1.002157,1.555510,2.871429,2.186536,2.319000,15.891880,3.684726,6.025995,13.689050,11.817111,9.181664,
1.002157,1.555510,2.579476,2.186536,2.319000,24.019367,3.684726,6.025995,14.635000,11.817111,12.499766,
1.002157,1.555510,2.579476,1.555327,2.319000,24.019367,3.684726,6.025995,14.635000,11.817111,10.599179,
1.002157,1.555510,2.579476,1.555327,2.319000,21.220982,3.684726,6.025995,10.049085,11.817111,8.633995,
1.002157,1.555510,2.579476,1.555327,2.319000,22.451717,3.684726,6.025995,6.821908,11.148061,8.633995,
1.002157,1.555510,2.579476,2.346477,2.617280,22.451717,3.684726,6.025995,13.629162,11.148061,8.633995,
1.002157,1.555510,2.579476,2.346477,2.617280,22.451717,4.132377,6.025995,13.629162,11.148061,8.633995,
1.002157,1.555510,2.579476,2.346477,2.617280,22.451717,4.132377,6.025995,13.629162,11.148061,8.633995,
1.002157,1.555510,2.579476,2.346477,2.617280,22.451717,4.132377,6.025995,13.455338,15.089608,6.348327,
1.002157,1.555510,2.579476,2.346477,2.617280,22.451717,4.742180,6.025995,9.072383,15.089608,6.348327,
1.002157,1.555510,2.579476,2.346477,2.617280,16.708106,4.742180,6.025995,9.072383,15.089608,6.348327,
1.002157,1.336576,2.579476,1.938654,2.617280,17.411308,4.742180,6.025995,9.994749,15.089608,6.348327,
1.002157,1.336576,2.579476,3.346801,2.617280,17.411308,4.742180,6.025995,9.994749,16.330508,6.348327,
1.002157,1.336576,2.579476,3.346801,2.659428,17.411308,4.742180,6.025995,9.994749,16.330508,6.348327,
1.002157,1.336576,2.579476,3.346801,2.659428,17.411308,4.742180,6.025995,9.994749,16.330508,6.348327,
1.002157,1.336576,2.579476,3.346801,2.659428,16.658677,4.742180,6.025995,9.994749,16.330508,6.348327,
1.002157,1.336576,2.579476,3.346801,2.659428,16.658677,4.742180,6.025995,8.743802,16.330508,6.348327,
1.002157,1.336576,2.579476,2.720909,2.659428,16.658677,4.742180,6.025995,8.743802,17.957361,6.348327,
1.002157,1.336576,2.579476,2.565335,2.659428,16.658677,4.742180,6.025995,8.743802,17.957361,6.348327,
1.002157,1.336576,2.579476,1.692769,2.659428,24.419436,4.888575,6.025995,8.743802,15.851413,6.348327,
1.002157,1.336576,2.579476,1.692769,2.659428,24.419436,4.392203,6.025995,8.743802,15.851413,6.348327,
1.002157,1.336576,2.579476,1.692769,2.659428,20.630305,4.392203,6.025995,4.714741,15.851413,6.348327,
1.002157,1.336576,2.579476,1.692769,2.659428,18.553897,4.392203,6.025995,4.666460,15.872251,6.348327,
1.002157,1.336576,2.579476,1.692769,2.659428,12.798856,4.392203,6.025995,10.161370,15.872251,7.554650,
1.002157,1.336576,2.579476,1.692769,2.659428,21.245117,4.392203,6.025995,10.161370,15.872251,7.554650,
1.002157,1.336576,2.579476,1.692769,2.659428,19.534960,4.392203,6.025995,10.161370,15.872251,7.554650,
1.002157,2.774546,2.579476,1.692769,2.659428,18.313715,4.392203,6.025995,8.392319,15.872251,7.554650,
1.002157,2.774546,2.579476,1.692769,2.794229,18.313715,4.392203,6.025995,8.392319,15.872251,7.554650,
1.002157,2.774546,2.460780,1.692769,2.884564,18.313715,4.392203,6.025995,8.392319,15.872251,7.554650,
1.002157,2.774546,2.460780,1.692769,2.884564,20.191086,4.392203,6.025995,8.392319,15.872251,7.554650,
1.002157,2.774546,2.460780,1.692769,2.884564,20.191086,4.392203,6.025995,8.392319,15.872251,7.554650,
1.002157,2.774546,2.460780,1.692769,2.884564,20.191086,4.392203,6.025995,8.392319,15.872251,7.554650,
1.002157,2.774546,2.460780,1.692769,2.884564,17.920520,3.984432,6.025995,7.433888,16.069461,7.554650,
1.002157,1.311738,2.460780,2.607130,2.884564,11.383144,3.984432,6.025995,7.433888,16.267232,7.554650,
1.002157,1.311738,2.460780,2.607130,2.884564,7.175271,3.984432,6.025995,7.433888,12.104139,7.119544,
1.002157,1.311738,2.460780,2.607130,2.884564,7.175271,3.984432,6.025995,7.433888,12.104139,7.119544,
1.002157,1.311738,2.460780,2.607130,2.884564,9.712441,3.984432,6.025995,9.053857,12.104139,7.119544,
1.002157,1.311738,2.460780,2.607130,2.884564,9.712441,3.984432,6.025995,6.388414,12.250289,11.000820,
1.002157,1.311738,2.460780,2.607130,2.884564,9.712441,3.984432,6.025995,6.388414,12.250289,8.520296,
1.002157,1.311738,2.460780,2.607130,2.467082,8.955497,3.984432,6.025995,6.388414,12.250289,8.520296,
1.041398,1.337675,2.460780,2.607130,2.467082,9.473138,3.984432,6.025995,6.388414,12.250289,8.520296,
1.041398,1.337675,2.460780,2.607130,2.467082,9.473138,3.984432,6.025995,6.388414,12.250289,8.520296,
1.041398,1.440246,2.460780,2.607130,2.470127,6.335361,3.984432,6.025995,6.388414,12.250289,8.520296,
1.041398,1.440246,2.460780,2.607130,2.470127,2.357602,3.810650,6.025995,6.388414,12.250289,8.520296,
1.041398,1.440246,2.460780,2.607130,2.470127,5.205369,3.810650,6.025995,7.964592,12.250289,8.520296,
1.041398,1.503598,2.460780,2.506907,2.470127,5.205369,3.810650,6.025995,12.198089,11.646756,8.520296,
1.041398,1.503598,2.460780,2.519678,2.470127,7.499370,3.810650,6.025995,12.198089,11.646756,9.719659,
1.041398,1.503598,2.460780,2.519678,2.470127,7.499370,3.810650,6.025995,6.229316,12.014975,9.719659,
1.041398,1.503598,2.300039,2.519678,2.470127,8.927230,3.810650,6.102661,6.229316,12.014975,9.719659,
1.041398,1.166111,2.300039,2.519678,2.470127,8.927230,3.886420,6.102661,6.229316,12.014975,10.957126,
1.041398,1.166111,2.300039,2.519678,2.470127,12.127350,3.886420,6.102661,6.229316,11.221861,10.957126,
1.041398,1.375065,2.300039,2.519678,2.470127,12.127350,3.886420,6.102661,6.229316,11.221861,10.957126,
1.041398,1.375065,2.300039,2.519678,2.470127,16.379244,3.886420,6.102661,6.229316,11.221861,10.957126,
1.041398,1.375065,2.300039,2.519678,2.470127,16.379244,3.886420,6.102661,6.229316,11.221861,10.957126,
1.041398,1.375065,2.300039,2.519678,2.470127,16.379244,3.886420,6.102661,6.229316,11.221861,10.957126,
1.041398,1.375065,2.300039,2.519678,2.470127,19.946796,3.886420,6.102661,6.229316,11.221861,9.712080,
1.041398,1.375065,2.300039,2.519678,2.470127,13.836398,3.886420,6.102661,6.229316,11.221861,9.712080,
1.041398,1.375065,2.300039,2.519678,2.470127,11.884236,3.886420,6.102661,10.918773,11.221861,9.712080,
1.041398,1.375065,2.300039,2.519678,2.470127,11.884236,4.352563,6.102661,10.918773,11.221861,8.668952,
1.041398,1.289592,2.300039,2.519678,2.470127,11.884236,3.458577,6.102661,10.918773,12.008330,8.668952,
1.041398,1.289592,2.300039,2.519678,2.470127,11.884236,3.458577,5.790841,11.515903,12.008330,8.668952,
1.041398,1.289592,2.300039,2.519678,2.470127,13.491891,3.458577,5.790841,11.515903,12.008330,8.668952,
1.041398,1.289592,2.515448,2.519678,2.470127,8.730167,3.458577,5.790841,10.304001,12.008330,8.668952,
1.041398,1.289592,2.515448,2.519678,2.470127,12.955477,3.458577,5.790841,7.745248,12.008330,8.668952,
1.041398,1.289592,2.515448,2.519678,2.470127,11.130990,3.458577,5.790841,6.814955,12.008330,8.668952,
1.041398,1.289592,2.515448,2.519678,2.470127,15.069429,3.458577,5.967106,3.685407,11.851779,8.668952,
1.041398,1.289592,2.515448,2.519678,2.470127,15.069429,3.458577,5.967106,10.499833,10.594601,7.750659,
1.041398,1.289592,2.515448,2.519678,2.470127,15.369502,3.458577,5.967106,10.854780,10.594601,7.750659,
1.041398,1.289592,2.492894,2.519678,2.470127,19.289757,3.458577,5.967106,8.734279,10.594601,9.372722,
1.041398,1.289592,2.492894,2.519678,2.470127,24.975043,3.458577,5.967106,8.407949,10.594601,9.646102,
1.041398,1.289592,2.492894,2.519678,2.470127,27.988299,3.458577,5.967106,15.776071,11.709637,9.646102,
1.041398,1.289592,2.492894,2.519678,2.470127,20.100795,3.458577,5.967106,15.776071,11.709637,9.646102,
1.041398,1.289592,2.492894,2.080343,2.470127,20.100795,3.458577,5.967106,15.776071,11.709637,9.646102,
1.041398,1.289592,2.492894,2.080343,2.470127,20.100795,3.458577,5.967106,15.776071,11.709637,9.646102,
1.041398,1.289592,2.492894,2.080343,2.470127,20.100795,3.458577,5.967106,15.776071,11.709637,9.646102,
1.041398,1.289592,2.492894,2.080343,2.470127,16.535279,3.458577,5.967106,15.776071,9.549346,9.646102,
1.041398,1.289592,2.492894,2.464051,2.470127,13.433921,3.458577,5.967106,12.497819,9.549346,9.646102,
1.041398,1.289592,2.492894,2.464051,2.470127,14.730170,3.458577,5.967106,9.614784,9.549346,9.646102,
1.041398,1.289592,2.492894,2.464051,2.470127,8.516980,2.933002,5.967106,10.408292,9.549346,9.646102,
1.041398,1.289592,2.492894,2.464051,2.470127,8.516980,2.933002,5.967106,10.408292,9.549346,8.168982,
1.041398,1.289592,2.492894,2.464051,2.470127,9.331151,2.933002,5.967106,13.607256,9.549346,8.168982,
1.041398,1.289592,2.492894,2.464051,2.470127,4.810264,2.933002,5.967106,13.607256,9.549346,8.168982,
1.041398,1.289592,2.492894,2.464051,2.470127,4.383245,2.933002,5.967106,12.764399,8.528485,8.168982,
1.041398,1.666167,2.492894,2.464051,2.470127,10.394161,2.933002,5.967106,12.764399,7.856711,9.525697,
1.041398,1.666167,2.492894,2.464051,2.470127,10.394161,2.933002,5.967106,13.092211,7.856711,10.534583,
1.041398,1.666167,2.492894,2.464051,2.470127,10.394161,2.933002,5.967106,11.076084,7.856711,10.534583,
1.041398,1.666167,2.492894,2.464051,2.470127,10.394161,2.933002,5.967106,11.004455,7.856711,10.534583,
1.041398,1.666167,2.492894,2.464051,2.470127,10.394161,2.933002,5.967106,12.194676,7.856711,10.534583,
1.041398,1.666167,2.237924,2.464051,2.470127,8.665109,2.933002,5.967106,12.194676,7.856711,10.534583,
1.041398,1.666167,2.237924,2.464051,2.470127,8.665109,2.933002,5.967106,12.194676,9.032136,10.534583,
1.041398,1.666167,2.237924,2.464051,2.470127,11.554364,2.933002,5.967106,12.194676,9.032136,10.534583,
1.041398,1.666167,2.237924,2.464051,2.470127,14.187878,2.933002,5.957488,7.971273,9.032136,10.534583,
1.041398,1.666167,2.237924,2.464051,2.470127,16.549114,3.598263,5.391880,7.991017,9.032136,15.695415,
1.041398,1.666167,2.237924,2.464051,2.470127,18.428705,3.598263,5.391880,7.991017,9.032136,15.695415,
1.041398,1.666167,2.212133,2.464051,2.470127,14.288193,3.598263,5.391880,4.787868,9.032136,15.317094,
1.041398,1.074323,2.212133,2.464051,2.470127,12.231467,3.598263,5.391880,3.531097,9.032136,15.317094,
1.041398,1.074323,2.212133,2.464051,3.000097,16.989194,3.794650,5.391880,3.531097,9.032136,15.317094,
1.041398,1.074323,2.212133,2.464051,3.000097,16.445561,3.794650,5.391880,3.531097,8.861410,15.317094,
1.041398,1.074323,2.212133,4.353841,3.000097,10.509927,3.794650,5.391880,3.531097,8.861410,15.317094,
1.041398,1.074323,2.212133,2.248892,3.000097,10.509927,3.794650,5.391880,10.050784,8.861410,16.132054,
1.041398,1.074323,2.212133,4.116619,2.981090,10.509927,3.794650,5.391880,10.050784,8.861410,16.132054,
1.041398,1.074323,2.212133,4.116619,2.981090,11.305530,3.794650,5.390272,10.050784,8.861410,16.132054,
1.041398,1.074323,2.212133,6.812157,2.981090,13.702178,3.794650,5.390272,10.050784,11.405777,16.132054,
1.041398,1.074323,2.212133,2.882189,2.981090,14.822793,3.794650,5.390272,10.050784,11.405777,12.927368,
1.041398,1.074323,2.212133,2.882189,2.981090,16.946365,3.794650,5.390272,17.216174,11.811734,11.441367,
1.041398,1.074323,2.212133,7.710993,2.981090,16.946365,4.069067,5.390272,16.730075,11.811734,11.904118,
1.041398,1.074323,2.212133,7.710993,2.981090,16.946365,4.069067,5.390272,21.926745,11.811734,11.904118,
1.041398,1.074323,2.212133,7.710993,2.981090,16.946365,4.069067,5.390272,14.688129,11.811734,11.904118,
1.041398,1.074323,2.212133,7.710993,2.610211,16.646175,4.069067,5.390272,10.594924,11.811734,13.345858,
1.041398,1.074323,2.212133,7.710993,2.610211,16.646175,4.069067,5.390272,10.866514,11.811734,13.345858,
1.041398,1.074323,2.212133,2.539290,2.610211,16.056514,4.069067,5.390272,13.561195,11.811734,10.434411,
1.041398,1.074323,2.212133,2.539290,2.610211,15.930625,4.069067,5.390272,13.561195,13.705919,10.434411,
1.041398,1.074323,2.212133,2.817721,2.610211,14.089952,4.069067,5.390272,10.233421,13.705919,10.434411,
1.041398,1.074323,2.212133,2.817721,2.610211,15.345889,5.556526,5.390272,16.012196,13.705919,11.296493,
1.041398,1.074323,2.212133,2.817721,2.610211,15.345889,5.556526,5.390272,16.012196,17.531760,11.296493,
1.041398,1.283300,2.212133,2.817721,2.610211,13.264186,5.556526,5.390272,16.012196,19.705969,11.296493,
1.041398,1.283300,2.212133,4.193406,2.610211,9.922351,5.646481,5.390272,14.497685,19.705969,11.296493,
1.041398,1.283300,2.212133,4.193406,2.610211,9.922351,5.646481,5.390272,14.497685,19.705969,11.296493,
1.041398,1.283300,2.212133,3.428488,2.610211,7.214530,5.646481,5.390272,14.593806,19.705969,11.296493,
1.041398,1.283300,2.212133,3.428488,3.004104,11.153009,5.646481,5.390272,14.593806,19.705969,11.296493,
1.041398,1.283300,2.212133,3.428488,3.004104,11.153009,5.646481,5.390272,14.593806,19.705969,11.296493,
1.041398,1.283300,2.212133,3.428488,3.004104,11.153009,5.646481,5.390272,14.593806,19.705969,11.296493,
1.041398,1.283300,2.212133,3.428488,2.306775,11.153009,5.646481,5.390272,17.047598,19.705969,11.296493,
1.041398,1.283300,2.212133,3.428488,2.306775,17.025236,5.812193,5.390272,20.711165,20.810002,11.296493,
1.041398,1.283300,2.577878,3.663027,2.306775,17.025236,5.812193,5.390272,14.960133,20.810002,11.296493,
1.041398,1.283300,2.577878,3.663027,2.306775,17.025236,5.812193,5.686958,15.350823,20.810002,11.296493,
1.041398,1.283300,2.577878,3.663027,2.306775,17.025236,5.812193,5.686958,15.350823,20.810002,11.296493,
1.041398,1.283300,2.577878,2.549311,2.306775,11.222526,5.812193,5.517435,15.350823,20.810002,11.296493,
1.041398,1.283300,2.577878,2.549311,2.306775,11.222526,5.812193,5.517435,14.403562,21.864421,11.296493,
1.041398,1.283300,2.577878,3.425991,2.306775,11.222526,6.839354,5.517435,14.403562,21.864421,11.296493,
1.041398,1.283300,2.577878,3.425991,2.306775,12.236436,6.839354,5.517435,11.180176,18.126346,11.296493,
1.041398,1.283300,2.577878,3.425991,2.306775,12.236436,6.839354,5.517435,11.180176,18.126346,11.296493,
1.041398,1.283300,2.577878,3.425991,2.306775,10.810860,6.839354,5.517435,10.286537,18.126346,11.296493,
1.041398,1.283300,2.577878,3.425991,2.306775,10.810860,6.839354,5.517435,9.228337,18.126346,8.618928,
1.041398,1.283300,2.616769,3.425991,2.306775,10.810860,6.839354,5.517435,12.021736,18.126346,8.618928,
1.041398,1.283300,2.723453,3.425991,2.306775,10.810860,6.839354,5.517435,12.021736,18.126346,8.618928,
1.041398,1.283300,2.723453,3.425991,2.306775,10.810860,6.839354,5.517435,12.021736,18.126346,12.371327,
1.041398,1.283300,2.723453,3.425991,1.999134,8.678718,6.839354,5.517435,10.598980,18.126346,12.371327,
1.041398,1.283300,2.723453,3.425991,1.999134,13.772109,6.423753,5.517435,12.947499,18.126346,12.371327,
1.041398,1.283300,2.723453,3.425991,1.999134,13.338989,6.423753,5.517435,12.947499,18.126346,12.371327,
1.041398,1.283300,2.723453,3.425991,1.999134,13.338989,6.423753,5.517435,12.947499,18.126346,12.824607,
1.041398,1.283300,2.723453,3.425991,1.999134,13.338989,6.423753,5.517435,12.947499,18.126346,12.824607,
1.041398,1.283300,2.723453,3.593600,1.999134,13.338989,6.423753,5.517435,12.947499,18.126346,12.824607,
1.041398,1.283300,2.723453,3.593600,1.999134,13.338989,6.423753,5.517435,12.947499,18.126346,12.824607,
1.041398,1.283300,2.723453,2.309661,1.999134,14.107011,6.260187,5.517435,8.077994,18.190988,12.612150,
1.041398,1.283300,2.723453,2.309661,1.999134,14.107011,6.260187,5.517435,8.077994,18.190988,12.612150,
1.041398,1.283300,2.723453,2.309661,1.999134,14.107011,6.260187,5.517435,8.077994,18.190988,12.612150,
1.041398,1.283300,2.723453,2.309661,1.999134,14.507244,6.260187,5.517435,5.017297,18.190988,12.612150,
1.041398,1.283300,2.765920,2.309661,1.999134,14.507244,6.260187,5.517435,5.017297,18.190988,12.612150,
1.041398,1.283300,2.765920,2.309661,1.999134,14.507244,6.260187,5.517435,8.917193,18.190988,12.612150,
1.041398,1.283300,2.765920,2.309661,1.999134,16.505994,6.260187,5.517435,8.917193,18.190988,9.452509,
1.041398,1.283300,2.765920,2.309661,1.999134,15.791338,6.260187,5.517435,9.844538,18.190988,13.964285,
1.041398,1.283300,2.765920,2.309661,1.999134,14.018211,6.260187,5.517435,9.844538,18.190988,13.964285,
1.041398,1.283300,2.765920,2.309661,1.999134,14.018211,6.260187,5.517435,9.844538,18.190988,11.655086,
1.041398,1.432743,2.765920,2.309661,1.999134,8.784353,6.260187,5.517435,9.844538,20.685974,11.578699,
1.041398,1.432743,2.765920,2.309661,1.999134,8.784353,6.260187,5.517435,9.677814,20.379819,11.578699,
1.041398,1.432743,2.744460,2.309661,2.376725,6.961066,6.260187,5.517435,9.677814,20.379819,11.578699,
1.041398,1.432743,2.744460,1.644694,2.376725,2.579021,6.260187,5.517435,9.677814,16.322340,11.578699,
1.041398,1.296154,2.744460,1.644694,2.376725,5.741016,5.336684,5.517435,9.677814,16.322340,11.578699,
1.041398,1.296154,2.744460,4.058652,2.376725,5.741016,5.336684,5.517435,9.677814,16.322340,11.578699,
1.041398,1.296154,2.744460,3.000726,2.376725,5.741016,5.336684,5.517435,9.677814,16.322340,11.578699,
1.041398,1.296154,2.744460,4.306395,2.376725,5.741016,5.336684,5.517435,9.677814,16.322340,6.047744,
1.041398,1.296154,2.744460,4.306395,2.376725,5.741016,5.336684,5.517435,9.677814,16.322340,6.819153,
1.041398,1.296154,2.744460,4.306395,2.376725,5.065018,5.336684,5.517435,9.677814,15.884267,6.819153,
1.041398,1.296154,2.744460,4.306395,2.376725,1.853915,5.336684,6.484126,7.462200,15.884267,6.768436,
1.041398,1.296154,2.744460,4.306395,2.376725,1.853915,5.336684,6.484126,7.834000,15.884267,7.998089,
1.041398,1.296154,2.744460,4.306395,2.376725,1.853915,4.201126,6.484126,7.834000,15.884267,5.427124,
1.041398,1.296154,2.744460,4.306395,2.376725,6.208669,4.201126,6.484126,6.042986,16.334950,5.427124,
1.041398,1.296154,2.744460,3.716626,2.376725,6.886799,4.201126,6.484126,11.415688,16.334950,5.427124,
1.041398,1.296154,2.744460,3.716626,2.376725,6.886799,4.201126,6.484126,11.622680,16.334950,5.427124,
1.041398,1.296154,2.744460,3.716626,2.376725,4.005524,4.201126,6.484126,5.215089,16.334950,6.070902,
1.041398,1.296154,2.744460,3.716626,2.376725,4.005524,4.201126,6.484126,8.222284,16.334950,6.070902,
1.041398,1.291668,2.744460,3.716626,2.376725,3.809269,4.201126,6.484126,8.222284,12.409279,6.070902,
1.041398,1.291668,2.744460,3.716626,2.376725,3.809269,4.201126,6.484126,8.222284,12.409279,6.070902,
1.041398,1.291668,2.744460,3.716626,2.475834,2.424837,4.201126,6.484126,6.846549,12.455451,4.038951,
1.041398,1.291668,2.744460,4.097185,2.475834,2.424837,4.201126,6.484126,8.022977,12.455451,4.038951,
1.041398,1.291668,2.744460,4.097185,2.475834,2.424837,4.201126,6.484126,8.022977,12.455451,4.038951,
1.041398,1.291668,2.744460,2.925508,2.475834,2.424837,4.201126,6.484126,8.022977,14.300143,3.260626,
1.041398,1.291668,2.744460,2.925508,2.475834,5.096315,4.201126,6.484126,8.022977,14.300143,3.260626,
1.041398,1.291668,2.744460,2.489606,2.475834,2.170388,4.201126,6.484126,3.624623,21.693873,3.260626,
1.041398,1.291668,2.744460,2.489606,2.475834,2.170388,4.201126,6.484126,6.147095,16.622056,3.260626,
1.041398,1.291668,2.744460,2.607734,2.475834,3.710713,4.201126,6.484126,6.147095,17.056642,3.260626,
1.041398,1.291668,2.744460,2.282010,2.475834,3.710713,4.201126,6.484126,2.336124,17.056642,3.260626,
1.041398,1.291668,2.744460,2.282010,2.475834,3.710713,4.201126,6.484126,4.621409,15.599267,3.260626,
1.041398,1.291668,2.744460,2.365763,2.475834,3.710713,4.201126,6.484126,4.621409,15.599267,3.260626,
1.041398,1.291668,2.744460,2.365763,2.475834,6.671796,4.201126,6.484126,9.524703,15.599267,3.260626,
1.041398,1.291668,2.744460,2.365763,2.475834,8.689047,4.201126,6.484126,9.524703,15.599267,3.260626,
1.041398,1.291668,2.744460,2.365763,2.475834,8.689047,4.201126,6.484126,9.524703,15.599267,3.260626,
1.041398,1.291668,2.744460,2.949118,2.475834,4.477159,4.201126,6.484126,11.993678,15.599267,3.260626,
1.041398,1.291668,2.744460,2.949118,2.475834,4.477159,4.201126,6.484126,11.993678,15.599267,3.260626,
1.041398,1.291668,2.744460,2.949118,2.475834,4.477159,4.201126,6.484126,11.993678,15.599267,3.355930,
1.041398,1.291668,2.744460,2.949118,2.475834,4.477159,4.201126,6.484126,11.993678,15.599267,3.355930,
1.041398,1.291668,2.744460,2.949118,2.475834,4.477159,4.201126,6.484126,11.993678,15.599267,3.355930,
1.041398,1.291668,2.744460,2.949118,2.475834,4.477159,4.201126,6.484126,11.993678,15.599267,3.355930,
1.041398,1.291668,2.744460,2.949118,2.475834,4.477159,4.201126,6.484126,12.029023,15.599267,3.355930,
1.041398,1.291668,2.744460,2.949118,2.475834,4.477159,4.201126,6.484126,7.617215,17.005023,3.355930,
1.041398,1.291668,2.744460,2.949118,2.475834,4.477159,4.201126,6.484126,9.800221,17.005023,3.355930,
1.041398,1.291668,2.744460,2.949118,2.475834,5.393750,4.201126,6.484126,9.596536,17.005023,3.355930,
1.041398,1.291668,2.744460,2.949118,2.475834,5.393750,4.201126,6.484126,5.490650,17.005023,3.060631,
1.041398,1.291668,2.744460,2.949118,2.475834,5.393750,4.201126,6.484126,5.490650,17.005023,2.685966,
1.041398,1.392645,2.744460,2.949118,2.475834,5.597524,4.201126,6.484126,9.404454,17.005023,2.685966,
1.041398,1.392645,2.744460,2.486575,2.475834,6.342577,4.201126,6.484126,9.404454,16.420185,2.685966,
1.041398,1.392645,2.744460,2.486575,2.454847,8.941477,4.201126,6.484126,9.404454,16.420185,5.865836,
1.001767,1.392645,2.744460,2.486575,2.454847,8.941477,4.201126,6.484126,9.404454,16.420185,5.865836,
1.001767,1.392645,2.744460,2.357545,2.454847,5.583106,4.201126,6.484126,9.404454,16.002320,5.766445,
1.001767,1.392645,2.744460,2.357545,2.454847,4.760455,4.201126,6.484126,9.404454,16.002320,5.766445,
1.001767,1.392645,2.744460,2.357545,2.454847,9.084594,4.385657,6.484126,16.340114,16.002320,5.766445,
1.001767,1.392645,2.744460,2.357545,2.454847,4.194381,4.385657,6.484126,15.205138,16.002320,3.940705,
1.001767,1.392645,2.744460,2.357545,2.454847,9.432348,4.385657,6.484126,8.770292,17.477132,3.940705,
1.001767,1.392645,2.744460,2.357545,2.454847,9.107722,4.385657,6.484126,3.470802,17.477132,3.940705,
1.001767,1.392645,2.744460,2.479007,2.454847,9.107722,4.385657,6.484126,3.470802,17.477132,3.940705,
1.001767,1.392645,2.744460,2.479007,2.454847,10.261445,4.385657,6.484126,3.470802,20.387359,4.892661,
1.001767,1.392645,2.744460,2.479007,2.454847,10.261445,4.385657,6.484126,3.470802,19.051537,4.892661,
1.001767,1.392645,2.744460,2.479007,2.454847,6.908342,4.385657,6.484126,3.470802,19.051537,4.892661,
1.001767,1.392645,2.744460,2.479007,2.454847,6.908342,4.385657,6.484126,6.285235,15.358120,4.892661,
1.001767,1.392645,2.744460,2.479007,2.454847,3.206757,4.385657,6.696722,9.381082,15.358120,6.452294,
1.001767,1.392645,2.744460,2.479007,2.454847,3.206757,4.385657,6.696722,9.381082,15.358120,6.452294,
1.001767,1.392645,2.744460,2.479007,2.454847,4.531796,4.102750,6.696722,12.862647,14.778001,6.452294,
1.001767,1.392645,2.744460,2.479007,2.454847,4.531796,4.102750,6.696722,15.202064,11.202214,6.452294,
1.001767,1.392645,2.744460,2.479007,2.454847,2.431791,4.102750,6.696722,12.199594,13.030437,5.562557,
1.001767,1.392645,2.744460,2.479007,2.454847,3.187417,4.102750,6.696722,7.136975,13.030437,5.562557,
1.001767,1.392645,2.744460,2.479007,2.454847,3.187417,4.534241,6.006030,7.136975,17.657151,5.562557,
1.001767,1.535791,2.744460,2.479007,2.454847,7.115370,4.534241,6.006030,14.600823,16.071177,5.562557,
1.001767,1.535791,2.744460,2.479007,2.454847,7.115370,4.534241,6.006030,14.600823,16.071177,5.562557,
1.001767,1.535791,2.744460,2.479007,2.454847,7.115370,4.534241,6.006030,12.087632,16.071177,5.562557,
1.001767,1.535791,2.744460,2.853537,2.454847,7.115370,4.534241,6.006030,12.087632,14.946696,5.562557,
1.001767,1.535791,2.744460,2.853537,2.454847,7.115370,4.534241,6.006030,12.087632,14.946696,5.562557,
1.001767,1.535791,2.744460,2.853537,2.454847,7.115370,4.534241,6.006030,11.712305,14.946696,5.562557,
1.001767,1.535791,2.744460,2.853537,2.454847,7.115370,4.534241,6.006030,11.712305,14.946696,5.562557,
1.001767,1.535791,2.744460,2.853537,2.454847,7.115370,4.534241,6.006030,11.712305,14.946696,5.562557,
1.001767,1.535791,2.744460,2.853537,2.454847,7.115370,4.534241,6.006030,11.712305,14.946696,5.562557,
1.001767,1.535791,2.744460,2.853537,2.454847,7.115370,4.534241,6.006030,11.712305,14.946696,5.562557,
1.001767,1.535791,2.744460,2.853537,2.454847,5.914065,4.534241,6.006030,9.097077,14.946696,5.562557,
1.001767,1.279133,2.744460,2.521193,2.454847,4.730348,4.534241,6.006030,9.097077,14.946696,5.562557,
1.001767,1.279133,2.744460,2.521193,2.454847,4.730348,4.534241,6.006030,9.097077,14.946696,5.562557,
1.001767,1.279133,2.744460,2.521193,2.454847,3.606474,4.534241,6.006030,9.097077,14.946696,5.562557,
1.001767,1.279133,2.744460,2.521193,2.454847,3.606474,4.534241,6.006030,9.097077,16.153427,7.798664,
1.001767,1.279133,2.744460,2.521193,2.454847,3.606474,4.534241,6.006030,6.674312,16.153427,7.798664,
1.001767,1.279133,2.744460,2.521193,2.454847,3.889233,4.534241,6.006030,9.813415,16.153427,5.052979,
1.001767,1.279133,2.771789,2.727839,2.454847,3.889233,4.271408,6.006030,9.813415,16.153427,7.887989,
1.001767,1.279133,2.771789,2.727839,2.454847,3.889233,4.995846,6.006030,9.813415,17.004987,5.186932,
1.001767,1.279133,2.771789,2.794790,2.454847,3.889233,4.995846,6.006030,9.813415,17.004987,5.186932,
1.001767,1.279133,2.771789,2.794790,2.454847,5.149782,4.995846,6.006030,9.813415,17.004987,5.186932,
1.001767,1.279133,2.771789,2.794790,2.454847,5.149782,4.995846,6.006030,9.813415,17.004987,7.213985,
1.001767,1.279133,2.765709,2.794790,2.454847,4.476911,4.995846,6.006030,9.813415,17.004987,7.213985,
1.001767,1.279133,2.765709,2.794790,2.454847,4.322500,4.995846,6.006030,8.821835,17.004987,8.845593,
1.001767,1.279133,2.765709,2.794790,2.454847,4.322500,4.995846,6.006030,8.821835,17.279373,5.792214,
1.001767,1.279133,2.765709,2.794790,2.454847,5.679505,4.995846,6.389335,8.821835,17.279373,4.042517,
1.001767,1.279133,2.807141,2.794790,2.454847,5.679505,4.995846,6.389335,8.950116,17.279373,4.042517,
1.001767,1.279133,2.807141,2.794790,2.454847,9.892932,4.995846,6.389335,7.770934,17.279373,6.482587,
1.001767,1.279133,2.555399,2.794790,2.454847,13.293677,4.995846,6.389335,7.770934,17.279373,7.009444,
1.001767,1.279133,2.555399,2.794790,2.454847,15.331387,4.995846,6.389335,6.770871,17.279373,7.009444,
1.001767,1.279133,2.555399,2.794790,2.454847,17.985428,4.995846,6.389335,6.770871,17.864859,7.009444,
1.001767,1.279133,2.555399,2.794790,2.454847,17.056915,4.995846,6.389335,8.979539,17.864859,6.548853,
1.001767,1.279133,2.555399,2.794790,2.454847,17.056915,4.995846,6.389335,11.964625,17.864859,6.548853,
1.001767,1.279133,2.555399,2.794790,2.454847,17.056915,4.995846,6.389335,11.964625,15.690867,6.548853,
1.001767,1.279133,2.555399,2.794790,2.454847,15.358937,4.995846,6.389335,11.438074,15.690867,6.548853,
1.001767,1.279133,2.489287,2.794790,2.454847,16.945532,4.995846,6.389335,9.979895,15.690867,6.040271,
1.001767,1.279133,2.489287,2.794790,2.454847,16.945532,4.995846,6.389335,11.324738,15.690867,6.040271,
1.001767,1.279133,2.489287,2.794790,2.454847,14.257979,4.995846,6.799096,5.980544,15.690867,5.766352,
1.001767,1.279133,2.489287,2.794790,2.454847,17.595374,4.995846,6.799096,5.980544,19.101650,5.766352,
0.946607,1.279133,2.489287,1.917641,2.454847,13.906083,4.995846,6.799096,3.873662,17.823232,6.498843,
0.946607,1.279133,2.489287,1.917641,2.454847,13.906083,4.995846,6.799096,4.703314,17.823232,6.498843,
0.946607,1.279133,2.489287,1.917641,2.551965,13.906083,4.995846,6.799096,3.569466,17.823232,6.498843,
0.946607,1.279133,2.489287,1.917641,2.551965,3.987406,4.691445,6.799096,3.569466,17.823232,6.498843,
0.946607,1.279133,2.489287,1.917641,2.551965,3.987406,4.691445,6.799096,3.879958,17.823232,5.634349,
0.946607,1.279133,2.489287,3.033272,2.551965,6.907847,3.935933,6.799096,10.656241,17.823232,5.634349,
0.946607,1.279133,2.489287,3.033272,2.551965,6.907847,6.450663,6.799096,12.367474,22.233758,5.634349,
0.946607,1.279133,2.489287,3.033272,2.551965,3.070438,6.450663,6.799096,11.134024,22.233758,5.634349,
0.946607,1.279133,2.489287,3.033272,2.551965,7.965816,6.725242,6.799096,11.134024,22.233758,5.764832,
0.946607,1.279133,2.489287,3.033272,2.551965,7.965816,6.725242,6.799096,11.134024,22.233758,6.388522,
0.946607,1.279133,2.489287,3.033272,2.551965,5.047395,6.725242,6.799096,11.134024,22.233758,6.388522,
0.946607,1.279133,2.489287,3.033272,2.551965,5.047395,6.725242,6.799096,11.134024,22.233758,6.388522,
0.946607,1.279133,2.489287,3.033272,2.551965,5.047395,5.825070,6.799096,11.134024,20.517868,6.388522,
0.946607,1.279133,2.489287,3.033272,2.551965,8.701940,5.825070,6.799096,11.134024,18.327723,6.388522,
0.946607,1.279133,2.489287,3.033272,2.551965,10.066165,5.825070,6.799096,11.403070,18.327723,6.388522,
0.946607,1.279133,2.489287,3.033272,2.551965,5.510577,5.825070,6.799096,9.505102,18.327723,6.388522,
0.946607,1.279133,2.489287,3.033272,2.551965,5.510577,5.825070,6.799096,3.975430,18.327723,6.388522,
0.946607,1.279133,2.489287,3.033272,2.679268,5.206316,5.825070,6.799096,5.473305,18.327723,6.388522,
0.946607,1.279133,2.489287,3.033272,2.679268,3.329445,5.013839,6.799096,4.708012,18.327723,6.388522,
0.946607,1.279133,2.489287,3.033272,2.679268,3.459274,5.013839,6.799096,7.536628,18.327723,6.388522,
0.946607,1.279133,2.489287,3.033272,2.679268,1.375626,5.013839,6.799096,7.536628,18.327723,6.388522,
0.946607,1.279133,2.489287,3.033272,2.679268,1.770750,5.013839,6.339761,3.079331,15.603307,6.388522,
0.946607,1.279133,2.269458,3.033272,2.679268,3.253545,5.013839,6.339761,3.079331,15.603307,8.888515,
0.946607,1.279133,2.128363,3.033272,2.679268,6.280819,5.013839,6.339761,3.264471,13.369300,10.943062,
0.946607,1.279133,2.128363,3.033272,2.679268,6.280819,5.013839,6.339761,3.264471,16.318117,10.943062,
0.946607,1.279133,2.128363,3.033272,2.679268,6.071903,5.975628,6.339761,9.820141,16.318117,10.943062,
0.946607,1.279133,2.128363,2.234108,2.679268,12.896259,5.975628,6.339761,9.820141,16.318117,10.943062,
0.946607,1.279133,2.128363,2.234108,2.679268,14.079090,5.975628,6.339761,9.820141,18.890692,7.674765,
0.946607,1.279133,2.128363,2.234108,2.679268,10.143511,6.088289,6.339761,9.820141,18.890692,7.674765,
0.946607,1.279133,2.128363,2.234108,2.679268,11.358721,6.180823,6.552959,9.820141,22.199679,7.674765,
0.946607,1.279133,2.128363,2.485855,2.679268,8.849147,6.154843,6.552959,9.820141,22.199679,7.674765,
0.946607,1.279133,2.128363,2.630752,2.679268,6.147269,7.529395,6.552959,9.820141,22.199679,7.674765,
0.946607,1.279133,2.128363,2.882497,2.679268,5.140606,7.529395,6.552959,9.820141,25.609777,7.674765,
0.946607,1.279133,2.128363,2.882497,2.679268,5.140606,7.529395,6.552959,8.080824,25.609777,7.674765,
0.946607,1.279133,2.128363,2.882497,2.679268,2.107407,7.529395,6.454861,3.561878,23.818081,7.674765,
0.946607,1.279133,2.128363,2.882497,2.679268,2.107407,7.529395,6.454861,3.926172,23.818081,7.674765,
0.946607,1.279133,2.128363,2.882497,2.679268,2.107407,7.529395,6.454861,3.926172,23.818081,7.674765,
0.946607,1.279133,2.128363,2.882497,2.679268,2.107407,7.529395,6.454861,3.926172,23.818081,7.674765,
0.946607,1.279133,2.128363,2.882497,2.679268,3.648185,7.626695,6.454861,3.926172,23.818081,7.674765,
0.946607,1.279133,2.128363,2.882497,2.679268,3.648185,7.626695,6.454861,11.344739,24.068239,7.674765,
0.946607,1.279133,2.128363,2.882497,2.679268,3.648185,7.626695,6.454861,11.344739,27.064374,7.674765,
0.946607,1.279133,2.128363,3.740987,2.679268,3.648185,7.626695,6.454861,11.344739,27.064374,7.674765,
0.946607,1.279133,2.128363,3.740987,2.679268,3.648185,7.626695,6.454861,9.193587,27.064374,7.674765,
0.946607,1.279133,2.128363,3.740987,2.679268,2.922713,7.626695,5.791769,9.193587,23.356497,7.674765,
0.946607,1.279133,2.128363,3.740987,2.484563,2.922713,7.626695,5.898695,6.556067,23.356497,7.674765,
1.075789,1.279133,2.128363,3.740987,2.484563,2.922713,7.626695,5.898695,6.556067,23.356497,7.674765,
1.075789,1.279133,2.128363,3.740987,2.975287,4.460296,7.626695,5.898695,9.836040,23.356497,7.674765,
0.992833,1.279133,2.128363,3.740987,2.975287,4.460296,7.626695,5.898695,9.836040,23.356497,9.481268,
0.992833,1.279133,2.128363,1.950827,2.975287,4.363251,8.215762,6.406264,5.479659,26.642359,9.481268,
0.992833,1.279133,2.128363,1.950827,2.975287,2.667043,8.215762,6.406264,3.562102,29.450731,4.087024,
0.992833,1.279133,2.128363,1.950827,2.975287,4.108650,8.215762,6.406264,3.562102,29.450731,3.920064,
0.992833,1.015338,2.128363,1.950827,2.975287,3.678188,7.835599,6.406264,2.168214,31.075036,3.920064,
0.992833,1.015338,2.128363,1.950827,2.892856,1.971328,7.835599,6.406264,2.168214,29.993319,3.920064,
0.992833,1.015338,2.128363,1.950827,2.892856,1.971328,7.835599,6.406264,2.168214,29.993319,3.245842,
0.946336,1.324426,2.128363,1.950827,2.892856,1.971328,7.835599,6.406264,8.251672,29.993319,9.334275,
0.946336,1.324426,2.128363,1.950827,2.892856,1.971328,7.835599,6.406264,8.251672,29.993319,9.334275,
0.946336,1.324426,2.128363,1.950827,2.892856,1.971328,7.835599,6.406264,8.251672,29.993319,9.334275,
0.946336,1.324426,2.040179,1.950827,2.892856,1.971328,7.835599,6.406264,6.306586,27.307030,9.334275,
0.946336,1.304773,2.040179,1.950827,2.892856,4.048946,7.463363,6.406264,4.383874,22.169688,9.334275,
0.946336,1.304773,2.040179,1.950827,2.892856,11.269049,7.463363,6.406264,4.470505,23.460383,8.153153,
0.946336,1.304773,2.040179,1.832415,2.892856,11.269049,7.463363,6.406264,4.470505,23.460383,8.153153,
0.946336,1.304773,2.040179,1.832415,2.892856,11.269049,7.463363,6.406264,11.149665,31.220499,7.747860,
0.946336,1.304773,2.040179,1.832415,3.079409,11.269049,7.573960,6.406264,11.149665,30.389880,8.785802,
0.946336,1.304773,2.040179,2.653403,3.079409,11.269049,7.573960,6.513812,7.630781,30.389880,8.785802,
0.946336,1.304773,2.040179,2.653403,3.079409,11.269049,7.573960,6.513812,7.630781,30.389880,8.785802,
0.946336,1.304773,2.040179,2.653403,3.079409,11.269049,7.573960,6.513812,7.630781,30.389880,8.785802,
0.946336,1.304773,2.040179,2.653403,3.079409,11.269049,8.084987,6.513812,6.087260,28.240678,8.785802,
0.946336,1.304773,2.040179,2.653403,3.079409,10.659874,8.084987,6.513812,3.789559,28.668837,8.654655,
0.946336,1.304773,2.040179,2.653403,3.079409,8.060318,8.084987,6.513812,3.789559,28.668837,8.654655,
0.946336,1.304773,2.040179,2.653403,3.079409,8.060318,8.084987,5.835947,3.789559,26.950011,8.462145,
0.946336,1.304773,2.040179,2.855900,3.079409,8.060318,8.084987,5.835947,4.759493,22.416969,10.299800,
0.946336,1.304773,2.040179,2.855900,3.079409,8.060318,8.084987,5.835947,4.759493,22.416969,10.299800,
0.946336,1.304773,1.851379,2.845947,3.079409,4.364587,8.084987,5.835947,8.838938,22.416969,14.734872,
0.946336,1.304773,1.851379,2.845947,3.079409,4.364587,8.084987,5.835947,8.838938,22.416969,11.117525,
0.946336,1.304773,1.934794,2.845947,3.079409,4.364587,8.084987,5.835947,8.838938,22.416969,11.117525,
0.946336,1.304773,1.934794,2.845947,3.079409,3.453481,8.084987,5.835947,13.296273,26.634022,11.117525,
0.946336,1.304773,1.934794,2.845947,3.079409,3.453481,8.084987,5.835947,12.812754,26.634022,11.117525,
0.946336,1.304773,1.934794,2.845947,3.079409,3.453481,8.084987,5.835947,12.812754,26.634022,13.346800,
0.946336,1.304773,1.934794,2.845947,3.079409,3.453481,8.084987,5.835947,12.812754,26.634022,10.970107,
0.946336,1.304773,1.934794,1.832861,3.079409,3.453481,8.084987,5.835947,8.722351,26.634022,11.927207,
0.946336,1.304773,1.934794,1.832861,3.079409,7.710823,8.084987,5.835947,4.488704,23.593527,13.316628,
0.946336,1.304773,1.934794,1.786043,3.079409,4.027938,8.084987,5.835947,4.488704,24.652439,13.701310,
0.946336,1.304773,1.934794,1.786043,3.079409,4.027938,8.084987,5.835947,4.488704,24.652439,13.701310,
0.946336,1.304773,1.934794,1.786043,3.079409,1.669292,8.084987,5.835947,4.488704,24.652439,11.841920,
0.946336,1.304773,1.934794,1.786043,3.079409,1.669292,8.084987,5.835947,4.488704,24.652439,11.841920,
0.946336,1.304773,1.934794,1.786043,3.079409,6.208070,8.084987,5.835947,4.488704,24.652439,13.967175,
0.946336,1.304773,1.934794,1.786043,3.079409,2.423700,8.084987,5.835947,2.938825,24.652439,13.967175,
0.946336,1.304773,1.934794,1.786043,3.079409,2.423700,8.084987,5.835947,2.938825,24.652439,13.967175,
0.946336,1.304773,1.934794,1.786043,3.079409,2.423700,8.084987,5.835947,2.938825,24.652439,12.605786,
0.951648,1.304773,1.934794,1.786043,3.079409,3.192006,8.084987,5.835947,8.721635,24.652439,12.605786,
0.951648,1.304773,1.934794,1.786043,3.079409,6.063598,8.084987,5.835947,6.116426,24.652439,12.605786,
0.951648,1.304773,1.934794,1.792117,3.079409,7.466318,8.084987,5.423614,6.116426,26.846967,11.181513,
0.951648,1.304773,1.934794,1.931922,3.079409,4.227106,8.084987,5.423614,8.115289,26.846967,15.220261,
0.951648,1.304773,1.934794,1.931922,3.079409,4.227106,8.084987,5.423614,8.115289,26.846967,15.220261,
0.951648,1.304773,1.934794,1.931922,3.079409,4.850410,8.084987,5.423614,5.217361,26.846967,15.220261,
0.951648,1.304773,1.934794,1.931922,3.079409,9.517736,8.084987,5.423614,2.581051,26.846967,9.079277,
0.951648,1.304773,1.934794,1.931922,3.079409,9.517736,8.084987,6.500014,2.950382,26.846967,9.766836,
0.951648,1.304773,1.934794,2.050373,3.079409,9.666752,8.084987,6.500014,1.594698,24.412044,8.428932,
0.951648,1.304773,1.934794,2.050373,3.079409,9.666752,8.084987,6.500014,1.594698,24.412044,8.428932,
0.951648,1.304773,1.934794,2.050373,3.079409,14.470118,8.084987,6.500014,11.457368,24.412044,8.428932,
0.951648,1.304773,1.821769,2.050373,3.079409,16.241828,8.084987,6.500014,13.574994,24.412044,8.428932,
0.951648,1.304773,1.821769,2.050373,3.079409,18.371624,7.655558,6.500014,13.574994,18.183708,8.428932,
0.951648,1.304773,1.821769,2.050373,3.079409,18.371624,7.411446,6.500014,8.233025,18.183708,9.085951,
0.951648,1.304773,1.821769,2.050373,3.079409,20.892845,7.411446,6.500014,8.233025,23.472386,9.085951,
0.951648,1.304773,1.821769,2.050373,3.079409,20.892845,7.411446,6.500014,14.292511,23.472386,9.085951,
0.951648,1.304773,1.821769,2.050373,3.079409,15.278767,7.411446,6.500014,8.753479,22.731153,9.085951,
0.951648,1.304773,1.821769,2.050373,3.079409,14.999981,7.411446,6.500014,8.753479,22.731153,9.832262,
0.951648,1.304773,1.821769,2.050373,3.079409,14.999981,7.411446,6.500014,8.753479,22.731153,9.832262,
0.951648,1.304773,1.821769,2.050373,3.079409,16.082472,7.411446,6.500014,8.753479,18.363055,9.832262,
0.951648,1.304773,1.821769,2.050373,3.079409,21.651506,7.411446,6.500014,8.569145,18.363055,9.832262,
0.951648,1.304773,1.821769,2.050373,3.079409,21.651506,5.139831,6.500014,6.760804,14.434475,8.313901,
0.951648,1.304773,1.821769,2.050373,3.079409,21.651506,5.139831,6.500014,4.809305,14.434475,5.819745,
0.951648,1.304773,1.821769,2.050373,3.079409,21.651506,5.139831,6.500014,9.315346,14.434475,6.216189,
0.951648,1.304773,1.821769,2.050373,3.079409,14.001834,5.139831,6.500014,9.315346,14.434475,6.216189,
0.951648,1.304773,1.821769,2.050373,3.079409,12.539371,4.010619,6.500014,9.315346,13.567148,6.216189,
0.951648,1.304773,1.821769,2.050373,3.079409,7.727630,4.010619,6.500014,9.315346,13.567148,6.216189,
0.951648,1.304773,1.821769,2.050373,3.079409,5.973555,4.010619,6.994072,4.480445,13.567148,6.216189,
0.951648,1.304773,1.821769,2.050373,4.103307,6.820643,4.010619,6.994072,4.480445,13.567148,3.490701,
0.951648,1.304773,1.821769,2.050373,4.103307,7.904990,4.010619,6.994072,5.642772,13.567148,3.490701,
0.951648,1.304773,1.821769,2.086258,4.103307,3.795521,3.342499,6.994072,5.642772,13.567148,4.957055,
0.951648,1.304773,1.821769,2.086258,4.103307,3.795521,4.580680,6.994072,5.642772,13.567148,6.783642,
0.951648,1.304773,1.821769,2.086258,4.103307,3.795521,4.530658,6.994072,5.642772,13.567148,6.069630,
0.951648,1.304773,1.821769,2.086258,4.103307,6.100082,4.530658,6.994072,5.445281,14.029791,6.069630,
0.951648,1.304773,1.821769,2.086258,3.543215,5.780933,4.530658,6.994072,5.445281,14.776369,6.069630,
0.808307,1.304773,1.821769,2.086258,3.543215,5.422320,4.530658,6.994072,5.445281,14.776369,10.137853,
0.808307,1.304773,1.616717,2.086258,3.465848,4.621024,4.530658,6.994072,5.445281,14.776369,9.374136,
0.808307,1.304773,1.616717,2.086258,3.465848,8.752971,4.530658,6.994072,7.136552,14.776369,6.183679,
0.808307,1.304773,1.616717,2.086258,3.465848,8.752971,4.530658,6.994072,9.386654,14.776369,6.183679,
0.808307,1.304773,1.616717,2.086258,3.465848,8.752971,4.530658,6.994072,8.830235,14.776369,7.849034,
0.808307,1.304773,1.616717,2.086258,3.465848,8.752971,4.530658,6.994072,9.440865,14.776369,7.849034,
0.808307,1.304773,1.616717,2.086258,3.465848,8.860753,4.530658,6.994072,9.440865,15.356188,9.164808,
0.808307,1.304773,1.616717,2.032858,3.465848,8.860753,4.530658,6.994072,9.440865,11.408081,11.199132,
0.827675,1.304773,1.616717,2.032858,3.465848,12.284889,4.530658,6.994072,9.440865,11.408081,11.199132,
0.827675,1.304773,1.616717,2.032858,3.465848,12.284889,4.530658,6.994072,8.548368,11.408081,11.199132,
0.753972,1.304773,1.616717,2.032858,3.465848,16.161591,4.530658,6.994072,8.548368,11.408081,16.212178,
0.753972,1.304773,1.616717,2.032858,3.465848,21.833017,4.530658,6.994072,8.548368,11.408081,16.212178,
0.753972,1.304773,1.616717,2.032858,3.465848,21.833017,4.530658,6.994072,8.548368,11.408081,16.212178,
0.753972,1.304773,1.616717,2.032858,3.240031,21.833017,4.530658,6.637615,12.211561,11.408081,15.976878,
0.753972,1.304773,1.616717,2.032858,3.240031,21.833017,4.530658,6.637615,16.419568,11.408081,15.976878,
0.753972,1.304773,1.616717,2.032858,3.240031,21.833017,4.530658,6.637615,17.737650,10.649822,17.588464,
0.753972,1.304773,1.451067,2.032858,3.240031,21.833017,4.530658,6.637615,17.737650,10.649822,17.588464,
0.753972,1.304773,1.451067,2.032858,3.240031,16.991432,4.530658,6.637615,14.171007,10.649822,17.588464,
0.753972,1.304773,1.451067,2.032858,3.240031,16.991432,4.530658,6.637615,14.171007,9.984270,17.588464,
0.753972,1.304773,1.451067,2.032858,3.240031,12.343583,4.530658,6.637615,17.060531,11.155592,17.588464,
0.753972,1.149013,1.451067,2.032858,3.240031,10.953974,4.530658,6.637615,18.096548,11.155592,17.588464,
0.753972,1.149013,1.451067,2.032858,3.240031,10.953974,4.530658,6.637615,20.987650,11.361290,17.588464,
0.753972,1.072972,1.451067,2.032858,3.240031,10.953974,4.530658,6.637615,21.236472,11.361290,17.588464,
0.753972,1.232479,1.451067,2.032858,3.240031,10.953974,4.530658,6.637615,21.236472,9.268736,17.588464,
0.753972,1.232479,1.451067,2.032858,3.240031,9.196104,4.530658,6.637615,21.168312,11.542204,14.343892,
0.753972,1.232479,1.451067,2.032858,3.240031,9.196104,4.530658,6.637615,21.168312,11.542204,14.895576,
0.753972,1.232479,1.451067,2.032858,3.240031,9.196104,4.530658,6.637615,21.168312,11.542204,14.895576,
0.753972,1.232479,1.451067,2.032858,3.240031,9.196104,4.530658,6.637615,21.168312,11.542204,15.528270,
0.753972,1.232479,1.451067,2.032858,3.240031,9.196104,4.530658,6.637615,15.926044,11.542204,16.151551,
0.753972,1.232479,1.451067,2.032858,3.240031,9.196104,4.530658,6.637615,15.926044,11.542204,16.151551,
0.753972,1.232479,1.451067,2.032858,3.240031,8.504036,4.530658,6.637615,15.926044,11.465803,15.615571,
0.775380,1.232479,1.451067,2.032858,3.240031,10.759357,4.530658,6.637615,20.786371,11.465803,17.635130,
0.775380,1.232479,1.451067,2.032858,3.240031,10.759357,4.530658,6.637615,20.786371,12.662260,17.635130,
0.775380,1.232479,1.451067,2.750182,3.934372,10.759357,4.530658,6.637615,20.786371,13.638712,17.635130,
0.775380,1.232479,1.451067,2.750182,3.934372,9.821594,4.530658,6.637615,20.786371,12.651410,17.635130,
0.775380,1.232479,1.451067,2.750182,3.934372,6.267172,4.530658,6.637615,20.786371,12.651410,12.954167,
0.775380,1.232479,1.451067,2.750182,3.934372,7.623599,4.530658,6.637615,18.421089,12.651410,12.954167,
0.775380,1.232479,1.451067,2.750182,3.934372,7.623599,4.530658,6.637615,17.708230,12.651410,14.330058,
0.775380,1.232479,1.451067,2.750182,3.934372,8.054332,4.530658,6.637615,17.708230,12.651410,14.330058,
0.775380,1.232479,1.451067,2.750182,3.934372,8.054332,4.530658,6.637615,17.708230,12.651410,13.330283,
0.775380,1.232479,1.451067,2.750182,3.934372,7.963750,4.530658,6.637615,16.534390,12.651410,13.330283,
0.775380,1.232479,1.451067,2.750182,3.934372,12.926314,4.530658,6.637615,16.534390,12.934344,13.330283,
0.775380,1.232479,1.451067,2.750182,3.934372,11.600525,4.530658,6.637615,11.181966,12.934344,13.330283,
0.775380,1.232479,1.451067,2.750182,3.934372,11.600525,4.530658,6.637615,11.181966,12.934344,13.330283,
0.775380,1.232479,1.451067,2.750182,3.934372,11.600525,4.530658,6.637615,11.181966,12.934344,13.330283,
0.775380,1.232479,1.451067,2.750182,3.934372,8.817427,4.530658,6.637615,11.181966,12.934344,13.330283,
0.775380,1.232479,1.451067,2.750182,4.085197,8.817427,4.530658,6.637615,6.672199,12.934344,13.330283,
0.775380,1.232479,1.451067,2.750182,4.085197,8.817427,4.530658,6.637615,6.672199,12.934344,13.330283,
0.775380,1.232479,1.451067,2.750182,4.085197,8.817427,4.530658,6.637615,6.672199,14.178969,13.330283,
0.775380,1.232479,1.451067,2.750182,4.085197,8.817427,4.530658,6.637615,12.390239,14.178969,13.330283,
0.775380,1.232479,1.451067,2.750182,4.085197,8.817427,4.530658,6.637615,12.390239,14.178969,13.330283,
0.775380,1.232479,1.451067,2.750182,4.085197,8.817427,4.530658,6.637615,12.390239,13.471335,9.990988,
0.775380,1.232479,1.451067,2.698182,3.972502,8.817427,4.530658,6.637615,12.390239,13.471335,9.905664,
0.775380,1.232479,1.451067,2.698182,3.972502,10.373342,4.639243,6.637615,16.405515,13.805588,9.905664,
0.775380,1.232479,1.451067,2.698182,3.972502,10.360523,4.639243,6.946600,17.565037,15.996708,9.905664,
0.775380,1.232479,1.451067,2.449875,4.299130,6.315811,4.639243,6.946600,17.565037,15.347329,10.716709,
0.775380,1.270919,1.451067,2.449875,4.299130,6.872707,4.639243,6.946600,16.756791,15.347329,10.716709,
0.775380,1.163089,1.451067,2.257382,4.299130,6.872707,4.639243,6.946600,15.965443,12.876023,10.716709,
0.775380,1.163089,1.451067,2.257382,4.299130,4.338433,4.639243,6.946600,15.965443,12.876023,10.716709,
0.775380,1.163089,1.451067,2.257382,4.299130,8.202276,4.639243,6.946600,15.965443,12.876023,13.948518,
0.775380,1.163089,1.451067,2.257382,4.299130,8.202276,4.639243,6.946600,15.965443,12.876023,13.948518,
0.775380,1.163089,1.366109,2.729210,4.501345,6.255797,4.639243,6.946600,15.965443,13.623981,13.948518,
0.775380,1.163089,1.366109,2.729210,4.501345,5.774018,4.639243,6.946600,7.573001,13.623981,13.948518,
0.775380,1.163089,1.366109,2.729210,4.501345,4.303270,5.570955,6.946600,7.573001,13.623981,13.948518,
0.775380,1.163089,1.366109,2.729210,4.501345,4.303270,5.570955,6.946600,7.573001,13.623981,13.948518,
0.775380,1.163089,1.366109,2.729210,4.501345,4.303270,4.463236,6.946600,7.573001,14.312274,13.948518,
0.775380,1.163089,1.366109,2.729210,4.501345,2.577240,4.463236,6.946600,11.097144,14.312274,13.948518,
0.775380,1.163089,1.366109,2.729210,4.501345,2.577240,4.463236,6.946600,11.097144,14.312274,13.948518,
0.775380,1.163089,1.366109,2.729210,4.053637,4.713251,4.463236,6.946600,9.441771,14.312274,9.892622,
0.775380,1.163089,1.366109,2.729210,4.053637,4.713251,4.463236,6.946600,9.441771,14.312274,9.892622,
0.775380,1.163089,1.366109,2.729210,4.053637,8.589498,5.000955,6.946600,14.102981,14.312274,12.990664,
0.775380,1.142402,1.366109,2.729210,4.053637,7.390148,5.000955,6.946600,11.807995,14.853181,12.990664,
0.775380,1.142402,1.366109,2.729210,4.053637,10.992161,5.000955,6.946600,10.146153,14.853181,12.990664,
0.775380,1.142402,1.366109,2.729210,4.053637,10.885902,5.000955,6.946600,10.146153,14.853181,12.990664,
0.775380,1.142402,1.366109,2.729210,4.053637,10.885902,5.000955,6.946600,10.146153,14.853181,12.990664,
0.775380,1.142402,1.366109,2.729210,3.510684,10.885902,5.000955,6.946600,10.146153,12.077100,12.468497,
0.775380,1.142402,1.366109,2.729210,3.510684,17.212039,5.000955,6.946600,9.504926,12.077100,17.003494,
0.775380,1.142402,1.366109,2.729210,3.510684,17.212039,5.000955,6.946600,9.504926,12.077100,17.003494,
0.775380,1.142402,1.366109,2.729210,3.510684,15.509209,5.000955,6.946600,9.504926,12.077100,13.202034,
0.775380,1.142402,1.366109,2.729210,3.510684,11.966978,4.117473,6.946600,11.851755,12.077100,13.202034,
0.775380,1.142402,1.366109,2.729210,3.510684,11.966978,5.257097,6.946600,17.765463,12.077100,17.945198,
0.775380,1.142402,1.366109,2.729210,3.510684,12.387048,5.257097,6.946600,17.765463,12.077100,17.945198,
0.775380,1.142402,1.366109,2.729210,3.510684,9.038890,5.257097,6.946600,7.109997,14.881827,17.945198,
0.775380,1.142402,1.366109,2.729210,3.510684,8.291966,5.965088,6.946600,7.109997,14.881827,12.344862,
0.775380,1.142402,1.366109,3.079601,3.510684,12.502818,5.965088,6.946600,7.109997,14.881827,12.344862,
0.775380,1.142402,1.366109,3.079601,4.476868,12.502818,5.965088,6.946600,6.824258,16.851236,7.933828,
0.775380,1.142402,1.366109,3.079601,4.476868,12.502818,5.965088,7.253151,5.360742,15.200559,8.071261,
0.775380,1.142402,1.366109,3.079601,4.476868,11.545171,4.366491,7.253151,5.360742,13.945346,9.569186,
0.775380,1.142402,1.366109,2.696439,4.476868,8.039359,4.366491,7.253151,8.895180,13.945346,9.569186,
0.775380,1.142402,1.366109,2.696439,4.258198,14.752351,4.366491,7.253151,11.618735,11.875748,9.569186,
0.775380,1.142402,1.366109,2.696439,4.258198,14.889527,4.366491,7.253151,11.618735,12.033120,12.085287,
0.775380,1.142402,1.366109,2.696439,4.258198,14.052990,4.366491,7.253151,12.407958,11.099428,10.630069,
0.775380,1.142402,1.366109,2.696439,4.258198,13.130291,4.366491,7.253151,9.539600,10.479666,10.630069,
0.775380,1.142402,1.366109,2.696439,4.426780,11.328066,4.366491,7.253151,9.698521,11.529793,8.918754,
0.775380,1.142402,1.366109,2.696439,4.426780,11.328066,4.366491,7.253151,9.698521,13.237457,8.918754,
0.775380,0.987485,1.366109,2.696439,4.426780,10.101473,4.366491,7.253151,9.698521,12.703049,9.685876,
0.775380,0.987485,1.366109,2.696439,4.426780,10.101473,4.366491,7.036460,9.698521,12.703049,9.685876,
0.775380,0.987485,1.366109,2.696439,4.426780,10.101473,4.366491,7.036460,6.579346,12.264949,9.685876,
0.775380,0.987485,1.366109,2.696439,4.426780,10.101473,4.366491,7.036460,6.579346,12.264949,9.685876,
0.775380,1.017136,1.366109,2.696439,4.426780,5.032599,4.366491,7.036460,4.799301,11.854348,9.685876,
0.775380,1.017136,1.366109,2.696439,4.426780,3.783478,4.366491,7.036460,4.799301,11.854348,12.445091,
0.775380,1.017136,1.397194,2.696439,4.426780,3.783478,4.366491,7.036460,5.042365,14.152250,12.445091,
0.775380,1.017136,1.397194,2.624908,4.426780,7.140860,4.366491,7.036460,6.257803,14.152250,10.539758,
0.775380,1.017136,1.397194,2.624908,4.426780,7.140860,4.366491,7.036460,6.516115,14.152250,11.132781,
0.775380,1.017136,1.397194,2.624908,4.426780,11.315076,4.366491,7.036460,6.516115,14.152250,11.132781,
0.775380,1.017136,1.397194,2.624908,4.426780,12.327456,4.366491,7.036460,8.071289,14.152250,11.132781,
0.775380,1.017136,1.397194,2.624908,4.426780,12.327456,4.366491,7.036460,7.919336,12.032715,9.844286,
0.775380,1.005852,1.397194,2.624908,4.426780,12.327456,4.366491,7.036460,7.919336,12.032715,9.817866,
0.775380,1.005852,1.397194,2.624908,4.263967,5.845897,4.366491,7.036460,7.919336,12.032715,9.817866,
0.775380,1.005852,1.397194,2.624908,4.042464,5.845897,4.464028,7.036460,5.810617,12.032715,9.817866,
0.775380,1.005852,1.397194,2.624908,4.042464,5.845897,4.464028,7.036460,5.810617,12.032715,9.817866,
0.775380,1.005852,1.397194,2.624908,4.042464,5.027902,4.464028,7.036460,7.376296,15.669524,12.460667,
0.775380,1.005852,1.397194,2.624908,4.042464,5.027902,4.464028,7.036460,7.376296,15.236325,12.460667,
0.775380,1.005852,1.397194,2.624908,4.042464,5.027902,5.829052,7.036460,7.376296,15.236325,12.460667,
0.775380,1.311284,1.397194,2.624908,4.042464,5.169875,5.829052,7.036460,7.376296,15.236325,12.460667,
0.775380,1.367356,1.397194,2.624908,4.042464,3.531437,5.829052,7.036460,7.376296,15.236325,12.460667,
0.775380,1.367356,1.397194,2.624908,4.042464,3.531437,5.829052,7.036460,9.719224,17.095292,7.884183,
0.775380,1.367356,1.397194,2.624908,4.042464,3.531437,5.063233,7.036460,9.719224,17.095292,7.884183,
0.775380,1.367356,1.397194,2.624908,4.042464,3.531437,5.063233,7.036460,9.719224,17.095292,7.884183,
0.775380,1.367356,1.397194,2.581994,4.042464,2.731038,4.790083,7.036460,9.719224,17.094979,7.884183,
0.775380,1.367356,1.397194,2.581994,4.042464,2.677640,4.790083,7.036460,9.719224,13.056537,14.625194,
0.775380,1.367356,1.397194,2.150671,3.940740,6.418986,4.790083,7.036460,9.719224,13.056537,14.625194,
0.775380,1.367356,1.397194,2.150671,3.940740,12.523131,4.790083,7.036460,8.043455,13.056537,9.475659,
0.775380,1.367356,1.397194,2.150671,3.940740,14.905146,4.790083,7.036460,2.190677,13.056537,9.475659,
0.775380,1.367356,1.397194,2.150671,3.940740,17.638109,4.790083,7.036460,2.875691,13.056537,12.535511,
0.775380,1.367356,1.397194,2.150671,3.940740,15.637836,4.583223,7.036460,2.311488,13.056537,12.535511,
0.775380,1.367356,1.397194,2.150671,3.940740,17.112307,4.583223,7.036460,4.622942,13.056537,12.535511,
0.775380,1.367356,1.397194,2.150671,3.940740,15.971312,3.810371,7.036460,4.026030,13.056537,12.535511,
0.775380,1.367356,1.397194,2.150671,3.940740,15.971312,4.082248,7.036460,4.026030,13.187599,10.887685,
0.775380,1.367356,1.397194,2.150671,3.940740,12.107778,4.082248,7.036460,4.026030,13.187599,10.887685,
0.775380,1.367356,1.397194,2.150671,3.940740,12.107778,4.082248,7.036460,3.984431,13.187599,13.158762,
0.775380,1.367356,1.397194,2.150671,3.940740,13.174433,4.130544,7.036460,6.123570,13.187599,14.057022,
0.775380,1.367356,1.397194,2.150671,3.940740,17.643871,4.130544,7.036460,6.123570,13.187599,14.057022,
0.775380,1.367356,1.397194,2.150671,3.940740,21.082363,4.130544,7.036460,6.717651,13.187599,14.057022,
0.775380,1.367356,1.397194,2.150671,3.940740,12.515174,4.130544,7.036460,6.882452,13.297767,9.258068,
0.775380,1.367356,1.397194,2.014720,3.940740,12.515174,3.777137,7.036460,10.934543,14.418575,9.258068,
0.775380,1.367356,1.473311,2.014720,3.940740,12.515174,3.777137,7.036460,10.934543,14.418575,9.258068,
0.775380,1.367356,1.473311,2.014720,3.940740,12.515174,5.513836,7.036460,14.460385,14.418575,9.258068,
0.775380,1.367356,1.473311,2.014720,3.940740,7.955853,5.513836,7.036460,15.264541,17.870011,9.258068,
0.775380,1.367356,1.473311,2.014720,3.940740,10.514585,5.513836,7.036460,7.864514,17.870011,9.258068,
0.775380,1.367356,1.473311,2.014720,3.940740,10.514585,5.513836,7.036460,7.423703,17.969930,11.458098,
0.775380,1.367356,1.473311,2.014720,3.940740,10.514585,5.784505,7.036460,7.607201,17.969930,11.458098,
0.775380,1.367356,1.473311,2.014720,3.940740,10.514585,5.784505,7.036460,7.607201,17.969930,11.458098,
0.775380,1.367356,1.473311,2.014720,3.940740,10.514585,5.784505,7.036460,7.607201,17.969930,11.458098,
0.775380,1.367356,1.473311,2.014720,3.940740,10.514585,5.784505,7.036460,7.090062,17.969930,13.513798,
0.775380,1.367356,1.473311,2.014720,3.940740,7.743978,5.784505,7.036460,15.520441,17.200322,13.513798,
0.775380,1.367356,1.473311,2.014720,3.940740,3.022085,5.784505,7.036460,15.520441,17.200322,13.513798,
0.775380,1.153972,1.473311,2.014720,3.940740,3.022085,5.784505,7.036460,16.602413,17.200322,13.513798,
0.775380,1.153972,1.473311,2.014720,3.940740,3.022085,5.784505,7.036460,11.752421,14.032546,13.513798,
0.775380,1.153972,1.473311,2.014720,3.940740,3.022085,5.784505,7.036460,5.140460,14.032546,13.513798,
0.775380,1.088661,1.473311,2.014720,3.940740,3.022085,5.480744,7.036460,2.631624,13.006781,13.513798,
0.775380,1.088661,1.473311,2.014720,3.940740,0.999640,5.480744,7.036460,2.177731,17.622314,13.513798,
0.775380,1.088661,1.473311,2.014720,3.940740,2.714714,5.480744,7.036460,4.198671,16.954842,13.641632,
0.775380,1.088661,1.473311,2.944354,3.940740,2.714714,5.480744,7.200361,9.963295,13.197598,9.949415,
0.775380,1.088661,1.473311,2.944354,3.940740,5.537733,5.480744,7.200361,7.525871,13.197598,9.949415,
0.775380,1.088661,1.473311,2.307190,3.940740,6.615312,5.480744,7.200361,7.525871,13.197598,9.949415,
0.775380,1.088661,1.473311,2.307190,3.940740,6.615312,5.480744,7.200361,7.525871,13.197598,9.949415,
0.775380,1.088661,1.432994,2.307190,3.940740,6.615312,5.480744,7.200361,7.525871,13.493999,9.949415,
0.775380,1.088661,1.432994,2.307190,3.940740,1.817191,5.480744,7.200361,7.525871,13.851776,12.078175,
0.775380,1.088661,1.303248,3.248263,5.201788,1.817191,5.480744,7.200361,7.525871,13.851776,12.078175,
0.775380,1.088661,1.303248,3.248263,5.201788,1.817191,5.480744,7.214527,7.525871,13.851776,7.821256,
0.775380,1.088661,1.303248,2.554325,5.201788,1.817191,5.480744,7.214527,7.525871,18.395750,9.325568,
0.775380,1.194927,1.303248,2.554325,5.201788,5.478357,5.480744,7.214527,6.857107,18.395750,9.902131,
0.746605,1.194927,1.303248,2.554325,5.201788,5.478357,5.480744,7.214527,6.857107,15.616369,12.558777,
0.746605,1.194927,1.303248,2.554325,5.201788,12.764299,5.480744,7.214527,5.331597,15.263015,7.997642,
0.746605,1.194927,1.303248,2.554325,5.201788,8.429759,5.480744,7.214527,5.331597,15.263015,7.997642,
0.746605,1.194927,1.303248,2.554325,5.201788,10.733693,5.480744,7.214527,7.151261,20.897065,6.144791,
0.746605,1.194927,1.303248,2.554325,5.201788,7.057633,5.480744,7.214527,6.067728,20.897065,6.144791,
0.746605,1.194927,1.303248,2.554325,5.201788,10.616705,5.480744,7.214527,6.067728,17.410387,9.088698,
0.746605,1.194927,1.303248,2.554325,5.201788,15.284367,5.480744,7.214527,6.067728,15.850784,9.088698,
0.746605,1.194927,1.303248,2.554325,5.201788,16.402638,5.480744,7.214527,10.523633,16.282700,9.088698,
0.746605,1.194927,1.129784,2.554325,5.201788,17.450600,5.480744,7.214527,10.523633,16.282700,13.445319,
0.746605,1.194927,1.129784,2.554325,5.201788,17.450600,5.480744,7.214527,10.523633,16.282700,13.445319,
0.746605,1.194927,1.129784,3.267354,5.201788,11.657252,5.480744,7.214527,7.822891,16.282700,13.915555,
0.746605,1.194927,1.129784,3.267354,5.251198,19.807133,5.480744,7.214527,9.074012,16.282700,13.915555,
0.746605,1.194927,1.129784,1.854248,5.251198,19.807133,5.480744,7.214527,9.074012,17.028435,11.984020,
0.746605,1.194927,1.129784,1.854248,5.251198,17.009129,5.480744,7.214527,4.984382,17.028435,11.984020,
0.746605,1.194927,1.129784,1.854248,6.859987,18.241549,5.480744,7.214527,3.235370,16.297746,11.984020,
0.746605,1.194927,1.129784,2.445332,5.039810,18.310401,5.480744,7.214527,3.235370,16.297746,9.970341,
0.746605,1.194927,1.129784,2.445332,5.039810,20.826148,5.216169,7.214527,5.992761,16.297746,9.970341,
0.746605,1.194927,1.129784,2.445332,5.039810,23.780985,5.216169,7.214527,5.992761,16.297746,9.970341,
0.746605,1.194927,1.129784,2.445332,5.039810,23.780985,5.216169,7.214527,6.544663,16.297746,9.970341,
0.746605,1.194927,1.129784,2.606810,5.039810,23.780985,5.427410,7.214527,3.402776,16.297746,9.970341,
0.746605,1.194927,1.129784,2.606810,5.039810,18.037320,5.427410,7.214527,7.463730,16.297746,9.970341,
0.693949,1.264789,1.129784,2.017918,5.039810,18.739049,5.427410,7.214527,8.572530,16.297746,9.970341,
0.693949,1.264789,1.129784,2.017918,5.039810,18.739049,5.427410,7.214527,8.572530,16.297746,9.970341,
0.693949,1.264789,1.129784,2.017918,5.039810,18.739049,5.427410,7.214527,8.572530,16.297746,9.970341,
0.693949,1.264789,1.217806,2.017918,5.039810,18.739049,5.427410,7.214527,8.572530,16.297746,8.867957,
0.693949,1.264789,1.217806,2.017918,5.039810,17.985288,5.427410,7.214527,10.986966,18.120284,7.781017,
0.693949,1.264789,1.217806,2.017918,5.039810,17.985288,5.427410,7.214527,9.666080,18.120284,7.781017,
0.693949,1.264789,1.217806,2.017918,5.039810,17.985288,5.427410,7.214527,11.860760,19.745166,7.781017,
0.693949,1.264789,1.217806,2.317752,5.511591,22.273971,5.427410,7.214527,11.860760,19.745166,7.781017,
0.693949,1.264789,1.217806,2.317752,5.511591,22.273971,5.427410,7.214527,11.860760,17.638081,7.781017,
0.693949,1.264789,1.217806,2.317752,5.511591,22.273971,5.427410,7.214527,11.860760,17.638081,7.781017,
0.693949,1.264789,1.217806,2.317752,5.511591,18.484887,5.427410,7.214527,11.860760,17.638081,7.781017,
0.693949,1.264789,1.217806,2.317752,5.511591,18.484887,5.427410,7.214527,10.545316,17.655470,7.781017,
0.693949,1.047367,1.217806,2.317752,4.655807,12.729970,5.427410,7.214527,15.478694,18.313529,8.742861,
0.693949,1.047367,1.217806,2.317752,4.655807,21.176736,5.427410,7.214527,18.266267,19.459741,8.742861,
0.693949,1.047367,1.217806,2.317752,4.655807,21.176736,6.343453,7.214527,17.631831,19.459741,8.742861,
0.693949,1.047367,1.217806,2.317752,4.655807,19.955219,6.343453,7.214527,15.680164,19.459741,8.742861,
0.693949,1.047367,1.217806,2.317752,4.655807,19.955219,6.343453,7.214527,15.680164,19.459741,8.742861,
0.693949,1.047367,1.217806,2.317752,4.655807,19.649097,6.343453,7.214527,15.680164,19.459741,8.742861,
0.693949,1.047367,1.217806,2.317752,4.655807,19.649097,6.343453,7.214527,14.061518,19.459741,11.106358,
0.693949,1.047367,1.217806,2.317752,4.655807,19.649097,5.732653,7.214527,14.061518,20.193130,11.106358,
0.693949,1.047367,1.217806,2.317752,4.655807,19.649097,5.732653,7.214527,14.061518,20.193130,12.120128,
0.693949,1.047367,1.217806,2.317752,4.655807,19.649097,5.732653,7.214527,14.061518,20.193130,12.120128,
0.693949,0.989128,1.217806,2.838479,4.655807,13.108344,5.732653,7.214527,14.061518,20.387085,11.293913,
0.693949,0.989128,1.217806,2.838479,4.655807,13.108344,5.732653,7.214527,14.061518,16.216247,11.293913,
0.693949,0.989128,1.217806,2.838479,4.655807,13.108344,4.984542,7.214527,14.061518,16.216247,11.293913,
0.763004,0.989128,1.217806,2.838479,4.655807,13.108344,4.984542,7.214527,15.335636,16.216247,11.293913,
0.763004,0.989128,1.217806,2.838479,4.655807,13.108344,4.984542,7.214527,12.304907,16.318269,11.293913,
0.763004,0.989128,1.217806,2.838479,4.655807,13.108344,4.984542,7.214527,12.304907,16.318269,11.293913,
0.763004,0.989128,1.217806,2.838479,4.655807,12.193034,5.937223,7.214527,5.296465,16.318269,11.293913,
0.763004,0.989128,1.217806,2.838479,5.584329,12.535340,5.937223,7.214527,5.296465,16.318269,11.293913,
0.763004,0.989128,1.217806,2.838479,5.584329,10.227147,5.937223,7.214527,5.296465,16.318269,11.771062,
0.763004,0.989128,1.217806,2.838479,5.584329,6.988651,5.937223,7.214527,5.296465,11.914695,11.771062,
0.763004,0.989128,1.217806,2.838479,5.584329,6.988651,4.978552,7.214527,5.296465,14.494057,11.771062,
0.763004,0.989128,1.217806,2.838479,5.584329,8.467941,4.978552,7.214527,7.117403,14.494057,11.771062,
0.763004,0.989128,1.217806,2.593204,5.292217,3.704298,4.978552,7.214527,7.117403,13.853792,11.771062,
0.763004,0.989128,1.217806,2.551333,5.292217,3.704298,4.978552,7.214527,7.117403,13.853792,11.771062,
0.763004,0.989128,1.217806,2.551333,5.292217,3.704298,4.978552,7.214527,2.513029,14.179465,11.771062,
0.763004,0.989128,1.217806,2.551333,5.292217,3.704298,4.978552,7.214527,2.513029,14.179465,11.771062,
0.763004,0.989128,1.217806,2.551333,5.292217,3.704298,4.978552,7.214527,2.513029,14.179465,11.771062,
0.763004,0.989128,1.217806,2.551333,5.292217,3.704298,4.978552,7.214527,2.513029,14.179465,11.771062,
0.763004,0.989128,1.217806,2.551333,5.292217,3.704298,4.978552,7.214527,2.513029,14.179465,11.771062,
0.763004,0.989128,1.217806,2.551333,5.292217,8.813832,5.755713,7.214527,2.513029,14.179465,11.771062,
0.763004,0.989128,1.217806,2.551333,5.292217,8.813832,5.755713,7.214527,2.513029,14.179465,11.771062,
0.763004,0.989128,1.217806,2.551333,5.292217,8.813832,5.755713,7.214527,2.513029,14.179465,11.771062,
0.763004,0.989128,1.217806,2.551333,5.292217,8.813832,5.755713,7.214527,6.776974,14.179465,10.487299,
0.763004,0.989128,1.217806,2.551333,5.292217,8.813832,5.755713,7.214527,6.776974,14.179465,15.876978,
0.763004,0.989128,1.217806,2.551333,5.292217,8.813832,5.755713,7.214527,6.776974,14.179465,15.876978,
0.763004,0.989128,1.217806,2.551333,5.292217,8.813832,5.525872,7.214527,6.776974,14.179465,14.639192,
0.763004,1.216330,1.217806,2.551333,5.292217,8.813832,5.525872,7.214527,6.776974,14.909100,14.639192,
0.763004,1.216330,1.217806,2.151378,5.292217,8.813832,5.525872,6.630662,7.800752,14.909100,14.639192,
0.763004,1.216330,1.217806,2.151378,5.292217,10.572782,5.525872,6.630662,7.800752,14.909100,14.639192,
0.763004,1.216330,1.217806,2.151378,5.292217,10.572782,5.525872,6.630662,6.964477,14.909100,14.639192,
0.763004,1.216330,1.217806,2.151378,5.292217,10.572782,5.525872,6.630662,5.017893,14.909100,14.639192,
0.763004,1.216330,1.217806,2.151378,5.292217,8.855541,5.525872,6.630662,4.836357,14.909100,14.639192,
0.763004,1.216330,1.217806,2.151378,5.292217,12.888972,5.525872,6.591513,4.836357,14.909100,14.639192,
0.763004,1.216330,1.217806,2.151378,5.292217,12.888972,5.525872,6.997842,4.836357,14.909100,13.416043,
0.763004,1.216330,1.217806,2.151378,5.292217,13.211087,5.525872,6.997842,6.100265,14.909100,9.763009,
0.763004,1.216330,1.217806,2.151378,5.292217,17.142662,5.525872,6.997842,6.100265,14.909100,11.202000,
0.763004,1.216330,1.217806,2.151378,5.292217,22.828700,5.525872,6.997842,6.261198,14.909100,11.364654,
0.763004,1.216330,1.217806,2.151378,5.292217,25.841965,5.525872,6.997842,13.794501,14.909100,11.364654,
0.763004,1.216330,1.217806,2.151378,5.606288,17.954465,5.525872,6.997842,13.794501,14.909100,11.364654,
0.763004,1.216330,1.217806,1.967525,5.606288,18.845930,5.525872,6.997842,13.138664,14.909100,11.364654,
0.763004,1.216330,1.217806,1.967525,5.606288,21.803705,5.525872,6.997842,10.302678,14.909100,11.364654,
0.763004,1.216330,1.217806,1.967525,5.606288,21.803705,5.525872,6.997842,10.302678,14.909100,11.364654,
0.763004,1.216330,1.217806,1.967525,5.606288,18.237911,5.525872,6.997842,12.329647,14.909100,11.364654,
0.763004,1.216330,1.217806,1.967525,5.606288,15.132777,5.525872,6.997842,12.329647,14.909100,11.364654,
0.763004,1.216330,1.217806,1.967525,5.606288,16.416767,5.525872,6.997842,9.453191,14.909100,11.364654,
0.784206,1.216330,1.217806,1.967525,5.606288,16.416767,5.525872,6.997842,9.453191,14.909100,11.364654,
0.784206,1.216330,1.217806,1.967525,5.606288,16.416767,5.525872,6.997842,9.453191,14.909100,11.364654,
0.784206,1.216330,1.217806,1.967525,5.606288,16.416767,5.525872,6.997842,9.453191,14.909100,11.364654,
0.784206,1.216330,1.217806,1.967525,5.327643,16.416767,5.525872,6.997842,9.453191,14.909100,11.364654,
0.784206,1.216330,1.217806,1.967525,5.327643,14.603844,5.525872,7.121359,8.798403,14.909100,11.364654,
0.784206,1.648536,1.217806,1.967525,5.327643,14.603844,5.525872,7.121359,8.798403,13.923908,12.509032,
0.784206,1.648536,1.217806,1.967525,5.327643,14.603844,5.560860,7.121359,9.329325,16.614639,13.395434,
0.784206,1.648536,1.217806,1.967525,5.327643,14.603844,5.560860,7.121359,7.549633,16.614639,11.954295,
0.784206,1.648536,1.217806,1.967525,5.327643,13.828717,5.560860,7.217729,7.813200,16.614639,11.954295,
0.784206,1.648536,1.217806,1.967525,5.327643,13.828717,5.560860,7.217729,9.244769,16.614639,11.954295,
0.784206,1.648536,1.217806,1.967525,5.327643,11.961357,5.560860,7.217729,9.244769,16.614639,11.954295,
0.784206,1.648536,1.217806,1.967525,5.327643,11.961357,5.560860,7.217729,9.244769,17.471489,8.773890,
0.784206,1.648536,1.217806,1.967525,5.327643,11.961357,5.560860,7.217729,11.170074,17.471489,8.773890,
0.784206,1.648536,1.217806,1.967525,5.327643,14.585962,5.560860,6.910185,7.023829,17.471489,8.773890,
0.784206,1.648536,1.217806,1.967525,5.327643,16.944932,5.091549,6.910185,7.206344,17.471489,8.773890,
0.784206,1.648536,1.217806,1.967525,5.327643,16.944932,5.812452,6.910185,7.345110,17.471489,15.014617,
0.784206,1.648536,1.217806,1.967525,5.327643,12.807747,5.812452,6.910185,4.331232,17.149668,14.639562,
0.784206,1.648536,1.217806,1.967525,5.327643,10.778725,5.812452,6.910185,4.331232,17.149668,11.126913,
0.784206,1.648536,1.217806,1.967525,4.459610,15.564769,5.812452,6.910185,4.331232,17.149668,11.126913,
0.784206,1.648536,1.217806,1.967525,4.459610,15.564769,5.812452,6.910185,7.358750,16.744125,11.126913,
0.784206,1.648536,1.217806,1.967525,4.459610,9.638607,5.812452,6.910185,7.358750,16.744125,11.126913,
0.784206,1.648536,1.217806,1.517053,4.459610,9.638607,5.812452,6.910185,13.294992,16.744125,12.007990,
0.784206,1.648536,1.217806,1.517053,4.459610,9.638607,5.812452,6.910185,9.022435,16.744125,12.007990,
0.784206,1.648536,1.217806,1.517053,4.459610,10.485999,5.812452,6.910185,9.022435,16.744125,12.007990,
0.784206,1.648536,1.217806,1.517053,4.459610,10.485999,5.812452,6.910185,14.313700,19.118844,12.007990,
0.784206,1.648536,1.217806,1.517053,4.459610,11.685874,5.812452,6.910185,14.313700,19.118844,8.888621,
0.784206,1.648536,1.217806,1.517053,4.459610,11.685874,5.812452,6.910185,14.313700,19.458202,8.888621,
0.784206,1.648536,1.217806,1.517053,4.459610,11.685874,5.812452,6.910185,13.839900,20.267484,9.508798,
0.784206,1.648536,1.540216,1.517053,4.459610,11.685874,5.812452,6.910185,13.839900,18.614859,9.508798,
0.784206,3.192116,1.540216,1.517053,4.398617,11.685874,5.625402,6.910185,6.693221,18.614859,9.508798,
0.784206,3.192116,1.540216,1.517053,4.398617,11.447289,5.625402,6.910185,6.693221,18.614859,9.508798,
0.784206,3.192116,1.540216,1.517053,4.398617,11.447289,5.625402,6.910185,7.414215,18.614859,9.508798,
0.784206,3.192116,1.540216,1.517053,4.398617,10.930705,5.625402,6.910185,7.414215,18.614859,6.859504,
0.784206,3.020295,1.540216,1.517053,4.398617,10.892732,5.625402,6.910185,5.861733,20.466103,6.859504,
0.784206,3.020295,1.540216,1.517053,4.398617,9.172144,5.625402,6.910185,5.861733,20.466103,6.859504,
0.784206,3.020295,1.502940,1.517053,4.398617,9.172144,6.627584,6.910185,11.962034,18.601222,8.096828,
0.784206,3.020295,1.502940,1.517053,4.398617,9.172144,6.627584,6.910185,11.962034,18.601222,8.096828,
0.784206,1.744916,1.502940,1.517053,4.398617,7.378721,6.627584,6.910185,11.962034,20.774847,9.031924,
0.784206,1.744916,1.502940,1.517053,4.398617,4.778700,6.627584,6.910185,11.962034,20.774847,9.031924,
0.784206,1.744916,1.502940,1.517053,4.398617,4.778700,6.627584,6.910185,11.962034,20.774847,7.369960,
0.784206,1.618647,1.502940,2.341563,4.398617,3.507022,6.627584,6.910185,12.098352,20.774847,4.574345,
0.784206,1.618647,1.502940,2.341563,4.398617,8.149761,6.627584,6.910185,6.869223,20.774847,8.441393,
0.784206,1.618647,1.502940,2.341563,4.398617,8.149761,6.627584,6.910185,10.626602,26.293266,8.441393,
0.784206,1.618647,1.502940,2.341563,4.398617,8.149761,6.627584,6.910185,10.626602,19.018131,8.441393,
0.784206,1.618647,1.502940,2.341563,4.398617,5.611617,6.627584,6.910185,13.146949,17.502432,8.441393,
0.784206,1.618647,1.502940,2.341563,4.398617,5.611617,6.534775,6.910185,16.825557,18.607480,8.441393,
0.784206,1.618647,1.502940,2.341563,4.398617,5.611617,6.534775,6.910185,11.082281,23.140763,8.441393,
0.784206,1.618647,1.502940,2.341563,4.398617,5.611617,6.534775,6.910185,11.082281,23.140763,8.441393,
0.784206,1.618647,1.502940,2.341563,4.398617,5.611617,6.534775,6.910185,11.082281,23.140763,8.441393,
0.784206,1.618647,1.502940,2.080227,4.398617,2.038801,6.534775,6.910185,11.082281,23.140763,8.441393,
0.784206,1.618647,1.502940,2.080227,4.398617,1.669320,6.534775,6.910185,10.224943,24.195108,10.719633,
0.784206,1.618647,1.502940,2.080227,4.341915,1.938087,7.398099,6.910185,10.224943,24.195108,10.719633,
0.784206,1.618647,1.502940,2.080227,4.341915,4.903536,7.398099,6.910185,7.209908,20.456963,6.191184,
0.784206,1.618647,1.502940,2.080227,4.341915,4.903536,4.329676,6.910185,7.209908,20.456963,6.191184,
0.784206,1.618647,1.502940,2.080227,4.341915,4.903536,4.329676,6.910185,7.209908,20.456963,6.191184,
0.784206,1.618647,1.502940,2.080227,4.341915,4.903536,4.329676,6.910185,7.209908,20.456963,4.458227,
0.784206,1.618647,1.502940,2.080227,4.341915,13.724748,4.329676,6.910185,7.209908,18.996599,4.458227,
0.784206,1.618647,1.502940,2.080227,4.341915,13.724748,4.329676,6.910185,9.567951,15.645888,4.458227,
0.784206,1.618647,1.502940,2.080227,4.341915,13.724748,4.329676,6.910185,9.567951,15.645888,8.802825,
0.784206,1.618647,1.502940,2.080227,4.341915,11.478224,5.685257,6.910185,8.303427,18.153267,8.802825,
0.784206,1.618647,1.542922,2.080227,4.341915,11.478224,5.685257,6.910185,8.303427,18.153267,8.802825,
0.784206,1.618647,1.542922,2.080227,4.341915,11.098415,5.685257,6.910185,8.303427,18.153267,8.802825,
0.784206,1.618647,1.389950,2.080227,4.341915,6.663535,7.031859,7.363791,8.303427,18.153267,9.447373,
0.784206,1.618647,1.389950,2.080227,4.341915,2.958011,7.031859,7.363791,8.303427,18.153267,8.722710,
0.784206,1.618647,1.389950,2.080227,4.341915,2.958011,4.467248,7.363791,8.303427,12.255776,10.119757,
0.784206,1.618647,1.389950,2.080227,4.341915,2.958011,4.467248,7.363791,8.303427,12.255776,10.119757,
0.784206,1.618647,1.389950,1.821784,4.341915,5.316671,4.467248,7.363791,4.124143,12.363693,10.013691,
0.784206,1.618647,1.389950,1.821784,4.341915,5.316671,4.467248,7.363791,2.186162,12.363693,10.013691,
0.784206,1.618647,1.389950,1.821784,4.341915,5.316671,4.467248,7.363791,7.865234,12.363693,10.013691,
0.784206,1.618647,1.389950,1.821784,4.341915,6.560892,4.467248,7.363791,4.859843,12.363693,10.013691,
0.784206,1.618647,1.389950,1.821784,4.341915,6.560892,4.467248,7.363791,4.859843,12.363693,10.013691,
0.784206,1.618647,1.389950,1.821784,4.341915,6.560892,4.487339,7.363791,8.793704,12.363693,10.013691,
0.784206,1.618647,1.389950,1.821784,4.341915,9.003357,4.487339,7.363791,3.933213,12.363693,7.041966,
0.784206,1.618647,1.389950,1.821784,4.341915,8.537595,4.487339,7.363791,3.933213,12.363693,11.735230,
0.784206,1.618647,1.299576,1.821784,4.341915,7.127435,4.487339,7.363791,3.933213,12.363693,11.735230,
0.784206,1.618647,1.299576,1.821784,4.341915,7.127435,4.487339,7.363791,3.933213,12.363693,11.735230,
0.784206,1.618647,1.299576,1.821784,4.341915,7.127435,4.487339,7.363791,3.933213,14.887517,11.735230,
0.784206,1.618647,1.299576,1.821784,4.341915,7.127435,4.487339,7.363791,3.933213,14.887517,11.735230,
0.784206,1.618647,1.299576,1.821784,4.341915,5.636574,4.487339,7.363791,3.933213,14.887517,10.323742,
0.784206,1.618647,1.299576,1.523822,4.341915,5.636574,4.487339,7.363791,3.933213,14.887517,10.323742,
0.784206,1.333982,1.299576,1.523822,4.341915,7.849223,4.206970,7.363791,3.933213,14.887517,10.323742,
0.784206,1.333982,1.299576,1.523822,4.341915,7.849223,4.206970,7.363791,3.933213,14.887517,10.323742,
0.784206,1.333982,1.299576,2.062847,4.341915,7.849223,4.206970,7.363791,3.933213,14.174568,10.323742,
0.784206,1.333982,1.299576,2.062847,4.341915,10.046446,4.206970,7.363791,3.933213,14.174568,10.323742,
0.784206,1.333982,1.299576,2.062847,4.341915,10.046446,4.206970,7.363791,3.933213,14.174568,10.323742,
0.784206,1.333982,1.299576,2.062847,4.341915,10.046446,4.206970,7.363791,3.933213,13.748234,10.323742,
0.784206,1.333982,1.299576,2.062847,4.341915,4.725786,4.206970,7.363791,3.422632,13.748234,9.810009,
0.784206,1.333982,1.299576,2.062847,4.341915,4.725786,4.206970,7.363791,4.949648,11.521135,10.682825,
0.784206,1.333982,1.299576,2.062847,4.341915,6.140060,4.206970,7.363791,4.949648,11.521135,7.696591,
0.784206,1.333982,1.299576,2.062847,4.341915,9.279689,4.206970,7.363791,4.065019,12.029479,13.846541,
0.784206,1.333982,1.299576,2.062847,4.341915,9.483455,4.206970,7.363791,4.065019,12.643775,13.846541,
0.784206,1.333982,1.299576,2.062847,4.341915,7.423505,4.206970,7.363791,5.497980,12.643775,8.660334,
0.784206,1.333982,1.299576,2.062847,4.341915,4.361858,4.206970,7.363791,5.497980,12.643775,8.667233,
0.784206,1.333982,1.299576,2.062847,4.341915,4.361858,4.206970,7.363791,8.444002,12.643775,8.667233,
0.784206,1.299138,1.299576,2.062847,4.341915,4.001140,4.206970,7.363791,8.444002,12.643775,8.667233,
0.784206,1.299138,1.299576,2.062847,4.341915,6.778611,4.206970,7.363791,4.081896,12.643775,8.667233,
0.784206,1.299138,1.299576,2.062847,4.341915,3.934305,4.206970,7.363791,3.984336,12.684866,8.667233,
0.784206,1.299138,1.299576,2.062847,4.597857,3.934305,4.206970,7.363791,5.906395,12.684866,8.667233,
0.784206,1.299138,1.299576,2.675755,4.597857,3.934305,4.206970,7.363791,5.906395,12.684866,8.667233,
0.784206,1.299138,1.299576,2.356742,4.597857,3.934305,4.206970,7.363791,5.906395,12.684866,8.667233,
0.784206,1.299138,1.299576,2.356742,4.597857,3.934305,4.206970,7.542722,5.667754,12.684866,8.667233,
0.784206,1.299138,1.299576,2.288270,4.597857,1.758643,4.206970,7.542722,5.667754,12.684866,10.792028,
0.784206,1.299138,1.299576,2.288270,4.597857,1.758643,4.206970,7.542722,7.603124,12.684866,6.713439,
0.784206,1.299138,1.299576,2.534049,4.597857,3.527408,4.206970,7.542722,12.711454,13.149610,6.713439,
0.784206,1.299138,1.299576,2.256992,4.597857,8.251519,4.206970,7.542722,12.711454,13.149610,6.713439,
0.784206,1.299138,1.299576,2.256992,4.597857,8.251519,4.206970,7.542722,13.041384,13.149610,6.713439,
0.784206,1.299138,1.299576,2.357219,4.597857,8.251519,4.206970,7.542722,13.041384,13.149610,6.713439,
0.784206,1.299138,1.299576,2.357219,4.597857,10.295702,4.206970,7.542722,17.289344,13.149610,6.713439,
0.784206,1.299138,1.299576,2.357219,4.597857,10.295702,4.206970,7.542722,17.289344,13.149610,6.713439,
0.784206,1.299138,1.299576,2.357219,4.597857,10.295702,4.206970,7.542722,17.289344,13.149610,6.359439,
0.784206,1.299138,1.299576,2.357219,4.597857,5.755805,4.206970,7.542722,17.289344,13.149610,6.359439,
0.784206,1.299138,1.299576,2.357219,4.597857,6.213734,4.206970,7.542722,17.289344,13.149610,6.359439,
0.784206,1.299138,1.442931,2.357219,4.597857,6.213734,4.206970,7.542722,11.338785,13.149610,5.151634,
0.784206,1.299138,1.442931,2.357219,4.597857,6.213734,4.206970,7.542722,11.338785,13.149610,8.192936,
0.784206,1.299138,1.442931,2.357219,4.597857,6.213734,4.206970,7.542722,12.493119,13.149610,8.192936,
0.784206,1.299138,1.442931,2.357219,4.597857,6.213734,4.206970,7.340364,12.493119,13.149610,8.192936,
0.784206,1.829476,1.442931,2.357219,4.597857,6.213734,4.206970,7.340364,12.493119,13.149610,8.192936,
0.784206,0.891880,1.442931,3.042419,4.556717,8.532421,4.206970,7.340364,8.053490,13.149610,8.192936,
0.784206,0.891880,1.442931,4.320991,4.556717,8.532421,4.206970,7.340364,10.186848,13.149610,9.803200,
0.784206,0.891880,1.442931,4.320991,4.556717,8.532421,4.206970,7.340364,9.955339,13.149610,9.803200,
0.784206,0.891880,1.442931,4.320991,4.556717,8.532421,4.206970,7.340364,5.788404,13.149610,7.442385,
0.784206,0.891880,1.442931,4.320991,4.556717,8.532421,4.206970,7.340364,11.034486,13.149610,7.442385,
0.784206,0.891880,1.442931,4.320991,4.556717,8.532421,4.206970,7.340364,14.444557,13.149610,7.442385,
0.784206,0.891880,1.442931,3.064357,4.556717,8.532421,4.206970,7.340364,14.444557,12.591909,7.442385,
0.784206,0.891880,1.442931,3.064357,4.556717,10.853978,4.206970,7.340364,14.444557,12.591909,9.408905,
0.784206,0.891880,1.442931,4.807998,4.556717,10.853978,4.206970,7.340364,14.444557,12.591909,9.408905,
0.784206,0.891880,1.442931,3.349288,4.556717,7.223162,4.206970,7.340364,14.444557,12.210158,8.652186,
0.784206,0.891880,1.442931,3.349288,4.556717,5.917679,3.906550,7.340364,14.444557,12.210158,8.652186,
0.784206,0.891880,1.442931,3.349288,4.556717,10.023885,4.219936,7.340364,21.302585,12.210158,8.652186,
0.847952,0.891880,1.442931,3.349288,4.556717,10.023885,4.219936,7.340364,20.163577,12.210158,5.985150,
0.847952,0.961269,1.442931,3.349288,4.556717,10.023885,4.219936,7.340364,13.698822,13.718287,5.985150,
0.847952,0.961269,1.442931,3.349288,4.556717,9.650764,4.219936,7.340364,7.617993,13.718287,5.985150,
0.847952,0.961269,1.442931,2.864231,4.556717,9.650764,4.219936,7.340364,7.617993,13.718287,5.985150,
0.847952,0.961269,1.442931,5.197375,4.463380,10.763840,4.219936,7.340364,7.617993,16.640181,6.255810,
0.847952,0.961269,1.442931,5.197375,4.463380,12.598996,4.219936,7.340364,7.617993,15.307617,6.255810,
0.847952,0.961269,1.449185,5.725163,4.463380,9.073609,4.219936,7.340364,5.962796,15.307617,6.255810,
0.847952,0.961269,1.449185,3.345742,4.463380,9.073609,4.219936,7.340364,5.962796,11.627267,6.255810,
0.847952,0.961269,1.449185,3.345742,4.463380,4.657684,4.219936,7.376481,9.114019,15.936901,7.471490,
0.847952,0.961269,1.449185,3.345742,4.463380,3.723753,4.219936,7.376481,9.114019,15.936901,7.471490,
0.847952,0.961269,1.449185,3.726069,5.006016,3.723753,4.219936,7.376481,12.611033,15.354390,7.471490,
0.847952,0.961269,1.449185,3.726069,5.006016,3.723753,4.219936,7.376481,14.953971,11.772503,7.471490,
0.847952,0.961269,1.449185,3.726069,5.006016,2.122621,4.219936,7.376481,11.953792,13.584942,6.331537,
0.847952,0.961269,1.449185,3.726069,5.006016,3.059382,4.219936,7.376481,6.910032,13.584942,6.331537,
0.847952,0.961269,1.449185,2.522141,5.006016,3.346081,4.602665,7.376481,6.910032,13.584942,6.331537,
0.847952,1.441270,1.449185,2.522141,4.959473,7.223158,4.602665,7.376481,14.392854,13.584942,6.331537,
0.847952,1.441270,1.449185,2.522141,4.959473,7.223158,4.602665,7.376481,12.416008,13.584942,6.331537,
0.847952,1.441270,1.449185,2.522141,4.959473,7.223158,4.602665,7.376481,12.416008,13.584942,6.331537,
0.847952,1.441270,1.449185,2.522141,4.959473,7.223158,4.602665,7.376481,8.534926,13.584942,6.331537,
0.847952,1.441270,1.543928,2.522141,4.959473,7.223158,4.602665,7.376481,8.534926,13.584942,6.331537,
0.847952,1.441270,1.543928,2.522141,4.959473,7.223158,4.602665,7.376481,8.401578,13.584942,6.331537,
0.847952,1.441270,1.543928,2.522141,4.959473,7.223158,3.405324,7.376481,6.662799,12.527810,6.331537,
0.847952,1.441270,1.543928,2.522141,4.959473,7.223158,3.405324,7.376481,5.722284,12.527810,6.331537,
0.847952,1.441270,1.543928,2.522141,4.959473,7.223158,3.405324,7.376481,7.273670,12.527810,6.331537,
0.847952,1.441270,1.543928,2.522141,4.959473,7.223158,3.405324,7.376481,7.273670,12.527810,6.331537,
0.847952,1.441270,1.543928,2.522141,4.959473,7.223158,3.405324,7.376481,7.273670,12.527810,6.331537,
0.847952,1.260514,1.543928,2.400933,4.959473,5.652274,3.405324,7.376481,7.273670,12.527810,6.331537,
0.847952,1.260514,1.543928,2.400933,4.959473,5.652274,3.405324,7.376481,7.273670,11.105760,6.331537,
0.847952,1.260514,1.543928,2.400933,4.959473,5.652274,3.405324,7.376481,7.273670,11.105760,6.331537,
0.847952,1.260514,1.543928,2.400933,4.959473,5.652274,3.405324,7.376481,7.273670,11.105760,6.331537,
0.847952,1.260514,1.543928,2.400933,4.959473,5.652274,3.405324,7.376481,5.229246,11.105760,6.331537,
0.847952,1.260514,1.543928,2.400933,5.272355,5.652274,3.405324,7.376481,8.625604,11.105760,4.049743,
0.847952,1.260514,1.543928,2.682006,4.683377,7.805276,3.667079,7.376481,8.625604,11.105760,7.152074,
0.847952,1.260514,1.543928,2.682006,4.683377,7.805276,3.667079,7.376481,8.625604,12.026465,4.654698,
0.847952,1.260514,1.543928,2.776650,4.683377,7.805276,3.667079,7.376481,8.625604,12.026465,4.654698,
0.847952,1.260514,1.543928,2.776650,4.683377,7.805276,3.667079,7.376481,8.625604,12.026465,4.654698,
0.847952,1.260514,1.543928,2.776650,4.683377,11.881671,3.667079,7.376481,5.480905,12.026465,4.654698,
0.847952,1.260514,1.543928,2.776650,4.683377,11.881671,3.667079,7.376481,4.516499,12.026465,4.654698,
0.847952,1.260514,1.543928,2.776650,4.683377,10.310369,3.667079,7.376481,4.708925,12.026465,6.836050,
0.847952,1.260514,1.543928,2.776650,3.937622,10.310369,3.441880,7.376481,4.708925,12.347354,6.836050,
0.847952,1.260514,1.543928,2.776650,3.937622,10.310369,3.441880,7.376481,4.708925,12.347354,6.836050,
0.847952,1.260514,1.543928,2.776650,3.937622,10.310369,3.441880,7.376481,4.708925,12.347354,6.836050,
0.847952,1.260514,1.543928,2.776650,3.937622,10.310369,3.441880,7.376481,4.593561,12.347354,8.605966,
0.847952,1.260514,1.543928,2.776650,3.937622,13.693740,3.441880,7.376481,10.639859,10.168997,8.783409,
0.847952,1.260514,1.543928,2.776650,3.937622,15.727534,3.441880,7.376481,9.295166,10.168997,8.783409,
0.847952,1.260514,1.543928,2.776650,3.937622,18.380479,3.441880,7.376481,9.295166,10.873194,8.783409,
0.847952,1.260514,1.543928,2.776650,3.937622,17.451655,3.120258,7.376481,9.295166,10.873194,8.020684,
0.847952,1.046790,1.543928,2.776650,3.937622,17.451655,3.120258,7.376481,12.259985,10.873194,8.020684,
0.847952,1.046790,1.543928,2.776650,3.937622,17.451655,3.120258,7.376481,12.259985,8.833316,8.020684,
0.847952,1.046790,1.543928,2.776650,3.937622,15.752988,2.637401,7.376481,11.724796,8.833316,8.020684,
0.847952,1.046790,1.543928,2.776650,3.937622,15.752988,2.637401,7.376481,10.253887,8.833316,7.203949,
0.847952,1.046790,1.543928,2.776650,3.937622,15.752988,2.637401,7.376481,10.253887,8.833316,7.203949,
0.847952,1.046790,1.543928,2.776650,3.937622,13.070171,2.637401,7.586674,5.068448,8.833316,7.203949,
0.847952,1.046790,1.543928,2.394937,3.937622,13.070171,2.637401,7.586674,5.068448,8.833316,7.203949,
0.847952,1.046790,1.543928,2.394937,3.937622,9.434599,2.637401,7.586674,3.361428,7.852987,7.203949,
0.847952,1.046790,1.543928,2.394937,3.937622,0.906517,2.637401,7.586674,3.361428,7.852987,7.203949,
0.847952,1.046790,1.543928,2.394937,3.937622,4.642332,2.840689,7.586674,2.927526,8.642734,7.203949,
0.847952,1.046790,1.543928,2.394937,3.937622,4.642332,2.840689,7.586674,2.927526,8.642734,7.203949,
0.847952,1.046790,1.543928,2.394937,3.937622,0.874291,2.840689,7.586674,3.563436,8.642734,6.162518,
0.847952,1.046790,1.543928,2.394937,3.937622,5.043703,3.030746,7.586674,3.563436,11.108824,6.162518,
0.847952,1.046790,1.543928,2.394937,3.937622,5.043703,3.030746,7.586674,6.423781,11.108824,6.162518,
0.847952,1.046790,1.543928,2.394937,3.937622,2.180076,3.030746,7.586674,5.900922,11.108824,6.162518,
0.847952,1.046790,1.543928,2.394937,3.937622,7.364234,3.030746,7.586674,3.177376,11.108824,6.144762,
0.847952,1.046790,1.543928,2.394937,3.937622,7.364234,3.030746,7.586674,3.177376,11.108824,6.671642,
0.847952,1.046790,1.543928,2.394937,3.937622,4.612342,3.030746,7.586674,8.041476,12.483202,6.671642,
0.847952,1.046790,1.543928,3.747519,3.937622,4.612342,3.030746,7.586674,8.041476,12.483202,3.475982,
0.847952,1.046790,1.543928,3.747519,3.937622,4.612342,3.574875,7.586674,8.041476,12.483202,7.129227,
0.847952,1.046790,1.543928,3.747519,3.937622,8.365788,3.574875,7.586674,8.041476,12.483202,7.129227,
0.847952,1.046790,1.543928,3.747519,3.937622,9.763329,3.574875,7.586674,8.559881,12.483202,7.129227,
0.847952,1.046790,1.543928,3.747519,3.937622,9.763329,3.574875,7.586674,6.942935,12.483202,7.129227,
0.847952,1.046790,1.543928,3.747519,3.937622,10.865959,3.574875,7.586674,6.942935,9.881558,7.129227,
0.847952,1.046790,1.543928,3.747519,3.937622,9.635370,3.574875,7.586674,7.624271,11.310175,7.129227,
0.847952,1.046790,1.543928,3.747519,3.937622,6.436067,3.696253,7.586674,6.248850,11.310175,7.129227,
0.847952,1.046790,1.543928,3.747519,3.937622,5.293521,3.696253,7.586674,8.740509,11.310175,5.670396,
0.847952,1.046790,1.543928,3.747519,3.937622,1.939608,3.696253,7.586674,8.740509,11.310175,5.670396,
0.847952,1.046790,1.543928,3.747519,3.937622,1.923428,3.696253,6.961720,3.849917,11.310175,5.670396,
0.847952,1.046790,1.543928,3.747519,3.937622,3.316961,3.696253,7.624304,3.849917,11.310175,5.670396,
0.847952,1.046790,1.543928,3.747519,3.937622,6.321739,3.696253,7.624304,3.632820,11.310175,5.670396,
0.847952,1.046790,1.543928,3.747519,3.937622,3.318889,3.696253,7.624304,3.632820,14.292722,5.670396,
0.847952,1.046790,1.543928,3.747519,4.244226,4.191091,5.124766,7.624304,3.632820,14.292722,5.670396,
0.847952,1.046790,1.543928,2.499790,4.244226,11.300046,5.124766,7.624304,3.632820,14.292722,5.670396,
0.847952,1.046790,1.543928,2.499790,4.244226,12.519554,5.124766,7.624304,2.883433,16.872154,3.644700,
0.847952,1.046790,1.543928,2.499790,4.244226,8.633603,5.124766,7.624304,2.883433,16.872154,3.644700,
0.847952,1.046790,1.543928,2.499790,4.244226,9.960294,5.124766,7.576032,2.883433,20.182293,3.644700,
0.847952,1.046790,1.543928,2.581946,4.244226,9.960294,5.124766,7.576032,2.883433,20.182293,3.644700,
0.847952,1.046790,1.543928,2.581946,4.244226,7.095264,5.124766,7.576032,2.883433,20.182293,3.644700,
0.847952,1.046790,1.543928,2.862918,4.244226,5.824719,5.124766,7.576032,2.883433,23.592480,1.351144,
0.847952,1.046790,1.543928,2.862918,4.244226,5.824719,5.124766,7.576032,3.282221,28.158677,1.351144,
0.847952,1.046790,1.543928,2.862918,4.244226,2.394733,5.124766,7.265789,3.282221,26.366980,1.351144,
0.847952,1.046790,1.543928,2.862918,4.244226,2.394733,5.124766,7.265789,3.282221,26.366980,1.351144,
0.847952,1.046790,1.543928,2.862918,4.244226,2.394733,5.124766,7.265789,3.282221,28.751492,1.822698,
0.847952,1.046790,1.543928,2.862918,4.244226,2.394733,5.124766,7.265789,8.644059,28.751492,1.822698,
0.847952,1.046790,1.543928,2.862918,4.244226,3.780687,5.796404,7.265789,8.644059,28.751492,4.821435,
0.847952,1.046790,1.543928,2.862918,4.244226,3.780687,5.796404,7.265789,8.644059,28.751492,4.821435,
0.847952,1.046790,1.543928,3.945256,4.244226,3.780687,5.796404,7.265789,8.644059,28.751492,4.821435,
0.847952,1.046790,1.543928,4.293948,4.244226,3.780687,5.796404,7.265789,8.644059,28.751492,4.821435,
0.847952,1.046790,1.543928,4.293948,4.244226,3.780687,5.796404,7.265789,6.770489,28.751492,4.821435,
0.847952,1.046790,1.543928,4.293948,4.244226,2.981269,5.796404,7.265789,6.770489,25.043614,3.136688,
0.847952,1.046790,1.543928,4.293948,4.244226,8.263344,6.236060,7.019390,4.690488,25.043614,3.136688,
0.847952,1.046790,1.543928,4.293948,4.244226,8.263344,6.236060,7.019390,7.228766,20.687770,3.136688,
0.847952,1.046790,1.543928,4.293948,4.244226,8.263344,6.236060,7.019390,7.228766,25.532346,3.136688,
0.847952,1.046790,1.543928,4.293948,4.244226,8.263344,6.236060,7.019390,10.787198,25.532346,6.031721,
0.847952,1.046790,1.543928,2.145547,4.244226,7.084352,7.086023,7.272024,6.291080,25.532346,6.031721,
0.847952,1.046790,1.543928,2.145547,3.782298,4.150072,7.086023,7.272024,4.040407,28.340719,6.031721,
0.847952,1.046790,1.543928,2.145547,3.782298,4.930110,7.086023,7.272024,4.633295,28.340719,6.031721,
0.847952,0.979167,1.543928,2.145547,3.782298,4.129620,6.902365,7.272024,4.633295,28.340719,6.031721,
0.847952,0.979167,1.543928,2.145547,3.782298,4.129620,6.902365,7.272024,4.633295,27.259003,6.031721,
0.847952,0.979167,1.543928,2.145547,3.782298,4.129620,6.902365,7.272024,4.633295,27.259003,4.422892,
0.847952,1.317354,1.543928,2.145547,3.782298,4.129620,6.902365,7.272024,10.083118,27.259003,4.422892,
0.847952,1.317354,1.543928,2.145547,3.782298,4.129620,6.902365,7.272024,13.924448,27.259003,4.422892,
0.847952,1.317354,1.543928,2.145547,3.782298,4.129620,6.902365,7.272024,13.924448,26.385441,4.422892,
0.847952,1.317354,1.872440,1.906642,3.782298,4.129620,6.902365,7.272024,13.924448,26.385441,4.422892,
0.847952,1.317354,1.872440,1.906642,3.782298,4.129620,6.902365,7.272024,10.967677,26.385441,4.422892,
0.847952,1.317354,1.872440,1.906642,3.782298,4.129620,6.902365,7.272024,9.696123,27.676113,4.459319,
0.847952,1.317354,1.872440,1.820296,3.782298,4.129620,6.902365,7.272024,9.696123,27.676113,4.459319,
0.847952,2.577626,1.872440,1.820296,3.782298,2.482630,6.902365,7.272024,9.696123,35.436226,5.003301,
0.847952,2.577626,1.872440,1.820296,3.488431,2.482630,6.902365,7.272024,9.696123,34.605607,5.003301,
0.847952,2.577626,1.872440,1.820296,3.488431,2.390976,6.902365,7.272024,6.340367,34.605607,5.003301,
0.847952,2.577626,1.872440,1.820296,3.488431,2.390976,6.902365,7.272024,6.340367,36.350452,5.003301,
0.847952,2.577626,1.872440,1.820296,3.488431,2.830321,6.902365,7.272024,6.340367,36.350452,5.003301,
0.847952,2.577626,1.872440,1.820296,3.488431,2.830321,6.902365,7.272024,6.340367,34.201251,5.003301,
0.847952,2.577626,1.872440,1.820296,3.488431,4.141147,7.364904,7.272024,3.943147,34.629409,5.667039,
0.847952,2.577626,1.872440,1.820296,3.488431,3.317152,7.364904,7.272024,3.943147,28.226165,5.667039,
0.847952,2.577626,1.872440,1.820296,3.488431,3.317152,7.364904,6.412158,3.943147,28.226165,5.667039,
0.847952,1.264957,1.872440,2.544177,3.488431,6.500969,7.364904,6.412158,4.849858,23.693123,7.928636,
0.847952,1.264957,1.872440,2.544177,3.488431,6.500969,7.364904,6.412158,6.572077,23.693123,7.928636,
0.847952,1.264957,1.805234,2.722673,3.488431,3.362959,7.364904,6.412158,10.327012,18.341740,12.495661,
0.847952,1.264957,1.805234,2.722673,3.488431,3.362959,7.364904,6.412158,10.327012,18.341740,8.935743,
0.847952,1.264957,1.921698,2.722673,3.488431,3.362959,7.364904,6.412158,10.327012,25.605154,8.935743,
0.847952,1.264957,1.921698,2.722673,3.488431,2.982042,7.364904,6.412158,10.327012,25.605154,8.935743,
0.847952,1.264957,1.921698,2.722673,3.488431,2.982042,7.364904,6.482650,10.327012,25.605154,8.935743,
0.847952,1.264957,1.921698,2.722673,3.488431,2.982042,7.364904,6.482650,10.327012,25.605154,11.275317,
0.847952,1.264957,1.921698,2.722673,3.488431,2.982042,7.364904,6.482650,6.381354,25.605154,8.977809,
0.847952,1.264957,1.921698,2.722673,3.488431,2.003758,7.364904,6.482650,6.381354,25.605154,10.056916,
0.847952,1.264957,1.921698,2.722673,3.488431,6.749295,7.364904,6.482650,2.993425,22.564661,10.056916,
0.847952,1.264957,1.921698,2.046099,3.488431,3.421305,7.364904,6.482650,2.993425,23.623582,10.549926,
0.847952,1.264957,1.921698,2.046099,3.488431,3.421305,7.364904,6.482650,2.993425,23.623582,10.549926,
0.847952,1.264957,1.921698,2.046099,3.488431,1.497350,7.364904,6.482650,2.993425,19.756159,8.814755,
0.847952,1.264957,1.921698,2.046099,3.488431,2.162210,7.364904,6.482650,2.993425,19.756159,8.814755,
0.847952,1.264957,1.921698,2.046099,3.488431,2.162210,7.364904,6.482650,2.993425,19.756159,11.080234,
0.917840,1.264957,1.921698,2.046099,3.488431,1.158309,6.381825,6.482650,2.326430,19.756159,11.080234,
0.917840,1.264957,1.921698,2.046099,3.488431,4.905871,6.381825,6.482650,2.326430,19.756159,7.776229,
0.917840,1.264957,1.921698,2.046099,3.488431,4.905871,6.381825,6.482650,2.326430,19.756159,6.863985,
0.947482,1.264957,1.921698,2.046099,3.552669,4.462373,6.381825,6.482650,8.291395,19.756159,6.863985,
0.947482,1.264957,1.921698,2.046099,3.552669,6.915947,6.381825,6.482650,5.770300,19.756159,9.847113,
0.947482,1.264957,1.921698,2.046099,3.552669,6.915947,6.381825,6.482650,5.770300,21.950862,8.571738,
0.947482,1.264957,1.921698,2.005678,3.552669,6.915947,6.381825,6.482650,7.841062,21.950862,8.571738,
0.947482,1.264957,1.921698,2.005678,3.552669,5.509291,6.381825,6.482650,7.841062,22.839150,8.571738,
0.947482,1.264957,1.921698,2.005678,3.552669,5.682310,6.381825,6.482650,5.011770,22.839150,9.451732,
0.947482,1.264957,1.921698,2.005678,3.552669,10.196569,6.381825,6.482650,2.490020,22.839150,3.932104,
0.947482,1.264957,1.921698,2.064580,3.552669,12.272111,6.381825,6.482650,2.913551,28.306203,3.932104,
0.947482,1.264957,1.921698,2.090646,3.552669,12.286168,7.796773,6.482650,1.584874,25.871280,3.932104,
0.947482,1.264957,1.921698,2.090646,3.552669,12.286168,7.796773,6.482650,1.584874,25.871280,6.874417,
0.947482,1.264957,1.921698,2.090646,3.552669,17.022578,7.796773,6.482650,11.450083,25.871280,6.874417,
0.947482,1.264957,1.818187,2.090646,3.552669,18.786699,7.796773,6.482650,11.450083,25.871280,6.874417,
0.947482,1.264957,1.818187,2.090646,3.552669,18.786699,7.413568,6.482650,11.450083,19.642934,6.874417,
0.947482,1.264957,1.818187,2.090646,3.552669,18.786699,7.212603,6.482650,6.252704,19.642934,7.761594,
0.947482,1.264957,1.818187,2.090646,3.552669,18.786699,7.212603,6.482650,7.183351,24.931308,7.761594,
0.947482,1.264957,1.818187,2.090646,3.552669,18.786699,7.212603,6.482650,7.183351,20.495260,5.992143,
0.947482,1.264957,1.818187,2.090646,3.552669,13.174077,6.985928,6.482650,2.931659,19.754165,5.992143,
0.947482,1.264957,1.818187,2.090646,3.552669,12.915546,6.985928,6.482650,2.931659,19.754165,7.209764,
0.947482,1.264957,1.818187,2.090646,3.552669,2.719624,6.985928,6.482650,2.931659,19.754165,7.209764,
0.947482,1.264957,1.818187,2.090646,3.552669,5.439874,6.985928,6.482650,8.948918,19.754165,7.209764,
0.947482,1.264957,1.818187,2.090646,3.552669,11.457022,6.985928,6.482650,8.742695,19.754165,7.209764,
0.947482,1.264957,1.818187,2.090646,3.552669,11.451864,4.835086,6.482650,6.906575,15.824500,6.103633,
0.947482,1.264957,1.818187,2.090646,3.552669,11.451864,4.835086,6.482650,4.910805,15.824500,6.103633,
0.947482,1.264957,1.818187,3.799581,3.552669,11.451864,4.835086,6.482650,9.395907,15.824500,6.425463,
0.947482,1.264957,1.818187,2.857020,3.552669,4.194217,4.835086,6.482650,9.395907,15.824500,6.425463,
0.947482,1.264957,1.818187,2.857020,3.552669,4.284274,3.837600,6.482650,11.376199,14.948690,6.425463,
0.947482,1.264957,1.818187,2.857020,3.552669,4.284274,3.837600,6.482650,11.376199,14.948690,6.425463,
0.947482,1.264957,1.818187,2.857020,3.552669,3.709493,3.837600,6.980539,6.188972,14.948690,6.425463,
0.947482,1.264957,1.818187,2.857020,4.355292,3.709493,3.837600,6.980539,6.188972,14.948690,3.613095,
0.947482,1.264957,1.818187,2.857020,4.355292,5.643854,3.837600,6.980539,6.858329,14.948690,3.613095,
0.947482,1.264957,1.818187,2.353114,4.355292,5.643854,3.259350,6.980539,6.858329,14.948690,3.613095,
0.947482,1.264957,1.818187,2.353114,4.355292,5.643854,4.534635,6.980539,12.932026,14.948690,3.613095,
0.947482,1.264957,1.818187,2.353114,4.355292,5.643854,4.534635,6.980539,12.932026,14.948690,4.030058,
0.947482,1.264957,1.818187,2.353114,4.355292,5.643854,4.534635,6.980539,11.798988,15.400025,4.030058,
0.947482,1.264957,1.818187,2.353114,3.673423,5.460240,4.534635,6.980539,5.472369,16.138355,4.030058,
0.947482,1.055728,1.818187,2.353114,3.673423,5.204679,4.534635,6.980539,5.472369,16.138355,4.030058,
0.947482,1.055728,1.818187,2.353114,3.529264,4.485342,4.534635,6.980539,5.472369,16.138355,4.626464,
0.947482,1.055728,1.818187,4.405075,3.529264,8.648700,4.534635,6.980539,7.156901,16.138355,3.015308,
0.947482,1.055728,1.818187,4.405075,3.529264,9.292056,4.534635,6.980539,9.404138,21.927992,3.015308,
0.947482,1.055728,1.818187,4.405075,3.529264,9.292056,4.534635,6.980539,9.404138,21.927992,3.015308,
0.947482,1.055728,1.818187,4.405075,3.529264,9.292056,4.534635,6.980539,9.963238,18.408917,3.015308,
0.947482,1.055728,1.818187,4.405075,3.529264,9.292056,4.534635,6.980539,9.963238,18.980442,3.015308,
0.947482,1.055728,1.818187,2.905617,3.529264,5.451950,4.534635,6.980539,9.963238,15.018970,6.275565,
0.845774,1.055728,1.818187,2.905617,3.529264,9.293011,5.422584,6.980539,9.963238,15.018970,6.275565,
0.845774,1.055728,1.818187,2.905617,3.529264,9.293011,5.422584,6.980539,9.023126,15.018970,6.275565,
0.845774,1.055728,1.818187,2.905617,3.529264,13.262006,5.422584,6.980539,9.023126,15.018970,11.604171,
0.845774,1.055728,1.818187,2.905617,3.529264,13.262006,5.422584,6.980539,9.023126,15.018970,11.604171,
0.845774,1.055728,1.818187,2.905617,3.529264,13.262006,5.422584,6.980539,9.023126,15.018970,11.604171,
0.845774,1.055728,1.818187,2.666597,3.529264,13.262006,5.422584,6.980539,8.297770,15.018970,13.656041,
0.845774,1.055728,1.818187,2.666597,3.529264,10.345012,5.422584,6.980539,8.297770,14.257691,13.656041,
0.845774,1.055728,1.818187,2.553510,3.529264,10.345012,5.422584,6.980539,8.297770,14.257691,13.656041,
0.845774,1.099805,1.818187,2.553510,3.529264,6.348874,5.422584,6.980539,9.634254,14.257691,13.656041,
0.845774,1.099805,1.818187,2.553510,3.529264,6.348874,5.422584,6.980539,9.634254,14.257691,13.656041,
0.845774,1.099805,1.818187,2.553510,3.529264,6.348874,5.422584,6.980539,3.479089,14.257691,13.656041,
0.845774,1.079618,1.818187,2.553510,3.529264,5.303677,5.234509,6.980539,3.479089,13.229474,13.656041,
0.845774,1.079618,1.818187,2.553510,2.568247,1.558718,5.234509,6.980539,2.481593,13.229474,13.656041,
0.845774,1.079618,1.818187,2.553510,2.568247,2.915688,5.234509,6.980539,4.351642,12.589006,13.782130,
0.845774,1.079618,1.818187,2.553510,2.568247,5.951741,5.234509,6.980539,4.351642,12.589006,13.782130,
0.845774,1.079618,1.818187,2.553510,2.568247,7.774472,5.234509,6.980539,3.492124,12.589006,13.782130,
0.845774,1.079618,1.818187,2.173946,2.568247,8.401020,5.234509,6.980539,3.492124,12.589006,13.782130,
0.845774,1.079618,1.818187,2.173946,2.568247,8.401020,5.234509,6.980539,3.492124,12.626287,13.782130,
0.845774,1.079618,1.818187,2.173946,2.568247,8.401020,5.234509,6.980539,3.492124,12.932475,13.782130,
0.845774,1.079618,1.818187,2.173946,2.568247,2.674720,5.234509,6.980539,3.492124,13.298387,13.782130,
0.845774,1.079618,1.818187,2.173946,2.568247,2.674720,5.234509,6.980539,3.492124,13.298387,13.782130,
0.845774,1.079618,1.818187,2.173946,2.568247,2.674720,5.234509,6.980539,3.492124,13.298387,13.782130,
0.845774,1.079618,1.818187,2.175200,2.568247,2.674720,5.234509,6.980539,3.492124,13.298387,14.991247,
0.845774,1.193293,1.818187,2.175200,2.568247,5.979038,5.234509,6.980539,3.492124,13.298387,14.991247,
0.845774,1.193293,1.818187,2.175200,2.568247,6.233586,5.234509,6.980539,3.492124,13.298387,14.991247,
0.845774,1.193293,1.818187,2.175200,2.568247,13.428320,5.234509,6.980539,3.492124,12.965066,14.991247,
0.845774,1.193293,1.818187,2.100586,2.568247,13.428320,5.234509,6.980539,3.492124,12.965066,14.991247,
0.845774,1.193293,1.818187,2.100586,2.568247,15.534833,5.234509,6.980539,5.880162,12.965066,12.638761,
0.845774,1.193293,1.818187,2.100586,2.568247,11.663981,5.234509,6.390264,5.147945,12.965066,12.638761,
0.845774,1.193293,1.818187,2.100586,3.548224,11.663981,4.529981,6.390264,5.147945,12.965066,15.112176,
0.845774,1.193293,1.818187,2.100586,2.852251,16.307401,4.529981,6.390264,10.070008,11.442353,15.112176,
0.845774,1.193293,1.818187,2.100586,2.852251,17.422685,4.529981,6.390264,14.182174,11.934635,15.112176,
0.845774,1.424397,1.818187,2.100586,2.852251,17.422685,4.529981,6.390264,14.182174,12.332259,15.112176,
0.845774,1.424397,1.818187,2.109805,2.852251,17.422685,4.529981,6.390264,14.182174,12.332259,15.112176,
0.845774,1.424397,1.818187,2.109805,2.852251,11.629447,4.529981,6.390264,11.319870,12.332259,15.568804,
0.884968,1.424397,1.818187,2.109805,2.852251,19.779692,4.529981,6.390264,12.313160,12.332259,18.756049,
0.884968,1.424397,1.818187,1.536554,2.852251,19.779692,4.529981,6.390264,12.313160,12.332259,16.801562,
0.884968,1.424397,1.818187,1.536554,2.852251,16.981697,4.529981,6.390264,7.807982,12.332259,14.686012,
0.884968,1.424397,1.818187,1.536554,2.852251,18.214151,4.529981,6.390264,5.001899,11.647459,14.686012,
0.884968,1.424397,1.818187,2.340440,2.823091,18.214151,4.529981,6.390264,12.033211,11.647459,12.612690,
0.884968,1.424397,1.818187,2.340440,2.823091,18.214151,4.613168,6.390264,12.033211,11.647459,13.268347,
0.884968,1.424397,1.818187,2.340440,2.823091,21.169482,4.613168,6.390264,12.033211,11.647459,13.268347,
0.884968,1.424397,1.818187,2.340440,2.823091,21.169482,4.578324,6.390264,11.890694,11.647459,10.601323,
0.884968,1.424397,1.818187,2.340440,2.823091,21.169482,4.578324,6.390264,7.584078,11.647459,14.343216,
0.884968,1.424397,1.818187,2.340440,2.823091,15.426039,4.578324,6.153970,10.813724,11.647459,14.343216,
0.884968,1.309837,1.818187,2.340440,2.823091,16.132618,4.578324,6.153970,11.626252,11.647459,14.343216,
0.884968,1.309837,1.818187,2.340440,2.823091,11.194317,4.578324,6.153970,11.626252,12.933379,14.343216,
0.884968,1.309837,1.818187,2.340440,2.739248,11.194317,4.578324,6.153970,15.185825,16.226482,14.343216,
0.884968,1.309837,1.818187,2.340440,2.739248,11.194317,7.754410,6.153970,15.185825,16.226482,13.078031,
0.884968,1.309837,1.818187,2.340440,2.739248,10.529122,7.754410,6.153970,15.185825,18.049158,13.078031,
0.884968,1.309837,1.818187,2.340440,2.739248,12.290490,7.754410,6.153970,13.762848,18.049158,13.078031,
0.884968,1.309837,1.818187,2.340440,2.739248,12.290490,7.754410,6.153970,13.762848,19.674080,13.078031,
0.884968,1.309837,1.818187,2.427507,2.739248,12.290490,7.754410,6.153970,13.762848,27.422899,13.078031,
0.884968,1.309837,1.818187,1.655809,2.739248,20.067819,7.754410,6.153970,13.762848,25.315458,13.078031,
0.884968,1.309837,1.818187,1.655809,2.739248,22.975768,7.754410,6.153970,13.762848,21.416083,13.078031,
0.884968,1.309837,1.818187,1.655809,2.739248,19.186658,7.754410,6.153970,13.762848,21.416083,13.078031,
0.884968,1.476099,1.818187,1.655809,2.899488,17.110644,8.253696,6.153970,12.400828,21.416083,13.078031,
0.884968,1.476099,1.818187,1.655809,2.899488,17.110644,8.253696,6.153970,12.400828,21.416083,13.078031,
0.884968,1.476099,1.818187,1.655809,2.899488,25.545144,6.839330,6.153970,12.400828,22.561686,13.078031,
0.884968,1.476099,1.818187,1.655809,2.899488,25.545144,7.420865,6.153970,12.400828,22.561686,13.078031,
0.884968,1.476099,1.818187,1.655809,2.899488,24.323540,7.420865,6.153970,10.505084,22.561686,13.078031,
0.884968,1.476099,1.818187,1.655809,2.891051,20.034102,7.420865,6.153970,10.505084,19.735396,13.078031,
0.884968,1.476099,1.818187,1.655809,2.924358,19.727965,7.420865,6.153970,10.505084,17.125561,13.078031,
0.884968,1.476099,1.818187,1.655809,2.924358,19.727965,6.354393,6.153970,9.026400,17.125561,15.276779,
0.884968,1.476099,1.818187,1.655809,2.924358,19.727965,5.740585,6.153970,9.026400,17.860392,15.276779,
0.884968,1.476099,1.818187,1.655809,2.924358,16.743895,5.740585,6.153970,9.026400,17.860392,16.225116,
0.884968,1.476099,1.818187,1.655809,2.924358,14.476882,5.740585,6.153970,7.982114,17.860392,16.225116,
0.884968,1.476099,1.818187,1.655809,2.924358,7.985193,5.740585,6.153970,7.982114,18.055260,15.347528,
0.884968,1.476099,1.818187,1.655809,2.924358,4.379230,5.740585,6.153970,7.982114,13.886258,15.347528,
0.884968,1.476099,1.818187,1.655809,2.924358,4.379230,4.989816,6.153970,11.337881,13.886258,15.347528,
0.884968,1.476099,1.818187,1.655809,2.924358,7.475247,4.989816,6.153970,12.659845,13.886258,15.347528,
0.884968,1.476099,1.818187,1.655809,2.924358,7.475247,4.989816,6.153970,9.679335,14.001546,18.929747,
0.884968,1.341896,1.818187,1.655809,2.924358,8.282724,4.989816,6.153970,9.679335,14.001546,16.311166,
0.884968,1.341896,1.818187,1.655809,2.924358,7.691396,5.940848,6.153970,3.230693,14.001546,16.311166,
0.884968,1.343810,1.818187,1.655809,2.924358,8.361425,5.940848,6.153970,3.230693,14.001546,16.311166,
0.884968,1.343810,1.818187,1.655809,2.924358,6.437952,5.940848,6.153970,3.230693,14.001546,16.721270,
0.884968,1.441573,1.818187,1.655809,2.640567,4.071902,5.940848,6.153970,3.230693,14.001546,14.336557,
0.884968,1.441573,1.818187,1.655809,2.640567,4.071902,4.980986,6.153970,6.717047,14.001546,14.336557,
0.884968,1.441573,1.818187,1.655809,2.640567,6.260385,4.980986,6.153970,8.232107,14.001546,14.336557,
0.884968,1.503898,1.818187,2.187164,2.640567,6.260385,4.980986,6.153970,8.232107,13.366023,14.336557,
0.884968,1.503898,1.818187,2.187164,2.640567,8.325916,4.980986,6.153970,8.232107,13.366023,14.336557,
0.884968,1.503898,1.818187,2.187164,2.640567,8.325916,4.980986,6.153970,8.232107,13.366023,17.118218,
0.884968,1.503898,2.094002,2.187164,2.640567,9.651663,4.980986,6.196654,13.107055,13.366023,11.581636,
0.884968,1.503898,2.094002,2.187164,2.640567,8.374321,4.550973,6.196654,10.929955,13.366023,12.735580,
0.884968,1.503898,2.094002,2.187164,2.640567,11.615781,4.550973,6.196654,10.929955,12.541380,12.735580,
0.884968,1.446803,2.094002,2.187164,2.640567,11.615781,4.550973,6.196654,10.929955,12.541380,12.735580,
0.884968,1.446803,2.094002,2.187164,2.640567,11.615781,4.550973,6.196654,10.929955,12.541380,12.735580,
0.884968,1.446803,2.094002,2.187164,2.640567,11.615781,4.550973,6.196654,10.929955,12.541380,12.735580,
0.884968,1.446803,2.094002,2.187164,2.640567,11.615781,5.227483,6.196654,10.929955,12.541380,12.735580,
0.884968,1.446803,2.094002,2.187164,2.640567,11.615781,5.227483,6.196654,10.929955,12.541380,11.421524,
0.884968,1.446803,2.094002,2.187164,2.640567,11.615781,5.227483,6.196654,10.929955,12.541380,16.789452,
0.884968,1.446803,2.094002,2.187164,2.640567,9.727647,5.227483,6.196654,15.281247,12.541380,16.789452,
0.884968,1.446803,2.094002,2.187164,2.640567,9.727647,5.168896,6.196654,9.987736,12.541380,15.548917,
0.884968,1.303882,2.094002,2.187164,2.640567,14.471411,3.899580,6.196654,9.987736,13.292240,15.548917,
0.884968,1.303882,2.094002,2.187164,2.640567,15.773588,3.899580,5.858728,10.633534,9.470802,15.548917,
0.884968,1.303882,2.094002,2.187164,2.640567,15.773588,3.899580,5.858728,10.633534,9.470802,15.548917,
0.884968,1.303882,2.094002,2.187164,2.640567,15.773588,3.899580,5.858728,9.468893,9.470802,15.548917,
0.884968,1.303882,2.094002,2.187164,2.640567,15.773588,3.899580,5.858728,9.468893,9.470802,15.548917,
0.884968,1.303882,2.094002,2.187164,2.640567,13.914640,3.899580,5.858728,8.291540,9.470802,15.548917,
0.884968,1.303882,2.094002,2.187164,2.640567,17.814742,3.899580,6.015889,4.683887,9.449893,15.548917,
0.884968,1.303882,2.094002,2.187164,2.640567,17.814742,3.899580,6.557025,11.303545,9.449893,14.319821,
0.884968,1.303882,2.094002,2.187164,2.640567,18.108195,3.899580,6.557025,11.622430,9.449893,10.647166,
0.884968,1.303882,2.346080,2.187164,2.640567,22.025089,3.899580,6.557025,11.622430,9.449893,12.040472,
0.884968,1.303882,2.346080,2.187164,2.640567,27.710216,3.899580,6.557025,11.087286,9.449893,12.175207,
0.884968,1.303882,2.346080,2.187164,2.640567,30.723471,3.899580,6.557025,18.366222,10.631403,12.175207,
0.884968,1.303882,1.894376,2.187164,2.640567,22.835966,3.899580,6.557025,18.366222,10.631403,12.175207,
0.884968,1.303882,1.894376,1.978140,2.640567,23.726544,3.899580,6.557025,17.690918,10.631403,12.175207,
0.884968,1.303882,1.894376,1.978140,2.640567,23.726544,3.899580,6.557025,17.690918,10.631403,12.175207,
0.884968,1.303882,1.894376,1.978140,2.640567,23.726544,3.899580,6.557025,14.258775,10.631403,12.175207,
0.884968,1.303882,1.894376,1.978140,2.640567,20.160683,3.899580,6.557025,14.258775,10.631403,12.175207,
0.884968,1.303882,1.894376,2.428891,2.640567,20.160683,3.899580,6.557025,10.996380,10.631403,12.175207,
0.884968,1.303882,1.894376,2.428891,2.640567,21.438422,3.899580,6.557025,8.195407,10.631403,12.175207,
0.884968,1.303882,1.894376,2.428891,2.712229,15.186215,3.899580,6.557025,9.122365,10.631403,12.175207,
0.884968,1.303882,1.894376,2.428891,2.712229,15.186215,3.899580,6.557025,9.122365,10.631403,12.175207,
0.884968,1.303882,1.894376,2.428891,2.712229,15.186215,3.899580,6.557025,9.122365,10.631403,12.175207,
0.884968,1.303882,1.894376,2.428891,2.712229,15.186215,3.899580,6.557025,9.122365,10.631403,12.175207,
0.884968,1.303882,1.894376,2.428891,2.712229,13.379140,3.899580,6.774425,9.122365,9.523688,12.175207,
0.884968,1.303882,1.894376,2.428891,2.712229,18.756761,3.899580,6.774425,9.122365,8.737326,13.297903,
0.884968,1.303882,1.894376,2.428891,2.712229,18.756761,3.899580,6.774425,9.622129,11.590741,13.297903,
0.884968,1.303882,1.894376,2.428891,2.712229,16.709759,3.899580,6.774425,7.808231,11.751564,11.858540,
0.884968,1.303882,1.894376,2.428891,2.712229,15.925141,3.899580,6.774425,8.030986,11.751564,11.858540,
0.884968,1.303882,1.894376,2.428891,2.712229,15.925141,3.899580,6.774425,8.030986,11.751564,11.858540,
0.884968,1.303882,2.048707,2.428891,2.712229,15.925141,3.899580,6.774425,8.030986,11.751564,11.858540,
0.884968,1.303882,2.048707,2.428891,2.712229,15.925141,3.899580,6.774425,8.030986,12.657558,8.683253,
0.884968,1.303882,2.048707,2.428891,2.712229,15.925141,3.899580,6.774425,10.063593,12.657558,11.815737,
0.884968,1.303882,2.048707,2.428891,2.712229,18.516538,3.899580,6.561430,10.063593,9.641164,11.815737,
0.884968,1.303882,2.048707,2.404032,2.712229,20.868092,4.088916,6.561430,9.862609,9.641164,11.815737,
0.884968,1.303882,2.048707,2.404032,2.712229,22.745534,4.088916,6.561430,9.862609,9.641164,11.815737,
0.884968,1.303882,2.151726,2.404032,2.712229,22.745534,4.088916,6.561430,6.280273,9.641164,11.492168,
0.884968,1.303882,2.151726,2.404032,2.712229,20.669578,4.088916,6.561430,6.280273,9.641164,11.492168,
0.884968,1.303882,2.151726,2.404032,3.101036,20.669578,4.088916,6.561430,6.280273,9.641164,11.492168,
0.884968,1.303882,2.151726,2.404032,3.101036,20.669578,4.088916,6.561430,6.280273,9.413581,11.492168,
0.884968,1.303882,2.151726,2.404032,3.101036,14.723080,4.088916,6.561430,6.280273,9.413581,11.505646,
0.884968,1.303882,2.151726,2.404032,3.101036,14.723080,4.088916,6.561430,12.327034,9.413581,12.373771,
0.884968,1.303882,2.151726,2.404032,3.101036,14.723080,4.088916,6.315702,12.327034,12.550594,12.373771,
0.884968,1.303882,2.151726,2.404032,3.101036,15.427594,4.088916,6.315702,12.327034,12.550594,12.373771,
0.884968,1.303882,2.151726,2.404032,3.101036,17.775549,4.088916,6.315702,12.327034,12.550594,12.373771,
0.884968,1.303882,2.151726,2.404032,3.101036,18.880903,4.088916,6.315702,12.327034,12.550594,9.237543,
0.884968,1.303882,2.151726,2.404032,3.101036,20.997859,4.088916,6.315702,19.450924,12.925424,7.973229,
0.884968,1.303882,2.144007,2.404032,3.101036,20.997859,4.230353,6.315702,18.963215,13.761376,8.698070,
0.884968,1.303882,1.770410,2.404032,3.101036,20.997859,5.592488,6.315702,18.963215,13.761376,8.698070,
0.884968,1.303882,1.770410,2.404032,3.673779,20.997859,5.472832,6.315702,11.726874,13.761376,8.698070,
1.011429,1.303882,1.770410,2.404032,3.673779,20.997859,5.472832,6.315702,7.742040,13.761376,10.305305,
1.011429,1.303882,1.770410,2.404032,3.673779,20.997859,5.472832,6.315702,8.281168,13.761376,10.305305,
1.011429,1.303882,1.770410,2.404032,3.673779,20.405283,5.472832,5.864915,11.124407,17.301619,7.562248,
1.011429,1.303882,1.770410,2.404032,3.673779,20.275310,5.472832,5.864915,9.071263,19.153682,7.562248,
1.011429,1.303882,1.770410,2.765014,3.673779,18.428625,5.472832,5.864915,6.104095,19.153682,7.562248,
1.011429,1.303882,1.770410,2.765014,3.673779,18.428625,6.515711,5.864915,12.172983,17.289170,8.687164,
1.011429,1.303882,1.770410,2.765014,3.673779,18.428625,6.515711,5.864915,12.172983,21.104586,8.687164,
1.011429,1.328459,1.770410,2.765014,3.673779,16.338237,6.515711,5.864915,12.172983,23.277811,8.687164,
1.011429,1.328459,1.747148,4.166427,3.673779,12.955704,6.515711,5.864915,12.172983,23.277811,8.687164,
1.011429,1.328459,1.747148,4.166427,3.673779,6.957073,6.515711,5.864915,12.172983,23.277811,8.687164,
1.011429,1.328459,1.747148,3.415012,3.673779,6.957073,7.980641,5.864915,12.303643,23.277811,5.558818,
1.011429,1.328459,1.747148,3.415012,3.482780,10.925570,7.980641,5.864915,12.303643,23.277811,5.558818,
1.011429,1.328459,1.747148,3.415012,3.482780,10.925570,7.980641,5.864915,12.303643,28.796185,5.558818,
1.011429,1.328459,1.747148,3.415012,3.482780,10.925570,7.980641,5.864915,12.303643,28.796185,5.558818,
1.011429,1.328459,1.747148,3.415012,3.482780,7.991925,7.980641,5.864915,12.303643,27.279907,5.558818,
1.011429,1.328459,1.681984,3.415012,3.482780,13.994159,7.626370,5.864915,15.992378,27.279907,5.558818,
1.011429,1.328459,1.681984,3.656369,3.482780,13.994159,7.626370,5.864915,15.992378,27.279907,5.558818,
1.011429,1.328459,1.681984,3.656369,3.482780,13.994159,7.626370,6.021815,15.992378,27.279907,5.558818,
1.011429,1.328459,1.681984,3.656369,3.482780,13.994159,7.626370,6.021815,15.424681,27.279907,8.946305,
1.011429,1.328459,1.681984,2.546650,3.482780,8.239347,7.626370,5.752865,15.424681,27.279907,8.946305,
1.011429,1.328459,1.681984,2.546650,3.482780,8.239347,7.626370,5.752865,14.477039,28.334242,11.182605,
1.011429,1.328459,1.723747,2.546650,3.844065,5.310064,8.295974,5.752865,14.477039,28.334242,11.182605,
1.011429,1.328459,1.723747,2.546650,3.844065,7.053206,8.295974,5.752865,11.252617,24.596089,6.601171,
1.011429,1.328459,1.723747,2.546650,3.844065,7.053206,8.295974,5.752865,11.252617,24.596089,6.601171,
1.011429,1.328459,1.723747,2.546650,3.844065,7.053206,8.295974,5.752865,11.252617,24.596089,6.601171,
1.011429,1.328459,1.723747,2.546650,3.844065,7.053206,8.295974,5.752865,10.136169,24.596089,4.730683,
1.011429,1.328459,1.723747,2.546650,3.844065,7.053206,8.295974,5.752865,12.881040,23.135555,4.730683,
1.011429,1.328459,1.723747,2.546650,3.844065,13.369722,8.295974,5.752865,12.881040,23.135555,4.730683,
1.011429,1.328459,1.723747,2.546650,3.844065,13.369722,8.295974,5.752865,12.881040,23.135555,9.013986,
1.011429,1.328459,1.723747,2.546650,3.844065,11.129960,8.295974,5.752865,11.433253,25.639103,9.013986,
1.011429,1.328459,1.723747,2.546650,4.077407,11.129960,7.607282,5.752865,13.754971,23.662587,9.013986,
1.011429,1.328459,1.723747,2.546650,4.077407,10.764699,7.607282,5.752865,13.754971,23.662587,9.013986,
1.011429,1.328459,1.723747,2.546650,4.077407,6.367033,7.607282,5.752865,9.568031,23.662587,9.638202,
1.011429,1.328459,1.723747,2.546650,4.077407,6.367033,7.607282,5.752865,9.568031,23.662587,8.895603,
1.011429,1.328459,1.723747,2.546650,3.302782,6.367033,7.607282,5.752865,9.568031,23.662587,8.895603,
1.011429,1.328459,1.723747,2.546650,3.302782,4.098200,7.607282,5.752865,11.371769,25.378622,8.895603,
1.011429,1.328459,1.723747,1.957139,3.302782,6.027804,7.607282,5.752865,11.371769,25.442369,8.894543,
1.011429,1.328459,1.723747,1.957139,3.302782,6.027804,7.607282,5.752865,7.000544,21.475219,12.705919,
1.011429,1.328459,1.723747,1.957139,3.302782,10.111123,7.607282,5.752865,7.000544,21.475219,12.705919,
1.011429,1.328459,1.723747,2.820595,3.302782,10.111123,7.607282,5.752865,4.255975,21.475219,12.705919,
1.011429,1.328459,1.723747,2.820595,3.302782,10.111123,7.607282,5.752865,4.255975,21.475219,12.705919,
1.011429,1.328459,1.723747,2.820595,3.302782,10.111123,6.688269,5.752865,8.331815,21.475219,12.705919,
1.011429,1.328459,1.723747,2.820595,3.302782,12.202662,6.688269,5.752865,8.331815,21.475219,9.542838,
1.011429,1.328459,1.723747,2.820595,3.302782,11.536302,6.688269,5.752865,9.318884,21.475219,9.542838,
1.011429,1.328459,1.723747,2.820595,3.302782,11.536302,6.688269,5.752865,9.318884,20.555992,9.542838,
1.011429,1.328459,1.723747,2.820595,3.302782,11.536302,6.688269,5.752865,9.318884,20.555992,9.542838,
1.011429,1.328459,1.723747,2.820595,3.302782,6.448292,6.688269,5.752865,9.318884,23.050462,9.542838,
1.011429,1.328459,1.723747,2.820595,3.302782,8.640696,6.688269,5.752865,9.196328,22.744205,9.542838,
1.011429,1.328459,1.723747,2.820595,3.302782,6.839889,6.688269,5.752865,9.196328,22.744205,9.542838,
1.011429,1.328459,1.723747,1.785026,3.302782,6.839889,6.688269,5.752865,9.196328,18.686448,9.542838,
1.011429,1.275579,1.723747,1.785026,3.302782,8.824046,5.643809,5.752865,8.924425,18.686448,9.542838,
1.011429,1.275579,1.723747,1.785026,3.302782,8.824046,5.643809,5.752865,8.924425,18.686448,9.542838,
1.011429,1.275579,1.723747,2.140941,3.302782,7.670959,5.643809,5.752865,8.924425,18.686448,9.542838,
1.011429,1.275579,1.723747,3.877916,3.302782,9.888844,6.384924,5.752865,8.924425,18.686448,9.542838,
1.011429,1.275579,1.723747,2.313924,3.302782,9.888844,6.384924,5.752865,6.457559,18.686448,9.783854,
1.011429,1.275579,1.723747,2.313924,3.302782,8.387408,6.384924,5.752865,6.457559,18.245309,9.783854,
1.011429,1.275579,2.024136,2.313924,3.302782,3.518197,6.384924,5.752865,4.908334,18.245309,9.309821,
1.011429,1.275579,2.024136,2.313924,3.302782,3.518197,6.384924,5.752865,5.888955,18.245309,10.218762,
1.011429,1.275579,2.024136,2.313924,3.302782,5.357856,6.384924,5.752865,8.272048,14.797423,10.218762,
1.011429,1.275579,2.024136,2.313924,2.456106,8.645349,6.384924,5.752865,6.393933,15.252760,16.241912,
1.011429,1.275579,2.024136,2.809029,2.456106,8.912847,6.384924,5.752865,11.720885,15.827310,17.963202,
1.011429,1.275579,2.024136,2.809029,2.456106,8.912847,6.384924,5.752865,11.917594,16.400247,12.728348,
1.011429,1.275579,2.024136,2.809029,2.456106,5.469000,6.384924,5.752865,11.917594,16.400247,12.498870,
1.011429,1.275579,2.024136,2.809029,2.456106,5.469000,5.069232,5.752865,14.273558,16.400247,12.498870,
1.011429,1.275579,2.024136,2.809029,2.456106,4.658493,5.069232,5.752865,14.273558,12.474248,12.498870,
1.011429,1.275579,2.024136,2.809029,2.456106,4.658493,5.069232,5.752865,14.273558,12.474248,12.498870,
1.011429,1.275579,2.024136,2.809029,2.456106,2.783512,5.371103,5.752865,12.493720,12.518952,9.337239,
1.011429,1.275579,2.024136,3.639306,3.608264,10.732492,5.371103,5.752865,12.493720,12.518952,9.337239,
1.011429,1.275579,2.024136,3.639306,3.608264,10.732492,5.371103,5.752865,12.493720,12.518952,9.337239,
1.011429,1.275579,2.024136,2.726639,3.608264,10.732492,5.371103,5.752865,12.493720,12.518952,9.337239,
1.011429,1.275579,2.024136,2.726639,3.608264,10.732492,5.371103,6.289997,11.416349,16.414937,9.337239,
1.011429,1.275579,2.024136,2.416845,3.608264,5.791471,5.371103,6.289997,6.289519,16.414937,9.337239,
1.011429,1.275579,2.024136,2.416845,3.608264,5.791471,5.371103,6.289997,8.094076,16.414937,5.472673,
1.011429,1.275579,2.024136,2.580807,3.608264,5.823102,5.371103,6.289997,8.094076,16.849936,5.472673,
1.011429,1.275579,2.024136,2.272828,3.608264,5.823102,5.371103,6.289997,8.094076,16.849936,5.472673,
1.011429,1.275579,2.024136,2.272828,3.608264,5.823102,5.371103,6.289997,8.094076,16.849936,5.472673,
1.011429,1.275579,2.024136,2.362623,3.608264,5.823102,5.371103,6.289997,8.094076,16.849936,5.472673,
1.011429,1.275579,2.024136,2.362623,3.608264,5.823102,5.371103,6.289997,12.516805,18.447172,5.472673,
1.011429,1.275579,2.024136,2.362623,3.608264,8.000825,5.371103,6.289997,7.133251,18.447172,5.472673,
1.011429,1.275579,2.024136,2.362623,3.608264,8.000825,5.371103,6.289997,2.946393,18.447172,5.472673,
1.011429,1.275579,2.024136,2.362623,3.608264,3.989277,5.371103,6.289997,6.624969,18.447172,5.472673,
1.011429,1.275579,2.024136,2.362623,3.608264,5.035935,5.371103,6.289997,6.624969,18.447172,5.472673,
1.011429,1.275579,2.024136,2.362623,3.608264,5.035935,5.371103,6.289997,6.624969,18.447172,5.472673,
1.011429,1.275579,2.024136,2.362623,3.608264,2.716568,5.371103,6.289997,6.624969,18.447172,5.472673,
1.011429,1.275579,2.024136,2.362623,3.608264,2.716568,5.371103,6.289997,6.624969,18.447172,5.472673,
1.011429,1.275579,2.024136,2.362623,3.608264,4.813320,5.371103,6.354183,6.624969,18.447172,5.472673,
1.011429,1.823333,2.024136,2.362623,3.608264,4.813320,5.371103,6.354183,7.191554,18.447172,5.472673,
1.011429,1.823333,2.024136,2.362623,3.608264,7.442418,5.371103,6.354183,3.718813,18.447172,5.472673,
1.011429,1.823333,2.024136,2.362623,3.608264,1.203012,5.371103,6.354183,6.738575,18.447172,5.472673,
1.011429,1.823333,2.024136,2.362623,3.608264,3.652846,5.371103,6.354183,6.958928,18.447172,5.472673,
1.011429,1.823333,2.024136,1.524073,3.608264,3.652846,5.371103,6.354183,3.591165,18.447172,5.472673,
1.011429,1.823333,2.024136,1.524073,3.608264,3.652846,5.371103,6.354183,9.267907,18.447172,3.857049,
1.011429,1.510332,2.024136,2.545321,3.608264,4.510813,5.371103,6.354183,12.750753,18.447172,3.857049,
1.011429,1.510332,2.024136,2.341390,3.608264,5.592382,5.371103,6.354183,16.445280,17.860792,3.857049,
1.011429,1.510332,2.024136,2.341390,2.901376,8.333938,5.371103,6.354183,16.445280,17.860792,6.617277,
0.997146,1.510332,2.024136,2.341390,2.901376,8.333938,5.371103,6.354183,16.445280,17.860792,6.617277,
0.997146,1.510332,2.024136,2.307860,2.901376,5.107715,5.371103,6.354183,16.445280,17.440682,6.318535,
0.997146,1.510332,2.024136,2.307860,2.901376,4.461841,5.371103,6.354183,13.657830,17.440682,6.318535,
0.997146,1.510332,2.024136,2.185183,2.901376,8.852563,5.106473,6.354183,20.519196,17.440682,6.318535,
0.997146,1.510332,2.024136,2.185183,2.901376,8.852563,5.106473,6.354183,19.380264,17.440682,6.318535,
0.997146,1.510332,2.024136,2.185183,2.901376,13.479627,5.106473,6.354183,12.916175,18.913267,6.318535,
0.997146,1.510332,2.024136,2.185183,2.901376,12.977067,5.106473,6.354183,6.877690,18.913267,6.318535,
0.997146,1.510332,2.024136,2.418586,2.901376,12.977067,5.106473,6.354183,6.877690,18.913267,6.318535,
0.997146,1.510332,2.024136,2.418586,3.585274,13.970437,5.106473,6.354183,6.877690,18.913267,6.504492,
0.997146,1.510332,2.024136,2.418586,3.585274,15.742244,5.106473,6.354183,6.877690,18.913267,6.504492,
0.997146,1.430683,2.024136,2.418586,3.328677,12.154568,5.106473,6.354183,6.877690,18.913267,6.504492,
0.997146,1.430683,2.024136,1.968617,3.328677,12.154568,5.106473,6.354183,6.877690,15.219954,6.504492,
0.997146,1.430683,2.024136,1.968617,3.328677,7.297222,5.106473,6.597312,6.877690,19.498077,6.504492,
0.997146,1.430683,2.024136,1.968617,3.328677,7.297222,5.106473,6.597312,6.768415,19.498077,6.504492,
0.997146,1.430683,2.024136,1.968617,3.328677,7.343642,5.106473,6.597312,10.484525,18.910946,6.504492,
0.997146,1.430683,2.024136,1.968617,3.328677,7.343642,5.106473,6.597312,12.882343,15.316804,6.504492,
0.997146,1.430683,2.024136,1.968617,3.328677,3.922684,5.106473,6.597312,9.921326,15.316804,5.600252,
0.997146,1.979159,2.024136,1.968617,3.328677,3.896572,5.106473,6.597312,9.921326,15.316804,9.113055,
0.997146,1.979159,2.024136,1.924365,3.328677,3.753558,5.152377,5.931911,9.921326,15.316804,9.113055,
0.997146,1.678299,2.024136,1.924365,3.328677,3.753558,5.152377,5.931911,9.921326,15.316804,9.113055,
0.997146,1.678299,2.024136,1.924365,3.328677,3.286387,5.152377,5.931911,9.921326,15.316804,9.113055,
0.997146,1.678299,2.024136,1.924365,3.328677,3.286387,5.152377,5.931911,7.621551,15.316804,9.113055,
0.997146,1.678299,2.024136,1.924365,3.328677,5.436331,5.152377,5.931911,7.621551,15.316804,9.113055,
0.997146,1.678299,1.684714,1.924365,3.328677,5.436331,5.152377,5.931911,7.621551,15.316804,11.598998,
0.997146,1.678299,1.684714,1.924365,3.328677,5.436331,5.152377,5.931911,7.620778,15.316804,11.598998,
0.997146,1.678299,1.684714,1.924365,3.328677,5.436331,5.152377,5.931911,6.034722,14.243155,11.598998,
0.997146,1.678299,1.684714,1.924365,3.328677,5.436331,5.152377,5.931911,6.034722,14.243155,11.598998,
0.997146,1.678299,1.684714,1.924365,3.328677,3.565342,5.152377,5.931911,6.034722,14.243155,11.598998,
0.997146,1.678299,1.684714,1.924365,3.328677,3.932072,5.152377,5.931911,11.611113,14.243155,11.598998,
0.997146,1.678299,1.684714,1.924365,3.328677,3.932072,5.152377,5.931911,9.001282,14.243155,11.598998,
0.997146,1.678299,1.684714,1.924365,3.328677,3.580726,5.152377,5.931911,9.001282,14.243155,11.598998,
0.997146,1.678299,1.684714,1.924365,3.328677,3.580726,5.152377,5.931911,9.001282,12.789599,11.598998,
0.997146,1.678299,1.684714,1.924365,3.328677,3.580726,5.152377,5.931911,9.001282,12.789599,11.598998,
0.997146,1.678299,1.684714,1.924365,3.328677,3.580726,5.152377,5.931911,5.301157,14.016559,13.209142,
0.997146,1.678299,1.684714,1.924365,3.328677,9.445410,5.152377,5.931911,3.933408,14.016559,13.209142,
0.997146,1.678299,1.684714,1.924365,4.301206,9.445410,5.152377,5.931911,7.649431,14.016559,9.833655,
0.997146,1.678299,1.684714,1.924365,4.106689,11.084203,4.642463,5.931911,7.649431,14.016559,12.035688,
0.997146,1.678299,1.684714,1.924365,4.106689,11.084203,5.228406,5.931911,7.649431,14.878638,8.782466,
0.997146,1.678299,1.684714,2.496406,4.106689,11.084203,5.228406,5.931911,7.649431,14.878638,8.782466,
0.997146,1.678299,1.684714,1.313291,4.106689,11.015098,5.228406,5.931911,7.649431,14.878638,11.143111,
0.997146,3.458604,1.684714,1.313291,4.106689,14.918742,5.228406,5.931911,7.649431,14.878638,12.439202,
0.997146,2.999929,1.684714,1.313291,4.106689,12.972674,5.228406,5.931911,7.649431,14.878638,12.439202,
0.997146,2.999929,1.684714,1.313291,4.106689,11.368159,5.228406,5.931911,7.649431,14.878638,13.712721,
0.997146,2.999929,1.684714,1.313291,3.628423,5.218817,5.228406,5.931911,7.649431,14.878638,10.243129,
0.997146,2.999929,1.888019,1.313291,3.628423,5.218817,5.228406,5.931911,7.649431,14.878638,10.243129,
0.997146,2.999929,1.888019,1.313291,3.628423,5.218817,5.228406,5.931911,7.932317,14.878638,10.243129,
0.997146,2.999929,1.888019,1.313291,3.628423,5.218817,5.228406,5.931911,7.932317,14.878638,11.671025,
0.997146,2.396601,1.888019,1.313291,3.628423,9.137797,5.228406,5.931911,7.932317,14.878638,11.639719,
0.997146,2.489224,1.888019,1.313291,3.628423,11.315989,5.228406,5.931911,6.902664,14.878638,11.639719,
0.997146,2.489224,1.888019,1.313291,3.628423,14.016289,5.228406,5.931911,6.902664,15.470920,11.639719,
0.997146,2.489224,1.888019,1.313291,3.628423,13.105099,5.228406,5.931911,9.090751,15.470920,10.657658,
0.997146,2.489224,1.888019,1.313291,3.628423,13.105099,5.228406,5.931911,12.068423,15.470920,10.657658,
0.997146,2.489224,1.888019,1.313291,3.628423,13.105099,5.228406,5.931911,14.175650,15.470920,10.657658,
0.997146,2.489224,1.888019,1.313291,3.628423,11.441212,5.228406,5.931911,14.175650,15.470920,10.657658,
0.997146,2.489224,1.888019,1.313291,3.628423,11.441212,5.228406,5.931911,12.645867,15.470920,9.552471,
0.997146,2.761141,1.888019,1.313291,3.628423,11.441212,5.228406,5.931911,13.900526,15.470920,9.552471,
0.997146,2.761141,1.888019,1.313291,3.628423,8.862348,5.228406,5.931911,8.378923,15.470920,8.643054,
0.997146,2.761141,1.888019,1.313291,3.628423,12.343582,5.228406,5.931911,8.378923,18.882239,10.475990,
0.997146,2.761141,1.888019,1.526876,3.628423,8.736932,5.228406,5.931911,5.539068,18.882239,10.475990,
0.997146,2.761141,1.888019,1.526876,3.628423,8.736932,5.228406,5.931911,5.539068,18.882239,10.475990,
0.997146,2.761141,1.888019,1.526876,3.628423,10.241781,5.228406,5.931911,5.539068,18.882239,10.475990,
0.997146,2.761141,1.888019,1.526876,3.628423,10.241781,4.837849,5.931911,5.539068,14.183720,10.475990,
0.997146,3.365437,1.888019,1.526876,3.628423,3.166178,4.837849,5.931911,5.038507,14.183720,8.971886,
0.997146,4.574357,1.888019,1.526876,3.628423,6.358627,4.837849,5.931911,11.602213,14.183720,8.971886,
0.997146,4.574357,1.888019,1.526876,3.628423,6.358627,4.837849,5.931911,11.602213,14.183720,8.971886,
0.997146,3.681922,1.888019,1.526876,3.496909,2.776201,4.837849,5.931911,10.395699,14.183720,8.971886,
0.997146,3.681922,1.888019,1.526876,3.496909,2.776201,4.837849,5.931911,10.395699,14.183720,8.441828,
0.997146,3.681922,1.888019,1.526876,3.496909,7.995429,4.837849,5.931911,10.395699,14.183720,8.441828,
0.997146,3.681922,1.888019,1.526876,3.496909,7.995429,4.837849,5.931911,10.395699,15.502023,8.441828,
0.997146,3.681922,1.888019,1.526876,3.496909,7.995429,4.837849,5.931911,8.471569,15.502023,8.441828,
0.997146,3.681922,1.888019,1.526876,3.496909,7.995429,4.550458,5.931911,8.471569,13.794241,8.441828,
0.997146,3.681922,1.888019,1.526876,3.496909,11.206415,4.550458,5.931911,8.471569,13.794241,9.657342,
0.997146,3.837011,1.888019,1.526876,3.496909,12.420100,4.550458,6.651171,8.936348,13.794241,9.657342,
0.997146,2.033834,1.888019,1.526876,3.496909,7.611523,4.550458,6.651171,7.263020,13.794241,9.657342,
0.997146,2.033834,1.888019,1.526876,3.496909,7.611523,4.550458,6.651171,2.571598,13.794241,9.657342,
0.997146,2.033834,1.888019,1.526876,3.496909,7.611523,4.550458,6.651171,4.655651,15.113495,8.726323,
0.997146,2.033834,1.888019,1.526876,3.496909,4.833106,4.550458,6.651171,4.210824,15.113495,8.726323,
0.997146,2.033834,1.888019,1.526876,3.496909,4.256414,4.550458,6.651171,7.175993,15.113495,6.946472,
0.997146,2.033834,1.888019,1.526876,3.496909,1.592602,4.550458,6.651171,7.175993,15.113495,6.946472,
0.997146,2.033834,1.888019,1.526876,3.496909,1.827525,4.550458,6.227158,7.175993,15.113495,6.946472,
0.997146,2.033834,1.888019,1.526876,3.496909,3.276956,4.550458,6.227158,7.175993,15.113495,9.357666,
0.997146,2.033834,1.888019,1.526876,3.496909,6.295896,4.550458,6.227158,5.732536,12.882755,11.378038,
0.997146,2.033834,1.888019,1.526876,3.496909,3.304339,4.550458,6.227158,5.732536,15.836729,11.378038,
0.997146,2.033834,1.888019,1.526876,3.496909,4.183386,5.663053,6.227158,5.732536,15.836729,11.378038,
0.997146,2.101137,1.888019,1.526876,3.496909,11.293789,5.663053,6.227158,5.732536,15.836729,5.796013,
0.997146,2.101137,1.888019,1.526876,3.496909,12.513502,5.663053,6.227158,5.732536,18.410257,5.796013,
0.997146,2.101137,1.888019,1.526876,3.496909,8.627831,5.863961,6.227158,5.732536,18.410257,5.796013,
0.997146,2.101137,1.888019,1.526876,3.496909,9.955079,6.017416,6.227158,5.732536,21.719389,5.796013,
0.997146,2.101137,1.888019,1.526876,3.496909,7.561190,6.035155,6.227158,5.732536,21.719389,5.796013,
0.997146,2.101137,1.888019,1.526876,3.496909,5.140938,7.435724,6.227158,5.732536,21.719389,5.796013,
0.997146,2.101137,1.888019,1.526876,3.496909,4.485782,7.435724,6.227158,5.732536,25.129497,5.796013,
0.997146,2.101137,1.888019,1.526876,3.496909,4.485782,7.435724,6.227158,4.848890,29.695690,5.796013,
0.997146,2.101137,1.888019,1.526876,3.496909,1.867535,8.823735,6.209864,4.848890,29.695690,5.796013,
0.997146,2.101137,1.888019,1.526876,3.496909,1.867535,8.823735,6.209864,4.654711,29.695690,5.796013,
0.997146,2.101137,1.888019,1.526876,3.496909,1.867535,8.823735,6.209864,4.654711,32.080202,3.616793,
0.997146,2.101137,1.888019,1.526876,3.496909,1.867535,8.823735,6.209864,4.654711,32.080202,3.616793,
0.997146,2.101137,1.888019,1.526876,3.496909,3.541665,8.741050,6.209864,8.860188,32.080202,5.859600,
0.997146,2.101137,1.888019,1.526876,3.496909,3.541665,8.741050,6.209864,8.860188,32.330353,5.859600,
0.997146,2.101137,1.888019,1.526876,3.496909,3.541665,8.741050,6.209864,8.860188,35.326486,5.859600,
0.997146,2.101137,1.888019,1.526876,3.496909,3.541665,8.741050,6.209864,8.860188,35.326486,5.859600,
0.997146,2.665690,1.888019,1.526876,3.496909,5.665513,8.741050,6.209864,6.952783,35.326486,5.859600,
0.997146,2.915181,1.888019,1.526876,3.496909,5.665513,8.741050,6.209864,6.952783,31.618608,5.859600,
0.997146,2.915181,1.888019,1.526876,3.496909,10.340940,8.628791,6.202697,4.816447,31.618608,5.859600,
0.997146,2.915181,1.888019,1.526876,3.496909,10.340940,8.628791,6.202697,7.321014,27.262759,5.859600,
0.997146,2.915181,1.888019,1.526876,3.496909,10.138852,8.628791,6.202697,7.321014,32.107278,5.859600,
0.997146,2.915181,1.888019,1.526876,3.496909,10.138852,8.628791,6.202697,10.868840,32.107278,5.859600,
0.997146,2.915181,1.888019,1.360448,3.496909,8.734217,9.087409,6.633665,6.362999,32.107278,5.859600,
0.997146,2.915181,1.888019,1.360448,3.406185,5.345509,9.087409,6.633665,4.085417,34.915649,2.023373,
0.997146,2.915181,1.888019,1.360448,3.406185,5.345509,9.087409,6.633665,4.659645,34.915649,2.965202,
0.997146,2.915181,1.888019,1.360448,3.406185,4.377618,8.597642,6.633665,2.600778,34.915649,2.965202,
0.997146,2.915181,1.888019,1.360448,3.077646,2.221922,8.597642,6.633665,2.600778,33.833933,2.965202,
0.997146,2.915181,1.888019,1.360448,3.077646,5.278504,8.597642,6.633665,2.600778,33.833933,2.965202,
0.946968,2.915181,1.888019,1.360448,3.077646,5.278504,8.597642,6.633665,8.550861,33.833933,2.965202,
0.946968,2.915181,1.888019,1.360448,3.077646,5.278504,8.597642,6.633665,8.550861,33.833933,2.965202,
0.946968,5.181965,1.888019,1.360448,3.077646,12.004265,8.597642,6.633665,8.550861,33.833933,2.965202,
0.946968,5.181965,1.888019,1.360448,3.077646,12.004265,8.597642,6.633665,8.550861,31.147643,2.965202,
0.946968,2.483225,1.888019,1.360448,3.077646,12.004265,8.597642,6.633665,6.026362,26.010301,9.976663,
0.946968,2.483225,1.888019,1.360448,3.077646,12.004265,8.597642,6.633665,5.530161,27.300973,8.732648,
0.946968,2.483225,1.888019,1.360448,3.077646,12.004265,8.597642,6.633665,8.783852,27.300973,8.258131,
0.946968,3.013350,1.888019,1.360448,3.077646,12.004265,8.597642,6.633665,14.994389,35.061086,7.837461,
0.946968,3.013350,1.888019,1.360448,3.077646,12.004265,8.543127,6.633665,14.994389,34.230466,8.863319,
0.946968,3.013350,1.888019,1.360448,3.077646,12.004265,8.543127,6.688141,11.331776,36.528432,8.863319,
0.946968,3.013350,1.888019,1.360448,3.077646,12.004265,8.543127,6.688141,11.331776,36.528432,8.863319,
0.946968,3.013350,1.888019,1.360448,3.077646,12.004265,8.543127,6.688141,11.331776,36.528432,8.863319,
0.946968,3.013350,1.888019,1.360448,3.077646,12.004265,8.543127,6.688141,11.331776,34.379230,8.863319,
0.946968,3.013350,1.888019,1.360448,3.077646,12.004265,8.543127,6.688141,7.907207,34.807389,8.863319,
0.946968,3.013350,1.888019,1.360448,3.077646,9.319498,8.543127,6.688141,7.907207,28.404144,8.863319,
0.946968,3.013350,1.888019,1.360448,3.077646,9.319498,8.543127,5.965129,9.893253,28.404144,8.863319,
0.946968,3.013350,1.888019,1.360448,3.077646,9.319498,8.543127,5.965129,9.893253,28.404144,10.665260,
0.946968,3.013350,1.888019,1.360448,3.077646,9.319498,8.543127,5.965129,10.807050,28.404144,10.665260,
0.946968,3.013350,1.809455,1.360448,3.077646,9.319498,8.543127,5.965129,14.241462,23.052741,10.665260,
0.946968,3.013350,1.809455,1.360448,3.077646,9.319498,8.543127,5.965129,14.241462,23.052741,10.665260,
0.946968,3.013350,1.922891,1.360448,3.077646,9.319498,8.543127,5.965129,14.241462,23.052741,10.665260,
0.946968,3.013350,1.922891,1.360448,3.077646,6.901535,8.543127,5.965129,18.568922,23.052741,10.665260,
0.946968,3.013350,1.922891,1.360448,3.077646,5.958263,8.543127,6.149814,18.568922,23.052741,10.665260,
0.946968,3.013350,1.922891,1.360448,3.077646,5.958263,8.543127,6.149814,18.568922,23.243692,12.910040,
0.946968,3.013350,1.922891,1.360448,3.077646,5.958263,8.543127,6.149814,18.568922,23.243692,10.544031,
0.946968,3.013350,1.922891,1.453862,3.077646,5.958263,8.543127,6.149814,14.406960,23.243692,11.519608,
0.946968,3.013350,1.922891,1.453862,3.077646,9.640357,8.543127,6.149814,9.563814,23.243692,11.519608,
0.946968,3.013350,1.922891,1.453862,3.077646,5.473755,8.543127,6.149814,9.563814,24.302606,11.519608,
0.946968,2.532194,1.922891,1.453862,3.077646,11.593491,8.543127,6.149814,9.563814,24.302606,11.519608,
0.946968,2.605077,1.922891,1.453862,3.077646,6.323923,8.543127,6.149814,9.563814,24.302606,9.725613,
0.946968,2.605077,1.922891,1.453862,3.077646,6.323923,8.543127,6.149814,9.563814,24.302606,9.725613,
0.946968,2.605077,1.922891,1.453862,3.077646,9.558628,9.113273,6.149814,9.563814,24.302606,9.725613,
0.946968,2.605077,1.922891,1.453862,3.077646,4.498132,7.840827,6.149814,6.327758,24.302606,9.725613,
0.946968,2.605077,1.922891,1.453862,3.077646,6.938751,7.840827,6.149814,6.327758,24.302606,9.725613,
0.946968,2.605077,1.922891,1.453862,3.077646,6.938751,7.840827,6.149814,6.327758,24.302606,8.547651,
0.951741,2.605077,1.922891,1.453862,3.077646,5.840394,7.840827,6.149814,11.428774,24.302606,8.547651,
0.951741,2.605077,1.922891,1.453862,3.077646,7.949285,7.840827,6.149814,8.510744,24.302606,11.346966,
0.951741,2.605077,1.922891,1.453862,3.077646,7.949285,7.840827,6.149814,8.510744,24.302606,11.346966,
0.951741,2.605077,1.922891,1.453862,3.077646,7.949285,7.840827,6.149814,8.510744,24.302606,11.346966,
0.951741,2.605077,1.922891,1.453862,3.077646,7.949285,7.840827,6.149814,8.510744,24.302606,13.405758,
0.951741,2.605077,1.922891,1.453862,3.077646,5.573917,7.840827,6.149814,16.855193,23.531843,13.405758,
0.951741,2.605077,1.922891,1.453862,3.077646,5.573917,7.840827,6.149814,16.855193,23.606514,13.405758,
0.951741,2.605077,1.922891,1.453862,3.077646,5.573917,7.840827,6.149814,16.855193,23.606514,13.405758,
0.951741,2.605077,1.922891,1.453862,3.077646,5.573917,7.840827,6.149814,12.003947,23.606514,13.405758,
0.951741,2.117923,1.922891,1.453862,3.077646,5.573917,7.840827,6.149814,5.358979,20.387802,12.568402,
0.951741,2.117923,1.922891,1.453862,3.077646,4.780165,7.044821,6.149814,2.732892,19.343522,12.568402,
0.951741,2.117923,1.922891,1.453862,3.077646,1.401901,7.044821,6.149814,2.211572,23.943335,12.568402,
0.951741,2.117923,1.922891,1.453862,3.077646,1.401901,7.044821,6.149814,4.215409,23.274384,12.711861,
0.951741,2.117923,1.922891,1.453862,3.077646,5.088830,7.044821,6.149814,9.976479,19.512679,9.049105,
0.951741,2.117923,1.922891,1.453862,3.077646,7.116288,7.044821,6.149814,7.537625,19.512679,9.049105,
0.951741,2.117923,1.922891,1.453862,3.077646,7.847903,7.044821,6.149814,7.537625,19.512679,9.049105,
0.951741,2.855449,1.922891,1.453862,3.077646,7.847903,7.044821,6.149814,7.537625,19.512679,9.049105,
0.951741,2.855449,1.922891,1.453862,3.077646,7.847903,7.044821,6.149814,7.537625,19.784439,9.049105,
0.951741,2.855449,1.922891,1.453862,3.077646,2.375304,7.044821,6.149814,7.537625,20.121758,11.233843,
0.951741,2.855449,1.922891,1.453862,3.077646,2.375304,7.044821,6.149814,7.537625,20.121758,11.233843,
0.951741,2.855449,1.922891,1.453862,3.077646,9.379160,7.044821,6.149814,7.537625,20.121758,11.233843,
0.951741,2.855449,1.922891,1.453862,3.077646,9.379160,7.044821,6.149814,7.537625,20.121758,12.492256,
0.951741,1.583502,1.922891,1.453862,3.077646,11.298980,7.044821,6.149814,6.866602,20.121758,12.922132,
0.951741,1.583502,1.922891,1.453862,3.077646,10.845791,7.044821,6.149814,6.866602,17.341457,15.495756,
0.951741,1.583502,1.922891,1.453862,3.077646,17.779979,7.044821,6.149814,6.866602,16.983903,10.855184,
0.951741,2.704352,1.922891,1.453862,3.077646,13.368616,7.044821,6.149814,6.546063,18.880003,10.855184,
0.951741,2.214863,1.922891,1.453862,3.077646,13.368616,7.044821,6.149814,8.100173,18.880003,8.631826,
0.951741,2.214863,1.922891,1.453862,3.077646,9.534733,7.044821,6.149814,6.822850,18.880003,8.631826,
0.951741,2.214863,1.922891,1.453862,3.077646,9.534733,5.771862,6.149814,6.822850,15.394113,11.267538,
0.951741,2.214863,1.922891,1.453862,2.659084,9.534733,5.771862,6.149814,6.822850,15.394113,11.267538,
0.951741,2.214863,1.922891,1.453862,2.659084,10.797198,5.771862,6.149814,11.176826,15.827654,11.267538,
0.951741,1.664915,1.922891,1.453862,2.659084,10.797198,5.771862,6.149814,12.671244,15.827654,15.543072,
0.951741,1.664915,1.922891,1.920814,2.659084,12.943989,5.771862,6.149814,12.671244,15.827654,15.543072,
0.951741,1.664915,1.922891,1.920814,2.659084,12.943989,5.771862,6.149814,9.844424,15.827654,15.543072,
0.899589,1.664915,1.922891,1.920814,2.659084,21.081457,5.771862,6.149814,10.906991,15.827654,15.543072,
0.899589,1.664915,1.922891,1.920814,2.659084,21.081457,5.771862,6.149814,10.906991,16.574564,13.596098,
0.899589,1.664915,1.922891,1.920814,2.659084,18.283194,6.164462,6.149814,6.519306,16.574564,11.506760,
0.899589,1.664915,1.922891,1.920814,2.659084,19.514537,6.164462,6.149814,4.115094,15.844783,11.506760,
0.899589,1.664915,1.922891,1.920814,2.746379,19.582865,6.164462,6.149814,4.115094,15.844783,11.506760,
0.899589,1.664915,1.922891,1.920814,2.746379,19.582865,5.689798,6.149814,6.571001,15.844783,12.190103,
0.899589,1.664915,1.922891,1.920814,2.746379,22.537823,5.689798,6.149814,10.311678,15.844783,12.190103,
0.899589,1.664915,1.922891,1.920814,2.746379,26.263990,5.267041,6.149814,10.243726,15.844783,12.190103,
0.899589,1.664915,1.922891,1.920814,2.746379,26.263990,5.461607,6.149814,10.243726,15.844783,12.190103,
0.899589,1.664915,1.922891,1.920814,2.746379,20.520306,5.461607,6.149814,10.243726,15.844783,12.190103,
0.899589,1.359463,1.922891,1.817430,2.746379,21.221280,5.461607,6.149814,11.084139,15.844783,12.190103,
0.899589,1.359463,1.922891,1.817430,2.746379,16.272427,5.461607,6.149814,11.084139,17.083042,12.190103,
0.899589,1.359463,1.922891,1.817430,2.709168,18.251605,5.461607,6.149814,14.656502,17.083042,14.583432,
0.899589,1.359463,1.922891,1.817430,2.709168,18.251605,5.461607,6.149814,14.656502,14.828771,13.315972,
0.899589,1.359463,1.922891,1.817430,2.709168,17.498140,5.461607,6.149814,16.880354,16.655873,11.959989,
0.899589,1.359463,1.922891,1.817430,2.709168,19.174296,5.461607,6.149814,15.450767,16.655873,11.959989,
0.899589,1.359463,1.922891,2.173994,2.709168,12.394550,5.461607,6.149814,15.450767,18.282171,11.959989,
0.899589,1.359463,1.922891,2.370074,2.709168,12.394550,5.461607,6.149814,15.450767,18.282171,11.959989,
0.899589,1.359463,1.922891,1.640716,2.709168,12.394550,5.356030,6.149814,15.450767,16.175891,11.959989,
0.899589,1.359463,1.922891,1.640716,2.709168,12.394550,5.356030,6.149814,14.888605,16.175891,11.959989,
0.899589,1.359463,1.922891,1.640716,2.709168,8.690239,5.356030,6.149814,14.888605,16.175891,11.959989,
0.899589,1.487074,1.922891,1.640716,2.887260,6.979574,5.356030,6.149814,13.514661,16.195769,11.959989,
0.899589,1.487074,1.922891,1.640716,2.887260,6.979574,5.356030,6.149814,13.514661,16.856049,11.959989,
0.899589,1.487074,1.922891,1.640716,2.887260,15.613857,5.356030,6.149814,13.514661,16.856049,11.959989,
0.899589,1.487074,1.922891,1.640716,2.887260,15.613857,6.292220,6.149814,12.903222,16.856049,11.959989,
0.899589,1.487074,1.922891,1.640716,2.887260,14.399151,6.292220,6.149814,10.993112,22.837194,11.959989,
0.899589,1.487074,1.922891,1.640716,2.886025,14.399151,6.292220,6.149814,10.993112,20.010896,11.959989,
0.899589,1.487074,1.922891,1.640716,2.922277,14.105911,6.292220,6.149814,10.993112,20.010896,11.959989,
0.899589,1.487074,1.922891,1.640716,2.922277,14.105911,6.292220,6.149814,9.482625,20.010896,14.176716,
0.899589,1.487074,1.922891,1.640716,2.922277,14.105911,6.292220,6.149814,9.482625,20.744184,14.176716,
0.899589,1.487074,1.922891,1.640716,2.922277,14.105911,6.292220,6.149814,9.482625,20.744184,14.176716,
0.899589,1.487074,1.922891,1.640716,2.922277,11.857511,6.292220,6.149814,8.387436,20.936932,14.176716,
0.899589,1.487074,1.922891,1.640716,2.922277,5.545050,6.292220,6.149814,8.387436,21.130810,13.311471,
0.899589,1.487074,1.922891,1.640716,2.922277,2.908472,6.292220,6.149814,8.387436,16.959817,13.311471,
0.899589,1.487074,1.922891,1.640716,2.922277,2.908472,5.367823,6.149814,8.387436,16.959817,13.311471,
0.899589,1.487074,1.922891,1.640716,2.922277,6.469617,5.367823,6.149814,9.892457,16.959817,13.311471,
0.899589,1.487074,1.922891,1.640716,2.922277,6.469617,5.367823,6.149814,7.108886,16.959817,13.311471,
0.899589,1.487074,1.922891,1.640716,2.922277,6.469617,5.367823,6.149814,7.108886,16.959817,13.311471,
0.899589,1.487074,1.922891,1.640716,2.922277,6.233074,5.367823,6.149814,7.108886,16.959817,13.311471,
0.899589,1.373893,1.922891,1.640716,2.922277,7.170854,5.367823,6.149814,7.108886,16.959817,13.311471,
0.899589,1.373893,1.922891,1.640716,2.922277,5.507445,5.367823,6.149814,7.108886,16.959817,13.311471,
0.899589,1.448103,1.922891,1.640716,2.639760,3.521030,5.367823,6.149814,3.572930,12.553201,13.311471,
0.899589,1.448103,1.922891,1.640716,2.639760,1.379562,4.608282,6.149814,6.946699,12.553201,13.311471,
0.899589,1.448103,1.922891,1.640716,2.639760,4.687042,4.608282,6.149814,8.422247,12.553201,13.311471,
0.899589,1.505373,1.922891,2.182520,3.613852,4.687042,4.608282,6.149814,8.422247,12.553201,13.311471,
0.899589,1.505373,1.922891,2.182520,2.555517,4.687042,4.608282,6.149814,8.422247,12.553201,14.291518,
0.899589,1.505373,1.922891,2.182520,2.555517,4.687042,4.608282,6.149814,8.422247,12.553201,17.073432,
0.899589,1.505373,2.125927,2.182520,2.555517,4.687042,4.608282,6.193585,8.422247,12.553201,11.537057,
0.899589,1.166437,2.125927,2.182520,2.555517,4.687042,4.608282,6.193585,8.422247,12.553201,12.692307,
0.899589,1.166437,2.125927,2.182520,2.555517,8.482748,4.608282,6.193585,15.261592,12.553201,12.692307,
0.899589,1.375132,2.125927,2.182520,2.555517,8.482748,4.608282,6.193585,15.261592,12.553201,12.692307,
0.899589,1.375132,2.125927,2.182520,2.555517,12.869608,4.608282,6.193585,10.501654,12.553201,12.692307,
0.899589,1.375132,2.125927,2.182520,2.555517,12.869608,4.608282,6.193585,10.501654,12.553201,12.692307,
0.899589,1.375132,2.125927,2.182520,2.555517,12.869608,4.608282,6.193585,10.501654,11.799003,12.692307,
0.899589,1.375132,2.125927,2.182520,2.555517,16.454491,4.608282,6.193585,13.426433,11.799003,11.379323,
0.899589,1.375132,2.125927,2.182520,2.555517,10.355043,4.608282,6.193585,12.709203,11.799003,16.748050,
0.899589,1.375132,2.125927,2.182520,2.555517,8.546685,4.608282,6.193585,17.028855,11.799003,16.748050,
0.899589,1.375132,2.125927,2.182520,2.555517,8.546685,4.775810,6.193585,11.720460,11.799003,15.507607,
0.899589,1.289605,2.125927,2.182520,2.555517,13.352502,3.680710,6.193585,11.720460,12.567142,15.507607,
0.899589,1.289605,2.125927,2.182520,2.555517,14.664419,3.680710,5.856502,12.288893,8.772553,15.507607,
0.899589,1.289605,2.125927,2.182520,2.555517,16.237009,3.680710,5.856502,12.288893,8.772553,15.507607,
0.899589,1.289605,2.125927,2.182520,2.555517,16.237009,3.680710,5.856502,11.048647,8.772553,15.507607,
0.899589,1.289605,2.125927,2.182520,2.555517,16.237009,3.680710,5.856502,8.427870,8.772553,15.507607,
0.899589,1.289605,2.125927,2.182520,2.555517,14.376145,3.680710,5.856502,7.382453,8.772553,15.507607,
0.899589,1.289605,2.125927,2.182520,2.555517,18.273745,3.680710,5.856502,4.047595,8.820092,15.507607,
0.899589,1.289605,2.125927,2.182520,2.555517,18.273745,3.680710,6.438540,10.786417,8.820092,14.278716,
0.899589,1.289605,2.125927,2.182520,2.555517,18.566871,3.680710,6.438540,11.127038,8.820092,10.606755,
0.899589,1.289605,2.125927,2.182520,2.555517,22.483602,3.680710,6.438540,8.988582,8.820092,12.001803,
0.899589,1.289605,2.125927,2.182520,2.555517,28.168724,3.680710,6.438540,8.633193,8.820092,12.137599,
0.899589,1.289605,2.125927,2.182520,2.555517,31.181978,3.680710,6.438540,15.989822,10.052869,12.137599,
0.899589,1.289605,2.125927,2.182520,2.555517,23.294473,3.680710,6.438540,15.989822,10.052869,12.137599,
0.899589,1.289605,2.125927,1.976759,2.555517,23.294473,3.062774,6.438540,15.989822,7.359180,12.137599,
0.899589,1.289605,2.125927,1.976759,2.555517,23.294473,3.062774,6.438540,15.989822,7.359180,12.137599,
0.899589,1.289605,2.125927,1.976759,2.555517,13.841099,3.062774,6.438540,15.989822,7.359180,12.137599,
0.899589,1.289605,2.125927,1.976759,2.555517,10.309854,3.062774,6.438540,17.926856,7.359180,12.137599,
0.899589,1.289605,2.125927,2.428420,2.555517,7.418800,3.062774,6.438540,14.641270,7.359180,12.137599,
0.899589,1.289605,2.125927,2.428420,2.555517,9.056306,3.062774,6.438540,11.709850,7.359180,12.137599,
0.899589,1.289605,2.125927,2.428420,2.679563,9.056306,2.767476,6.438540,12.402878,7.359180,12.137599,
0.899589,1.289605,2.125927,2.428420,2.679563,9.056306,2.767476,6.438540,12.402878,7.359180,12.137599,
0.899589,1.289605,2.125927,2.428420,2.679563,9.817321,2.767476,6.438540,15.552358,7.359180,12.137599,
0.932364,1.289605,2.125927,2.428420,2.679563,9.817321,2.767476,6.438540,14.407185,7.359180,12.137599,
0.932364,1.289605,2.125927,2.428420,2.679563,8.211517,2.767476,6.438540,14.407185,6.661143,12.137599,
0.932364,1.289605,2.125927,2.428420,2.679563,13.738807,2.767476,6.438540,14.407185,6.334790,13.261127,
0.932364,1.289605,2.125927,2.428420,2.679563,13.738807,2.767476,6.438540,14.714880,6.334790,14.135532,
0.932364,1.289605,2.125927,2.428420,2.679563,11.717930,2.767476,6.438540,12.673701,6.334790,14.135532,
0.932364,1.289605,2.125927,2.428420,2.679563,11.717930,2.767476,6.438540,12.673701,6.334790,14.135532,
0.932364,1.289605,2.125927,2.428420,2.679563,11.717930,2.190282,6.438540,13.820206,6.334790,14.135532,
0.932364,1.289605,2.119412,2.428420,2.679563,9.908826,2.190282,6.438540,8.468088,6.334790,14.135532,
0.932364,1.289605,2.119412,2.428420,2.679563,9.908826,2.190282,6.438540,8.468088,6.334790,10.885698,
0.932364,1.289605,2.119412,2.428420,2.679563,9.908826,2.190282,6.438540,10.456717,6.334790,13.907083,
0.932364,1.289605,2.119412,3.016404,2.679563,12.600561,2.190282,6.305119,6.388511,6.334790,13.907083,
0.932364,1.289605,2.119412,2.620841,2.679563,14.977874,2.190282,6.305119,6.707650,6.334790,13.907083,
0.932364,1.289605,2.119412,2.620841,2.679563,16.861760,2.190282,6.305119,6.946626,6.334790,13.907083,
0.932364,1.289605,2.174051,2.620841,2.679563,12.724883,2.190282,6.305119,4.066324,6.334790,13.541158,
0.932364,1.289605,2.174051,2.620841,2.679563,12.724883,2.190282,6.305119,3.169444,6.334790,10.048914,
0.932364,1.289605,2.174051,2.620841,3.087188,17.476676,2.190282,6.305119,3.169444,6.334790,10.048914,
0.932364,1.289605,2.174051,2.620841,3.087188,17.476676,2.190282,6.305119,6.560469,6.612440,10.048914,
0.932364,1.289605,2.174051,2.620841,3.087188,11.535088,2.190282,6.305119,6.560469,6.612440,10.048914,
0.932364,1.289605,2.174051,2.620841,3.087188,11.535088,2.190282,6.305119,12.575064,6.612440,10.981063,
0.932364,1.289605,2.174051,2.620841,3.087188,11.535088,2.190282,6.123748,12.575064,6.612440,10.981063,
0.932364,1.289605,2.174051,2.620841,3.087188,12.289793,2.190282,6.123748,7.701851,6.612440,10.981063,
0.932364,1.289605,2.174051,2.620841,3.087188,14.664489,2.190282,6.123748,13.080187,6.612440,10.981063,
0.932364,1.289605,2.174051,2.620841,3.087188,15.777741,2.190282,6.123748,13.080187,6.612440,10.981063,
0.932364,1.289605,2.174051,2.620841,3.087188,15.777741,2.190282,6.123748,20.197651,6.612440,10.981063,
0.932364,1.289605,2.151061,2.620841,3.087188,15.777741,2.190282,6.123748,19.709784,6.612440,10.981063,
0.932364,1.289605,1.772333,2.620841,3.087188,15.777741,2.190282,6.123748,19.709784,5.718249,10.981063,
0.932364,1.289605,1.772333,2.620841,3.667072,15.777741,2.190282,6.123748,12.472314,5.718249,10.981063,
1.018764,1.289605,1.772333,2.620841,3.667072,15.480516,2.190282,6.123748,8.443581,5.718249,12.450341,
1.018764,1.289605,1.772333,2.620841,3.667072,15.480516,2.190282,6.123748,8.890009,5.718249,12.450341,
1.018764,1.289605,1.772333,2.620841,3.667072,14.894618,2.190282,6.123748,11.684263,5.718249,9.566573,
1.018764,1.289605,1.772333,2.620841,3.667072,14.773756,2.190282,6.123748,9.600828,5.718249,9.566573,
1.018764,1.289605,1.772333,2.850078,3.667072,12.940370,2.190282,6.123748,6.550321,5.718249,9.566573,
1.018764,1.289605,1.557034,2.850078,3.667072,14.208833,2.190282,6.123748,12.566605,5.718249,10.481302,
1.018764,1.289605,1.557034,2.850078,3.667072,14.208833,2.190282,6.123748,12.566605,5.718249,10.481302,
1.018764,1.289605,1.557034,2.850078,3.667072,12.137713,2.190282,6.123748,18.238554,5.718249,10.481302,
1.018764,1.289605,1.692492,4.210062,3.667072,8.838241,2.190282,6.123748,16.719580,5.718249,10.481302,
1.018764,1.289605,1.692492,4.210062,3.667072,8.838241,2.190282,6.123748,16.986912,5.718249,8.667987,
1.018764,1.289605,1.692492,3.436835,3.667072,8.838241,2.190282,6.123748,17.073582,5.718249,8.667987,
1.018764,1.289605,1.692492,3.436835,3.479509,12.635201,2.190282,6.123748,11.703865,5.718249,11.934512,
1.018764,1.289605,1.692492,3.436835,3.479509,12.635201,2.190282,6.123748,11.703865,5.718249,11.934512,
1.018764,1.289605,1.692492,3.436835,3.479509,12.635201,2.190282,6.123748,11.703865,5.718249,11.934512,
1.018764,1.289605,1.692492,3.436835,3.479509,9.606351,2.190282,6.123748,11.703865,5.718249,11.934512,
1.018764,1.289605,1.668212,3.436835,3.479509,15.522862,2.190282,6.123748,11.703865,5.718249,11.934512,
1.018764,1.289605,1.668212,3.436835,3.479509,15.522862,2.190282,6.123748,6.152331,5.718249,11.934512,
1.018764,1.289605,1.668212,3.436835,3.479509,15.522862,2.190282,6.210704,7.184699,5.718249,11.934512,
1.018764,1.289605,1.668212,3.436835,3.479509,15.522862,2.190282,6.210704,7.184699,5.718249,11.934512,
1.018764,1.289605,1.668212,2.460698,3.479509,9.733543,2.190282,6.210704,7.184699,5.718249,11.934512,
1.018764,1.289605,1.668212,2.460698,3.479509,5.812087,2.190282,6.210704,7.184699,5.718249,14.038407,
1.018764,1.289605,1.720212,2.460698,3.479509,3.671092,2.190282,6.210704,7.184699,5.718249,14.038407,
1.018764,1.289605,1.720212,2.460698,3.479509,5.917815,2.190282,6.210704,4.762147,5.718249,9.293490,
1.018764,1.289605,1.720212,2.460698,3.479509,5.917815,1.872933,6.210704,4.762147,5.355968,10.807047,
1.018764,1.289605,1.720212,2.460698,3.479509,5.368847,1.872933,6.210704,5.016727,5.355968,10.807047,
1.018764,1.289605,1.720212,2.460698,3.479509,5.368847,1.872933,6.210704,4.996676,5.355968,8.164447,
1.018764,1.289605,1.720212,2.460698,3.479509,14.130256,1.872933,6.210704,4.996676,5.010318,8.164447,
1.018764,1.289605,1.720212,2.460698,3.479509,14.130256,1.872933,6.210704,7.769073,5.010318,8.164447,
1.018764,1.576694,1.720212,2.460698,4.796066,14.130256,1.872933,6.210704,7.769073,5.010318,11.951793,
1.018764,1.576694,1.720212,2.460698,2.958679,11.877459,1.872933,6.210704,6.760714,5.010318,11.951793,
1.018764,1.576694,1.720212,2.460698,3.627735,11.877459,1.872933,6.210704,9.437923,4.378157,11.951793,
1.018764,1.576694,1.720212,2.460698,3.627735,11.483597,1.872933,6.210704,9.437923,4.378157,11.951793,
1.018764,1.576694,1.720212,2.460698,3.627735,7.011852,1.872933,6.210704,9.437923,4.378157,11.951793,
1.018764,1.576694,1.720212,2.460698,3.627735,7.011852,1.872933,6.210704,9.437923,4.378157,11.073973,
1.018764,1.576694,1.720212,2.460698,3.091907,7.011852,1.872933,6.210704,9.437923,4.378157,11.073973,
1.018764,1.576694,1.720212,2.460698,3.091907,4.521216,1.872933,6.210704,9.437923,4.378157,11.073973,
1.018764,1.576694,1.720212,1.931254,3.091907,6.313046,1.872933,6.210704,4.970616,4.378157,10.915133,
1.018764,1.576694,1.720212,1.931254,3.091907,6.313046,1.872933,6.210704,4.970616,4.378157,14.637389,
1.018764,1.576694,1.720212,1.931254,3.091907,10.353065,1.872933,6.210704,4.970616,4.378157,14.637389,
1.018764,1.576694,1.720212,1.931254,3.091907,10.852538,1.872933,6.210704,3.080141,4.378157,14.637389,
1.018764,1.576694,1.720212,1.931254,3.091907,10.852538,1.872933,6.210704,3.080141,4.378157,14.637389,
1.018764,1.576694,1.720212,1.931254,3.091907,10.852538,1.872933,6.210704,7.488489,4.378157,14.637389,
1.018764,1.576694,1.720212,1.931254,3.091907,12.912978,1.872933,6.210704,7.488489,4.378157,11.430930,
1.018764,1.576694,1.720212,1.931254,3.091907,12.229498,1.872933,6.210704,8.584969,4.378157,15.878229,
1.018764,1.576694,1.720212,1.931254,3.091907,10.511119,1.872933,6.210704,8.584969,4.378157,15.878229,
1.018764,1.576694,1.720212,1.931254,3.091907,10.511119,1.872933,6.210704,8.584969,4.378157,13.551343,
1.018764,1.497528,1.720212,1.931254,3.091907,5.551682,1.872933,6.210704,8.584969,4.378157,13.551343,
1.018764,1.497528,1.720212,1.931254,3.091907,7.921775,1.872933,6.210704,8.540332,4.378157,13.551343,
1.018764,1.497528,1.720212,1.931254,3.091907,6.250712,1.872933,6.210704,8.540332,4.378157,12.090699,
1.018764,1.497528,1.720212,1.549892,3.091907,6.250712,1.872933,6.210704,8.540332,4.378157,12.090699,
1.018764,1.497528,1.720212,1.549892,3.091907,8.337661,1.872933,6.210704,8.342030,4.378157,12.090699,
1.018764,1.497528,1.720212,1.549892,3.091907,8.337661,1.872933,6.210704,8.342030,4.378157,12.090699,
1.018764,1.497528,1.720212,2.070473,3.091907,7.254968,1.872933,6.210704,8.342030,4.990872,12.090699,
1.018764,1.497528,1.720212,2.070473,3.091907,7.254968,1.872933,6.210704,8.342030,4.990872,12.090699,
1.018764,1.497528,1.720212,2.070473,3.091907,7.254968,1.872933,6.210704,5.980768,4.990872,12.205402,
1.018764,1.497528,1.720212,2.070473,3.091907,6.159233,1.872933,6.210704,10.352614,4.990872,12.205402,
1.018764,1.497528,2.023104,2.070473,3.091907,2.291761,1.872933,6.210704,8.067595,4.990872,11.607130,
1.018764,1.497528,2.023104,2.070473,3.091907,4.069095,1.872933,6.210704,8.347655,4.990872,12.397158,
1.018764,1.497528,2.023104,2.070473,3.091907,5.702753,1.872933,6.210704,10.373211,4.990872,9.302739,
1.018764,1.497528,2.023104,2.070473,3.091907,8.921421,1.872933,6.210704,8.217720,6.380370,9.302739,
1.018764,1.497528,2.023104,2.070473,3.091907,9.159393,1.872933,6.210704,8.217720,6.380370,9.302739,
1.018764,1.497528,2.023104,2.070473,3.091907,9.159393,1.872933,6.210704,8.663784,6.380370,9.302739,
1.018764,1.497528,1.861366,2.070473,3.091907,5.667525,1.872933,6.210704,8.663784,6.380370,9.242840,
1.018764,1.497528,1.861366,2.070473,3.091907,5.667525,2.706769,6.210704,11.169386,6.380370,9.242840,
1.018764,1.332127,1.861366,2.070473,3.091907,4.786173,2.706769,6.210704,11.169386,6.380370,9.242840,
1.018764,1.332127,1.861366,2.070473,3.091907,7.337968,2.706769,6.210704,6.271182,6.380370,9.242840,
1.018764,1.332127,1.861366,2.070473,3.091907,4.301088,2.706769,6.210704,5.347551,7.019532,6.371418,
1.018764,1.332127,1.861366,3.308428,3.914004,11.937830,2.706769,6.210704,5.347551,7.019532,6.371418,
1.018764,1.332127,1.861366,3.308428,3.914004,11.937830,2.706769,6.210704,5.347551,7.019532,6.371418,
1.018764,1.332127,1.861366,2.592418,3.914004,4.558746,2.706769,6.210704,5.347551,9.224108,6.371418,
1.018764,1.332127,1.861366,2.592418,3.975732,6.431323,2.706769,6.630325,5.283753,9.224108,6.371418,
1.018764,1.332127,1.861366,2.369190,3.975732,2.777570,2.706769,6.630325,5.283753,9.224108,6.371418,
1.018764,1.332127,1.861366,2.369190,3.975732,2.777570,2.706769,6.630325,7.310534,9.224108,6.371418,
1.018764,1.332127,1.861366,2.563355,3.975732,4.001253,2.706769,6.630325,12.445535,9.224108,6.371418,
1.018764,1.332127,1.861366,2.266902,3.975732,4.001253,2.706769,6.630325,6.885181,9.224108,6.371418,
1.018764,1.332127,1.861366,2.266902,3.975732,4.001253,2.706769,6.630325,7.688396,8.023883,6.371418,
1.018764,1.332127,1.861366,2.266902,3.975732,4.001253,2.706769,6.630325,7.688396,8.023883,6.371418,
1.018764,1.332127,1.861366,2.266902,3.975732,4.001253,2.706769,6.630325,7.688396,8.023883,6.371418,
1.018764,1.332127,1.861366,2.266902,3.975732,4.001253,2.610144,6.630325,7.688396,8.023883,6.371418,
1.018764,1.332127,1.861366,2.266902,3.975732,4.001253,2.610144,6.630325,3.269458,8.023883,6.101907,
1.018764,1.332127,1.861366,2.909764,3.975732,1.969052,2.610144,6.630325,6.837305,8.023883,6.101907,
1.018764,1.332127,1.861366,2.909764,3.975732,1.969052,2.610144,6.630325,6.837305,8.023883,6.101907,
1.018764,1.332127,1.861366,2.909764,3.975732,1.969052,2.610144,6.630325,6.837305,8.023883,6.101907,
1.018764,1.332127,1.861366,1.804962,3.975732,1.969052,2.610144,6.630325,6.837305,8.023883,6.101907,
1.018764,1.332127,1.861366,1.804962,3.975732,1.969052,2.610144,6.630325,6.837305,8.023883,6.101907,
1.018764,1.332127,1.861366,1.804962,3.975732,4.420396,2.610144,6.612899,6.837305,8.023883,6.101907,
1.018764,1.838123,1.861366,1.804962,3.975732,4.420396,2.610144,6.612899,6.837305,8.023883,6.101907,
1.018764,1.838123,1.861366,1.804962,3.975732,4.420396,2.610144,6.612899,3.501137,9.702989,6.101907,
1.018764,1.838123,1.861366,1.804962,3.975732,4.420396,2.610144,6.612899,6.592419,9.702989,6.101907,
1.018764,1.838123,1.861366,1.804962,3.975732,4.420396,2.396939,6.612899,6.844633,9.702989,6.101907,
1.018764,1.838123,1.861366,1.804962,3.975732,14.044218,2.396939,6.612899,3.521903,9.702989,4.556930,
1.018764,1.838123,1.861366,1.804962,3.975732,14.044218,2.396939,6.612899,9.215866,9.702989,3.359731,
1.018764,1.513795,1.861366,2.643386,3.975732,13.272573,2.396939,6.612899,12.701730,9.702989,3.359731,
1.018764,1.513795,1.861366,2.375681,3.975732,13.203978,2.396939,6.612899,12.701730,9.295945,3.359731,
1.018764,1.513795,1.861366,2.375681,3.975732,13.203978,2.396939,6.612899,12.701730,9.295945,6.287781,
0.998274,1.513795,1.861366,2.375681,3.975732,13.203978,2.396939,6.612899,12.701730,9.295945,6.287781,
0.998274,1.513795,1.861366,2.319477,3.975732,9.434235,2.396939,6.612899,12.701730,9.085736,6.071899,
0.998274,1.513795,1.861366,2.319477,3.975732,7.747118,3.048899,6.612899,9.966590,9.085736,6.071899,
0.998274,1.513795,1.861366,2.319477,3.975732,11.621445,3.048899,6.612899,16.883061,12.540402,6.071899,
0.998274,1.513795,1.861366,2.319477,3.975732,6.281421,3.048899,6.612899,15.746760,8.871589,4.126733,
0.998274,1.513795,1.861366,2.319477,3.975732,11.148606,3.048899,6.612899,9.302569,10.535221,4.126733,
0.998274,1.513795,1.861366,2.319477,3.975732,10.709994,3.048899,6.612899,3.837609,10.535221,4.126733,
0.998274,1.513795,1.861366,2.465504,3.975732,10.709994,3.048899,6.612899,3.837609,10.535221,4.126733,
0.998274,1.513795,1.861366,2.465504,4.132545,11.764974,3.048899,6.612899,3.837609,10.535221,5.004780,
0.998274,1.513795,1.861366,2.465504,4.132545,13.569272,3.048899,6.612899,3.837609,9.336772,5.004780,
0.998274,1.431439,1.861366,2.465504,3.598063,10.012556,3.048899,6.612899,3.837609,12.775544,5.004780,
0.998274,1.431439,1.861366,1.982851,3.598063,15.470284,3.048899,6.612899,6.528136,9.148215,5.004780,
0.998274,1.431439,1.861366,1.982851,3.598063,10.501212,3.048899,6.796242,9.585346,9.148215,6.531876,
0.998274,1.431439,1.861366,1.982851,3.598063,8.105361,2.726857,6.796242,9.079178,9.148215,6.531876,
0.998274,1.431439,1.861366,3.112941,3.598063,8.019564,2.726857,6.796242,12.578324,8.792405,6.531876,
0.998274,1.431439,1.861366,3.112941,3.598063,8.019564,2.726857,6.796242,14.921754,8.792405,6.531876,
0.998274,1.431439,1.861366,3.112941,3.598063,4.382429,2.726857,6.796242,14.921754,8.792405,5.620103,
0.998274,1.431439,1.861366,3.112941,3.598063,4.147612,2.726857,6.796242,9.752534,8.792405,9.129148,
0.998274,1.431439,1.861366,2.290867,3.598063,3.885725,2.726857,6.080879,9.752534,8.792405,9.129148,
0.998274,1.544702,1.861366,2.290867,3.598063,7.600600,2.726857,6.080879,17.075939,7.525480,9.129148,
0.998274,1.544702,1.861366,2.290867,3.598063,5.676128,2.726857,6.080879,15.084183,7.525480,9.129148,
0.998274,1.544702,1.861366,2.290867,3.598063,5.676128,2.726857,6.080879,12.566335,7.525480,9.129148,
0.998274,1.544702,1.861366,2.780234,3.598063,5.676128,2.726857,6.080879,12.566335,7.525480,9.129148,
0.998274,1.544702,1.861366,2.780234,3.598063,5.676128,2.726857,6.080879,12.566335,7.525480,9.129148,
0.998274,1.544702,1.861366,2.780234,3.598063,5.676128,2.726857,6.080879,12.178707,7.525480,9.129148,
0.998274,1.544702,1.861366,2.780234,3.598063,5.676128,2.726857,6.080879,12.178707,7.525480,9.129148,
0.998274,1.544702,1.861366,2.780234,3.598063,5.676128,2.726857,6.080879,12.178707,7.525480,9.129148,
0.998274,1.544702,1.861366,2.780234,3.598063,3.700737,2.726857,6.080879,12.178707,7.525480,9.129148,
0.998274,1.544702,1.861366,2.780234,3.598063,3.700737,2.726857,6.080879,12.178707,7.525480,9.129148,
0.998274,1.544702,1.861366,2.780234,3.598063,3.700737,2.726857,6.080879,9.541654,7.525480,9.129148,
0.998274,1.280908,1.861366,2.493977,3.598063,3.465990,2.726857,6.080879,9.541654,7.525480,9.129148,
0.998274,1.280908,1.861366,2.493977,3.598063,3.465990,2.726857,6.080879,9.541654,6.580063,9.129148,
0.998274,1.280908,1.861366,2.493977,3.598063,2.993000,2.726857,6.080879,9.541654,6.580063,9.129148,
0.998274,1.280908,1.861366,2.493977,3.598063,2.993000,2.726857,6.080879,5.738872,8.277972,10.858184,
0.998274,1.280908,1.861366,2.493977,3.598063,9.008972,2.726857,6.080879,4.194710,8.277972,10.858184,
0.998274,1.280908,1.861366,2.493977,3.598063,7.715441,2.726857,6.080879,7.838943,8.277972,7.609893,
0.998274,1.280908,1.861366,2.717384,3.733044,9.516951,3.348058,6.080879,7.838943,8.277972,9.997457,
0.998274,1.280908,1.861366,2.717384,3.733044,9.516951,3.348058,6.080879,7.838943,9.396514,6.913226,
0.998274,1.280908,1.861366,2.790640,3.733044,8.578486,3.348058,6.080879,10.989937,9.396514,6.913226,
0.998274,1.280908,1.861366,2.790640,3.733044,8.700694,3.348058,6.080879,10.989937,9.396514,9.479750,
0.998274,1.280908,1.861366,2.790640,3.733044,12.706826,3.348058,6.080879,10.989937,9.396514,9.479750,
0.998274,1.280908,1.861366,2.790640,3.733044,12.706826,3.348058,6.080879,8.951182,9.396514,9.479750,
0.998274,1.280908,1.861366,2.790640,3.733044,11.108824,3.348058,6.080879,8.049443,9.396514,10.871047,
0.998274,1.280908,1.861366,2.790640,3.441487,11.108824,3.291069,6.080879,8.049443,9.849809,10.871047,
0.998274,1.280908,1.861366,2.790640,3.441487,11.346705,3.291069,6.080879,8.049443,9.849809,10.871047,
0.998274,1.280908,1.861366,2.790640,3.441487,11.346705,3.291069,6.080879,8.272787,9.849809,12.908411,
0.998274,1.280908,1.861366,2.790640,3.441487,15.101245,3.291069,6.080879,7.190859,9.849809,14.257291,
0.998274,1.280908,1.861366,2.790640,3.441487,15.101245,3.291069,6.080879,7.190859,7.834076,14.177540,
0.998274,1.280908,1.861366,2.790640,3.441487,17.126535,3.291069,6.080879,6.309692,7.834076,14.177540,
0.998274,1.280908,1.861366,2.790640,3.441487,19.777236,3.291069,6.080879,6.309692,8.754807,14.177540,
0.998274,1.280908,1.861366,2.790640,3.441487,18.847825,3.291069,6.080879,8.596685,8.754807,13.138213,
0.998274,1.280908,1.861366,2.790640,3.441487,18.847825,3.291069,6.080879,11.609717,8.754807,13.138213,
0.998274,1.280908,1.861366,2.790640,3.441487,18.847825,3.291069,6.080879,13.727278,8.754807,9.761299,
0.998274,1.280908,1.861366,2.790640,3.441487,17.147818,2.705560,6.080879,13.163960,8.754807,9.761299,
0.998274,1.280908,1.861366,2.790640,3.441487,17.147818,2.705560,6.080879,11.650041,8.754807,8.724527,
0.998274,1.280908,1.861366,2.790640,3.441487,17.147818,2.705560,6.080879,12.926545,8.754807,8.724527,
0.998274,1.280908,1.861366,2.790640,3.441487,14.459772,2.705560,6.564600,7.447708,8.754807,7.908462,
0.998274,1.280908,1.861366,2.399958,3.441487,17.796135,2.705560,6.564600,7.447708,8.754807,7.908462,
0.946095,1.280908,1.861366,1.801860,3.441487,14.106456,2.705560,6.564600,7.447708,7.784718,8.211452,
0.946095,1.280908,1.861366,1.801860,3.441487,3.535655,3.034452,6.564600,7.220706,10.411012,8.211452,
0.946095,1.280908,1.861366,1.801860,3.441487,3.535655,3.004444,6.564600,5.153035,10.411012,8.211452,
0.946095,1.280908,1.861366,1.801860,3.441487,3.535655,3.600776,6.564600,5.153035,10.411012,8.211452,
0.946095,1.280908,1.861366,1.801860,3.441487,3.535655,3.600776,6.564600,4.788867,10.411012,8.211452,
0.946095,1.280908,1.861366,2.987834,3.441487,6.600655,3.372114,6.564600,11.393713,10.411012,8.211452,
0.946095,1.280908,1.861366,2.987834,3.441487,4.451982,3.372114,6.564600,11.393713,10.411012,8.211452,
0.946095,1.280908,1.861366,2.987834,3.407019,4.451982,3.372114,6.564600,10.196376,10.411012,8.211452,
0.946095,1.280908,1.861366,2.987834,3.407019,8.983824,3.372114,6.564600,10.196376,10.411012,7.779793,
0.946095,1.280908,1.861366,2.987834,3.407019,8.983824,3.372114,6.564600,10.196376,10.411012,7.779793,
0.946095,1.280908,1.861366,2.987834,3.407019,5.842873,3.372114,6.564600,14.065124,11.813891,7.779793,
0.946095,1.280908,1.861366,2.987834,3.407019,5.842873,3.372114,6.564600,11.994019,11.813891,7.779793,
0.946095,1.280908,1.861366,2.987834,3.407019,5.842873,3.741025,6.564600,11.994019,10.174235,7.779793,
0.946095,1.280908,1.861366,2.987834,3.407019,9.340959,3.741025,6.564600,11.994019,10.174235,9.072986,
0.946095,1.280908,1.861366,2.987834,3.407019,10.651880,3.741025,6.564600,12.234129,10.174235,9.072986,
0.946095,1.346902,1.861366,2.987834,3.407019,6.008576,3.741025,6.564600,10.300104,10.174235,9.072986,
0.946095,1.346902,1.861366,2.987834,3.407019,6.008576,3.741025,6.564600,4.582239,10.174235,9.635937,
0.946095,1.346902,1.861366,2.987834,3.029815,6.008576,3.741025,6.564600,5.867625,11.586650,9.635937,
0.946095,1.346902,1.861366,2.987834,3.029815,3.778135,3.741025,6.564600,4.965756,11.586650,9.635937,
0.946095,1.346902,1.861366,2.987834,3.029815,3.679602,3.741025,6.564600,7.729130,11.586650,7.735577,
0.946095,1.346902,1.861366,2.987834,3.029815,1.431711,4.342712,6.564600,7.729130,11.586650,7.735577,
0.946095,1.346902,1.861366,2.987834,3.029815,1.785197,4.342712,6.564600,7.729130,11.586650,7.735577,
0.946095,1.346902,2.069444,2.987834,3.029815,3.259484,4.342712,6.564600,7.729130,14.102848,7.735577,
0.946095,1.346902,2.066235,2.987834,3.029815,6.284640,4.342712,6.564600,6.159071,11.882766,9.902585,
0.946095,1.346902,2.066235,2.987834,3.029815,3.298019,4.342712,6.564600,6.159071,14.852343,9.902585,
0.946095,1.346902,2.066235,2.987834,3.029815,4.180045,5.527588,6.564600,6.159071,14.852343,9.902585,
0.946095,1.346902,1.988318,2.218375,3.029815,11.291076,5.527588,6.564600,6.159071,14.852343,9.902585,
0.946095,1.346902,1.988318,2.218375,3.029815,12.510878,5.527588,6.564600,4.223545,17.428989,9.902585,
0.946095,1.346902,1.988318,2.218375,3.029815,8.625329,5.527588,6.564600,4.223545,17.428989,9.902585,
0.946095,1.346902,1.988318,2.218375,3.029815,9.952818,5.778623,6.725140,4.223545,17.428989,9.902585,
0.946095,1.346902,1.988318,2.480304,3.029815,7.559174,5.863413,6.725140,4.223545,17.428989,9.902585,
0.946095,1.346902,1.988318,2.480304,3.029815,5.139453,5.863413,6.725140,4.223545,17.428989,9.902585,
0.946095,1.346902,1.988318,2.822647,3.029815,4.484872,5.863413,6.725140,4.223545,20.840030,4.470045,
0.946095,1.346902,1.988318,2.822647,3.029815,4.484872,5.863413,6.725140,3.943834,25.406275,4.470045,
0.946095,1.346902,1.988318,2.822647,3.029815,4.484872,5.863413,6.725140,3.943834,23.614580,4.470045,
0.946095,1.346902,1.988318,2.822647,3.029815,4.484872,5.863413,6.725140,3.943834,23.614580,4.470045,
0.946095,1.346902,1.988318,2.822647,3.029815,4.484872,5.863413,6.725140,3.943834,25.999097,4.470045,
0.946095,1.346902,1.988318,2.822647,3.029815,4.484872,5.863413,6.725140,9.136297,25.999097,4.470045,
0.946095,1.346902,1.988318,2.822647,3.029815,4.914853,6.320769,6.725140,9.136297,25.999097,6.425918,
0.946095,1.346902,1.988318,2.822647,3.029815,4.914853,6.320769,6.725140,9.136297,26.249249,6.425918,
0.946095,1.346902,1.988318,2.822647,3.115547,4.914853,6.320769,6.725140,9.136297,26.249249,6.425918,
0.946095,1.346902,1.988318,2.822647,3.115547,4.914853,6.320769,6.725140,9.136297,26.249249,6.425918,
0.946095,1.346902,1.988318,2.822647,3.115547,6.583777,6.320769,6.725140,7.189167,26.249249,6.425918,
0.946095,1.346902,1.988318,2.822647,3.115547,4.540409,6.320769,5.991843,7.189167,22.541372,6.425918,
0.946095,1.346902,1.988318,2.822647,3.115547,4.540409,6.320769,6.042740,4.983545,22.541372,6.425918,
1.075706,1.346902,1.988318,2.822647,3.115547,4.540409,6.320769,6.042740,7.444806,22.541372,6.425918,
1.075706,1.346902,1.988318,2.822647,3.115547,4.540409,6.320769,6.042740,10.608574,22.541372,6.425918,
0.992820,1.346902,1.988318,2.822647,3.115547,4.540409,6.320769,6.042740,10.608574,22.541372,8.423101,
0.992820,1.346902,1.988318,1.672427,3.115547,4.410021,7.151835,6.513296,6.134895,25.827241,8.423101,
0.992820,1.346902,1.988318,1.672427,3.115547,2.687404,7.151835,6.513296,3.944123,25.827241,8.423101,
0.992820,1.346902,1.988318,1.672427,3.115547,4.118904,7.151835,6.513296,3.944123,26.178611,6.929825,
0.992820,1.346902,1.988318,1.672427,3.115547,3.683507,6.954832,6.513296,3.944123,27.802916,6.929825,
0.992820,1.346902,1.988318,1.672427,2.951579,3.683507,6.954832,6.513296,3.944123,26.721200,6.929825,
0.992820,1.346902,1.988318,1.672427,2.951579,3.683507,6.954832,6.513296,3.944123,26.721200,6.929825,
0.946334,1.391784,1.988318,1.672427,2.951579,5.899370,6.954832,6.513296,9.541021,26.721200,6.929825,
0.946334,1.957600,1.988318,1.672427,2.951579,5.899370,6.954832,6.513296,13.406434,26.721200,6.929825,
0.946334,1.957600,1.988318,1.672427,2.951579,5.899370,6.954832,6.513296,10.096982,26.721200,6.929825,
0.946334,1.957600,1.998265,1.776284,2.951579,5.899370,6.954832,6.513296,10.096982,24.034911,6.929825,
0.946334,1.439465,1.998265,1.776284,2.951579,6.439677,6.749111,6.513296,7.343864,24.034911,6.929825,
0.946334,1.439465,1.998265,1.776284,2.951579,6.439677,6.749111,6.513296,6.515734,25.325586,6.154944,
0.946334,1.439465,1.998265,1.785147,2.951579,6.439677,6.749111,6.513296,6.515734,25.325586,6.164409,
0.946334,2.619419,1.998265,1.785147,2.951579,6.439677,6.749111,6.513296,6.515734,33.085700,6.162762,
0.946334,2.619419,1.998265,1.785147,3.104692,6.439677,6.996988,6.513296,6.515734,32.255080,6.162762,
0.946334,2.619419,1.998265,1.785147,3.104692,6.439677,6.996988,6.595471,6.515734,32.255080,6.162762,
0.946334,2.619419,1.998265,1.785147,3.104692,6.439677,6.996988,6.595471,6.515734,32.255080,6.162762,
0.946334,2.619419,1.998265,1.785147,3.104692,6.439677,6.996988,6.595471,6.515734,32.255080,6.162762,
0.946334,2.619419,1.998265,1.785147,3.104692,6.439677,7.606727,6.595471,6.515734,32.255080,6.162762,
0.946334,2.619419,1.998265,1.785147,3.104692,6.439677,7.944481,6.595471,4.052680,32.683239,6.494280,
0.946334,2.619419,1.998265,1.785147,3.104692,4.648257,7.944481,6.595471,11.173297,26.279994,6.494280,
0.946334,2.619419,1.998265,1.785147,3.104692,4.648257,7.944481,5.896207,11.173297,24.561169,6.674359,
0.946334,1.273991,1.998265,2.531971,3.104692,7.425879,7.944481,5.896207,11.173297,24.561169,8.742817,
0.946334,1.273991,1.998265,2.531971,3.104692,7.425879,7.944481,5.896207,11.173297,24.561169,8.742817,
0.946334,1.273991,1.839705,2.717976,3.104692,3.931847,7.944481,5.896207,14.597359,19.209774,13.251146,
0.946334,1.273991,1.839705,2.717976,3.104692,3.931847,7.944481,5.896207,5.627611,19.209774,9.663904,
0.946334,1.273991,1.931470,2.717976,3.104692,3.931847,7.944481,5.896207,7.420723,26.473027,9.663904,
0.946334,1.273991,1.931470,2.717976,3.104692,3.240623,7.944481,5.896207,11.988797,26.473027,6.322355,
0.946334,1.273991,1.931470,2.717976,3.104692,3.677141,8.407251,6.099638,11.534761,26.473027,9.021694,
0.946334,1.273991,1.931470,2.717976,3.104692,4.621961,8.407251,6.099638,11.534761,26.473027,11.354918,
0.946334,1.273991,1.931470,2.717976,3.104692,4.621961,8.407251,6.099638,7.465795,26.473027,9.052724,
0.946334,1.273991,1.931470,2.717976,3.104692,2.620517,8.407251,6.099638,7.465795,26.473027,10.125340,
0.946334,1.273991,1.931470,2.717976,3.104692,7.143707,8.407251,6.099638,3.626050,23.432532,11.581084,
0.946334,1.273991,1.931470,2.044605,3.104692,3.660351,8.407251,6.099638,3.626050,24.491445,12.003709,
0.946334,1.273991,1.931470,2.672350,3.104692,3.660351,8.407251,6.099638,3.626050,24.491445,12.003709,
0.946334,1.273991,1.931470,2.672350,3.104692,1.562360,8.407251,6.099638,3.626050,24.491445,12.003709,
0.946334,1.273991,1.931470,1.814562,3.104692,2.181945,8.407251,6.099638,3.626050,24.491445,12.003709,
0.946334,1.273991,1.931470,1.814562,3.104692,2.181945,8.407251,6.099638,3.626050,24.491445,12.003709,
0.931852,1.273991,1.931470,1.814562,3.104692,1.162124,7.232433,6.099638,2.565802,24.491445,12.003709,
0.931852,1.273991,1.931470,1.814562,3.104692,4.907801,7.232433,6.099638,1.567970,24.491445,12.003709,
0.931852,1.273991,1.931470,1.814562,3.104692,4.907801,7.232433,6.099638,1.567970,24.491445,10.686405,
0.949527,1.273991,1.931470,1.814562,3.104692,4.463538,7.232433,6.099638,7.785894,24.491445,10.814668,
0.949527,1.273991,1.931470,1.814562,3.104692,6.916774,7.232433,6.099638,5.379041,24.491445,10.814668,
0.949527,1.273991,1.931470,1.799759,3.104692,8.152349,7.232433,6.099638,2.887716,26.685973,9.465977,
0.949527,1.273991,1.931470,1.934090,3.104692,8.152349,7.232433,6.099638,5.826809,26.685973,9.465977,
0.949527,1.273991,1.931470,1.934090,3.104692,6.467093,7.232433,6.633173,5.826809,26.685973,9.465977,
0.949527,1.273991,1.931470,1.934090,3.104692,6.377028,7.232433,6.633173,3.681369,31.793172,9.465977,
0.949527,1.273991,1.931470,1.934090,3.104692,10.786169,7.232433,6.633173,1.980260,31.793172,3.942446,
0.949527,1.273991,1.931470,2.043026,3.871854,12.837069,7.232433,6.633173,2.717196,31.793172,3.942446,
0.949527,1.273991,1.931470,2.084034,3.871854,12.838957,8.496377,6.633173,1.533792,29.358249,3.942446,
0.949527,1.273991,1.931470,2.084034,3.871854,9.606777,8.496377,6.633173,1.533792,29.358249,3.942446,
0.949527,1.273991,1.931470,2.084034,3.871854,14.412712,8.496377,6.633173,1.533792,29.358249,3.942446,
0.949527,1.273991,1.820859,2.084034,3.871854,16.184763,8.496377,6.633173,5.552591,29.358249,3.942446,
0.949527,1.273991,1.820859,2.084034,3.871854,18.314668,8.007980,6.633173,5.552591,29.358249,3.942446,
0.949527,1.273991,1.820859,2.084034,3.871854,18.314668,7.706478,6.633173,5.552591,26.030660,3.942446,
0.949527,1.273991,1.820859,2.084034,3.871854,18.314668,7.706478,6.633173,5.552591,31.318899,3.942446,
0.949527,1.273991,1.820859,2.084034,3.871854,18.314668,7.706478,6.633173,5.552591,26.882846,3.527546,
0.949527,1.273991,1.820859,2.084034,3.871854,12.702841,7.388766,6.633173,2.146862,26.141604,3.527546,
0.949527,1.273991,1.820859,2.084034,3.871854,12.453000,7.388766,6.633173,2.146862,26.141604,5.497414,
0.949527,1.273991,1.820859,2.084034,3.871854,12.453000,7.388766,6.633173,7.180524,26.141604,5.497414,
0.949527,1.273991,1.820859,2.084034,3.871854,13.562261,7.388766,6.633173,12.434924,21.773467,5.497414,
0.949527,1.273991,1.820859,2.084034,3.871854,19.139627,7.388766,6.633173,12.434924,21.773467,5.497414,
0.949527,1.273991,1.820859,2.084034,3.871854,19.065313,5.123250,6.633173,10.291970,17.843370,4.885104,
0.949527,1.273991,1.820859,2.084034,3.871854,19.065313,5.123250,6.633173,7.659475,17.843370,3.530709,
0.949527,1.273991,1.820859,3.796524,3.871854,19.065313,5.123250,6.633173,7.659475,17.843370,4.726054,
0.949527,1.273991,1.820859,2.855690,3.871854,11.417955,5.123250,6.633173,7.659475,17.843370,4.726054,
0.949527,1.273991,1.820859,2.855690,3.871854,10.025087,4.001018,6.633173,9.798766,16.963234,3.501626,
0.949527,1.273991,1.820859,2.855690,3.871854,5.480046,4.001018,6.633173,9.798766,16.963234,3.501626,
0.949527,1.273991,1.820859,2.855690,3.871854,4.394343,4.001018,7.098429,9.798766,18.636692,3.501626,
0.949527,1.273991,1.820859,2.855690,4.534151,4.394343,4.001018,7.098429,9.798766,18.636692,2.231174,
0.949527,1.273991,1.820859,2.855690,4.534151,6.089997,4.001018,7.098429,9.945937,18.636692,2.905614,
0.949527,1.273991,1.820859,2.352640,4.534151,2.743071,3.337827,7.098429,9.945937,18.636692,2.905614,
0.949527,1.273991,1.820859,2.352640,4.534151,2.743071,4.578079,7.098429,9.945937,18.636692,2.905614,
0.949527,1.273991,1.820859,2.352640,4.534151,2.743071,4.529109,7.098429,9.945937,18.636692,3.673967,
0.949527,1.273991,1.820859,2.352640,4.534151,5.447569,4.529109,7.098429,8.953356,19.080430,3.673967,
0.949527,1.273991,1.820859,2.352640,3.768784,5.326718,4.529109,7.098429,8.953356,19.813346,3.673967,
0.949527,1.273991,1.820859,2.352640,3.768784,5.326718,4.529109,7.098429,8.953356,19.813346,3.673967,
0.949527,1.273991,1.820859,2.352640,3.576495,4.560982,4.529109,7.098429,15.215129,19.813346,3.673967,
0.949527,1.273991,1.820859,2.352640,3.576495,4.560982,4.529109,7.098429,15.215129,19.813346,2.595640,
0.949527,1.273991,1.820859,2.352640,3.576495,6.039829,4.529109,7.098429,17.100470,19.813346,3.233046,
0.949527,1.273991,1.820859,2.352640,3.576495,6.039829,4.529109,7.098429,16.331682,18.353464,3.233046,
0.949527,1.273991,1.820859,2.352640,3.576495,6.039829,4.529109,7.098429,16.716663,18.353464,3.233046,
0.949527,1.273991,1.820859,2.352640,3.576495,6.620585,4.529109,7.098429,17.672017,18.925018,3.233046,
0.949527,1.273991,1.820859,2.115228,3.576495,6.620585,4.529109,7.098429,17.672017,18.925018,3.233046,
0.846044,1.273991,1.820859,2.115228,3.576495,6.620585,5.419013,7.098429,19.848082,18.925018,3.233046,
0.846044,1.273991,1.820859,2.115228,3.576495,6.620585,5.419013,7.098429,19.848082,18.925018,3.233046,
0.846044,1.273991,1.820859,2.115228,3.576495,6.620585,5.419013,7.098429,19.848082,18.925018,3.233046,
0.846044,1.273991,1.820859,2.115228,3.576495,12.583714,5.419013,7.098429,18.181860,18.377875,7.649851,
0.846044,1.273991,1.820859,2.115228,3.576495,12.583714,5.419013,7.098429,18.181860,18.377875,7.649851,
0.846044,1.273991,1.820859,2.115228,3.291428,12.583714,5.419013,6.719684,18.181860,16.928459,7.820750,
0.846044,1.273991,1.820859,2.115228,3.291428,12.583714,4.472328,6.719684,22.364165,16.928459,7.820750,
0.846044,1.273991,1.820859,2.115228,3.291428,12.583714,4.472328,6.719684,23.679636,16.091790,9.722406,
0.846044,1.325563,1.820859,2.115228,3.291428,12.583714,4.472328,6.719684,23.679636,15.485261,9.722406,
0.846044,1.325563,1.704846,2.788166,3.291428,12.583714,4.472328,6.719684,23.679636,15.485261,9.722406,
0.846044,1.325563,1.704846,2.788166,3.291428,12.583714,4.472328,6.719684,23.679636,14.708552,9.722406,
0.846044,1.325563,1.704846,2.788166,3.291428,8.023962,4.472328,6.719684,26.559565,15.765829,9.722406,
0.846044,1.152725,1.704846,2.788166,3.291428,7.010363,4.472328,6.719684,27.593857,15.765829,9.722406,
0.846044,1.152725,1.704846,2.788166,3.291428,7.010363,4.472328,6.719684,27.593857,15.897628,9.722406,
0.846044,1.073588,1.704846,2.788166,3.291428,6.688774,4.472328,6.719684,27.593857,15.897628,9.722406,
0.846044,1.232593,1.704846,2.788166,3.291428,11.743779,4.472328,6.719684,27.593857,13.705694,9.722406,
0.846044,1.232593,1.704846,2.788166,3.291428,9.944337,5.065945,6.719684,27.593857,13.705694,9.722406,
0.846044,1.232593,1.704846,2.788166,3.291428,9.944337,5.065945,6.719684,27.593857,13.705694,9.722406,
0.846044,1.232593,1.704846,2.788166,3.291428,9.944337,5.065945,6.719684,27.593857,13.705694,9.722406,
0.846044,1.232593,1.704846,2.788166,3.291428,9.944337,5.065945,6.719684,27.593857,13.705694,10.494594,
0.846044,1.219052,1.704846,2.788166,3.291428,9.944337,5.065945,6.719684,22.351376,17.575881,10.494594,
0.846044,1.219052,1.704846,2.788166,3.291428,9.569218,5.065945,6.719684,22.351376,17.575881,10.494594,
0.846044,1.219052,1.704846,2.788166,3.291428,9.569218,5.065945,6.719684,22.351376,17.433647,10.076850,
0.846044,1.219052,1.704846,2.788166,3.291428,11.745910,5.065945,6.719684,27.209309,14.166554,10.076850,
0.846044,1.219052,1.704846,2.788166,3.291428,14.396433,5.065945,6.719684,27.209309,15.317509,10.076850,
0.846044,1.219052,1.704846,2.788166,3.291428,14.396433,5.065945,6.719684,27.209309,15.317509,10.076850,
0.846044,1.219052,1.704846,2.788166,3.291428,14.396433,4.981452,6.719684,28.990424,14.314673,10.076850,
0.846044,1.219052,1.704846,2.788166,3.291428,14.396433,4.981452,6.719684,30.188253,14.314673,10.076850,
0.846044,1.219052,1.704846,2.788166,3.291428,15.172349,4.981452,6.719684,27.822816,14.314673,10.076850,
0.846044,1.219052,1.704846,2.788166,3.291428,15.172349,4.981452,6.719684,27.109149,14.314673,11.540776,
0.846044,1.219052,1.704846,2.788166,3.291428,15.213227,4.981452,6.719684,27.437936,14.314673,11.540776,
0.846044,1.219052,1.704846,2.788166,3.291428,15.213227,4.981452,6.719684,20.347213,14.314673,10.603392,
0.846044,1.219052,1.704846,2.788166,3.291428,14.769873,4.981452,6.719684,19.172035,14.314673,10.603392,
0.846044,1.219052,1.704846,2.788166,3.249939,14.769873,4.981452,6.719684,15.954504,14.575911,10.603392,
0.846044,1.219052,1.704846,2.788166,3.249939,13.418067,4.981452,6.719684,10.606607,14.575911,10.603392,
0.846044,1.219052,1.704846,2.788166,3.249939,11.527343,4.981452,6.719684,10.606607,14.575911,10.603392,
0.846044,1.219052,1.704846,2.788166,3.249939,11.527343,4.981452,6.719684,10.606607,14.575911,10.603392,
0.846044,1.219052,1.704846,2.788166,3.249939,8.748476,4.981452,6.719684,10.606607,14.575911,10.603392,
0.846044,1.219052,1.704846,2.788166,3.730319,8.748476,4.981452,6.719684,6.163136,14.575911,10.603392,
0.846044,1.219052,1.704846,2.788166,3.730319,8.748476,4.981452,6.719684,6.163136,14.575911,10.603392,
0.846044,1.219052,1.704846,2.788166,3.730319,8.748476,4.981452,6.719684,6.163136,15.804547,10.603392,
0.846044,1.219052,1.704846,2.788166,3.730319,10.746364,4.981452,6.719684,6.163136,15.804547,9.000882,
0.846044,1.219052,1.704846,2.788166,3.730319,10.746364,4.981452,6.719684,6.163136,15.804547,9.000882,
0.846044,1.219052,1.704846,2.788166,3.730319,10.746364,4.981452,6.719684,7.290518,15.086329,9.000882,
0.846044,1.219052,1.704846,2.712991,3.730319,11.326878,4.981452,6.719684,7.290518,15.086329,9.000514,
0.846044,1.219052,1.704846,2.712991,3.730319,12.742903,4.917703,6.719684,11.552500,15.407147,9.000514,
0.846044,1.219052,1.704846,2.712991,3.730319,12.643019,4.917703,6.719684,12.764226,17.589807,9.000514,
0.846044,1.219052,1.704846,2.455243,4.165732,12.643019,4.917703,6.719684,12.764226,16.937139,9.880392,
0.846044,1.268332,1.704846,2.455243,4.165732,12.643019,4.917703,6.719684,11.992654,14.314674,9.880392,
0.846044,1.162625,1.704846,2.259182,4.165732,12.643019,4.917703,6.719684,11.257202,14.314674,9.880392,
0.846044,1.162625,1.704846,2.259182,4.165732,9.212306,4.917703,6.719684,12.521340,14.314674,9.880392,
0.846044,1.162625,1.704846,2.259182,4.165732,12.376429,4.917703,6.719684,12.521340,14.314674,9.880392,
0.846044,1.162625,1.704846,2.259182,4.165732,12.376429,4.917703,6.719684,12.521340,14.314674,9.880392,
0.846044,1.162625,1.420528,2.729890,4.424041,10.016645,4.917703,6.719684,12.521340,15.046303,12.181633,
0.846044,1.162625,1.420528,2.729890,4.424041,8.901372,4.917703,6.719684,4.383477,15.046303,12.181633,
0.846044,1.162625,1.420528,2.729890,4.424041,6.611313,5.756689,6.719684,4.383477,15.046303,12.181633,
0.846044,1.162625,1.420528,2.729890,4.424041,6.611313,5.756689,6.719684,5.149289,15.046303,12.181633,
0.846044,1.162625,1.420528,2.729890,4.424041,6.611313,5.756689,6.719684,5.149289,15.723817,12.181633,
0.846044,1.162625,1.420528,2.729890,4.424041,3.767991,5.756689,6.719684,9.040923,15.990562,12.181633,
0.846044,1.162625,1.420528,2.729890,4.424041,3.767991,5.756689,6.719684,9.040923,15.990562,12.181633,
0.846044,1.162625,1.420528,2.729890,4.010533,5.402587,5.756689,6.719684,9.040923,15.990562,8.191454,
0.846044,1.162625,1.420528,2.729890,4.010533,5.402587,5.756689,6.719684,9.040923,20.868035,8.191454,
0.846044,1.162625,1.420528,2.729890,4.010533,9.132628,5.862386,6.719684,9.040923,20.868035,11.401696,
0.846044,1.142321,1.420528,2.729890,4.010533,7.860830,5.862386,6.719684,7.052559,21.396898,11.401696,
0.846044,1.142321,1.592429,2.729890,4.010533,11.414683,5.862386,6.719684,5.971166,21.396898,11.401696,
0.846044,1.142321,1.592429,2.729890,4.010533,11.290696,5.862386,6.719684,5.971166,21.396898,11.401696,
0.846044,1.142321,1.592429,2.729890,4.010533,11.290696,5.862386,6.719684,5.971166,21.396898,11.401696,
0.846044,1.142321,1.592429,2.729890,3.489080,17.421710,5.862386,6.719684,5.149330,18.605438,10.924814,
0.846044,1.142321,1.592429,2.729890,3.489080,17.421710,5.862386,6.719684,5.429502,15.459844,10.924814,
0.846044,1.142321,1.592429,2.729890,3.489080,17.421710,5.862386,6.719684,5.429502,15.459844,10.924814,
0.846044,1.142321,1.592429,2.729890,3.489080,15.718529,5.533581,6.719684,5.429502,15.459844,10.924814,
0.846044,1.142321,1.592429,2.729890,3.489080,12.174735,5.533581,6.719684,8.296350,15.459844,10.924814,
0.846044,1.142321,1.592429,2.729890,3.489080,12.174735,6.207243,6.719684,14.331312,15.459844,15.702957,
0.846044,1.142321,1.592429,2.729890,3.489080,12.589482,6.207243,6.719684,4.943071,15.224274,15.702957,
0.846044,1.142321,1.592429,2.729890,3.489080,9.232882,5.386612,6.719684,4.943071,15.224274,15.702957,
0.846044,1.142321,1.592429,2.729890,3.489080,8.464519,5.386612,6.719684,4.943071,15.224274,10.116405,
0.846044,1.142321,1.592429,3.079889,3.489080,8.464519,5.386612,6.719684,4.943071,15.224274,12.540009,
0.846044,1.142321,1.592429,3.079889,3.489080,8.464519,5.386612,6.719684,5.253695,17.192298,8.118328,
0.846044,1.142321,1.592429,3.079889,3.489080,8.464519,5.386612,7.072560,4.316069,17.192298,8.118328,
0.846044,1.142321,1.592429,3.079889,3.489080,7.794235,4.012754,7.072560,11.107978,15.930179,9.610894,
0.846044,1.142321,1.592429,2.696553,3.489080,4.867995,5.297603,6.438931,11.107978,16.769026,11.700326,
0.846044,1.142321,1.592429,2.696553,3.727103,11.921784,5.297603,6.438931,13.723900,14.679115,11.700326,
0.846044,1.142321,1.592429,2.696553,3.727103,12.101760,5.297603,6.438931,13.723900,14.792665,14.134984,
0.846044,1.142321,1.592429,2.696553,3.727103,11.310622,5.297603,6.438931,13.723900,13.810918,12.635380,
0.846044,1.142321,1.592429,2.696553,3.727103,11.310622,5.297603,6.438931,10.818014,13.118372,11.153967,
0.846044,1.142321,1.592429,2.696553,3.727103,9.573020,5.297603,6.438931,10.895500,14.094131,11.153967,
0.846044,1.142321,1.592429,2.696553,3.727103,9.573020,5.297603,6.438931,10.895500,15.761775,11.153967,
0.846044,1.142321,1.592429,2.696553,3.727103,8.471140,5.297603,6.438931,7.273431,15.761775,11.780361,
0.846044,1.142321,1.592429,2.696553,3.727103,16.481539,5.297603,6.400515,7.273431,16.679418,11.780361,
0.846044,1.142321,1.592429,2.696553,3.727103,10.148437,5.297603,6.400515,4.673380,16.206741,11.780361,
0.846044,1.142321,1.592429,2.696553,3.727103,10.148437,5.297603,6.400515,4.673380,16.206741,11.780361,
0.846044,1.041716,1.592429,2.696553,3.727103,5.070831,5.297603,6.400515,3.637903,16.206741,11.780361,
0.846044,1.041716,1.592429,2.696553,3.727103,3.804888,5.297603,6.400515,3.637903,16.206741,11.780361,
0.846044,1.041716,1.592429,2.696553,3.727103,3.804888,5.297603,6.400515,4.353293,16.206741,11.780361,
0.846044,1.041716,1.592429,2.624952,3.727103,7.155763,5.297603,6.400515,4.353293,16.206741,11.780361,
0.846044,1.041716,1.592429,2.624952,3.727103,7.155763,5.297603,6.400515,5.197121,16.502556,12.325229,
0.846044,1.041716,1.592429,2.624952,3.727103,11.328318,5.297603,6.400515,8.958310,16.502556,12.325229,
0.846044,1.041716,1.592429,2.624952,3.727103,11.328318,5.297603,6.400515,8.958310,16.502556,12.325229,
0.846044,1.041716,1.592429,2.624952,3.727103,11.328318,5.297603,6.400515,8.693432,14.366198,10.988189,
0.846044,1.041716,1.592429,2.624952,3.727103,11.328318,5.297603,6.400515,8.693432,14.366198,10.988189,
0.846044,1.041716,1.592429,2.624952,3.881262,4.973823,5.297603,6.400515,8.693432,14.366198,12.786675,
0.846044,1.041716,1.592429,2.624952,3.836857,4.973823,5.039798,6.400515,6.433775,14.366198,12.786675,
0.846044,1.041716,1.592429,2.624952,3.836857,4.973823,5.039798,6.400515,6.433775,14.366198,12.786675,
0.846044,1.041716,1.592429,2.624952,3.836857,4.973823,5.039798,6.400515,7.867032,14.366198,15.343753,
0.846044,1.041716,1.592429,2.624952,3.836857,4.973823,5.039798,6.400515,8.027918,13.940866,9.317923,
0.846044,1.041716,1.592429,2.624952,3.836857,4.973823,5.039798,6.400515,8.027918,13.940866,16.382873,
0.846044,1.318284,1.592429,3.025700,3.836857,4.973823,5.039798,6.400515,8.027918,13.940866,11.589257,
0.846044,1.318284,1.592429,3.025700,3.836857,3.426609,5.039798,6.400515,8.027918,13.940866,11.589257,
0.972015,1.318284,1.592429,3.025700,3.836857,3.426609,5.039798,6.400515,10.294714,15.806974,7.073440,
0.972015,1.318284,1.592429,3.025700,3.836857,3.426609,4.555503,6.400515,7.366326,15.806974,7.073440,
0.972015,1.318284,1.592429,3.025700,3.836857,3.426609,4.555503,6.400515,6.956114,15.806974,7.562608,
0.972015,1.318284,1.592429,3.025700,3.836857,3.426609,4.480030,6.400515,9.356489,15.809613,7.562608,
0.972015,1.318284,1.592429,3.025700,3.836857,2.962632,4.480030,6.400515,9.356489,11.777613,7.562608,
0.972015,1.318284,1.592429,2.301861,3.832017,6.600986,4.480030,6.400515,9.356489,14.240730,9.052033,
0.972015,1.318284,1.592429,2.301861,3.832017,12.684914,4.480030,6.400515,7.721002,11.082007,9.052033,
0.972015,1.318284,1.592429,2.301861,3.832017,15.064519,4.480030,6.400515,2.036508,11.082007,9.052033,
0.972015,1.318284,1.592429,2.564929,4.543334,17.796874,4.480030,6.400515,2.816375,11.082007,9.052033,
0.972015,1.318284,1.592429,2.564929,4.543334,15.796389,4.398627,6.400515,2.290717,11.082007,9.052033,
0.972015,1.318284,1.592429,2.564929,4.543334,17.270405,4.398627,6.400515,4.612047,12.287838,9.052033,
0.972015,1.318284,1.592429,3.771623,4.543334,17.270405,3.711080,6.400515,4.019903,12.287838,9.052033,
0.972015,1.318284,1.592429,3.021790,4.543334,7.188126,4.029101,6.400515,4.019903,12.434217,7.645530,
0.972015,1.318284,1.592429,3.021790,4.543334,7.188126,4.029101,6.400515,4.019903,12.434217,7.645530,
0.972015,1.318284,1.592429,2.222673,4.543334,2.473897,4.029101,6.400515,3.981130,12.434217,10.140664,
0.972015,1.318284,1.592429,2.222673,4.543334,5.258465,4.101332,6.400515,6.121388,12.434217,11.132454,
0.972015,1.679539,1.592429,2.222673,4.285293,10.247993,4.101332,6.400515,6.121388,12.434217,11.132454,
0.972015,1.679539,1.592429,2.222673,4.285293,13.764954,4.101332,6.400515,6.715997,12.434217,11.132454,
0.972015,1.679539,1.592429,2.222673,4.285293,13.764954,4.101332,6.400515,6.881157,12.558412,6.504937,
0.972015,1.679539,1.592429,2.036538,4.285293,13.764954,3.761778,6.400515,10.933407,13.690345,6.504937,
0.972015,1.679539,1.592429,2.036538,4.285293,19.300758,3.761778,6.400515,10.933407,13.690345,6.504937,
0.972015,1.679539,1.592429,2.036538,4.285293,19.300758,3.761778,6.400515,14.459281,13.690345,8.261010,
0.972015,1.679539,1.592429,2.036538,4.285293,19.300758,3.761778,6.400515,14.459281,13.690345,8.261010,
0.972015,1.679539,1.592429,2.036538,4.285293,19.300758,3.761778,6.400515,14.459281,13.690345,8.261010,
0.972015,1.679539,1.592429,2.036538,4.285293,19.300758,3.761778,6.400515,13.486479,13.690345,10.497836,
0.972015,1.679539,1.592429,2.036538,4.285293,16.341335,3.761778,6.400515,13.486479,12.941566,10.497836,
0.972015,1.679539,1.592429,2.036538,4.285293,10.453242,3.761778,6.400515,16.892620,13.046094,10.497836,
0.972015,1.212047,1.592429,2.036538,4.285293,6.443326,3.761778,6.400515,16.892620,13.046094,10.497836,
0.972015,1.212047,1.592429,2.036538,4.285293,6.443326,3.761778,6.400515,12.041205,9.926121,10.497836,
0.972015,1.722388,1.592429,2.036538,4.285293,6.443326,3.761778,6.400515,5.391654,9.926121,10.497836,
0.972015,1.190298,1.592429,2.036538,4.285293,5.370466,4.225551,6.400515,2.748377,9.926121,10.497836,
0.972015,1.190298,1.592429,2.036538,4.285293,1.580161,4.225551,6.400515,2.216804,14.606961,10.497836,
0.972015,1.190298,1.592429,2.036538,4.285293,2.923762,4.225551,6.400515,4.218004,13.950191,10.714705,
0.972015,1.190298,1.592429,2.952898,4.285293,2.923762,4.225551,6.400515,9.978524,13.950191,7.184273,
0.972015,1.190298,1.592429,4.148940,4.285293,5.662461,4.225551,6.400515,7.539448,13.013326,7.184273,
0.972015,1.190298,1.592429,2.783154,4.285293,6.707415,4.225551,6.400515,6.389551,13.013326,7.184273,
0.972015,1.190298,1.592429,2.783154,4.285293,9.934169,4.225551,6.400515,6.389551,13.013326,7.184273,
0.972015,1.190298,1.592429,2.783154,5.419557,9.934169,4.225551,6.400515,6.389551,13.312574,7.184273,
0.972015,1.190298,1.592429,2.783154,5.562501,3.665823,4.225551,6.400515,6.389551,13.672719,7.184273,
0.972015,1.190298,1.592429,3.458409,5.562501,3.665823,4.225551,6.400515,7.570707,13.672719,7.184273,
0.972015,1.190298,1.421703,3.458409,5.562501,10.346316,4.225551,6.585930,7.570707,13.672719,7.184273,
0.972015,1.190298,1.421703,2.637460,5.562501,10.346316,4.225551,6.585930,7.570707,13.672719,8.776593,
0.972015,1.213518,1.421703,2.637460,5.562501,12.212218,4.225551,6.585930,6.893368,13.672719,9.403564,
0.972015,1.213518,1.421703,2.637460,5.744677,11.727454,4.225551,6.585930,4.335660,13.672719,9.403564,
0.972015,1.213518,1.421703,2.637460,5.744677,18.646430,5.100231,6.585930,3.747638,13.334170,9.403564,
0.972015,1.213518,1.489490,2.637460,3.960958,14.233683,5.100231,6.585930,4.451259,13.334170,9.403564,
0.972015,1.213518,1.489490,2.637460,3.960958,14.233683,5.100231,6.585930,4.451259,13.334170,9.403564,
0.972015,1.213518,1.489490,2.637460,3.960958,10.379505,5.100231,6.585930,4.451259,14.984447,9.403564,
0.972015,1.213518,1.489490,2.637460,4.253551,13.691801,4.447526,6.585930,4.451259,11.514079,9.403564,
0.972015,1.213518,1.489490,3.024894,4.253551,13.691801,4.447526,6.585930,4.451259,11.514079,9.403564,
0.972015,1.213518,1.489490,3.024894,4.253551,14.820498,4.447526,6.585930,4.451259,12.003952,9.403564,
0.972015,1.213518,1.489490,3.024894,4.253551,15.873804,4.447526,6.585930,4.451259,12.399705,9.403564,
0.972015,1.213518,1.489490,3.024894,4.253551,15.873804,4.447526,6.585930,4.451259,12.399705,9.403564,
0.972015,1.213518,1.489490,3.479418,5.395934,10.091376,4.447526,6.585930,4.451259,12.399705,10.028455,
0.972015,1.213518,1.489490,3.479418,5.380793,18.270755,4.447526,6.585930,6.422260,12.399705,10.028455,
0.972015,1.213518,1.489490,1.921143,5.380793,18.270755,3.529664,6.585930,6.422260,12.399705,8.269743,
0.972015,1.213518,1.489490,1.921143,5.380793,18.270755,3.529664,6.585930,3.203802,12.399705,6.589780,
0.972015,1.213518,1.489490,1.921143,5.380793,19.502104,3.529664,6.585930,2.449916,11.713120,6.589780,
0.972015,1.213518,1.489490,2.468172,4.077024,19.570435,3.529664,6.585930,2.449916,11.713120,6.589780,
0.972015,1.213518,1.489490,2.468172,4.077024,19.570435,4.049788,6.585930,5.517616,11.713120,7.750345,
0.972015,1.213518,1.489490,2.468172,4.077024,22.525395,4.049788,6.585930,9.428993,11.713120,7.750345,
0.972015,1.213518,1.489490,2.468172,4.077024,22.525395,4.251777,6.585930,9.426126,15.642327,5.644549,
0.972015,1.213518,1.489490,2.468172,4.077024,22.525395,4.251777,6.585930,9.426126,15.642327,9.832521,
0.972015,1.213518,1.489490,2.468172,4.077024,16.781780,4.251777,6.300929,9.426126,15.642327,9.832521,
0.972015,1.268358,1.489490,2.468172,4.077024,17.484860,4.251777,6.300929,10.319742,10.810609,9.832521,
0.972015,1.268358,1.489490,2.468172,4.077024,17.484860,4.251777,6.300929,10.319742,12.124645,9.832521,
0.972015,1.268358,1.489490,2.468172,4.077024,17.484860,4.251777,6.300929,10.319742,12.124645,12.303280,
0.972015,1.268358,1.489490,2.468172,4.077024,17.484860,4.251777,6.300929,4.858303,12.124645,11.075965,
0.972015,1.268358,1.489490,2.468172,4.077024,16.732135,4.251777,6.300929,7.856914,13.981254,11.075965,
0.972015,1.268358,1.489490,2.468172,4.077024,18.409153,4.251777,6.300929,6.883414,13.981254,11.075965,
0.972015,1.268358,1.489490,2.468172,4.077024,11.630926,4.251777,6.300929,9.351739,15.618155,11.075965,
0.972015,1.268358,1.489490,2.472749,4.900144,11.630926,4.251777,6.300929,9.351739,15.618155,11.075965,
0.972015,1.268358,1.489490,2.472749,4.900144,11.630926,4.591278,6.300929,9.351739,13.518825,11.075965,
0.972015,1.268358,1.489490,2.472749,4.900144,11.630926,4.591278,6.300929,9.351739,13.518825,11.075965,
0.972015,1.268358,1.489490,2.472749,4.900144,7.970162,4.591278,6.300929,5.186354,13.518825,11.075965,
0.972015,1.268358,1.489490,2.472749,3.947694,6.385140,4.591278,6.300929,4.962032,13.556331,11.075965,
0.972015,1.268358,1.489490,2.472749,3.947694,2.404752,4.591278,6.300929,10.401242,13.556331,11.771736,
0.972015,1.268358,1.489490,2.472749,3.947694,11.709344,4.591278,6.300929,10.401242,13.556331,11.771736,
0.972015,1.268358,1.489490,2.472749,3.947694,11.709344,4.591278,6.300929,10.401242,13.556331,11.771736,
0.972015,1.268358,1.489490,2.472749,3.947694,10.561506,4.591278,6.300929,8.612067,13.556331,11.771736,
0.972015,1.268358,1.489490,2.472749,3.947694,10.561506,4.591278,6.300929,8.612067,13.556331,11.771736,
0.972015,1.268358,1.489490,2.472749,3.947694,10.369218,4.591278,6.300929,8.612067,13.556331,11.771736,
0.972015,1.268358,1.489490,2.472749,3.947694,12.336906,4.591278,6.300929,7.334973,13.556331,13.992586,
0.972015,1.268358,1.489490,2.472749,4.479135,12.336906,4.571498,6.300929,7.334973,14.308201,8.833128,
0.972015,1.268358,1.489490,2.472749,4.479135,9.425948,4.571498,6.300929,7.757172,14.308201,9.985928,
0.972015,1.268358,1.489490,2.472749,4.479135,7.430433,4.571498,6.300929,6.904741,14.513658,9.985928,
0.972015,1.023795,1.489490,2.899668,4.479135,2.405581,4.571498,6.300929,6.904741,14.718691,9.985928,
0.972015,1.023795,1.489490,2.899668,4.479135,1.724979,4.571498,6.300929,6.904741,14.718691,9.985928,
0.972015,1.023795,1.489490,2.899668,4.479135,8.021498,4.571498,6.300929,6.904741,14.718691,9.985928,
0.972015,1.023795,1.489490,2.899668,4.479135,8.021498,4.571498,6.300929,8.604840,14.718691,9.985928,
0.972015,1.023795,1.489490,2.899668,4.479135,8.021498,4.571498,6.300929,6.018430,14.827071,13.652515,
0.972015,1.252976,1.489490,2.899668,4.479135,8.021498,4.571498,6.300929,6.018430,14.827071,11.064922,
0.972015,1.252976,1.489490,2.899668,4.479135,7.470209,4.571498,6.300929,6.018430,14.827071,11.064922,
0.972015,1.325831,1.489490,2.899668,5.468994,8.173931,4.571498,6.300929,6.018430,14.827071,11.064922,
0.972015,1.325831,1.489490,2.899668,5.468994,8.173931,4.571498,6.300929,6.018430,14.827071,11.064922,
0.972015,1.325831,1.489490,2.899668,5.468994,5.286127,4.571498,6.300929,6.018430,10.437884,8.804627,
0.972015,1.325831,1.489490,2.899668,5.468994,5.286127,4.131479,6.300929,8.781673,13.060353,8.804627,
0.972015,1.325831,1.489490,2.899668,5.468994,7.119879,4.131479,6.300929,10.024042,13.060353,6.365057,
0.972015,1.478066,1.489490,2.616620,5.214687,7.119879,4.131479,6.300929,14.134001,12.438406,6.365057,
0.972015,1.478066,1.489490,2.560005,5.214687,9.040896,4.131479,6.300929,14.134001,15.456465,6.365057,
0.972015,1.478066,1.489490,2.560005,5.214687,9.040896,4.131479,6.300929,8.049870,15.771393,6.365057,
0.972015,1.478066,1.489490,2.560005,5.214687,10.298561,4.131479,6.305893,8.049870,15.771393,6.365057,
0.972015,1.161440,1.489490,2.560005,5.214687,8.964621,4.131479,6.305893,8.049870,15.771393,6.365057,
0.972015,1.161440,1.489490,2.560005,5.214687,8.964621,4.131479,6.305893,8.049870,15.771393,6.365057,
0.972015,1.374107,1.489490,2.560005,5.214687,8.964621,4.131479,6.305893,8.049870,15.771393,6.365057,
0.972015,1.374107,1.489490,2.560005,5.214687,8.964621,5.205392,6.305893,8.049870,15.771393,6.365057,
0.972015,1.374107,1.489490,2.560005,5.214687,8.964621,5.205392,6.305893,8.049870,15.771393,6.365057,
0.972015,1.374107,1.489490,2.560005,7.776345,8.964621,5.205392,6.305893,8.049870,14.979889,6.365057,
0.972015,1.374107,1.489490,2.560005,4.751360,12.671891,5.205392,6.305893,11.127651,14.979889,5.795591,
0.972015,1.374107,1.489490,2.560005,4.751360,12.671891,5.205392,6.305893,11.127651,14.979889,11.535871,
0.972015,1.374107,1.489490,2.560005,4.751360,10.744517,5.205392,6.305893,11.127651,14.979889,11.535871,
0.972015,1.374107,1.489490,2.560005,4.751360,10.744517,5.154398,6.305893,6.052738,14.979889,10.373510,
0.972015,1.289403,1.489490,2.560005,4.751360,10.744517,5.154398,6.305893,6.052738,15.704378,10.373510,
0.972015,1.289403,1.489490,2.154207,4.751360,12.118670,5.154398,5.938370,7.226183,15.704378,10.373510,
0.972015,1.289403,1.489490,2.154207,4.751360,13.721100,5.154398,5.938370,6.697249,15.704378,10.373510,
0.972015,1.289403,1.489490,2.154207,4.751360,8.951963,5.154398,5.938370,6.096236,15.704378,12.841578,
0.972015,1.289403,1.489490,2.154207,4.751360,13.163517,5.154398,5.938370,4.430179,15.704378,12.841578,
0.972015,1.289403,1.489490,2.154207,4.751360,11.334289,5.154398,5.938370,4.478430,15.704378,12.841578,
0.972015,1.289403,1.489490,2.154207,4.751360,15.267876,5.154398,6.073507,2.485186,15.500404,12.841578,
0.972015,1.289403,1.489490,2.154207,4.803418,15.267876,5.154398,6.073507,9.592966,14.181198,11.644677,
0.972015,1.289403,1.489490,2.154207,4.803418,15.566998,5.154398,6.073507,10.006184,14.181198,8.070433,
0.972015,1.289403,1.489490,2.154207,4.803418,19.486767,5.154398,6.073507,7.956822,14.181198,9.654270,
0.972015,1.289403,1.489490,2.154207,4.803418,25.172027,5.154398,6.073507,7.956822,14.181198,9.904888,
0.972015,1.289403,1.489490,2.154207,4.803418,28.185282,5.154398,6.073507,15.350870,15.216893,11.961310,
0.972015,1.289403,1.489490,2.154207,5.281113,20.297778,5.154398,6.073507,15.350870,15.216893,11.961310,
0.972015,1.289403,1.489490,2.154207,5.281113,21.188477,5.154398,6.073507,14.682219,15.216893,11.961310,
0.972015,1.289403,1.489490,2.154207,5.281113,21.188477,5.154398,6.073507,14.682219,15.216893,11.961310,
0.972015,1.289403,1.489490,2.154207,5.281113,21.188477,5.154398,6.073507,11.267499,15.216893,11.961310,
0.972015,1.289403,1.489490,2.154207,5.281113,17.622742,5.154398,6.073507,13.258572,15.216893,11.961310,
0.972015,1.289403,1.489490,2.154207,5.281113,17.622742,5.154398,6.073507,13.258572,15.216893,8.688319,
0.972015,1.289403,1.489490,2.154207,5.281113,18.901434,5.154398,6.073507,10.351843,15.216893,8.688319,
0.972015,1.289403,1.489490,2.154207,5.281113,18.901434,5.154398,6.073507,10.351843,15.216893,8.688319,
0.972015,1.289403,1.489490,2.154207,5.281113,18.901434,5.154398,6.073507,10.351843,15.216893,8.688319,
0.972015,1.289403,1.489490,2.154207,5.281113,18.901434,5.154398,6.073507,10.351843,15.216893,13.564564,
0.942840,1.289403,1.489490,2.154207,5.110626,13.864489,5.154398,6.073507,10.351843,15.216893,13.564564,
0.942840,1.289403,1.489490,2.154207,5.110626,13.864489,5.154398,6.073507,10.351843,13.989319,13.564564,
0.942840,1.666121,1.489490,2.154207,5.110626,13.864489,5.154398,6.073507,10.351843,13.012556,14.665386,
0.942840,1.666121,1.489490,2.154207,5.110626,13.864489,5.154398,6.073507,10.351843,13.012556,14.665386,
0.942840,1.666121,1.489490,2.154207,5.110626,13.864489,5.154398,6.073507,8.467653,13.138859,13.208047,
0.942840,1.666121,1.489490,2.154207,5.110626,13.096726,5.154398,6.073507,8.600359,13.138859,13.208047,
0.942840,1.666121,1.489490,2.154207,5.110626,13.096726,5.154398,6.073507,9.944216,13.138859,13.208047,
0.942840,1.666121,1.489490,2.154207,5.110626,11.242979,5.154398,6.073507,9.944216,13.138859,13.208047,
0.942840,1.666121,1.489490,2.154207,5.110626,15.313400,5.154398,6.073507,9.944216,13.138859,13.208047,
0.942840,1.666121,1.489490,2.154207,5.110626,15.313400,5.154398,6.073507,11.826268,13.138859,13.208047,
0.942840,1.666121,1.489490,2.154207,5.110626,17.906415,5.154398,6.034681,7.626561,13.138859,13.208047,
0.942840,1.666121,1.489490,2.154207,5.110626,17.906415,4.827448,6.034681,7.700215,13.138859,13.208047,
0.942840,1.666121,1.489490,2.154207,5.110626,19.784598,4.827448,6.034681,7.753002,13.138859,13.208047,
0.942840,1.666121,1.489490,2.154207,5.110626,15.643016,4.827448,6.034681,4.615769,13.138859,12.851586,
0.942840,1.666121,1.489490,2.154207,5.110626,13.574963,4.827448,6.034681,3.441158,13.138859,12.851586,
0.942840,1.666121,1.489490,2.154207,4.327326,13.574963,4.827448,6.034681,3.441158,13.138859,12.851586,
0.942840,1.666121,1.489490,2.154207,4.327326,13.574963,4.827448,6.034681,6.739960,12.760062,12.851586,
0.942840,1.666121,1.489490,2.154207,4.327326,7.701799,4.827448,6.034681,10.628547,12.760062,12.829108,
0.942840,1.666121,1.489490,1.562249,4.327326,7.701799,4.827448,6.034681,10.628547,12.760062,13.666504,
0.942840,1.666121,1.489490,1.562249,4.327326,7.701799,4.827448,5.925839,10.628547,12.760062,13.666504,
0.942840,1.666121,1.489490,1.562249,4.591905,8.746612,4.827448,5.925839,5.935245,12.760062,13.666504,
0.942840,1.666121,1.489490,1.562249,4.591905,11.270966,4.827448,5.925839,11.505237,15.156854,13.666504,
0.942840,1.666121,1.489490,1.562249,4.591905,12.439485,4.827448,5.925839,11.505237,15.156854,13.666504,
0.942840,1.666121,1.489490,1.562249,4.591905,14.585707,4.827448,5.925839,11.505237,15.503053,12.166474,
0.942840,1.666121,1.489490,1.562249,4.591905,14.585707,4.663137,5.925839,11.089713,16.317403,12.608127,
0.942840,1.666121,1.489490,1.562249,4.591905,14.585707,5.877647,5.925839,11.089713,16.317403,12.608127,
0.942840,1.666121,1.489490,1.562249,4.476415,14.585707,5.671264,5.925839,4.265163,16.317403,12.608127,
0.942840,1.666121,1.489490,1.562249,4.476415,14.585707,5.671264,5.925839,4.265163,16.317403,14.035629,
0.942840,1.666121,1.489490,1.562249,4.476415,14.585707,5.671264,5.925839,5.650606,16.317403,14.035629,
0.942840,1.666121,1.489490,1.562249,4.476415,14.585707,5.671264,5.925839,8.856064,16.317403,11.110194,
0.942840,2.438060,1.489490,1.562249,4.476415,14.466892,5.671264,5.925839,7.030573,18.170804,11.110194,
0.942840,2.438060,1.489490,1.562249,4.476415,12.636449,5.671264,5.925839,7.030573,18.170804,11.110194,
0.942840,2.438060,1.491458,1.562249,4.476415,13.909706,6.661495,5.925839,12.997326,16.306948,11.942598,
0.942840,2.438060,1.491458,1.562249,4.476415,13.909706,6.661495,5.925839,12.997326,20.123417,11.942598,
0.942840,1.586537,1.491458,1.562249,4.476415,11.842732,6.661495,5.925839,12.997326,22.296717,12.625229,
0.942840,1.586537,1.676154,1.562249,4.476415,8.558789,6.453254,5.925839,12.997326,22.296717,12.625229,
0.942840,1.586537,1.676154,1.562249,4.476415,3.366345,6.453254,5.925839,12.997326,22.296717,12.625229,
0.942840,1.586537,1.676154,1.562249,4.476415,3.366345,6.453254,5.925839,12.997326,22.296717,9.072461,
0.942840,1.586537,1.676154,1.562249,3.898399,8.049026,6.453254,5.925839,12.997326,22.296717,9.072461,
0.942840,1.586537,1.676154,1.562249,3.898399,8.049026,6.453254,5.925839,16.433424,22.296717,9.072461,
0.942840,1.586537,1.676154,1.562249,3.898399,8.049026,6.453254,5.925839,16.433424,22.296717,9.072461,
0.942840,1.586537,1.676154,1.562249,3.898399,8.049026,6.453254,5.925839,16.433424,20.780473,7.615673,
0.942840,1.586537,1.676154,1.562249,3.898399,14.047317,6.401881,5.925839,20.097681,21.884376,7.615673,
0.942840,2.012562,1.676154,1.562249,3.898399,14.047317,6.401881,5.925839,20.097681,21.884376,13.266661,
0.942840,2.012562,1.676154,1.562249,3.898399,14.047317,6.401881,6.065882,20.097681,21.884376,13.266661,
0.942840,2.012562,1.676154,1.562249,3.898399,14.047317,6.401881,6.065882,19.525430,21.884376,13.266661,
0.942840,2.012562,1.676154,1.562249,3.898399,8.290730,6.401881,5.784418,19.525430,21.884376,13.266661,
0.942840,2.012562,1.676154,1.562249,3.898399,8.290730,6.401881,5.784418,18.570655,22.938743,15.349585,
0.942840,2.012562,1.722249,1.562249,4.062401,8.290730,7.293090,5.784418,18.570655,22.938743,15.349585,
0.942840,2.012562,1.722249,1.562249,4.062401,9.502514,7.293090,5.784418,15.325698,19.200619,10.581350,
0.942840,2.012562,1.722249,1.562249,4.062401,9.502514,7.293090,5.784418,15.418071,19.200619,12.020864,
0.942840,2.012562,1.722249,1.562249,4.062401,9.502514,7.293090,5.784418,14.438489,19.200619,12.020864,
0.942840,2.012562,1.722249,1.562249,2.987625,9.502514,7.293090,5.784418,13.243318,19.200619,9.303771,
0.942840,2.012562,1.722249,1.562249,3.329922,9.502514,7.293090,5.784418,13.243318,19.200619,9.303771,
0.942840,2.012562,1.722249,1.562249,3.329922,9.502514,7.293090,5.784418,15.265911,19.200619,9.303771,
0.942840,2.012562,1.722249,1.562249,3.329922,9.502514,7.293090,5.784418,15.265911,17.630184,13.013162,
0.942840,2.012562,1.722249,1.562249,3.329922,7.493791,7.293090,5.784418,13.786950,20.134647,13.013162,
0.942840,2.012562,1.594899,1.562249,3.809494,7.493791,7.293090,5.784418,16.071573,20.134647,13.013162,
0.942840,2.012562,1.594899,1.562249,3.809494,7.491413,7.293090,5.784418,16.968380,20.134647,13.013162,
0.942840,2.012562,1.594899,1.562249,3.809494,7.491413,7.293090,5.784418,12.743881,20.134647,13.454395,
0.942840,2.012562,1.594899,1.562249,3.809494,3.437040,7.293090,5.784418,12.743881,20.134647,13.454395,
0.942840,2.012562,1.594899,1.562249,3.809494,3.437040,7.293090,5.784418,12.743881,20.134647,13.454395,
0.942840,2.012562,1.594899,1.562249,3.809494,2.600056,7.293090,5.784418,12.743881,20.134647,13.454395,
0.942840,2.012562,1.594899,1.685386,3.809494,5.110866,6.935719,5.784418,7.884492,20.198569,13.231529,
0.942840,2.012562,1.594899,1.685386,3.809494,5.110866,6.935719,5.784418,7.884492,20.198569,13.231529,
0.942840,2.012562,1.594899,1.685386,3.809494,9.357265,6.935719,5.784418,7.884492,20.198569,13.231529,
0.942840,2.012562,1.594899,1.685386,3.809494,9.924421,6.935719,5.784418,4.873955,20.198569,13.231529,
0.942840,2.012562,1.594899,1.685386,3.809494,9.924421,6.935719,5.784418,4.873955,20.198569,13.231529,
0.942840,2.012562,1.594899,1.685386,3.809494,9.924421,6.935719,5.784418,8.804721,20.198569,13.231529,
0.942840,2.012562,1.594899,1.685386,3.809494,12.025421,6.935719,5.784418,8.804721,20.198569,10.051933,
0.942840,2.012562,1.594899,1.685386,3.809494,11.364355,6.935719,5.784418,8.804721,20.198569,14.538322,
0.942840,2.012562,1.594899,1.685386,3.809494,9.682403,6.935719,5.784418,8.804721,20.198569,14.538322,
0.942840,2.012562,1.594899,1.685386,3.809494,9.682403,6.935719,5.784418,8.804721,20.198569,14.538322,
0.942840,2.012562,1.594899,1.685386,3.809494,9.682403,6.935719,5.784418,8.804721,20.198569,14.538322,
0.942840,2.012562,1.594899,1.685386,3.809494,9.682403,6.935719,5.784418,8.734585,20.198569,14.538322,
0.942840,2.012562,1.594899,1.685386,3.809494,7.741572,6.935719,5.784418,8.734585,20.198569,13.065240,
0.942840,2.012562,1.594899,1.492156,3.809494,7.741572,6.935719,5.784418,8.734585,20.198569,13.065240,
0.942840,2.012562,1.594899,1.492156,3.809494,7.741572,5.827107,5.784418,8.512693,20.198569,13.065240,
0.942840,2.012562,1.594899,1.492156,3.809494,7.741572,5.827107,5.784418,8.512693,20.198569,13.065240,
0.942840,2.012562,1.594899,1.492156,3.809494,7.741572,5.827107,5.784418,8.512693,19.475550,13.065240,
0.942840,2.012562,1.594899,1.492156,3.809494,9.951131,6.519620,5.784418,8.512693,19.475550,13.065240,
0.942840,2.012562,1.594899,1.589236,3.809494,9.951131,6.519620,5.784418,6.118383,19.475550,13.159396,
0.942840,2.012562,1.594899,1.589236,3.809494,9.951131,6.519620,5.784418,10.469316,19.034115,13.159396,
0.942840,2.012562,1.594899,1.589236,3.809494,4.650341,6.519620,5.784418,8.174071,19.034115,12.539698,
0.942840,2.012562,1.594899,1.589236,3.809494,5.409382,6.519620,5.784418,8.439743,16.779814,13.306976,
0.942840,2.012562,1.594899,1.589236,3.809494,6.624832,6.519620,5.784418,8.439743,16.779814,13.306976,
0.942840,2.012562,1.594899,1.589236,3.809494,9.686997,6.519620,5.784418,6.531319,17.228457,13.306976,
0.942840,2.012562,1.594899,1.589236,3.809494,9.857033,6.519620,5.784418,11.841549,17.798088,13.306976,
0.942840,2.012562,1.594899,1.589236,3.809494,7.754404,6.519620,5.784418,12.034580,17.798088,13.306976,
0.942840,2.580034,1.746181,1.589236,3.809494,4.593253,6.519620,5.784418,12.034580,17.798088,13.067281,
0.942840,2.402773,1.746181,1.589236,3.809494,4.593253,5.163163,5.784418,14.388158,17.798088,13.067281,
0.942840,1.536918,1.746181,1.589236,3.809494,4.130849,5.163163,5.784418,14.388158,13.867629,13.067281,
0.942840,1.536918,1.746181,1.589236,3.809494,4.130849,5.163163,5.784418,9.302203,13.867629,13.067281,
0.942840,1.536918,1.746181,1.589236,3.054686,2.554237,5.433627,5.784418,7.770472,13.890243,13.067281,
0.942840,1.536918,1.746181,1.589236,3.054686,2.554237,5.433627,5.784418,7.770472,13.890243,18.572807,
0.942840,1.536918,1.746181,1.589236,3.054686,2.554237,5.433627,5.784418,7.770472,13.890243,18.572807,
0.942840,1.536918,1.746181,2.010465,3.054686,2.554237,5.769109,5.784418,7.770472,13.890243,15.794525,
0.942840,1.536918,1.746181,2.010465,3.543046,2.554237,5.769109,6.313028,7.770472,13.890243,15.794525,
0.942840,1.536918,1.746181,2.175525,3.543046,1.385681,5.769109,6.313028,3.462956,13.890243,15.794525,
0.942840,1.536918,1.746181,2.175525,3.543046,1.385681,5.769109,6.313028,6.042848,13.890243,11.506057,
0.942840,1.536918,1.746181,2.175525,3.543046,3.370562,5.769109,6.313028,6.042848,14.338251,11.506057,
0.942840,1.536918,1.746181,2.140024,3.543046,3.370562,5.769109,6.313028,6.042848,14.338251,11.506057,
0.942840,1.536918,1.746181,2.140024,3.543046,3.370562,5.769109,6.313028,7.022961,14.338251,11.506057,
0.942840,1.536918,1.746181,2.317779,3.543046,3.370562,5.769109,6.313028,7.785246,14.338251,11.506057,
0.942840,1.536918,1.746181,2.317779,3.543046,6.445686,5.769109,6.313028,7.785246,15.943853,11.506057,
0.942840,1.536918,1.746181,2.042702,3.543046,8.502192,5.769109,6.313028,7.785246,15.943853,11.506057,
0.942840,1.536918,1.746181,2.042702,3.543046,13.367774,5.769109,6.313028,7.785246,15.943853,10.572450,
0.942840,1.536918,1.746181,2.042702,3.543046,8.569257,5.769109,6.313028,10.397127,15.943853,10.572450,
0.942840,1.536918,1.746181,2.042702,3.543046,8.569257,5.769109,6.313028,10.397127,15.943853,10.572450,
0.942840,1.536918,1.746181,2.042702,3.543046,8.569257,5.769109,6.313028,4.843797,15.943853,10.572450,
0.942840,1.536918,1.746181,2.042702,3.543046,8.569257,5.769109,6.313028,4.843797,15.943853,10.572450,
0.942840,1.536918,1.746181,2.042702,3.543046,8.569257,5.769109,6.313028,4.843797,15.943853,10.572450,
0.942840,1.536918,1.746181,2.042702,3.543046,8.569257,5.769109,6.371463,4.843797,15.943853,10.572450,
0.942840,1.536918,1.746181,2.042702,3.543046,8.569257,5.769109,6.371463,5.879879,15.943853,10.572450,
0.942840,1.536918,1.746181,2.042702,3.966290,8.569257,5.769109,6.371463,2.968158,17.348642,10.572450,
0.942840,1.536918,1.746181,2.042702,3.966290,8.569257,5.769109,6.371463,6.246753,17.348642,10.572450,
0.942840,1.536918,1.746181,2.042702,3.966290,8.547387,5.769109,6.371463,6.579385,17.348642,10.572450,
0.942840,1.536918,1.746181,2.042702,3.966290,8.547387,5.769109,6.371463,3.365602,17.348642,8.135711,
0.942840,1.536918,1.746181,2.042702,3.966290,8.547387,5.769109,6.371463,9.099301,17.348642,5.678820,
0.942840,1.445322,1.643067,2.042702,3.966290,8.068601,5.769109,6.371463,12.592143,17.348642,10.663102,
0.942840,1.445322,1.643067,2.174964,3.966290,8.068601,5.769109,6.371463,12.592143,16.763284,10.663102,
0.942840,1.445322,1.643067,2.174964,3.966290,10.434031,5.769109,6.371463,12.325631,16.763284,12.370708,
0.942840,1.445322,1.643067,2.174964,3.966290,10.434031,5.769109,6.371463,12.325631,16.763284,12.370708,
0.942840,1.445322,1.643067,2.174964,3.966290,6.847225,5.769109,6.371463,12.325631,16.344671,11.443280,
0.942840,1.445322,1.643067,2.174964,3.966290,5.635695,4.841510,6.371463,9.604065,16.344671,11.443280,
0.942840,1.445322,1.643067,2.142694,3.966290,9.789388,4.767805,6.371463,16.532418,16.344671,11.443280,
0.869034,1.445322,1.643067,2.142694,3.966290,4.730173,4.767805,6.371463,15.396917,12.605356,11.443280,
0.869034,1.445322,1.643067,2.142694,3.966290,9.854630,4.767805,6.371463,8.958402,14.106165,15.129986,
0.869034,1.445322,1.643067,2.142694,3.966290,9.494263,4.767805,6.371463,3.597464,15.350463,15.129986,
0.869034,1.445322,1.643067,2.142694,3.966290,9.494263,4.767805,6.371463,3.597464,15.350463,15.129986,
0.869034,1.445322,1.643067,2.142694,3.966290,10.618206,4.767805,6.371463,3.597464,15.350463,14.623946,
0.869034,1.445322,1.643067,2.142694,3.966290,12.459105,4.767805,6.371463,3.597464,14.022872,14.623946,
0.869034,1.416608,1.493951,2.142694,3.966290,8.939651,4.767805,6.371463,3.422876,14.022872,14.623946,
0.869034,1.416608,1.493951,1.887500,3.966290,8.939651,4.767805,6.371463,6.254114,10.360442,14.623946,
0.869034,1.416608,1.493951,1.887500,3.966290,4.556472,4.767805,6.610472,9.355100,14.702649,15.242358,
0.869034,1.416608,1.493951,1.887500,3.966290,4.556472,4.767805,6.610472,8.870324,14.702649,15.242358,
0.869034,1.416608,1.493951,1.887500,3.966290,5.335795,4.767805,6.610472,12.382843,14.126488,15.242358,
0.869034,1.416608,1.493951,1.887500,3.966290,5.335795,4.767805,6.610472,14.729387,14.126488,10.544285,
0.869034,1.416608,1.493951,1.887500,3.966290,2.789520,4.767805,6.610472,11.731595,14.126488,8.992383,
0.869034,1.975214,1.493951,1.887500,3.966290,3.343448,4.767805,6.610472,11.731595,14.126488,12.092491,
0.869034,1.975214,1.493951,1.901306,3.966290,3.478696,4.935704,6.610472,16.443021,14.126488,12.092491,
0.869034,1.677283,1.493951,1.901306,3.966290,7.314367,4.935704,6.610472,16.443021,12.558245,12.092491,
0.869034,1.677283,1.493951,1.901306,3.966290,7.314367,4.935704,6.610472,14.452906,12.558245,12.092491,
0.869034,1.677283,1.493951,1.901306,3.966290,7.314367,4.935704,6.610472,11.941426,12.558245,12.092491,
0.869034,1.677283,1.493951,1.901306,3.966290,8.375843,4.935704,6.610472,8.086308,12.558245,12.092491,
0.869034,1.677283,1.554310,1.901306,3.966290,8.375843,4.935704,6.610472,8.086308,12.558245,12.092491,
0.869034,2.249899,1.554310,1.901306,3.966290,8.375843,4.935704,6.610472,8.013208,12.558245,12.092491,
0.869034,2.249899,1.554310,1.901306,3.966290,8.375843,4.935704,6.610472,8.013208,12.558245,12.092491,
0.869034,2.249899,1.554310,1.901306,3.966290,8.375843,4.935704,6.610472,8.013208,12.558245,12.092491,
0.869034,2.249899,1.554310,1.901306,3.966290,8.375843,4.935704,6.610472,8.013208,12.558245,12.092491,
0.869034,2.249899,1.554310,1.901306,3.966290,8.375843,4.935704,6.610472,8.013208,12.558245,12.092491,
0.869034,2.249899,1.554310,1.901306,3.966290,8.375843,4.935704,6.610472,8.013208,12.558245,12.092491,
0.869034,1.432693,1.554310,2.194092,3.966290,6.560695,4.935704,6.610472,8.013208,15.551226,12.092491,
0.869034,1.432693,1.554310,2.194092,3.966290,6.560695,4.935704,6.610472,8.013208,14.087518,9.902228,
0.869034,1.432693,1.554310,2.194092,3.966290,4.715898,4.935704,6.610472,9.289526,14.087518,9.902228,
0.869034,1.432693,1.554310,2.194092,3.966290,4.715898,4.935704,6.610472,5.532284,15.299593,11.580558,
0.869034,1.432693,1.554310,2.194092,3.966290,4.715898,4.935704,6.610472,4.069485,15.299593,11.580558,
0.869034,1.432693,1.554310,2.194092,4.658457,4.508785,4.935704,6.610472,7.747648,15.299593,8.277677,
0.869034,1.432693,1.554310,2.194092,4.310603,6.952175,4.509140,6.610472,7.747648,12.422307,10.593765,
0.869034,1.432693,1.554310,2.194092,4.310603,6.952175,4.509140,6.610472,7.747648,13.306179,7.444355,
0.869034,1.432693,1.554310,2.592032,4.310603,6.952175,4.509140,6.610472,7.747648,13.306179,7.444355,
0.869034,1.432693,1.554310,2.592032,4.310603,6.952175,4.509140,6.610472,7.747648,13.306179,7.444355,
0.869034,1.432693,1.554310,2.592032,4.310603,11.117628,4.509140,6.610472,7.747648,13.306179,7.444355,
0.869034,1.432693,1.554310,2.592032,4.310603,11.117628,4.509140,6.610472,6.126385,13.306179,11.578376,
0.869034,1.432693,1.554310,2.592032,4.310603,9.582282,4.509140,6.610472,5.776005,13.306179,12.872007,
0.869034,1.432693,1.554310,2.592032,3.734860,3.804531,4.509140,6.610472,5.776005,13.306179,12.872007,
0.869034,1.432693,1.554310,2.592032,3.734860,3.804531,4.509140,6.610472,5.776005,13.306179,12.872007,
0.869034,1.432693,1.554310,2.592032,3.734860,3.804531,4.509140,6.610472,5.776005,13.306179,12.872007,
0.869034,1.432693,1.554310,2.592032,3.734860,8.422214,4.509140,6.610472,5.776005,13.306179,14.221425,
0.869034,1.432693,1.554310,2.592032,3.734860,8.422214,4.509140,6.610472,5.776005,11.101146,14.141989,
0.869034,1.432693,1.554310,2.592032,3.734860,10.658436,4.509140,6.610472,5.275562,11.101146,14.141989,
0.869034,1.432693,1.554310,2.592032,3.734860,13.379094,4.509140,6.610472,5.275562,11.760683,14.141989,
0.869034,1.432693,1.554310,2.592032,3.734860,12.476660,4.509140,6.610472,7.776732,11.760683,13.103047,
0.869034,1.075532,1.554310,2.592032,3.734860,12.476660,4.509140,6.610472,10.863729,11.760683,13.103047,
0.869034,1.075532,1.554310,4.565229,3.734860,12.476660,4.509140,6.610472,10.863729,11.760683,9.727197,
0.869034,1.075532,1.554310,4.565229,3.734860,10.828772,4.509140,6.610472,10.863729,11.760683,9.727197,
0.869034,1.075532,1.554310,4.565229,3.734860,12.485388,4.509140,6.610472,9.436573,11.760683,8.693541,
0.869034,1.075532,1.554310,4.565229,3.734860,12.485388,4.509140,6.610472,10.815985,11.760683,8.693541,
0.869034,1.075532,1.554310,4.565229,3.734860,9.857965,4.509140,6.970721,5.538790,11.760683,7.881531,
0.869034,1.075532,1.554310,3.148070,3.734860,13.283579,4.509140,6.970721,5.538790,15.204787,9.792294,
0.869034,1.075532,1.554310,3.148070,3.734860,9.641359,4.509140,6.970721,3.617044,13.935024,9.894202,
0.869034,1.075532,1.554310,3.148070,3.734860,0.968295,4.509140,6.970721,3.617044,13.935024,9.551796,
0.869034,1.075532,1.554310,3.148070,3.734860,0.968295,4.509140,6.970721,3.039459,14.399374,9.551796,
0.869034,1.075532,1.554310,3.148070,3.734860,0.968295,4.398006,6.970721,3.164618,14.399374,9.551796,
0.869034,1.075532,1.554310,3.148070,3.734860,0.434827,4.398006,6.970721,3.164618,14.399374,9.551796,
0.869034,1.075532,1.554310,3.148070,3.734860,4.827371,4.398006,6.970721,10.101227,14.399374,9.551796,
0.869034,1.075532,1.554310,3.148070,3.734860,4.827371,4.398006,6.970721,11.837930,14.399374,9.551796,
0.869034,1.075532,1.554310,3.148070,3.549228,4.827371,4.398006,6.970721,10.622053,14.399374,9.551796,
0.869034,1.075532,1.554310,3.148070,3.549228,4.827371,5.282132,6.970721,6.607374,14.399374,9.551796,
0.869034,1.075532,1.554310,3.148070,3.549228,4.827371,5.282132,6.970721,6.607374,14.399374,9.551796,
0.869034,1.075532,1.554310,3.148070,3.549228,3.099387,5.282132,6.970721,6.607374,15.716184,9.551796,
0.869034,1.075532,1.554310,3.148070,3.549228,3.099387,5.282132,6.970721,5.333333,15.716184,9.551796,
0.869034,1.075532,1.554310,3.148070,3.549228,3.099387,4.827213,6.970721,5.333333,14.007299,12.192511,
0.869034,1.075532,1.554310,3.148070,3.549228,7.276225,4.827213,6.970721,8.688266,14.007299,13.199757,
0.869034,1.075532,1.554310,3.148070,3.549228,8.811118,4.827213,6.970721,9.128842,14.007299,13.199757,
0.869034,1.075532,1.554310,3.148070,3.549228,4.518958,4.827213,6.970721,7.429396,14.007299,13.199757,
0.869034,1.075532,1.554310,3.148070,3.549228,6.499979,4.827213,6.970721,7.429396,11.368002,13.580752,
0.869034,1.075532,1.554310,3.398750,3.549228,6.499979,4.827213,6.970721,7.429396,12.731599,12.473099,
0.869034,1.075532,1.554310,3.398750,3.549228,4.079332,4.382769,6.970721,6.096277,12.731599,12.473099,
0.869034,1.075532,1.554310,3.398750,3.549228,3.835776,4.382769,6.970721,8.615844,12.731599,10.385880,
0.869034,1.075532,1.554310,3.398750,3.549228,1.473211,4.382769,6.970721,8.615844,12.731599,10.385880,
0.869034,1.075532,1.554310,3.398750,3.549228,1.795989,4.382769,6.472119,8.615844,12.731599,10.385880,
0.869034,1.075532,1.554310,3.398750,3.549228,1.795989,4.382769,6.472119,8.615844,12.731599,10.385880,
0.869034,1.075532,1.916628,3.398750,3.549228,5.408912,4.382769,6.472119,6.881970,12.731599,10.385880,
0.869034,1.075532,1.916628,3.398750,3.549228,5.408912,4.382769,6.472119,6.881970,12.731599,10.385880,
0.869034,1.075532,1.916628,3.398750,3.549228,5.454211,4.382769,6.472119,6.881970,12.731599,10.385880,
0.869034,1.075532,1.944663,3.398750,2.748246,12.357739,4.382769,6.472119,6.881970,12.731599,10.385880,
0.869034,1.075532,1.944663,3.398750,2.748246,13.549922,4.382769,6.472119,6.881970,15.325453,10.385880,
0.869034,1.075532,1.944663,3.398750,2.748246,9.626846,5.014662,6.472119,6.881970,15.325453,10.385880,
0.869034,1.075532,1.944663,3.398750,2.748246,10.873235,5.014662,6.472119,6.881970,15.325453,10.385880,
0.869034,1.075532,1.944663,2.941641,2.748246,8.396231,5.339933,6.472119,6.881970,15.325453,10.385880,
0.869034,1.075532,1.944663,2.941641,2.748246,5.780933,5.339933,6.472119,6.881970,15.325453,10.385880,
0.869034,1.075532,1.944663,3.010966,2.748246,4.893495,5.339933,6.472119,6.881970,18.739795,10.385880,
0.869034,1.075532,1.944663,3.010966,2.748246,4.893495,5.339933,6.472119,5.651858,18.739795,10.385880,
0.869034,1.075532,1.944663,3.010966,2.748246,2.013015,7.138787,6.393446,5.651858,18.739795,10.385880,
0.869034,1.075532,1.944663,2.857449,2.748246,1.486887,7.138787,6.393446,5.651858,18.739795,10.385880,
0.869034,1.075532,1.944663,2.857449,2.748246,1.192819,7.138787,6.393446,5.651858,21.124703,10.385880,
0.869034,1.075532,1.944663,2.857449,2.748246,1.192819,7.138787,6.393446,5.651858,23.729372,10.385880,
0.869034,1.075532,1.944663,2.857449,2.748246,3.261323,7.306341,6.393446,9.657829,23.729372,10.385880,
0.869034,1.075532,1.944663,2.857449,2.748246,7.308156,7.306341,6.393446,16.499441,23.979530,12.880697,
0.869034,1.075532,1.944663,2.857449,2.748246,7.308156,7.306341,6.393446,8.220725,23.979530,12.880697,
0.869034,1.075532,1.944663,2.857449,2.748246,7.308156,7.306341,6.393446,8.220725,23.979530,12.880697,
0.869034,1.075532,1.944663,2.857449,2.748246,7.308156,7.306341,6.393446,6.420858,23.979530,12.880697,
0.869034,1.075532,1.944663,2.857449,2.748246,5.044472,7.306341,6.393446,6.420858,20.271663,12.880697,
0.869034,1.075532,1.944663,2.857449,2.748246,5.044472,7.405158,6.339763,4.456117,20.271663,12.880697,
0.869034,1.075532,1.944663,2.857449,2.748246,1.521716,7.405158,6.339763,4.456117,20.271663,12.880697,
0.869034,1.075532,1.944663,2.857449,2.748246,3.775707,7.405158,6.339763,8.149703,20.271663,12.880697,
0.869034,1.075532,1.944663,2.857449,2.748246,3.775707,7.405158,6.339763,8.149703,20.271663,14.396124,
0.869034,1.075532,1.944663,1.682036,2.748246,3.775707,7.405158,6.738055,4.189254,20.271663,14.396124,
0.869034,1.075532,1.944663,1.682036,2.748246,2.425345,7.405158,6.738055,2.911877,20.271663,14.396124,
0.869034,1.075532,1.944663,1.682036,2.748246,3.989055,7.405158,6.738055,2.911877,20.271663,12.524762,
0.869034,0.983541,1.944663,1.682036,2.748246,3.616734,7.159077,6.738055,1.951819,21.896091,12.524762,
0.869034,0.983541,1.944663,1.682036,2.800651,1.950947,7.159077,6.738055,1.754210,20.814419,12.524762,
0.869034,0.983541,1.944663,1.682036,2.800651,5.129014,7.159077,6.738055,1.754210,20.814419,9.869592,
0.869034,1.318207,1.944663,1.682036,2.800651,6.891589,6.039943,6.738055,7.974531,20.814419,9.869592,
0.869034,1.937325,1.944663,1.682036,2.800651,6.891589,6.039943,6.738055,11.944662,20.814419,9.869592,
0.869034,1.937325,1.944663,1.682036,2.800651,13.423402,6.039943,6.738055,8.690865,19.940972,9.869592,
0.869034,1.937325,1.985426,1.778813,2.800651,13.423402,6.039943,6.738055,6.668220,17.255022,9.869592,
0.869034,1.434866,1.985426,1.778813,2.800651,13.212400,6.039943,6.738055,4.623276,17.255022,9.869592,
0.869034,1.434866,1.985426,1.778813,2.800651,13.212400,6.039943,6.738055,4.612728,18.547134,8.635012,
0.869034,1.434866,1.985426,1.785821,2.800651,13.212400,6.039943,6.738055,4.612728,21.329280,8.635012,
0.869034,1.434866,1.985426,1.785821,2.800651,13.212400,6.039943,6.738055,11.266355,21.329280,8.163345,
0.869034,1.434866,1.985426,1.785821,3.040188,13.212400,6.453203,6.738055,11.266355,20.498732,9.148077,
0.869034,1.434866,1.985426,1.785821,3.040188,10.118684,6.453203,6.769215,7.738143,22.796790,9.486062,
0.869034,1.434866,1.985426,1.785821,3.040188,10.118684,6.453203,6.769215,7.738143,24.541648,9.486062,
0.869034,1.434866,1.985426,1.785821,3.040188,7.981846,6.453203,6.769215,7.738143,24.541648,9.486062,
0.869034,1.434866,1.985426,1.785821,3.040188,7.981846,7.172048,6.769215,6.171677,22.392451,9.486062,
0.869034,1.434866,1.985426,1.785821,3.040188,7.673884,7.172048,6.769215,3.840191,22.820632,9.284639,
0.869034,1.434866,1.985426,1.785821,3.040188,5.531741,7.172048,6.769215,3.840191,22.820632,9.099887,
0.869034,1.434866,1.985426,1.785821,3.040188,5.531741,7.172048,6.769215,3.840191,21.101826,8.857783,
0.869034,1.434866,1.985426,2.532204,3.040188,5.531741,7.172048,6.769215,4.789100,21.101826,10.660183,
0.869034,1.434866,1.985426,2.532204,3.040188,8.334407,7.172048,6.769215,6.529074,21.101826,10.660183,
0.869034,1.434866,1.836149,2.718066,3.040188,4.561790,7.172048,6.769215,10.290053,15.750656,10.660183,
0.869034,1.434866,1.836149,2.718066,3.040188,4.561790,7.172048,6.769215,10.290053,15.750656,10.660183,
0.869034,1.434866,1.836149,2.718066,3.040188,4.561790,7.172048,6.769215,10.290053,23.015898,10.660183,
0.869034,1.434866,1.836149,2.718066,3.040188,3.555242,7.172048,6.769215,10.290053,23.015898,7.195637,
0.869034,1.434866,1.836149,2.718066,3.040188,3.834686,7.172048,6.757432,9.914527,23.015898,9.762678,
0.869034,1.434866,1.836149,2.718066,3.040188,4.712728,7.172048,6.757432,9.914527,23.015898,12.048875,
0.869034,1.434866,1.836149,2.718066,3.040188,4.712728,7.172048,6.757432,9.914527,23.015898,9.712316,
0.869034,1.434866,1.836149,1.795515,3.040188,4.712728,7.172048,6.757432,6.077227,23.015898,10.734973,
0.869034,1.434866,1.836149,1.795515,3.040188,8.640879,7.172048,6.757432,2.834959,19.975425,10.734973,
0.869034,1.434866,1.836149,1.795515,3.040188,4.689329,7.172048,6.757432,2.834959,21.034502,11.190935,
0.869034,1.434866,1.836149,1.795515,3.040188,10.937785,7.172048,6.757432,2.834959,21.034502,11.190935,
0.869034,1.434866,1.836149,1.795515,3.040188,5.745700,7.172048,6.757432,2.834959,21.034502,11.190935,
0.869034,1.434866,1.836149,1.582025,3.040188,4.044546,7.172048,6.757432,0.807242,21.034502,11.190935,
0.869034,1.434866,1.836149,1.582025,3.040188,4.044546,7.172048,6.757432,0.807242,21.034502,11.190935,
0.869034,1.434866,1.836149,1.582025,3.040188,1.611040,7.172048,6.757432,1.687084,21.034502,11.190935,
0.869034,1.434866,1.836149,1.582025,3.040188,5.141013,7.172048,6.757432,1.362728,21.034502,11.190935,
0.869034,1.434866,1.836149,1.582025,3.040188,5.141013,7.172048,6.757432,6.408113,22.287024,9.908549,
0.869034,1.434866,1.836149,1.582025,3.040188,5.141013,7.172048,6.757432,6.408113,22.287024,9.908549,
0.869034,1.434866,1.836149,1.582025,3.040188,7.411299,7.172048,6.757432,4.406514,22.287024,9.908549,
0.869034,1.434866,1.836149,1.738679,3.040188,8.566811,7.172048,6.757432,4.406514,24.481570,9.908549,
0.869034,1.434866,1.836149,1.916855,3.040188,8.566811,7.172048,6.757432,4.406514,24.481570,9.908549,
0.869034,1.434866,1.836149,1.916855,3.040188,8.566811,7.172048,6.757432,7.670059,24.481570,9.908549,
0.869034,1.434866,1.836149,1.916855,3.040188,8.566811,7.172048,6.757432,4.886370,29.588770,10.677293,
0.869034,1.434866,1.836149,1.916855,3.040188,12.755752,7.172048,6.757432,2.436184,29.588770,4.882350,
0.869034,1.434866,1.836149,2.037880,3.839747,14.758955,7.172048,6.757432,2.892026,29.588770,6.338065,
0.869034,1.434866,1.836149,2.037880,3.839747,14.758955,7.172048,6.757432,2.892026,27.153847,5.613603,
0.869034,1.434866,1.836149,2.037880,3.839747,14.758955,7.172048,6.757432,2.892026,27.153847,5.613603,
0.869034,1.434866,1.836149,2.037880,3.839747,14.758955,7.172048,6.757432,12.454929,27.153847,5.613603,
0.869034,1.434866,1.795013,2.037880,3.839747,16.529108,7.172048,6.757432,14.551160,27.153847,5.613603,
0.869034,1.434866,1.795013,2.037880,3.839747,16.529108,6.904125,6.757432,14.551160,20.925499,5.613603,
0.869034,1.434866,1.795013,2.037880,3.839747,10.829324,6.804578,6.757432,9.180334,17.598076,6.778285,
0.869034,1.434866,1.795013,2.037880,3.839747,13.416504,6.804578,7.283077,9.180334,22.887002,3.751070,
0.869034,1.434866,1.795013,2.037880,3.839747,16.693572,6.804578,7.283077,9.180334,22.887002,3.433120,
0.869034,1.434866,1.795013,2.037880,3.839747,11.087798,6.804578,7.283077,4.226842,22.145777,3.433120,
0.869034,1.434866,1.795013,2.037880,3.839747,11.087798,6.804578,7.283077,4.226842,22.145777,5.439600,
0.869034,1.434866,1.795013,2.037880,3.839747,11.087798,6.804578,7.283077,4.226842,22.145777,5.439600,
0.869034,1.434866,1.795013,2.037880,3.839747,12.233946,6.804578,7.283077,4.226842,22.145777,5.439600,
0.869034,1.434866,1.795013,2.037880,3.839747,17.823316,6.804578,7.283077,5.115313,22.145777,5.439600,
0.869034,1.434866,1.795013,2.037880,3.839747,17.823316,6.804578,7.283077,5.115313,22.145777,5.439600,
0.869034,1.434866,1.795013,2.037880,3.839747,17.823316,6.804578,7.283077,5.115313,22.145777,3.838375,
0.869034,1.434866,1.795013,2.037880,3.839747,17.823316,6.804578,7.283077,9.559707,28.079264,3.838375,
0.869034,1.434866,1.795013,2.197099,3.839747,17.823316,6.804578,7.283077,9.559707,24.502619,3.838375,
0.869034,1.434866,1.795013,2.197099,3.839747,17.823316,5.083496,7.283077,9.559707,23.621185,3.066339,
0.869034,1.434866,1.795013,2.197099,3.839747,12.912422,5.083496,7.283077,9.559707,23.621185,2.093698,
0.869034,1.434866,1.795013,2.197099,3.839747,10.639757,5.083496,7.621976,9.559707,23.621185,2.093698,
0.869034,1.434866,1.795013,2.197099,3.839747,10.639757,5.083496,7.621976,9.559707,23.621185,1.787687,
0.869034,1.434866,1.795013,2.197099,3.839747,11.322442,5.083496,7.621976,9.725274,23.621185,2.737291,
0.869034,1.434866,1.795013,2.131864,3.839747,6.502382,3.909241,7.621976,9.725274,23.621185,2.737291,
0.869034,1.434866,1.795013,2.131864,3.839747,6.502382,4.907275,7.621976,9.725274,17.603966,5.337440,
0.869034,1.434866,1.795013,2.131864,3.839747,6.502382,4.729271,7.621976,9.725274,17.603966,5.049639,
0.869034,1.434866,1.795013,2.131864,3.839747,8.092074,4.729271,7.621976,8.751953,18.048396,5.049639,
0.869034,1.434866,1.795013,2.131864,3.412150,7.337242,4.729271,7.621976,8.751953,18.781791,5.049639,
0.797923,1.434866,1.795013,2.131864,3.412150,6.577751,4.729271,7.621976,8.751953,18.781791,5.049639,
0.797923,1.434866,1.795013,2.131864,3.403256,5.400510,4.729271,7.621976,15.023792,18.781791,5.049639,
0.797923,1.434866,1.795013,2.131864,3.403256,9.369730,4.729271,7.621976,15.957918,18.781791,3.224433,
0.797923,1.434866,1.795013,2.131864,3.403256,9.369730,4.729271,7.621976,17.841054,18.781791,3.518840,
0.797923,1.434866,1.795013,2.131864,3.403256,9.369730,4.729271,7.621976,17.071317,17.322304,3.518840,
0.797923,1.434866,1.795013,2.131864,3.403256,9.369730,4.729271,7.621976,17.454970,17.322304,3.518840,
0.797923,1.434866,1.795013,2.131864,3.403256,9.369730,4.729271,7.621976,17.454970,17.894688,5.865577,
0.797923,1.434866,1.795013,2.046667,3.403256,9.369730,4.729271,7.621976,17.454970,13.934551,8.326747,
0.797923,1.434866,1.795013,2.046667,3.403256,9.369730,4.729271,7.621976,17.454970,13.934551,7.069009,
0.797923,1.434866,1.795013,2.046667,3.403256,9.369730,4.729271,7.621976,17.454970,13.934551,7.069009,
0.750477,1.434866,1.795013,2.046667,3.403256,9.369730,4.729271,7.621976,17.454970,13.934551,7.069009,
0.750477,1.434866,1.795013,2.046667,3.403256,15.133550,4.729271,7.621976,15.790457,13.405114,7.069009,
0.750477,1.434866,1.795013,2.046667,3.403256,20.175462,4.729271,7.621976,15.790457,13.405114,7.069009,
0.750477,1.434866,1.795013,2.046667,3.403256,20.175462,4.729271,7.621976,15.790457,13.405114,7.342136,
0.750477,1.434866,1.795013,2.046667,3.403256,20.175462,4.061596,7.621976,19.975112,13.405114,7.342136,
0.750477,1.434866,1.795013,1.910669,3.403256,20.175462,4.061596,7.621976,21.290729,12.592309,7.342136,
0.750477,1.358389,1.491477,1.910669,3.403256,20.175462,4.061596,7.621976,24.403115,12.592309,7.342136,
0.750477,1.358389,1.622727,2.711851,3.403256,20.175462,4.061596,7.621976,20.834082,12.592309,7.342136,
0.750477,1.358389,1.622727,2.711851,3.403256,20.349253,4.061596,7.621976,20.834082,11.850646,7.342136,
0.750477,1.358389,1.622727,2.711851,3.403256,15.696382,4.061596,7.621976,23.714071,12.946745,7.342136,
0.750477,1.158621,1.622727,2.711851,3.403256,14.259284,3.845999,7.621976,23.714071,12.946745,7.342136,
0.750477,1.158621,1.622727,2.711851,3.403256,14.259284,3.845999,7.621976,23.714071,12.946745,7.342136,
0.750477,1.074566,1.483038,2.711851,3.403256,14.259284,3.845999,7.621976,23.714071,12.946745,7.342136,
0.750477,1.074566,1.483038,2.711851,3.403256,14.259284,3.845999,7.621976,23.714071,10.792372,7.342136,
0.750477,1.074566,1.483038,2.711851,3.403256,12.397055,3.845999,7.621976,23.714071,10.792372,7.342136,
0.750477,1.074566,1.483038,2.711851,3.403256,12.397055,3.845999,7.621976,23.714071,10.792372,8.293248,
0.750477,1.074566,1.483038,2.711851,3.403256,14.714559,3.845999,7.621976,23.714071,10.792372,8.293248,
0.750477,1.074566,1.483038,2.711851,3.403256,14.714559,3.845999,7.621976,23.714071,10.792372,8.293248,
0.750477,1.190106,1.483038,2.711851,3.403256,14.714559,3.845999,7.621976,18.471610,10.792372,9.188886,
0.750477,1.190106,1.483038,2.711851,3.403256,14.714559,3.845999,7.621976,18.471610,10.792372,9.188886,
0.750477,1.190106,1.483038,2.711851,3.403256,13.794259,3.845999,7.621976,23.518514,10.747757,8.874429,
0.774960,1.190106,1.483038,2.711851,3.403256,15.854393,3.845999,7.621976,28.376438,10.747757,8.874429,
0.774960,1.190106,1.483038,2.711851,3.403256,15.854393,3.845999,7.621976,28.376438,11.970008,8.874429,
0.774960,1.190106,1.483038,2.711851,4.018403,10.977838,3.845999,6.588662,28.376438,12.960956,8.874429,
0.774960,1.190106,1.483038,2.711851,4.018403,10.977838,4.253812,6.588662,28.376438,11.985364,8.874429,
0.774960,1.190106,1.483038,2.711851,4.018403,10.977838,4.253812,6.588662,29.574267,11.985364,8.874429,
0.774960,1.190106,1.483038,2.711851,4.018403,11.821066,4.253812,6.588662,27.208831,11.985364,8.874429,
0.774960,1.190106,1.483038,2.711851,4.018403,11.821066,4.253812,6.588662,26.495163,11.985364,10.421048,
0.774960,1.190106,1.483038,2.711851,4.018403,11.821066,4.253812,6.588662,26.495163,11.985364,10.421048,
0.774960,1.190106,1.483038,2.711851,4.018403,11.821066,4.253812,6.588662,26.495163,11.985364,9.543387,
0.774960,1.190106,1.483038,2.711851,4.018403,11.430705,4.253812,6.588662,25.319805,11.985364,9.543387,
0.774960,1.190106,1.483038,2.711851,3.600508,16.240546,4.253812,6.588662,22.101558,12.283760,9.543387,
0.774960,1.190106,1.483038,2.711851,3.600508,14.880938,4.253812,6.588662,16.740221,12.283760,12.861617,
0.774960,1.190106,1.483038,2.711851,3.600508,12.971113,4.253812,6.588662,16.740221,12.283760,12.861617,
0.774960,1.190106,1.483038,2.711851,3.600508,18.096254,4.253812,6.588662,16.740221,12.283760,12.861617,
0.774960,1.190106,1.483038,2.711851,3.600508,15.207191,4.253812,6.588662,16.740221,12.283760,12.861617,
0.774960,1.190106,1.483038,2.711851,3.907872,8.673881,4.253812,6.588662,12.036264,12.283760,12.861617,
0.774960,1.190106,1.483038,2.711851,3.907872,8.673881,4.253812,6.588662,7.847425,12.283760,12.861617,
0.774960,1.190106,1.483038,2.711851,3.907872,5.380410,4.253812,6.588662,7.847425,13.539698,13.855413,
0.774960,1.190106,1.483038,2.711851,3.907872,7.880772,4.253812,6.588662,7.847425,13.539698,12.133344,
0.774960,1.190106,1.483038,2.711851,3.907872,12.501437,4.253812,7.329844,5.109013,13.539698,12.133344,
0.774960,1.190106,1.483038,2.711851,3.907872,12.501437,4.253812,7.329844,6.502302,12.839823,8.838392,
0.774960,1.190106,1.483038,2.683336,3.907872,12.501437,4.253812,7.329844,6.502302,12.839823,8.855192,
0.774960,1.190106,1.483038,2.683336,3.907872,13.889070,4.475575,7.329844,10.858109,13.183550,8.855192,
0.774960,1.190106,1.483038,2.683336,3.907872,13.772080,4.475575,7.329844,12.093638,15.380644,8.855192,
0.774960,1.190106,1.483038,2.444507,4.263116,9.496153,4.475575,7.329844,12.093638,14.733776,8.855192,
0.774960,1.262779,1.483038,2.444507,4.263116,9.496153,4.475575,7.329844,11.339562,14.733776,8.855192,
0.774960,1.161629,1.483038,2.444507,4.263116,11.872428,4.475575,7.329844,10.628620,14.733776,8.855192,
0.774960,1.161629,1.483038,2.444507,4.263116,8.478420,4.475575,7.329844,11.916806,14.733776,6.142924,
0.774960,1.161629,1.483038,2.444507,4.263116,8.478420,4.475575,7.329844,11.916806,14.733776,9.765245,
0.774960,1.161629,1.483038,2.444507,4.263116,8.478420,4.475575,7.329844,11.916806,14.733776,9.765245,
0.774960,1.161629,1.372806,2.801027,4.480347,8.478420,4.475575,7.329844,11.916806,15.462640,9.765245,
0.774960,1.161629,1.372806,2.801027,4.480347,7.535746,4.475575,7.329844,11.916806,15.462640,9.765245,
0.774960,1.161629,1.372806,2.801027,4.480347,5.519925,5.464242,7.329844,11.916806,15.462640,9.765245,
0.774960,1.161629,1.372806,2.801027,4.480347,5.519925,5.464242,7.329844,11.443498,15.462640,9.765245,
0.774960,1.161629,1.372806,2.801027,4.480347,5.519925,4.396791,7.329844,11.443498,16.138361,9.765245,
0.774960,1.161629,1.372806,2.801027,4.480347,3.149541,4.396791,7.329844,14.748340,16.138361,9.765245,
0.774960,1.161629,1.372806,2.801027,4.480347,3.149541,4.396791,7.329844,14.748340,16.138361,9.765245,
0.774960,1.161629,1.372806,2.801027,4.041884,5.032764,8.239064,7.329844,14.748340,23.601615,6.016415,
0.774960,1.161629,1.372806,2.801027,4.041884,5.032764,8.239064,7.329844,14.748340,28.476794,5.167625,
0.774960,1.161629,1.372806,2.801027,4.041884,5.032764,8.239064,7.329844,14.748340,28.476794,8.812821,
0.774960,1.142147,1.372806,2.801027,4.041884,4.733856,8.239064,7.329844,12.445735,29.005570,8.812821,
0.774960,1.142147,1.372806,2.801027,4.041884,8.770168,8.239064,7.329844,10.761168,29.005570,8.812821,
0.774960,1.142147,1.372806,2.801027,4.041884,8.830362,8.239064,7.329844,10.761168,29.005570,8.812821,
0.774960,1.142147,1.372806,2.801027,4.041884,8.830362,8.239064,7.329844,10.761168,29.683888,8.812821,
0.774960,1.142147,1.372806,2.801027,4.041884,8.830362,8.239064,7.329844,9.107717,26.892330,8.525363,
0.774960,1.142147,1.372806,2.801027,4.041884,15.226944,8.239064,7.329844,8.559186,26.892330,8.525363,
0.774960,1.142147,1.372806,2.801027,4.041884,15.226944,8.239064,7.329844,8.559186,26.892330,8.525363,
0.774960,1.142147,1.372806,2.801027,4.041884,13.531462,7.375252,7.329844,8.559186,26.892330,5.270390,
0.774960,1.142147,1.372806,2.801027,4.041884,10.019098,7.375252,7.329844,10.974385,22.701984,3.758117,
0.774960,1.142147,1.372806,2.801027,4.041884,10.019098,7.632710,7.329844,16.903800,22.701984,9.315209,
0.774960,1.142147,1.372806,2.801027,4.041884,10.523242,7.632710,7.329844,7.390901,22.459954,10.624439,
0.774960,1.142147,1.372806,2.801027,4.041884,7.304469,6.457638,7.329844,7.390901,22.459954,10.624439,
0.774960,1.142147,1.372806,2.801027,4.041884,6.826313,6.849140,7.329844,7.390901,22.459954,10.624439,
0.774960,1.142147,1.372806,3.110200,4.041884,11.179499,6.849140,7.329844,7.390901,22.459954,10.624439,
0.774960,1.142147,1.372806,3.110200,4.041884,11.179499,6.849140,7.329844,7.049414,24.422521,6.362839,
0.774960,1.142147,1.372806,3.110200,4.041884,11.179499,6.849140,7.564587,5.525360,22.768718,6.795021,
0.774960,1.142147,1.372806,3.110200,4.041884,11.179499,4.957653,7.564587,5.525360,21.504350,6.795021,
0.774960,1.142147,1.372806,2.708645,4.041884,7.700760,5.915130,7.564587,9.027217,21.504350,6.795021,
0.774960,1.142147,1.372806,2.708645,4.015466,14.436737,5.915130,7.564587,9.027217,19.410905,6.795021,
0.774960,1.142147,1.372806,2.708645,4.015466,14.576100,5.915130,7.564587,9.027217,19.410905,9.581405,
0.774960,1.142147,1.372806,2.708645,4.015466,13.741914,5.915130,7.564587,9.027217,18.418111,8.286144,
0.774960,1.142147,1.372806,2.708645,4.015466,12.823039,5.915130,7.564587,6.462498,17.706147,7.150487,
0.774960,1.142147,1.372806,2.708645,4.288623,11.028090,5.915130,7.564587,7.062087,18.659411,5.941877,
0.774960,1.142147,1.372806,2.708645,4.288623,11.028090,5.915130,7.564587,7.062087,18.659411,5.941877,
0.774960,1.142147,1.372806,2.708645,4.288623,11.028090,5.915130,7.564587,7.062087,18.659411,7.176278,
0.774960,1.142147,1.372806,2.708645,4.288623,18.958352,5.915130,7.289813,7.062087,18.659411,7.176278,
0.774960,1.142147,1.372806,2.708645,4.288623,12.614821,5.915130,7.289813,4.527056,18.184498,7.176278,
0.774960,1.142147,1.372806,2.708645,4.288623,12.614821,5.915130,7.289813,4.527056,22.812538,7.176278,
0.774960,1.041687,1.372806,2.708645,4.288623,7.250229,5.915130,7.289813,3.560554,22.354141,6.314367,
0.774960,1.041687,1.372806,2.708645,4.288623,7.250229,6.816856,7.289813,3.560554,22.354141,9.415338,
0.774960,1.041687,1.398610,2.708645,4.288623,1.513187,7.454393,7.289813,4.310823,24.611867,9.415338,
0.774960,1.041687,1.398610,2.629550,4.288623,5.715636,7.454393,7.289813,4.310823,24.611867,7.714624,
0.774960,1.041687,1.398610,2.629550,4.288623,5.715636,7.454393,7.289813,5.170515,24.611867,8.563937,
0.774960,1.041687,1.398610,2.629550,4.288623,10.086755,7.454393,7.289813,5.170515,20.074491,8.563937,
0.774960,1.041687,1.398610,2.629550,4.288623,11.153603,7.454393,7.289813,7.027315,24.542742,5.166755,
0.774960,1.041687,1.398610,2.629550,4.288623,11.153603,7.454393,7.289813,7.027315,22.401977,4.944600,
0.774960,1.009666,1.398610,2.629550,4.288623,11.153603,7.454393,7.289813,7.027315,22.401977,5.805329,
0.774960,1.009666,1.398610,2.629550,4.185531,11.153603,7.454393,7.289813,7.027315,22.401977,8.145824,
0.774960,1.009666,1.398610,2.629550,4.185531,11.153603,6.607732,7.289813,5.141304,22.401977,8.145824,
0.774960,1.009666,1.398610,2.629550,4.185531,11.153603,6.607732,7.289813,5.141304,22.401977,8.145824,
0.774960,1.009666,1.398610,2.629550,4.185531,11.153603,6.607732,7.041622,5.141304,22.401977,8.145824,
0.774960,1.009666,1.398610,2.629550,4.185531,11.153603,6.607732,7.041622,5.141304,21.962998,8.145824,
0.774960,1.009666,1.398610,2.629550,4.185531,11.153603,6.607732,7.041622,9.061627,21.962998,8.145824,
0.774960,1.312026,1.398610,2.629550,4.185531,10.240593,6.607732,7.041622,9.061627,21.962998,8.145824,
0.774960,1.312026,1.398610,2.629550,4.185531,7.254414,6.607732,7.041622,9.061627,19.385554,10.463892,
0.774960,1.312026,1.398610,2.629550,4.185531,7.254414,6.607732,7.041622,11.237050,21.239262,6.070445,
0.774960,1.312026,1.398610,2.629550,4.185531,2.753771,6.607732,7.041622,8.226823,21.239262,12.986348,
0.774960,1.312026,1.398610,2.629550,4.185531,2.603421,6.607732,7.041622,8.226823,21.239262,12.986348,
0.774960,1.312026,1.398610,2.629550,4.185531,2.603421,6.607732,7.041622,8.226823,21.237047,8.287438,
0.774960,1.312026,1.398610,2.629550,4.185531,2.603421,6.607732,7.041622,8.226823,17.194437,8.287438,
0.774960,1.312026,1.398610,2.166279,4.018239,6.372389,6.607732,7.041622,8.226823,19.617833,9.688597,
0.774960,1.312026,1.398610,2.166279,4.018239,12.481882,6.607732,7.041622,6.755814,16.434741,9.688597,
0.774960,1.312026,1.398610,2.166279,4.018239,14.864544,6.607732,7.041622,6.755814,16.434741,9.688597,
0.774960,1.312026,1.398610,2.516281,4.018239,17.597670,6.607732,7.041622,5.400862,16.434741,12.737061,
0.774960,1.312026,1.398610,2.516281,4.018239,17.597670,5.806498,7.041622,3.430833,16.434741,12.737061,
0.774960,1.312026,1.398610,2.516281,4.018239,19.068795,5.806498,7.041622,5.251966,16.434741,12.737061,
0.774960,1.312026,1.398610,2.516281,4.018239,17.925963,5.806498,7.041622,4.395124,16.434741,12.737061,
0.774960,1.312026,1.398610,2.516281,4.018239,17.925963,5.303941,7.041622,4.395124,16.541121,11.083705,
0.774960,1.312026,1.398610,2.516281,4.018239,17.925963,5.303941,7.041622,4.395124,16.541121,11.083705,
0.774960,1.312026,1.398610,2.055822,4.018239,11.677488,5.303941,7.041622,4.188452,16.541121,11.083705,
0.774960,1.312026,1.398610,2.055822,4.018239,12.755053,4.859694,7.041622,4.188452,15.810371,12.031765,
0.774960,1.312026,1.398610,2.055822,3.991850,17.228544,4.859694,7.041622,4.188452,15.810371,12.031765,
0.774960,1.312026,1.398610,2.055822,3.991850,17.228544,4.859694,7.041622,5.370904,15.810371,16.761054,
0.774960,1.312026,1.398610,2.055822,3.991850,8.675496,4.859694,7.041622,5.883873,15.899562,11.927790,
0.774960,1.312026,1.398610,1.986432,3.991850,8.675496,4.859694,7.041622,5.883873,17.003523,11.927790,
0.774960,1.312026,1.473624,1.986432,3.991850,14.332438,4.859694,7.041622,5.883873,17.003523,11.666843,
0.774960,1.312026,1.473624,1.986432,3.991850,14.332438,6.228867,7.041622,9.835272,17.003523,11.666843,
0.774960,1.312026,1.473624,1.986432,3.991850,9.708849,6.228867,7.041622,10.765489,17.003523,11.666843,
0.774960,1.312026,1.473624,1.986432,3.991850,12.131702,6.228867,7.041622,3.838492,17.003523,11.666843,
0.774960,1.312026,1.473624,1.986432,3.991850,4.395831,6.228867,7.041622,3.838492,17.104431,13.762733,
0.774960,1.312026,1.473624,1.986432,3.991850,4.395831,6.300862,7.041622,5.029513,17.104431,9.937938,
0.774960,1.312026,1.473624,1.986432,3.991850,3.778853,6.300862,7.041622,3.372840,16.877742,9.937938,
0.774960,1.312026,1.473624,1.986432,3.991850,6.410939,6.300862,7.041622,3.372840,19.379224,8.339809,
0.774960,1.312026,1.473624,1.986432,3.991850,6.410939,6.300862,7.041622,3.372840,19.379224,8.339809,
0.774960,1.312026,1.473624,1.986432,3.991850,11.647828,6.300862,7.041622,3.372840,19.379224,10.418019,
0.774960,1.312026,1.473624,1.986432,4.911843,11.996945,6.300862,7.041622,5.041955,16.626697,10.418019,
0.774960,1.312026,1.473624,1.986432,4.911843,11.996945,6.300862,7.041622,10.199959,18.546735,10.418019,
0.774960,1.312026,1.473624,1.986432,4.289830,12.249912,6.300862,7.041622,10.199959,18.546735,10.418019,
0.774960,1.312026,1.369172,1.986432,4.289830,12.249912,6.300862,7.041622,10.199959,18.546735,10.418019,
0.774960,1.312026,1.369172,1.986432,4.289830,12.249912,6.300862,7.041622,10.199959,18.546735,9.261380,
0.774960,1.312026,1.369172,1.986432,3.851323,12.249912,6.812119,7.041622,10.199959,18.546735,11.845504,
0.774960,1.312026,1.369172,1.986432,3.851323,12.249912,6.812119,7.041622,8.348477,18.546735,12.292415,
0.774960,1.312026,1.460000,1.986432,3.989273,9.334032,6.812119,7.041622,8.348477,18.546735,12.292415,
0.774960,1.312026,1.460000,1.986432,3.989273,7.429820,6.827115,7.041622,8.929066,18.546735,12.292415,
0.774960,1.312026,1.460000,1.986432,3.989273,7.429820,6.827115,7.041622,8.929066,18.546735,12.292415,
0.774960,1.312026,1.460000,1.986432,3.989273,7.429820,6.827115,7.041622,8.929066,18.546735,12.292415,
0.774960,1.312026,1.460000,2.335556,3.989273,3.491355,6.827115,7.041622,8.929066,18.546735,14.329408,
0.774960,1.312026,1.460000,2.335556,3.989273,2.891739,6.827115,7.041622,8.929066,17.776707,14.329408,
0.774960,1.312026,1.460000,2.335556,3.989273,2.891739,6.827115,7.041622,8.929066,17.776707,14.329408,
0.774960,1.144085,1.460000,2.335556,3.989273,1.917620,6.827115,7.041622,10.204037,17.776707,14.329408,
0.774960,1.144085,1.460000,2.335556,3.989273,1.917620,6.827115,7.041622,10.204037,17.776707,14.329408,
0.774960,1.144085,1.460000,2.335556,3.989273,1.917620,6.827115,7.041622,3.889980,17.776707,13.480565,
0.774960,1.087002,1.460000,2.335556,3.989273,2.908561,6.240329,7.041622,2.125044,16.733666,13.480565,
0.774960,1.087002,1.460000,2.335556,3.989273,0.979135,6.240329,7.041622,2.017831,21.334691,13.480565,
0.774960,1.087002,1.460000,2.335556,3.989273,2.707683,6.240329,7.041622,4.120587,20.665803,13.608826,
0.774960,1.087002,1.460000,2.335556,3.989273,2.707683,6.240329,7.041622,4.120587,16.904308,13.608826,
0.774960,1.087002,1.460000,2.335556,3.989273,5.533586,6.240329,7.041622,3.376040,16.904308,13.608826,
0.774960,1.087002,1.460000,2.335556,3.989273,5.533586,6.240329,7.041622,3.376040,16.904308,13.608826,
0.774960,1.087002,1.460000,2.335556,3.989273,5.533586,6.240329,7.041622,3.376040,16.906853,13.608826,
0.774960,1.087002,1.430101,2.335556,3.989273,5.533586,6.911905,7.041622,3.376040,17.180492,13.608826,
0.774960,1.087002,1.430101,2.335556,3.989273,1.440030,6.911905,7.041622,3.376040,17.519339,13.608826,
0.774960,1.087002,1.302668,2.335556,5.231660,1.440030,6.911905,7.041622,3.376040,17.519339,13.608826,
0.774960,1.087002,1.302668,2.335556,5.231660,1.440030,6.911905,7.041622,3.376040,17.519339,9.284393,
0.774960,1.087002,1.302668,2.335556,5.231660,1.440030,6.911905,7.041622,3.376040,22.054448,10.644545,
0.774960,1.194627,1.302668,2.335556,5.231660,5.272360,6.911905,7.041622,4.074891,22.054448,11.135734,
0.774960,1.194627,1.302668,2.335556,5.231660,5.272360,6.911905,7.041622,4.074891,22.054448,13.744718,
0.774960,1.194627,1.302668,2.335556,5.231660,12.586491,7.003347,7.089035,4.074891,21.695188,9.136132,
0.774960,1.194627,1.302668,2.335556,5.231660,12.586491,7.003347,7.089035,4.074891,21.695188,9.136132,
0.774960,1.194627,1.302668,2.335556,5.231660,12.586491,7.003347,7.089035,4.074891,21.695188,7.089439,
0.774960,1.194627,1.302668,2.335556,5.231660,8.780955,7.003347,7.089035,4.042759,23.326658,7.089439,
0.774960,1.194627,1.302668,2.335556,5.019100,8.780955,7.003347,7.089035,4.042759,23.326658,7.089439,
0.774960,1.194627,1.302668,2.335556,5.019100,8.780955,7.003347,7.089035,4.042759,21.765030,7.089439,
0.774960,1.194627,1.302668,2.335556,5.019100,10.103557,7.003347,7.089035,8.892060,22.192520,7.089439,
0.774960,1.424679,1.302668,2.335556,5.019100,11.264775,7.003347,7.089035,8.892060,22.539744,7.089439,
0.774960,1.424679,1.302668,2.184356,5.019100,11.264775,7.003347,7.089035,8.892060,22.539744,7.089439,
0.774960,1.424679,1.302668,2.184356,5.019100,5.719926,7.003347,7.089035,8.892060,22.539744,7.997551,
0.774960,1.424679,1.302668,2.184356,5.131689,14.171177,7.003347,7.089035,10.026792,22.539744,11.405044,
0.774960,1.424679,1.302668,2.184356,5.131689,14.171177,7.003347,7.089035,10.026792,22.539744,9.548868,
0.774960,1.424679,1.302668,2.184356,5.131689,11.396727,7.103670,7.089035,5.757260,22.539744,7.682859,
0.774960,1.424679,1.302668,2.184356,5.131689,12.686412,7.103670,7.089035,3.653990,21.806744,7.682859,
0.774960,1.424679,1.302668,2.560667,3.931724,12.789075,7.103670,7.089035,3.653990,21.806744,7.682859,
0.774960,1.424679,1.302668,2.560667,3.931724,12.789075,6.392016,7.089035,6.261881,21.806744,7.682859,
0.774960,1.424679,1.302668,2.560667,3.931724,15.765670,6.392016,7.089035,10.047747,21.806744,11.078046,
0.774960,1.424679,1.302668,2.560667,3.931724,19.494872,6.392016,7.089035,9.996927,21.806744,8.506201,
0.774960,1.424679,1.302668,2.560667,3.931724,22.041913,6.262813,7.089035,9.996927,21.806744,8.506201,
0.774960,1.424679,1.302668,2.560667,3.931724,16.298338,6.262813,7.089035,13.049436,21.806744,8.506201,
0.697037,1.309894,1.302668,2.560667,3.931724,17.002334,6.262813,7.089035,13.801640,16.960468,8.506201,
0.697037,1.309894,1.302668,2.560667,3.931724,17.002334,6.262813,7.089035,13.801640,18.196552,8.506201,
0.697037,1.309894,1.302668,2.560667,3.931724,17.002334,6.262813,7.089035,17.333511,21.470888,11.066776,
0.697037,1.309894,1.302668,2.560667,3.931724,17.002334,6.262813,7.089035,11.469032,19.213734,9.889887,
0.697037,1.309894,1.302668,2.560667,3.931724,16.250326,6.262813,7.089035,13.734875,21.033890,9.889887,
0.697037,1.309894,1.302668,2.560667,3.931724,16.250326,6.262813,7.089035,13.734875,21.033890,9.889887,
0.697037,1.309894,1.302668,2.560667,3.931724,16.250326,6.262813,7.089035,13.734875,22.658122,9.889887,
0.697037,1.309894,1.302668,2.506155,4.813507,20.540483,6.262813,7.089035,13.734875,22.658122,9.889887,
0.697037,1.309894,1.302668,1.676771,4.813507,20.540483,6.262813,7.089035,13.734875,20.550706,9.889887,
0.697037,3.169121,1.302668,1.676771,4.813507,20.540483,6.262813,7.089035,13.734875,20.550706,9.889887,
0.697037,3.169121,1.302668,1.676771,4.813507,16.751602,6.262813,7.089035,9.150393,20.550706,9.889887,
0.692089,1.973449,1.302668,1.676771,3.898902,14.678672,7.038910,7.089035,8.029815,20.566909,9.889887,
0.692089,1.973449,1.302668,1.676771,3.727084,14.678672,7.038910,7.089035,13.087951,21.223906,10.646123,
0.692089,1.973449,1.302668,1.676771,3.727084,14.678672,7.038910,7.089035,13.087951,21.223906,10.646123,
0.692089,1.973449,1.302668,1.676771,3.727084,12.982431,7.038910,7.089035,13.087951,21.223906,10.646123,
0.692089,1.973449,1.302668,1.676771,3.727084,12.982431,7.038910,7.089035,11.173417,21.223906,10.646123,
0.692089,1.973449,1.302668,1.676771,3.727084,12.982431,7.038910,7.089035,11.173417,18.397698,10.646123,
0.692089,1.973449,1.302668,1.676771,3.727084,12.707096,7.038910,7.089035,11.173417,18.397698,10.646123,
0.692089,1.973449,1.302668,1.676771,3.727084,14.610156,7.038910,7.089035,11.173417,18.397698,12.900685,
0.692089,1.973449,1.302668,1.676771,3.727084,14.610156,6.252703,7.089035,11.173417,19.131463,12.900685,
0.692089,1.973449,1.302668,1.676771,3.727084,14.610156,6.252703,7.089035,11.227175,19.131463,13.869728,
0.692089,1.973449,1.302668,1.676771,3.727084,12.355636,6.252703,7.089035,10.003050,19.131463,13.869728,
0.692089,1.146533,1.302668,2.601520,3.727084,5.989390,6.252703,7.089035,10.003050,19.325650,13.869728,
0.692089,1.146533,1.302668,2.601520,3.727084,3.137854,6.252703,7.089035,10.003050,15.155275,13.869728,
0.692089,1.146533,1.302668,2.601520,3.727084,3.137854,5.340015,7.089035,10.003050,15.155275,13.869728,
0.762785,1.146533,1.302668,2.601520,3.727084,3.137854,5.340015,7.089035,11.382476,15.155275,13.869728,
0.762785,1.146533,1.302668,2.601520,3.727084,3.137854,5.340015,7.089035,8.464307,15.261170,13.869728,
0.762785,1.146533,1.302668,2.601520,4.697026,3.137854,5.340015,7.089035,8.464307,15.261170,11.278196,
0.762785,1.146533,1.302668,2.601520,4.697026,4.113485,5.340015,7.089035,8.464307,15.261170,11.278196,
0.762785,1.304745,1.302668,2.601520,5.611543,5.661481,5.340015,7.089035,8.464307,15.261170,11.278196,
0.762785,1.304745,1.302668,2.601520,5.611543,5.661481,5.340015,7.089035,8.464307,15.261170,11.755923,
0.762785,1.304745,1.302668,2.601520,3.948484,3.607268,5.340015,7.089035,4.485731,15.261170,11.755923,
0.762785,1.304745,1.302668,2.601520,3.948484,3.607268,4.590823,7.089035,7.592877,15.261170,11.755923,
0.762785,1.304745,1.302668,2.601520,3.948484,5.955853,4.590823,7.089035,8.970492,15.261170,11.755923,
0.762785,1.473425,1.302668,2.504858,4.282634,5.955853,4.590823,7.089035,13.132049,14.615763,11.755923,
0.762785,1.473425,1.302668,2.504858,4.282634,8.081257,4.590823,7.089035,13.132049,14.615763,12.765649,
0.762785,1.473425,1.302668,2.504858,4.282634,8.081257,4.590823,7.089035,13.132049,14.615763,12.765649,
0.762785,1.473425,1.302668,2.504858,4.282634,8.081257,4.590823,7.089035,13.132049,10.565863,12.765649,
0.762785,1.160593,1.302668,2.504858,4.282634,7.012601,4.318077,7.089035,10.954359,10.565863,13.893391,
0.762785,1.160593,1.424082,2.504858,4.282634,7.012601,4.318077,7.089035,10.954359,10.565863,13.893391,
0.762785,1.160593,1.424082,2.504858,4.282634,7.012601,4.318077,7.089035,10.954359,10.565863,13.893391,
0.762785,1.160593,1.424082,2.504858,4.282634,11.531103,4.318077,7.089035,6.404634,10.565863,11.675541,
0.762785,1.339705,1.424082,2.504858,4.282634,11.162276,4.318077,7.089035,6.404634,10.565863,11.675541,
0.762785,1.339705,1.424082,2.504858,4.282634,11.162276,4.318077,7.089035,5.379501,10.565863,11.675541,
0.762785,1.339705,1.424082,2.504858,4.282634,14.777160,4.318077,7.089035,5.379501,10.565863,10.395613,
0.762785,1.339705,1.424082,2.504858,4.282634,8.702539,4.318077,7.089035,5.379501,10.565863,15.787943,
0.762785,1.339705,1.424082,2.504858,4.282634,7.082800,4.318077,7.089035,10.201731,10.565863,15.787943,
0.762785,1.339705,1.424082,2.504858,4.282634,7.082800,4.318077,7.089035,5.262080,10.565863,14.550522,
0.762785,1.282628,1.424082,2.504858,4.282634,12.011180,3.441089,7.089035,5.262080,10.565863,14.550522,
0.762785,1.282628,1.424082,2.136291,4.282634,12.011180,3.441089,6.531986,6.633279,10.565863,14.550522,
0.762785,1.282628,1.424082,2.136291,4.282634,12.011180,3.441089,6.531986,6.237869,10.565863,14.550522,
0.762785,1.282628,1.424082,2.136291,4.282634,12.011180,3.441089,6.531986,6.237869,10.565863,14.550522,
0.762785,1.282628,1.424082,2.136291,4.282634,16.117844,3.441089,6.531986,6.237869,10.565863,14.550522,
0.762785,1.282628,1.424082,2.136291,4.282634,16.117844,3.441089,6.531986,5.659282,10.565863,14.550522,
0.762785,1.282628,1.424082,2.136291,4.282634,20.010309,3.441089,6.531986,3.033998,10.468474,14.550522,
0.762785,1.282628,1.424082,2.136291,4.282634,20.010309,3.441089,6.951342,9.999283,9.283579,13.328145,
0.762785,1.282628,1.424082,2.136291,4.282634,20.302852,3.441089,6.951342,10.383757,9.283579,9.677585,
0.762785,1.282628,1.424082,2.136291,4.282634,24.219296,3.441089,6.951342,10.383757,9.283579,11.121916,
0.762785,1.282628,1.424082,2.136291,4.282634,29.904409,3.441089,6.951342,9.909808,9.283579,11.287841,
0.762785,1.282628,1.424082,2.136291,4.282634,32.917664,3.441089,6.951342,17.216700,9.283579,11.287841,
0.762785,1.282628,1.424082,2.136291,4.282634,25.030159,3.441089,6.951342,17.471586,9.283579,11.287841,
0.762785,1.282628,1.424082,1.963072,4.282634,25.030159,3.441089,6.951342,16.797108,9.283579,11.287841,
0.762785,1.282628,1.424082,1.963072,4.282634,25.030159,3.441089,6.951342,16.797108,9.283579,11.287841,
0.762785,1.282628,1.424082,1.963072,4.282634,25.030159,3.441089,6.951342,13.367226,9.283579,11.287841,
0.762785,1.282628,1.424082,1.963072,4.282634,21.464288,3.441089,6.951342,15.318724,9.283579,11.287841,
0.762785,1.282628,1.424082,2.423760,4.282634,18.357779,3.441089,6.951342,12.043838,9.283579,11.287841,
0.762785,1.282628,1.424082,2.423760,4.282634,19.635998,3.441089,6.951342,9.179875,9.283579,11.287841,
0.784180,1.282628,1.424082,2.423760,4.282634,13.384623,2.925454,6.951342,10.007254,9.283579,11.287841,
0.784180,1.048464,1.424082,2.423760,4.282634,13.384623,2.925454,6.951342,14.322476,9.283579,9.687031,
0.784180,1.048464,1.424082,5.820969,4.282634,13.384623,2.925454,6.951342,14.322476,9.283579,9.687031,
0.784180,1.048464,1.424082,5.263416,4.282634,13.384623,2.925454,6.951342,13.186081,9.283579,9.687031,
0.784180,1.048464,1.424082,5.263416,4.282634,11.599183,2.925454,7.084234,12.349945,8.290243,9.687031,
0.784180,1.048464,1.424082,5.263416,4.282634,16.997253,2.925454,7.084234,12.349945,7.652291,10.910609,
0.784180,1.048464,1.424082,5.263416,4.282634,16.997253,2.925454,7.084234,12.349945,7.652291,10.910609,
0.784180,1.048464,1.424082,5.263416,4.282634,16.997253,2.925454,7.084234,12.349945,7.652291,10.910609,
0.784180,1.048464,1.424082,5.263416,4.282634,16.997253,2.925454,7.084234,12.349945,7.652291,10.910609,
0.784180,1.048464,1.424082,5.263416,4.282634,16.997253,2.925454,7.084234,12.349945,7.652291,10.910609,
0.784180,1.048464,1.424082,5.263416,4.282634,15.108106,2.925454,7.084234,12.349945,7.652291,10.910609,
0.784180,1.048464,1.424082,5.263416,4.282634,15.108106,2.925454,7.084234,12.349945,7.652291,10.910609,
0.784180,0.726000,1.424082,5.263416,4.282634,17.823715,2.925454,7.084234,14.151433,7.652291,13.931224,
0.784180,0.646102,1.424082,4.461798,4.282634,20.412766,2.925454,6.803944,14.151433,7.652291,13.931224,
0.784180,0.646102,1.424082,4.461798,4.282634,20.412766,2.925454,6.803944,14.151433,7.652291,13.931224,
0.784180,0.646102,1.424082,4.461798,4.282634,20.412766,2.925454,6.803944,14.151433,7.652291,13.931224,
0.784180,0.646102,1.424082,4.461798,4.282634,16.270963,2.925454,6.803944,10.285125,7.743966,13.931224,
0.784180,0.916133,1.424082,4.461798,4.282634,14.200116,2.925454,6.803944,7.563295,7.743966,13.931224,
0.784180,0.916133,1.424082,4.461798,3.855677,14.200116,3.467411,6.803944,7.563295,7.743966,13.931224,
0.784180,0.867690,1.424082,4.461798,3.855677,13.669609,3.467411,6.803944,7.563295,7.742049,13.931224,
0.784180,0.867690,1.424082,4.461798,3.855677,7.792370,3.467411,6.803944,7.563295,7.742049,13.893485,
0.784180,0.867690,1.424082,4.461798,3.855677,7.792370,3.467411,6.803944,13.482376,7.742049,14.717494,
0.784180,0.867690,1.424082,5.366548,3.855677,7.792370,3.467411,6.803944,9.203774,7.742049,14.717494,
0.784180,0.867690,1.424082,5.366548,3.855677,8.824792,3.467411,6.803944,9.203774,7.742049,14.717494,
0.784180,0.867690,1.424082,7.726006,4.061015,8.824792,3.467411,6.803944,14.485982,10.389282,14.717494,
0.784180,0.867690,1.424082,3.412471,3.882011,10.135659,3.467411,6.803944,14.485982,10.389282,11.524136,
0.784180,0.867690,1.424082,3.412471,3.882011,12.350892,3.467411,6.803944,14.485982,10.840408,11.524136,
0.784180,0.867690,1.424082,8.082358,3.882011,12.350892,3.467411,6.803944,14.010707,11.732948,11.524136,
0.784180,0.867690,1.587843,8.082358,3.882011,5.876822,3.467411,6.803944,14.010707,10.158849,11.524136,
0.784180,0.867690,1.587843,7.468160,3.882011,5.876822,4.176255,6.803944,6.854924,10.158849,11.524136,
0.784180,0.867690,1.587843,7.468160,3.882011,6.363045,4.176255,6.803944,6.854924,10.158849,12.975819,
0.784180,0.867690,1.587843,7.468160,3.882011,6.363045,4.176255,6.803944,7.544173,10.158849,12.975819,
0.784180,0.867690,1.587843,7.468160,3.882011,6.468380,4.176255,6.803944,7.544173,10.158849,10.074294,
0.784180,0.867690,1.587843,7.468160,3.882011,6.965256,4.176255,6.803944,7.544173,12.110668,10.074294,
0.784180,0.867690,1.587843,5.653194,3.882011,6.965256,4.176255,6.803944,7.544173,15.191787,10.074294,
0.784180,0.867690,1.513830,5.653194,3.882011,8.638608,5.625193,6.803944,13.465384,15.191787,10.956016,
0.784180,0.867690,1.513830,5.653194,3.882011,15.549330,5.625193,6.803944,13.465384,15.191787,10.956016,
0.784180,0.867690,1.513830,5.653194,3.882011,13.466383,5.625193,7.319068,13.465384,17.370395,10.956016,
0.784180,0.867690,1.513830,5.928883,3.882011,10.119212,5.625193,7.319068,11.974090,17.370395,10.956016,
0.784180,0.867690,1.513830,5.928883,3.882011,4.486794,5.625193,7.319068,12.288925,17.370395,9.109332,
0.784180,0.867690,1.513830,4.414410,3.882011,4.486794,5.625193,7.319068,12.416713,17.370395,5.899826,
0.784180,0.867690,1.513830,4.414410,3.585984,8.880423,5.625193,7.319068,7.164102,20.305398,9.495732,
0.784180,0.867690,1.513830,4.414410,3.585984,8.880423,5.625193,7.319068,7.164102,20.305398,9.495732,
0.784180,0.867690,1.513830,4.414410,3.585984,8.880423,5.625193,7.319068,7.164102,20.305398,9.495732,
0.784180,0.867690,1.513830,4.414410,3.585984,6.198304,5.625193,7.319068,7.164102,20.305398,7.988673,
0.784180,0.867690,1.624229,4.414410,3.585984,12.368708,5.797214,7.319068,11.121621,20.305398,7.988673,
0.784180,0.867690,1.624229,4.414410,3.585984,12.368708,5.797214,7.319068,11.121621,20.305398,7.988673,
0.784180,0.867690,1.624229,4.414410,3.585984,12.368708,5.797214,7.319068,11.121621,20.305398,7.988673,
0.784180,0.867690,1.624229,4.414410,3.585984,12.368708,5.797214,7.319068,11.121621,20.305398,7.988673,
0.784180,0.867690,1.624229,4.414410,3.585984,6.700905,5.797214,7.319068,11.121621,20.305398,7.988673,
0.784180,0.867690,1.624229,4.414410,3.585984,6.700905,5.797214,7.319068,11.121621,21.359864,10.311288,
0.784180,0.867690,1.624229,4.382878,3.897115,4.216559,5.797214,7.319068,11.121621,21.359864,10.311288,
0.784180,0.867690,1.624229,4.382878,3.897115,6.276987,5.797214,7.534247,8.024039,17.621835,5.838610,
0.784180,0.867690,1.624229,4.382878,3.897115,6.276987,5.797214,7.534247,8.445609,17.621835,5.838610,
0.784180,0.867690,1.624229,4.382878,3.897115,5.621941,5.797214,7.534247,7.793466,17.621835,5.838610,
0.784180,0.867690,1.624229,4.570041,3.897115,5.621941,4.341525,7.534247,7.036637,17.621835,4.234458,
0.784180,0.867690,1.624229,4.570041,3.897115,14.353683,4.341525,7.534247,7.036637,16.163005,4.234458,
0.784180,0.867690,1.624229,4.570041,3.897115,14.353683,4.341525,7.534247,9.418877,12.818643,4.234458,
0.784180,0.867690,1.624229,4.570041,3.897115,14.353683,4.341525,7.534247,9.418877,12.818643,8.632207,
0.784180,0.867690,1.624229,4.570041,3.897115,12.097992,4.341525,7.534247,8.170008,12.818643,8.632207,
0.784180,0.867690,1.571381,4.570041,3.897115,12.097992,4.341525,7.534247,8.170008,12.818643,8.632207,
0.784180,0.867690,1.571381,4.570041,3.897115,11.697431,4.341525,7.534247,8.170008,12.818643,8.632207,
0.784180,0.867690,1.571381,4.570041,3.897115,7.207767,4.341525,7.534247,4.634820,12.818643,9.294334,
0.784180,0.867690,1.571381,4.570041,3.897115,7.207767,4.341525,7.534247,9.618908,12.818643,8.585013,
0.784180,0.867690,1.571381,4.200938,3.216424,7.207767,4.341525,7.534247,9.618908,12.818643,9.995079,
0.784180,0.867690,1.571381,4.200938,3.216424,4.656319,4.341525,7.534247,9.618908,14.559867,9.995079,
0.784180,0.867690,1.571381,2.548601,3.216424,4.656319,4.341525,7.534247,5.114649,14.634753,9.897584,
0.784180,0.867690,1.571381,4.673188,3.216424,4.656319,4.341525,7.534247,5.114649,10.690663,13.655798,
0.784180,0.867690,1.571381,4.673188,3.216424,4.656319,4.341525,7.534247,5.114649,10.690663,13.655798,
0.784180,0.867690,1.571381,4.098948,3.216424,6.095903,4.341525,7.534247,3.152277,10.690663,13.655798,
0.784180,0.867690,1.571381,4.098948,3.216424,6.095903,4.341525,7.534247,3.152277,10.690663,13.655798,
0.784180,0.867690,1.571381,4.098948,3.216424,6.095903,4.341525,7.534247,3.152277,10.690663,9.016188,
0.784180,0.867690,1.571381,4.002672,3.216424,8.619924,4.341525,7.857604,3.152277,10.690663,9.016188,
0.784180,0.867690,1.571381,4.002672,3.216424,8.199570,4.341525,7.857604,5.408440,10.690663,9.016188,
0.784180,0.867690,1.571381,4.002672,3.216424,8.199570,4.341525,7.857604,5.408440,10.690663,9.016188,
0.784180,0.867690,1.571381,4.002672,3.216424,8.199570,4.341525,7.857604,5.408440,10.690663,9.016188,
0.784180,0.867690,1.571381,4.002672,3.216424,8.199570,4.341525,7.857604,5.408440,13.256573,9.016188,
0.795709,0.867690,1.571381,4.604632,3.216424,8.199570,4.341525,7.857604,6.002946,13.256573,9.016188,
0.795709,0.867690,1.571381,4.604632,3.216424,8.199570,4.341525,7.857604,6.002946,13.256573,9.016188,
0.795709,0.867690,1.571381,2.405741,3.216424,8.199570,4.341525,7.857604,6.002946,13.256573,9.016188,
0.795709,1.189920,1.571381,2.405741,3.216424,8.199570,4.124506,7.857604,6.285849,13.450524,9.016188,
0.795709,1.189920,1.571381,2.405741,3.216424,11.876713,4.124506,7.857604,6.285849,13.450524,9.016188,
0.795709,1.189920,1.571381,2.342259,3.216424,11.876713,4.124506,7.857604,6.285849,12.752524,9.016188,
0.795709,1.189920,1.571381,2.342259,3.216424,13.836982,4.124506,7.857604,6.285849,12.752524,9.016188,
0.795709,1.189920,1.571381,2.342259,3.216424,13.836982,4.124506,7.857604,6.285849,12.752524,9.016188,
0.795709,1.189920,1.571381,2.342259,3.216424,12.158972,4.124506,7.857604,6.285849,12.346965,9.016188,
0.795709,1.189920,1.980255,2.342259,3.216424,6.544079,4.124506,7.857604,4.791675,12.346965,8.614949,
0.795709,1.189920,1.980255,2.342259,3.216424,6.759362,4.124506,7.857604,4.791675,12.346965,9.586668,
0.795709,1.189920,1.980255,2.342259,3.216424,6.759362,4.124506,7.857604,4.791675,12.346965,6.724052,
0.795709,1.189920,1.980255,2.342259,3.216424,9.801824,4.124506,7.857604,3.974833,12.832859,6.724052,
0.795709,1.189920,1.980255,2.342259,3.216424,9.801824,4.124506,7.857604,3.974833,12.832859,6.724052,
0.795709,1.189920,1.980255,2.342259,3.216424,9.801824,4.124506,7.857604,5.441083,12.832859,6.724052,
0.795709,1.189920,1.849400,2.342259,3.216424,6.202486,4.124506,7.857604,5.441083,12.832859,7.042804,
0.795709,1.189920,1.849400,2.342259,3.216424,6.202486,3.697784,7.857604,8.399076,12.832859,7.042804,
0.795709,1.271008,1.849400,2.342259,3.216424,5.144850,3.697784,7.857604,8.399076,12.832859,7.042804,
0.795709,1.271008,1.849400,2.342259,3.216424,7.605491,3.697784,7.857604,4.050436,12.832859,7.042804,
0.795709,1.271008,1.849400,2.342259,3.216424,4.485603,3.697784,7.857604,3.967353,12.832859,4.674633,
0.795709,1.271008,1.849400,3.425989,3.216424,4.485603,3.697784,7.857604,5.895345,12.832859,4.674633,
0.795709,1.271008,1.849400,3.237488,3.216424,4.485603,3.697784,7.857604,5.895345,12.832859,4.674633,
0.795709,1.271008,1.849400,2.564645,3.216424,0.879756,3.697784,7.857604,5.895345,12.832859,4.674633,
0.795709,1.271008,1.849400,2.564645,3.216424,4.310746,3.697784,7.955447,5.659952,12.832859,4.674633,
0.795709,1.271008,1.849400,2.359473,3.216424,1.881225,3.697784,7.955447,5.659952,12.832859,4.674633,
0.795709,1.271008,1.849400,2.359473,3.216424,1.881225,3.697784,7.955447,7.597097,12.832859,4.674633,
0.795709,1.271008,1.849400,2.559814,3.216424,3.580850,3.697784,7.955447,7.597097,13.294935,4.674633,
0.795709,1.271008,1.849400,2.265701,3.216424,3.580850,3.697784,7.955447,7.597097,13.294935,4.674633,
0.795709,1.271008,1.849400,2.265701,3.216424,3.580850,3.697784,7.955447,7.597097,11.866447,4.674633,
0.795709,1.271008,1.849400,2.265701,3.216424,3.580850,3.697784,7.955447,7.597097,11.866447,4.674633,
0.795709,1.271008,1.849400,2.265701,3.216424,3.580850,3.697784,7.955447,7.597097,11.866447,4.674633,
0.795709,1.271008,1.849400,2.265701,3.216424,3.580850,3.697784,7.955447,7.597097,11.866447,4.674633,
0.795709,1.271008,1.849400,2.265701,3.216424,3.580850,3.697784,7.955447,3.214343,11.866447,4.674633,
0.795709,1.271008,1.849400,2.265701,3.216424,1.831347,3.697784,7.955447,3.214343,11.866447,4.674633,
0.795709,1.271008,1.849400,2.265701,3.216424,3.886735,3.697784,7.955447,3.214343,11.866447,4.674633,
0.795709,1.271008,1.849400,2.265701,3.216424,3.886735,3.697784,7.955447,3.214343,11.866447,4.085286,
0.795709,1.271008,1.849400,2.265701,3.216424,3.886735,3.697784,7.955447,3.214343,11.866447,4.085286,
0.795709,1.271008,1.849400,2.265701,3.216424,3.886735,3.697784,7.955447,5.751122,11.866447,4.085286,
0.795709,1.271008,1.849400,2.265701,3.216424,5.502441,3.697784,7.684377,5.751122,11.866447,4.085286,
0.795709,1.822145,1.849400,2.265701,3.216424,5.502441,3.697784,7.684377,6.523368,11.866447,12.356708,
0.795709,0.890786,1.849400,3.005225,3.216424,7.965667,3.697784,7.684377,3.317477,11.866447,6.421277,
0.795709,0.890786,1.849400,4.301338,3.216424,7.965667,3.697784,7.684377,6.471344,11.866447,6.421277,
0.795709,0.890786,1.849400,4.301338,3.216424,8.024560,3.697784,7.684377,6.750906,11.866447,6.421277,
0.795709,0.890786,1.849400,4.301338,3.216424,8.024560,3.697784,7.684377,3.465964,11.866447,4.769027,
0.795709,0.890786,1.849400,4.301338,3.216424,6.257592,3.697784,7.684377,9.174009,11.866447,3.468979,
0.795709,0.890786,1.669002,4.301338,3.216424,6.257592,3.697784,7.684377,12.662344,11.866447,8.910465,
0.795709,0.890786,1.669002,4.301338,3.216424,6.835238,3.697784,7.684377,12.662344,11.340073,8.910465,
0.795709,0.890786,1.669002,4.301338,3.216424,9.354924,3.697784,7.684377,12.662344,11.340073,10.721823,
0.795709,0.890786,1.669002,5.554020,3.216424,9.354924,3.697784,7.684377,12.662344,11.340073,10.721823,
0.795709,0.890786,1.669002,3.755381,3.216424,5.920547,3.697784,7.684377,12.662344,10.997006,10.721823,
0.795709,0.890786,1.669002,3.755381,3.216424,4.982701,3.641527,7.684377,9.928509,10.997006,10.721823,
0.795709,0.890786,1.669002,3.755381,3.216424,9.260132,4.076220,7.684377,16.846148,10.997006,10.721823,
0.795709,0.890786,1.669002,3.755381,3.216424,9.260132,4.076220,7.684377,15.709923,10.997006,7.777309,
0.795709,0.961108,1.669002,3.755381,3.216424,9.260132,4.076220,7.684377,9.266273,12.538547,7.777309,
0.795709,0.961108,1.669002,3.755381,3.216424,8.951807,4.076220,7.684377,3.811779,12.538547,9.111091,
0.795709,0.961108,1.669002,3.041654,3.216424,8.951807,4.076220,7.684377,3.811779,12.538547,9.111091,
0.795709,0.961108,1.669002,3.041654,3.216424,10.118804,4.076220,7.684377,3.811779,12.538547,8.829319,
0.795709,0.961108,1.669002,3.041654,3.216424,11.982315,4.076220,7.684377,3.811779,11.250256,8.829319,
0.795709,0.961108,1.669002,3.041654,3.159473,8.486411,4.076220,7.684377,3.811779,11.250256,8.829319,
0.795709,0.961108,1.669002,3.041654,3.159473,14.015747,4.076220,7.684377,3.811779,11.250256,8.829319,
0.795709,0.961108,1.669002,3.041654,3.159473,9.073246,4.076220,7.660934,7.465955,11.250256,9.659274,
0.795709,0.961108,1.669002,3.041654,3.159473,6.841944,4.076220,7.660934,7.239691,12.578025,9.659274,
0.795709,0.961108,1.669002,3.041654,3.159473,6.978042,4.076220,7.660934,7.239691,12.031539,11.890995,
0.795709,0.961108,1.669002,3.041654,3.159473,6.978042,4.076220,7.660934,7.239691,12.031539,7.313259,
0.795709,0.961108,1.669002,3.041654,3.159473,3.690208,4.076220,7.660934,7.239691,13.838087,6.207737,
0.795709,0.961108,1.669002,3.041654,3.159473,3.775574,4.076220,7.660934,7.239691,13.838087,9.613807,
0.795709,0.961108,1.669002,2.265642,3.159473,3.775574,4.518887,6.757372,12.175433,13.838087,9.613807,
0.795709,1.441236,1.669002,2.265642,3.906028,7.522209,4.518887,6.757372,12.175433,13.838087,9.613807,
0.795709,1.441236,1.669002,2.265642,3.906028,5.616407,4.518887,6.757372,10.246846,13.838087,9.613807,
0.795709,1.441236,1.669002,2.265642,3.906028,5.616407,4.518887,6.757372,7.914165,13.838087,9.613807,
0.795709,1.441236,1.669002,2.265642,3.906028,5.616407,4.518887,6.757372,7.914165,13.838087,9.613807,
0.795709,1.441236,1.595825,2.265642,3.906028,5.616407,4.518887,6.757372,7.914165,13.838087,9.613807,
0.795709,1.441236,1.595825,2.265642,3.906028,5.616407,4.518887,6.757372,7.866630,13.838087,9.613807,
0.795709,1.441236,1.595825,2.265642,3.906028,5.616407,4.518887,6.757372,6.228506,13.838087,9.613807,
0.795709,1.441236,1.595825,2.265642,3.906028,5.616407,4.518887,6.757372,6.228506,13.838087,9.613807,
0.795709,1.441236,1.595825,2.265642,3.906028,5.616407,4.518887,7.547791,6.228506,13.838087,4.383281,
0.795709,1.441236,1.595825,2.265642,3.906028,5.151868,4.518887,7.547791,11.779555,13.838087,4.383281,
0.795709,1.441236,1.595825,2.265642,3.906028,5.151868,4.518887,7.547791,9.160876,13.838087,4.383281,
0.795709,1.260508,1.595825,2.312643,3.906028,4.252567,4.518887,7.547791,9.160876,16.817881,4.383281,
0.795709,1.260508,1.595825,2.312643,3.906028,4.252567,4.518887,7.547791,9.160876,15.349742,4.383281,
0.795709,1.260508,1.595825,2.312643,3.906028,3.360377,4.518887,7.547791,9.160876,15.349742,4.907064,
0.795709,1.260508,1.595825,2.312643,3.906028,3.360377,4.518887,7.547791,5.428443,16.554761,7.302447,
0.795709,1.260508,1.595825,2.312643,3.906028,3.360377,4.518887,7.547791,4.007823,16.554761,7.302447,
0.795709,1.260508,1.595825,2.312643,3.906028,3.360377,4.518887,7.547791,7.703013,16.554761,4.694774,
0.795709,1.260508,1.595825,2.648949,3.892212,6.173884,4.262555,7.547791,7.703013,13.670651,7.618688,
0.795709,1.260508,1.595825,2.648949,3.892212,6.173884,4.262555,7.547791,7.703013,14.536023,4.987459,
0.795709,1.260508,1.595825,2.763653,3.892212,5.833213,4.262555,7.547791,7.703013,14.536023,4.987459,
0.795709,1.260508,1.595825,2.763653,3.892212,6.461562,4.262555,7.547791,7.703013,14.536023,4.987459,
0.795709,1.260508,1.595825,2.763653,3.892212,10.689620,4.262555,7.547791,4.783306,14.536023,7.066626,
0.795709,1.260508,1.595825,2.763653,3.892212,10.689620,4.262555,7.547791,4.783306,14.536023,7.066626,
0.795709,1.260508,1.595825,2.763653,3.892212,9.180453,4.262555,7.547791,4.783306,14.536023,8.720791,
0.795709,1.260508,1.595825,2.763653,3.519848,3.522535,3.743432,7.547791,4.783306,14.536023,8.720791,
0.795709,1.260508,1.595825,2.763653,3.519848,3.522535,3.743432,7.547791,4.783306,10.844604,8.720791,
0.795709,1.260508,1.595825,2.763653,3.519848,3.522535,3.743432,7.547791,4.783306,10.844604,8.720791,
0.795709,1.260508,1.595825,2.763653,3.519848,3.522535,3.743432,7.547791,4.638740,10.844604,10.253936,
0.795709,1.260508,1.595825,2.763653,3.519848,3.522535,3.743432,7.547791,4.638740,10.844604,10.288467,
0.795709,1.260508,1.595825,2.763653,3.519848,6.729974,3.743432,7.547791,4.546683,10.844604,10.288467,
0.795709,1.260508,1.595825,2.763653,3.519848,9.771044,3.743432,7.547791,4.546683,11.514708,10.288467,
0.795709,1.260508,1.595825,2.763653,3.519848,9.026142,3.743432,7.547791,7.233715,11.514708,10.288467,
0.795709,1.046789,1.595825,2.763653,3.519848,9.026142,3.743432,7.547791,10.381806,11.514708,10.288467,
0.795709,1.046789,1.595825,2.763653,3.519848,10.872198,3.743432,7.547791,12.540440,11.514708,7.093353,
0.795709,1.046789,1.595825,2.763653,3.519848,9.295725,3.743432,7.547791,11.998127,11.514708,7.093353,
0.795709,1.046789,1.595825,2.763653,3.519848,11.033881,3.743432,7.547791,10.516569,11.514708,7.093353,
0.795709,1.046789,1.595825,2.763653,3.519848,11.033881,3.743432,7.547791,11.833927,11.514708,7.093353,
0.724017,1.046789,1.595825,2.763653,3.519848,8.481248,3.743432,7.728731,6.435783,11.514708,7.093353,
0.724017,1.046789,1.595825,2.763653,3.519848,8.481248,3.743432,7.728731,6.435783,11.514708,9.107613,
0.724017,1.046789,1.595825,2.763653,3.519848,5.336873,3.743432,7.728731,6.435783,11.514708,9.107613,
0.724017,1.046789,1.595825,2.763653,3.519848,5.336873,3.743432,7.728731,6.435783,11.514708,9.107613,
0.724017,1.046789,1.595825,2.763653,3.519848,5.336873,3.743432,7.728731,4.606128,11.514708,9.107613,
0.724017,1.046789,1.595825,2.763653,3.519848,5.336873,3.971799,7.728731,4.606128,11.514708,9.107613,
0.724017,1.046789,1.595825,2.763653,3.519848,5.336873,3.971799,7.728731,4.454020,11.514708,7.736633,
0.724017,1.046789,1.595825,2.763653,3.519848,7.896912,3.553883,7.728731,11.117989,11.514708,7.736633,
0.724017,1.046789,1.595825,2.763653,3.519848,7.896912,3.553883,7.728731,12.812182,11.514708,7.736633,
0.724017,1.046789,1.595825,2.763653,3.444392,3.669931,3.553883,7.728731,11.567128,11.514708,7.736633,
0.724017,1.046789,1.595825,2.763653,3.444392,8.395235,3.553883,7.728731,7.461988,11.514708,7.380154,
0.724017,1.046789,1.595825,2.763653,3.444392,8.395235,3.553883,7.728731,7.461988,11.514708,7.651045,
0.724017,1.046789,1.595825,2.763653,3.444392,5.374302,3.553883,7.728731,7.461988,12.876131,7.651045,
0.724017,1.046789,1.595825,2.763653,3.444392,5.374302,3.553883,7.728731,5.969100,12.876131,7.651045,
0.724017,1.046789,1.595825,2.763653,3.444392,5.374302,3.832874,7.728731,5.969100,11.202375,10.447776,
0.724017,1.046789,1.595825,2.763653,3.444392,8.960839,3.832874,7.728731,5.969100,11.202375,11.514404,
0.724017,1.046789,1.595825,2.763653,3.444392,10.301963,3.832874,7.728731,6.870546,11.202375,11.514404,
0.724017,1.046789,1.595825,2.763653,3.444392,5.708664,3.832874,7.728731,5.606818,11.202375,11.514404,
0.724017,1.046789,1.595825,2.763653,3.444392,5.708664,3.832874,7.728731,5.606818,11.202375,11.933922,
0.724017,1.046789,1.595825,2.763653,3.444392,5.340258,3.832874,7.728731,6.588194,12.571320,11.933922,
0.724017,1.046789,1.595825,2.763653,3.444392,3.400659,3.828183,7.728731,5.466213,12.571320,11.933922,
0.724017,1.046789,1.595825,2.763653,3.444392,3.493273,3.828183,7.728731,8.113364,12.571320,9.866664,
0.724017,1.046789,1.595825,2.763653,3.444392,3.493273,4.391322,7.728731,8.113364,12.571320,9.866664,
0.724017,1.046789,1.595825,2.763653,3.444392,2.439996,4.391322,7.077725,8.113364,12.571320,9.866664,
0.724017,1.046789,1.595825,2.763653,3.444392,3.542602,4.391322,7.719034,8.113364,12.571320,9.866664,
0.724017,1.046789,1.595825,2.763653,3.444392,6.469349,4.391322,7.719034,6.466702,12.571320,9.866664,
0.721500,1.046789,1.595825,2.763653,3.444392,3.403117,4.391322,7.719034,6.466702,12.571320,9.866664,
0.721500,1.046789,1.595825,2.763653,3.444392,4.235982,4.391322,7.719034,6.466702,12.571320,9.866664,
0.721500,1.046789,1.595825,2.142698,3.444392,11.336555,4.391322,7.719034,6.466702,12.571320,9.866664,
0.721500,1.046789,1.595825,2.142698,3.444392,12.554877,4.391322,7.719034,6.466702,15.167441,9.866664,
0.721500,1.046789,1.595825,2.142698,3.444392,8.667306,5.019956,7.719034,6.466702,15.167441,9.866664,
0.721500,1.046789,1.595825,2.142698,3.444392,9.990771,5.432764,7.655052,6.466702,18.480907,9.866664,
0.721500,1.046789,1.595825,2.453814,3.444392,7.593047,5.621462,7.655052,6.466702,18.480907,9.866664,
0.721500,1.046789,1.595825,2.453814,3.444392,5.164457,5.621462,7.655052,6.466702,18.480907,9.866664,
0.721500,1.046789,1.595825,2.812263,3.444392,4.500219,5.621462,7.655052,6.466702,18.480907,4.442221,
0.721500,1.046789,1.595825,2.812263,3.444392,4.500219,5.621462,7.655052,5.350831,23.047476,4.442221,
0.721500,1.046789,1.595825,2.812263,3.444392,4.500219,5.621462,7.655052,5.350831,21.255796,4.442221,
0.721500,1.046789,1.595825,2.777022,3.444392,4.500219,5.621462,7.655052,5.350831,21.255796,4.442221,
0.721500,1.046789,1.595825,2.777022,3.444392,4.500219,5.621462,7.655052,5.350831,23.640355,4.442221,
0.721500,1.046789,1.595825,2.777022,3.444392,4.500219,8.666129,7.655052,5.350831,23.640355,4.442221,
0.721500,1.046789,1.595825,2.777022,3.444392,4.924323,8.601444,7.655052,9.412068,23.640355,6.406721,
0.721500,1.046789,1.595825,2.777022,3.444392,4.924323,8.601444,7.655052,9.412068,23.640355,9.271248,
0.721500,1.046789,1.595825,2.777022,3.444392,4.924323,8.601444,7.655052,9.412068,26.636492,11.120606,
0.721500,1.046789,1.595825,2.777022,3.444392,4.924323,8.601444,7.655052,9.734630,26.636492,3.997809,
0.721500,1.046789,1.595825,2.777022,3.444392,6.590525,8.601444,7.655052,7.713814,31.031866,3.997809,
0.721500,1.046789,1.595825,2.777022,3.444392,6.590525,8.601444,7.655052,7.713814,27.323988,3.997809,
0.721500,1.046789,1.595825,2.777022,3.444392,11.131910,8.505644,7.655052,5.369155,27.323988,3.997809,
0.721500,1.046789,1.595825,2.777022,3.444392,11.131910,8.505644,7.655052,7.736524,27.323988,3.997809,
0.721500,1.046789,1.595825,2.777022,3.444392,10.888114,8.505644,7.655052,10.868520,32.168507,3.997809,
0.721500,1.046789,1.595825,2.777022,3.444392,10.888114,8.505644,7.655052,10.868520,32.168507,6.595788,
0.721500,1.046789,1.595825,1.659935,3.444392,10.888114,8.505644,7.794523,6.362716,32.168507,6.595788,
0.721500,1.046789,1.595825,1.659935,3.381296,7.176096,8.505644,7.794523,4.085239,32.168507,6.595788,
0.721500,1.046789,1.595825,1.659935,3.381296,7.073416,8.505644,7.794523,4.659540,32.168507,6.595788,
0.721500,0.979166,1.595825,1.659935,3.381296,7.073416,8.505644,7.794523,4.659540,32.168507,6.595788,
0.721500,0.979166,1.595825,1.659935,3.381296,7.073416,8.505644,7.794523,4.659540,31.086790,6.595788,
0.721500,0.979166,1.595825,1.659935,3.381296,8.718082,8.505644,7.794523,4.659540,31.086790,4.796564,
0.721500,1.317354,1.595825,1.659935,3.381296,9.855248,8.505644,7.794523,10.104195,31.086790,4.796564,
0.721500,1.937091,1.595825,1.659935,3.381296,9.855248,8.505644,8.032644,10.104195,31.086790,4.796564,
0.721500,1.937091,1.595825,1.659935,3.381296,9.855248,8.505644,8.032644,10.104195,30.213229,4.796564,
0.721500,1.937091,1.595825,1.773003,3.381296,9.855248,8.505644,8.032644,10.104195,30.213229,4.796564,
0.721500,1.937091,1.595825,1.773003,3.381296,9.855248,8.505644,8.032644,10.104195,30.213229,4.796564,
0.721500,1.937091,1.595825,1.773003,3.381296,9.855248,8.505644,8.032644,10.104195,31.503900,4.683396,
0.721500,1.937091,1.595825,1.784274,3.381296,9.855248,8.505644,8.032644,10.104195,31.503900,4.683396,
0.721500,1.937091,1.595825,1.784274,3.381296,9.855248,8.505644,8.032644,10.104195,39.264013,5.144165,
0.721500,1.937091,1.595825,1.784274,3.297025,9.855248,8.505644,8.032644,10.104195,38.433394,5.144165,
0.721500,1.937091,1.595825,1.784274,3.297025,9.855248,8.505644,7.825492,6.692824,38.433394,6.214754,
0.721500,1.937091,1.595825,1.784274,3.297025,9.855248,8.505644,7.825492,6.692824,38.433394,6.214754,
0.721500,1.937091,1.595825,1.784274,3.297025,9.855248,8.505644,7.825492,6.692824,38.433394,6.214754,
0.721500,1.937091,1.595825,1.784274,3.297025,9.855248,8.505644,7.825492,6.692824,36.284192,6.214754,
0.721500,1.937091,1.595825,1.784274,3.297025,9.855248,8.505644,7.825492,6.692824,36.712351,6.214754,
0.721500,1.937091,1.595825,1.784274,3.297025,7.335392,8.505644,7.825492,6.692824,30.309107,6.531802,
0.721500,1.937091,1.595825,1.784274,3.297025,7.335392,8.505644,7.825492,6.692824,30.309107,6.531802,
0.721500,1.937091,1.595825,1.784274,3.297025,7.335392,8.505644,7.825492,6.692824,30.309107,8.624539,
0.721500,1.937091,1.595825,1.784274,3.297025,9.835628,8.505644,7.825492,7.980284,24.554372,8.624539,
0.721500,1.937091,1.732384,1.784274,3.297025,9.835628,8.505644,7.825492,11.574716,24.554372,8.624539,
0.721500,1.937091,1.732384,1.784274,3.297025,9.835628,8.505644,7.825492,11.574716,24.554372,5.497760,
0.721500,1.937091,1.732384,1.784274,3.297025,9.835628,8.505644,7.825492,12.718298,31.817466,5.497760,
0.721500,1.937091,1.732384,1.784274,3.297025,7.351814,8.505644,7.825492,12.718298,31.817466,3.378485,
0.721500,1.937091,1.732384,1.784274,3.297025,7.351814,8.505644,7.613248,12.245461,31.817466,6.806333,
0.721500,1.937091,1.732384,1.784274,3.297025,7.180400,8.505644,7.613248,7.551905,32.008404,6.806333,
0.721500,1.937091,1.732384,1.784274,3.297025,7.180400,8.505644,7.613248,7.551905,26.298695,6.806333,
0.721500,1.937091,1.732384,1.550487,3.297025,4.010453,8.505644,7.613248,4.253455,26.298695,8.165581,
0.721500,1.937091,1.732384,1.550487,3.297025,8.111665,8.505644,7.613248,2.049144,26.298695,8.165581,
0.721500,1.937091,1.732384,1.550487,3.297025,8.111665,8.505644,7.613248,2.049144,27.357601,8.831476,
0.721500,1.937091,1.732384,1.550487,3.297025,8.111665,8.505644,7.613248,2.049144,27.357601,8.831476,
0.721500,1.937091,1.732384,1.550487,3.297025,3.579230,8.505644,7.613248,2.049144,23.490162,7.278145,
0.721500,1.937091,1.732384,1.550487,3.297025,3.579230,8.505644,7.613248,2.049144,23.490162,7.278145,
0.721500,1.937091,1.732384,1.550487,3.297025,3.579230,8.505644,7.613248,2.049144,23.490162,7.278145,
0.721500,1.937091,1.732384,1.550487,3.297025,1.480632,7.315776,7.613248,2.017489,23.490162,7.278145,
0.721500,1.937091,1.732384,1.550487,3.297025,5.072013,7.315776,7.613248,1.435444,23.490162,7.278145,
0.721500,1.937091,1.520078,1.550487,3.297025,5.072013,7.315776,7.613248,6.450949,23.490162,6.465076,
0.721500,1.937091,1.520078,1.550487,3.460643,4.563607,7.315776,7.613248,6.450949,23.490162,6.465076,
0.721500,1.937091,1.520078,1.550487,3.460643,6.988114,7.315776,7.613248,4.434553,23.490162,9.507426,
0.721500,1.937091,1.520078,1.730608,3.460643,8.211414,7.315776,7.613248,4.434553,25.684695,8.265243,
0.721500,1.937091,1.520078,1.914593,3.460643,8.211414,7.315776,7.613248,6.845428,25.684695,8.265243,
0.721500,1.937091,1.520078,1.914593,3.460643,8.211414,7.315776,7.613248,6.845428,25.684695,8.265243,
0.721500,1.937091,1.520078,1.914593,3.460643,8.211414,7.315776,7.613248,4.313311,30.791894,9.179181,
0.721500,1.937091,1.520078,1.914593,3.460643,12.426389,7.315776,7.613248,2.205905,30.791894,3.737676,
0.806747,1.937091,1.520078,1.914593,4.054281,14.434784,7.315776,7.613248,2.802073,30.791894,3.737676,
0.806747,1.937091,1.520078,1.914593,4.054281,14.416660,7.315776,7.613248,2.802073,28.356971,3.737676,
0.806747,1.937091,1.520078,1.914593,4.054281,14.416660,7.315776,7.613248,2.802073,28.356971,3.737676,
0.806747,1.937091,1.520078,1.914593,4.054281,19.136010,7.315776,7.613248,2.802073,28.356971,3.737676,
0.806747,1.937091,1.520078,1.914593,4.054281,19.136010,7.315776,7.613248,6.301654,28.356971,3.737676,
0.806747,1.937091,1.520078,1.914593,4.054281,19.136010,7.019421,7.613248,6.301654,22.128622,3.737676,
0.806747,1.937091,1.520078,1.914593,4.054281,13.427651,6.895623,7.613248,6.301654,18.801089,5.495572,
0.806747,1.937091,1.520078,1.914593,4.054281,13.427651,6.895623,7.613248,7.221512,24.089597,5.495572,
0.806747,1.937091,1.520078,1.914593,4.054281,16.704622,6.895623,7.613248,7.221512,19.653556,5.495572,
0.806747,1.937091,1.520078,1.914593,4.054281,11.098780,6.734604,7.613248,2.952949,19.653556,5.495572,
0.806747,1.937091,1.333639,1.914593,4.506833,11.098780,6.734604,7.613248,2.952949,19.653556,5.495572,
0.806747,1.937091,1.333639,1.914593,4.506833,11.098780,6.734604,7.613248,2.952949,19.653556,5.495572,
0.806747,1.937091,1.333639,1.914593,4.506833,12.244528,6.734604,7.613248,8.964353,19.653556,5.495572,
0.806747,1.937091,1.333639,1.914593,4.506833,17.833768,6.734604,7.613248,8.756465,19.653556,5.495572,
0.806747,1.937091,1.333639,1.548578,4.506833,17.833768,6.734604,7.613248,6.918209,19.653556,4.883906,
0.806747,1.937091,1.333639,1.548578,4.506833,17.833768,6.734604,7.613248,4.918976,19.653556,4.883906,
0.806747,1.937091,1.333639,1.548578,4.506833,17.833768,6.734604,7.613248,9.402413,19.653556,5.563696,
0.806747,1.937091,1.333639,1.548578,4.506833,17.833768,6.734604,7.613248,9.402413,19.653556,5.563696,
0.806747,1.937091,1.333639,1.548578,4.506833,17.833768,5.034141,7.613248,9.402413,19.653556,3.969088,
0.806747,1.937091,1.333639,1.548578,4.506833,12.922849,5.034141,7.613248,9.402413,19.653556,3.969088,
0.806747,1.937091,1.333639,1.548578,4.506833,10.649905,5.034141,7.896504,4.546737,19.653556,3.969088,
0.806747,1.937091,1.333639,1.548578,4.911553,10.649905,5.034141,7.896504,4.546737,19.653556,2.407182,
0.806747,1.937091,1.333639,1.548578,4.911553,11.332109,5.034141,7.896504,5.686383,19.653556,2.407182,
0.806747,1.937091,1.333639,1.939470,4.911553,6.511053,3.881202,7.896504,5.686383,19.653556,4.363377,
0.806747,1.937091,1.333639,1.939470,4.911553,6.511053,4.890592,7.896504,5.686383,19.653556,4.363377,
0.806747,1.937091,1.333639,1.939470,4.911553,6.511053,4.718936,7.896504,5.686383,19.653556,4.446945,
0.806747,1.937091,1.333639,1.939470,4.911553,6.511053,4.718936,7.896504,5.475279,20.096975,4.446945,
0.806747,1.937091,1.333639,1.939470,4.911553,6.081878,4.718936,7.896504,5.475279,20.829676,4.446945,
0.790222,1.175350,1.333639,1.939470,4.911553,6.081878,4.718936,7.896504,5.475279,20.829676,4.446945,
0.790222,1.175350,1.333639,1.939470,4.911553,5.053949,4.718936,7.896504,12.049243,20.829676,4.446945,
0.790222,1.175350,1.333639,1.939470,4.911553,9.091859,4.718936,7.896504,12.049243,20.829676,2.930897,
0.790222,1.175350,1.333639,1.939470,4.911553,9.691821,4.718936,7.896504,13.967010,20.829676,3.382028,
0.790222,1.175350,1.333639,1.939470,4.911553,9.691821,4.718936,7.896504,13.967010,20.829676,3.382028,
0.790222,1.175350,1.333639,1.939470,4.911553,9.691821,4.718936,7.896504,14.364170,17.310719,3.382028,
0.790222,1.175350,1.333639,1.939470,4.911553,9.691821,4.718936,7.896504,15.328302,17.883116,3.382028,
0.790222,1.175350,1.333639,1.989216,4.911553,5.780042,4.718936,7.896504,15.328302,13.923000,6.512581,
0.790222,1.175350,1.333639,1.989216,4.911553,5.780042,4.718936,7.896504,15.328302,13.923000,6.512581,
0.790222,1.175350,1.333639,1.989216,4.911553,5.780042,4.718936,7.896504,15.328302,13.923000,6.512581,
0.749576,1.175350,1.333639,1.989216,4.911553,5.780042,4.718936,7.896504,15.328302,13.923000,6.512581,
0.749576,1.175350,1.333639,1.989216,4.911553,11.846390,4.718936,7.896504,13.670849,13.393694,10.208823,
0.749576,1.175350,1.333639,1.989216,4.911553,11.846390,4.718936,7.896504,13.670849,13.393694,10.208823,
0.749576,1.175350,1.333639,1.989216,3.983717,11.846390,4.718936,7.367859,13.670849,11.972961,10.103682,
0.749576,1.175350,1.333639,1.989216,3.983717,14.567768,4.055719,7.367859,17.863871,11.972961,10.103682,
0.749576,1.175350,1.333639,1.989216,3.983717,14.567768,4.055719,7.367859,19.180229,11.972961,10.103682,
0.749576,1.175350,1.389909,1.989216,3.983717,14.567768,4.055719,7.367859,19.180229,11.419562,10.103682,
0.749576,1.175350,1.389909,2.740848,3.983717,9.755824,4.055719,7.367859,15.611960,11.419562,10.103682,
0.749576,1.175350,1.389909,2.740848,3.983717,9.755824,4.055719,7.367859,15.611960,10.715604,10.103682,
0.749576,1.175350,1.389909,2.740848,3.983717,5.494698,4.055719,7.367859,15.611960,11.850065,10.103682,
0.749576,1.126275,1.389909,2.740848,3.983717,5.115403,4.055719,7.367859,16.651053,11.850065,10.103682,
0.749576,1.126275,1.389909,2.740848,3.983717,5.115403,4.055719,7.367859,16.651053,11.850065,10.103682,
0.749576,1.069212,1.389909,2.740848,3.983717,5.314846,4.055719,7.367859,16.651053,11.850065,10.103682,
0.749576,1.069212,1.389909,2.740848,3.983717,5.314846,4.055719,7.367859,16.651053,9.733276,10.103682,
0.749576,1.069212,1.389909,2.740848,3.983717,4.641330,4.055719,7.367859,16.651053,11.978351,7.101407,
0.749576,1.069212,1.389909,2.740848,3.983717,4.641330,4.055719,7.367859,16.651053,11.978351,8.092027,
0.749576,1.069212,1.389909,2.740848,3.983717,7.758990,4.055719,7.367859,16.698299,11.978351,8.092027,
0.749576,1.069212,1.389909,2.740848,3.983717,7.758990,4.055719,7.367859,16.698299,11.978351,8.092027,
0.749576,1.189143,1.389909,2.740848,3.983717,7.758990,4.055719,7.367859,11.463579,11.978351,9.011758,
0.749576,1.189143,1.389909,2.740848,3.983717,7.635799,4.055719,7.367859,11.463579,11.978351,9.011758,
0.749576,1.189143,1.389909,2.740848,3.983717,7.164054,4.055719,7.367859,11.463579,11.887895,9.011758,
0.774852,1.189143,1.389909,2.740848,3.983717,9.569353,4.055719,7.367859,16.358010,11.887895,9.011758,
0.774852,1.189143,1.389909,2.740848,3.983717,12.300113,4.055719,7.367859,16.358010,13.072692,9.011758,
0.774852,1.189143,1.389909,3.030763,4.332628,12.300113,4.055719,7.367859,16.358010,13.072692,9.011758,
0.774852,1.189143,1.389909,3.030763,4.332628,12.300113,4.371196,7.367859,16.358010,12.094870,9.011758,
0.774852,1.189143,1.389909,3.030763,4.332628,12.300113,4.371196,7.367859,17.558635,16.261651,4.873328,
0.774852,1.189143,1.389909,2.246328,4.332628,13.103640,4.371196,7.367859,15.195326,13.595348,4.873328,
0.774852,1.189143,1.389909,2.246328,4.248082,13.103640,4.371196,7.367859,14.490021,13.595348,7.092184,
0.774852,1.189143,1.389909,2.246328,4.248082,13.103640,4.371196,7.367859,14.490021,13.595348,7.092184,
0.774852,1.189143,1.389909,2.246328,4.248082,13.103640,4.371196,7.367859,7.458112,13.595348,6.651007,
0.774852,1.189143,1.389909,2.246328,4.248082,12.681960,4.371196,7.367859,6.796131,20.816730,6.651007,
0.774852,1.189143,1.389909,2.246328,4.248082,12.681960,4.371196,7.367859,6.796131,21.065416,6.651007,
0.774852,1.189143,1.389909,2.246328,4.248082,11.361965,4.371196,7.367859,2.875647,15.948832,10.232908,
0.774852,1.189143,1.389909,2.246328,4.248082,9.540071,4.371196,7.367859,6.209617,15.948832,10.232908,
0.774852,1.189143,1.389909,2.246328,4.248082,9.540071,4.371196,7.367859,6.209617,13.177375,10.232908,
0.774852,1.189143,1.389909,2.246328,4.248082,6.944557,4.371196,7.367859,8.044970,13.177375,10.232908,
0.774852,1.189143,1.389909,2.246328,4.259242,6.944557,4.371196,7.367859,4.142763,13.177375,10.232908,
0.774852,1.189143,1.389909,2.246328,4.259242,6.944557,4.371196,7.367859,4.142763,13.177375,10.232908,
0.774852,1.189143,1.389909,2.246328,4.259242,4.132806,4.371196,7.367859,4.142763,14.418652,11.309640,
0.774852,1.189143,1.389909,2.246328,4.259242,6.961584,4.371196,7.367859,4.142763,14.418652,9.664042,
0.774852,1.189143,1.389909,2.246328,4.259242,11.671423,4.371196,7.367859,2.892625,14.418652,9.664042,
0.774852,1.189143,1.399131,2.246328,4.259242,11.671423,4.371196,7.367859,5.075093,13.708755,9.664042,
0.774852,1.189143,1.399131,2.510650,4.067648,12.216951,4.371196,7.367859,5.075093,13.708755,9.603307,
0.774852,1.189143,1.399131,2.510650,4.067648,13.610067,4.544289,7.367859,9.662487,13.708755,9.603307,
0.774852,1.189143,1.399131,2.510650,4.523786,13.496329,4.544289,7.533156,10.959910,15.900677,9.603307,
0.774852,1.189143,1.399131,2.383107,4.618674,9.228186,4.544289,7.533156,10.959910,15.251628,10.434752,
0.774852,1.262594,1.399131,2.383107,4.618674,9.228186,4.544289,7.533156,10.251608,12.637118,10.434752,
0.774852,1.262594,1.399131,2.235145,4.618674,11.621460,4.544289,6.698613,10.251608,12.637118,10.434752,
0.774852,1.262594,1.399131,2.235145,4.618674,11.621460,4.544289,6.698613,10.251608,12.637118,10.434752,
0.774852,1.262594,1.399131,2.235145,4.618674,11.621460,4.544289,6.698613,10.251608,12.637118,13.676339,
0.774852,1.262594,1.399131,2.235145,4.618674,2.169347,4.544289,6.698613,10.251608,12.637118,13.676339,
0.774852,1.262594,1.355325,2.720824,4.691796,2.694505,4.544289,6.698613,10.251608,13.389206,13.676339,
0.774852,1.262594,1.355325,2.720824,4.691796,3.648915,4.544289,6.698613,10.251608,13.389206,13.676339,
0.774852,1.262594,1.355325,2.720824,4.691796,3.155688,4.544289,6.698613,10.251608,12.920092,13.676339,
0.774852,1.262594,1.355325,2.720824,4.691796,3.155688,4.544289,6.698613,9.857373,12.920092,13.676339,
0.774852,1.262594,1.355325,2.720824,4.691796,3.155688,4.544289,6.698613,9.857373,12.920092,13.676339,
0.774852,1.262594,1.355325,2.720824,4.691796,3.155688,4.544289,6.698613,9.857373,12.920092,13.676339,
0.774852,1.262594,1.355325,2.720824,4.691796,3.155688,4.544289,6.698613,9.857373,12.920092,13.676339,
0.774852,1.262594,1.355325,2.720824,4.161760,5.036314,4.544289,6.698613,9.857373,12.920092,13.676339,
0.774852,1.262594,1.355325,2.720824,4.161760,5.036314,4.544289,6.698613,9.857373,12.920092,11.901106,
0.774852,1.262594,1.355325,2.720824,4.161760,8.841097,5.051499,6.698613,14.500563,12.920092,14.935729,
0.774852,1.160023,1.355325,2.720824,4.161760,7.606484,5.051499,6.698613,12.200553,13.477055,14.935729,
0.774852,1.160023,1.355325,2.720824,4.161760,11.185461,5.051499,6.698613,10.523905,13.477055,14.935729,
0.774852,1.160023,1.355325,2.720824,4.161760,11.070675,5.051499,6.698613,10.523905,13.477055,14.935729,
0.774852,1.160023,1.355325,2.720824,4.161760,11.070675,5.051499,6.698613,10.523905,13.477055,14.935729,
0.774852,1.160023,1.355325,1.951414,3.565491,11.070675,5.051499,6.698613,10.523905,10.722064,14.391074,
0.774852,1.160023,1.355325,1.951414,3.565491,11.070675,5.051499,6.698613,10.523905,10.722064,14.391074,
0.774852,1.160023,1.355325,1.951414,3.565491,11.070675,5.051499,6.698613,10.523905,12.531759,14.391074,
0.774852,1.160023,1.355325,1.951414,3.565491,9.477836,4.990434,6.698613,10.523905,12.531759,14.391074,
0.774852,1.160023,1.355325,1.951414,3.565491,6.271723,4.111347,6.698613,12.820255,12.531759,14.391074,
0.774852,1.160023,1.355325,1.951414,3.565491,6.271723,5.253282,6.698613,18.722784,12.531759,19.127002,
0.774852,1.160023,1.355325,1.951414,3.565491,7.266884,5.253282,6.698613,9.189635,12.329447,20.271396,
0.774852,1.160023,1.355325,1.951414,3.565491,4.667961,5.253282,6.698613,9.189635,12.329447,20.271396,
0.774852,1.160023,1.355325,1.951414,3.565491,4.940918,5.253282,6.698613,4.166038,12.329447,20.271396,
0.774852,1.160023,1.355325,1.951414,3.565491,4.940918,5.253282,6.698613,4.166038,12.329447,20.271396,
0.774852,1.160023,1.355325,1.951414,3.565491,4.940918,5.253282,6.698613,4.768688,14.324169,15.757468,
0.774852,1.160023,1.355325,1.951414,3.565491,4.940918,4.527165,6.698613,4.031434,12.687739,15.534545,
0.774852,1.160023,1.355325,1.951414,3.565491,5.117370,4.527165,6.698613,4.031434,11.466627,16.757857,
0.774852,1.160023,1.355325,2.289190,3.565491,3.202517,4.527165,6.698613,7.879643,11.466627,16.757857,
0.774852,1.160023,1.355325,2.289190,3.765638,3.202517,4.527165,6.698613,10.691716,11.466627,16.757857,
0.774852,1.160023,1.355325,2.289190,3.765638,4.967776,4.527165,6.698613,10.691716,11.466627,19.151377,
0.774852,1.160023,1.355325,2.289190,3.765638,5.264070,4.527165,6.698613,10.691716,10.554067,17.633207,
0.774852,1.160023,1.355325,2.289190,3.765638,5.264070,4.527165,6.698613,10.691716,9.963689,16.106745,
0.774852,1.160023,1.355325,2.289190,4.150899,4.642953,4.527165,6.698613,10.775469,11.041576,16.106745,
0.774852,1.160023,1.355325,2.289190,4.150899,4.642953,4.527165,6.698613,10.775469,11.041576,16.106745,
0.774852,1.160023,1.355325,2.289190,4.150899,4.676159,4.527165,6.698613,7.164976,11.041576,16.662869,
0.774852,1.160023,1.355325,2.289190,4.150899,13.041564,4.527165,6.599019,7.164976,11.041576,16.662869,
0.774852,1.160023,1.355325,2.289190,4.150899,13.041564,4.527165,6.599019,4.597854,10.658118,16.662869,
0.774852,1.160023,1.355325,2.289190,4.150899,13.041564,4.527165,6.599019,4.597854,10.658118,16.662869,
0.774852,1.044579,1.355325,2.289190,4.150899,7.652491,4.527165,6.599019,3.597771,10.311145,16.662869,
0.774852,1.044579,1.355325,2.289190,4.150899,5.514974,4.527165,6.599019,3.597771,10.311145,19.309842,
0.774852,1.044579,1.394919,2.289190,4.150899,1.007100,4.527165,6.599019,4.331205,10.311145,19.309842,
0.774852,1.044579,1.394919,2.475580,4.150899,5.439838,4.527165,6.599019,5.774063,10.311145,17.348553,
0.774852,1.044579,1.394919,2.475580,4.150899,5.439838,4.527165,6.599019,6.158353,10.720750,17.841305,
0.774852,1.044579,1.394919,2.475580,4.150899,9.858591,4.527165,6.599019,9.743960,10.720750,14.821011,
0.774852,1.044579,1.394919,2.475580,4.150899,10.939013,4.527165,6.599019,10.915117,15.244744,10.884367,
0.774852,1.044579,1.394919,2.475580,4.150899,6.717669,4.527165,6.599019,10.500221,13.114470,10.884367,
0.774852,1.010117,1.394919,2.475580,4.150899,6.717669,4.527165,6.599019,10.500221,13.114470,10.795112,
0.774852,1.010117,1.394919,2.475580,4.108751,6.717669,4.527165,6.599019,10.500221,13.114470,12.600605,
0.774852,1.010117,1.394919,2.475580,3.957764,6.717669,4.558850,6.599019,8.011856,13.114470,12.600605,
0.774852,1.597246,1.394919,2.475580,3.957764,6.717669,4.558850,6.599019,8.011856,13.114470,12.600605,
0.774852,1.597246,1.394919,2.475580,3.957764,6.717669,4.558850,6.599019,8.011856,13.114470,12.600605,
0.774852,1.597246,1.394919,2.475580,3.957764,6.717669,4.558850,6.599019,8.011856,12.704801,12.600605,
0.774852,1.597246,1.394919,2.475580,3.957764,11.872100,4.558850,6.599019,8.011856,12.704801,12.600605,
0.774852,1.433653,1.394919,2.475580,3.957764,11.872100,4.558850,6.599019,8.011856,12.704801,12.600605,
0.774852,1.392955,1.394919,2.475580,3.957764,11.872100,4.558850,6.599019,8.011856,12.704801,14.704230,
0.774852,1.392955,1.394919,2.475580,3.957764,2.726738,4.558850,6.599019,10.280343,14.584657,14.704230,
0.774852,1.392955,1.394919,2.475580,3.957764,2.726738,4.558850,6.599019,7.353466,14.584657,14.704230,
0.774852,1.392955,1.394919,2.475580,3.957764,2.726738,4.558850,6.599019,7.353466,14.584657,14.704230,
0.774852,1.392955,1.394919,2.475580,3.957764,2.726738,4.482012,6.599019,7.353466,14.584657,9.955539,
0.774852,1.392955,1.394919,2.475580,3.957764,2.726738,4.482012,6.599019,7.353466,14.584657,16.597727,
0.774852,1.392955,1.394919,2.116250,3.895574,6.449993,4.482012,6.599019,11.210053,14.584657,16.597727,
0.774852,1.392955,1.394919,2.116250,3.895574,12.550619,4.482012,6.599019,9.418035,11.421063,16.597727,
0.774852,1.392955,1.394919,2.116250,3.895574,14.932210,4.482012,6.599019,2.969001,11.421063,15.250379,
0.774852,1.392955,1.394919,2.116250,3.895574,17.665065,4.482012,6.599019,3.198818,11.421063,18.193702,
0.774852,1.392955,1.394919,2.116250,3.895574,15.664755,4.399785,6.599019,2.428710,9.568595,18.193702,
0.774852,1.392955,1.394919,2.116250,3.895574,17.139145,4.399785,6.599019,4.684954,10.851293,15.848358,
0.774852,1.392955,1.394919,2.116250,3.895574,15.998104,3.711694,6.599019,4.061071,10.851293,15.848358,
0.774852,1.664701,1.394919,2.116250,3.895574,15.998104,4.029428,6.599019,4.061071,11.047005,15.848358,
0.774852,1.664701,1.394919,2.116250,3.895574,15.998104,4.029428,6.599019,4.061071,11.047005,15.848358,
0.774852,1.664701,1.394919,1.934780,3.895574,9.762327,4.029428,6.599019,4.003367,11.047005,15.848358,
0.774852,1.664701,1.394919,1.934780,3.895574,10.924295,4.101511,6.599019,6.136101,10.408820,16.727516,
0.774852,1.767195,1.394919,1.934780,3.895574,15.429538,4.101511,6.599019,6.136101,10.408820,16.727516,
0.774852,1.767195,1.394919,1.934780,3.895574,18.871176,4.101511,6.599019,6.727153,10.408820,21.430864,
0.774852,1.767195,1.394919,1.934780,3.895574,10.307516,4.101511,6.599019,6.889895,10.608714,16.591066,
0.774852,1.767195,1.394919,1.951070,3.895574,10.307516,4.101511,6.599019,6.889895,11.798715,16.591066,
0.774852,1.104966,1.472808,2.821724,3.895574,15.895509,4.101511,6.599019,6.889895,11.798715,16.591066,
0.774852,1.104966,1.472808,2.821724,3.895574,15.895509,4.101511,6.599019,10.694562,11.798715,16.591066,
0.774852,1.104966,1.472808,2.821724,3.895574,11.250707,4.101511,6.599019,11.578198,11.798715,16.591066,
0.774852,1.104966,1.472808,2.821724,3.895574,13.610758,4.101511,6.599019,4.483751,11.798715,16.591066,
0.774852,1.104966,1.472808,2.821724,3.895574,13.610758,4.101511,6.599019,4.483751,11.953964,16.591066,
0.774852,1.104966,1.472808,2.821724,3.895574,15.779994,4.866931,6.599019,5.431415,11.953964,16.591066,
0.774852,1.104966,1.472808,2.821724,3.895574,15.779994,4.866931,6.599019,5.431415,11.953964,16.591066,
0.774852,1.104966,1.472808,2.821724,3.895574,15.779994,4.866931,6.599019,5.431415,11.953964,16.591066,
0.774852,1.104966,1.472808,2.821724,3.895574,15.779994,4.866931,6.599019,5.431415,11.953964,16.591066,
0.774852,1.104966,1.472808,2.821724,3.895574,15.779994,4.866931,6.599019,5.431415,11.953964,16.591066,
0.774852,1.104966,1.472808,2.821724,3.895574,15.779994,4.866931,6.599019,6.389112,11.953964,16.591066,
0.774852,1.104966,1.472808,2.821724,3.895574,15.779994,4.866931,6.599019,6.389112,11.953964,16.591066,
0.774852,1.104966,1.472808,2.821724,3.895574,15.779994,4.866931,6.599019,6.389112,11.953964,16.591066,
0.774852,0.943855,1.472808,2.634123,3.895574,15.779994,4.866931,6.599019,6.389112,11.953964,18.597515,
0.774852,0.943855,1.472808,2.634123,3.895574,12.828591,4.866931,6.599019,14.878390,11.242980,18.597515,
0.774852,0.943855,1.472808,2.634123,3.895574,12.828591,4.866931,6.599019,14.878390,11.242980,18.597515,
0.774852,0.943855,1.472808,2.634123,3.895574,8.633531,4.866931,6.599019,15.963063,11.242980,18.597515,
0.774852,0.943855,1.472808,2.634123,3.895574,8.633531,4.866931,6.599019,11.117348,11.242980,18.597515,
0.774852,0.943855,1.472808,2.634123,3.895574,8.633531,4.866931,6.599019,11.117348,11.242980,17.734358,
0.774852,1.054171,1.472808,2.634123,3.895574,8.633531,4.874674,6.599019,6.811860,10.289944,17.734358,
0.774852,1.054171,1.472808,2.634123,3.895574,3.106759,4.874674,6.599019,4.204259,14.957726,17.734358,
0.774852,1.054171,1.472808,2.634123,3.895574,3.573864,4.874674,6.599019,5.336118,14.298477,17.734358,
0.774852,1.054171,1.472808,2.634123,3.895574,6.371367,4.874674,6.854376,5.336118,14.298477,14.004046,
0.774852,1.054171,1.472808,2.634123,3.895574,8.109322,4.874674,6.854376,4.033187,13.357831,14.004046,
0.774852,1.054171,1.472808,2.200637,3.895574,8.690109,4.874674,6.854376,4.033187,13.357831,14.004046,
0.774852,1.054171,1.472808,2.200637,3.895574,8.690109,4.874674,6.854376,4.033187,13.381766,14.004046,
0.774852,1.054171,1.432884,2.200637,3.895574,8.690109,4.874674,6.854376,4.033187,13.675587,14.004046,
0.774852,1.054171,1.432884,2.200637,3.895574,2.843634,4.874674,6.854376,4.033187,14.031213,14.004046,
0.774852,1.054171,1.303226,2.200637,5.174133,2.843634,4.874674,6.854376,4.033187,14.031213,11.428457,
0.774852,1.054171,1.360433,2.200637,5.174133,2.843634,4.874674,6.854376,4.033187,14.031213,11.428457,
0.774852,1.054171,1.360433,2.200637,5.174133,2.843634,4.874674,6.854376,4.033187,14.031213,12.680620,
0.774852,1.188710,1.360433,2.200637,5.174133,6.083002,4.874674,6.854376,4.434456,14.031213,12.680620,
0.774852,1.188710,1.360433,2.200637,5.174133,6.310265,4.874674,6.854376,4.434456,14.031213,15.257416,
0.774852,1.188710,1.360433,2.200637,5.174133,13.496750,5.516064,6.854376,4.434456,13.688565,10.619516,
0.774852,1.188710,1.360433,2.108519,5.174133,9.134480,5.516064,6.854376,4.434456,15.597734,10.619516,
0.774852,1.188710,1.360433,2.108519,5.174133,11.381823,5.516064,6.854376,6.505046,15.597734,8.413834,
0.774852,1.188710,1.360433,2.108519,5.174133,7.647840,5.516064,6.854376,5.586182,17.233624,8.413834,
0.774852,1.188710,1.360433,2.108519,4.981894,11.140452,4.707299,6.854376,5.586182,13.750203,11.067859,
0.774852,1.188710,1.360433,2.814024,4.981894,15.794570,4.707299,6.854376,5.586182,13.750203,11.067859,
0.774852,1.188710,1.360433,2.814024,4.981894,16.911112,4.707299,6.854376,10.118915,14.195118,11.067859,
0.774852,1.188710,1.360433,2.814024,4.981894,16.911112,4.707299,6.854376,10.118915,14.195118,11.067859,
0.774852,1.188710,1.360433,2.346597,4.981894,16.911112,4.707299,6.854376,10.118915,14.195118,11.067859,
0.774852,1.188710,1.360433,3.178489,4.981894,11.120303,4.707299,6.854376,10.118915,14.195118,11.595667,
0.875374,1.188710,1.360433,3.178489,5.107641,19.278096,4.707299,6.854376,11.165165,14.195118,14.820322,
0.875374,1.188710,1.360433,3.178489,5.107641,19.278096,4.707299,6.854376,11.165165,14.195118,12.878445,
0.875374,1.188710,1.360433,3.178489,5.107641,16.480306,4.707299,6.854376,6.750110,14.195118,10.804813,
0.875374,1.188710,1.360433,3.178489,5.107641,17.713535,4.707299,6.854376,4.264193,13.478094,10.804813,
0.875374,1.188710,1.360433,2.950105,5.107641,17.713535,4.707299,6.854376,4.264193,13.478094,8.854665,
0.875374,1.188710,1.360433,2.950105,5.107641,20.229602,4.720638,6.854376,4.264193,13.478094,9.695657,
0.875374,1.188710,1.360433,2.950105,5.107641,20.229602,4.720638,6.854376,4.264193,13.478094,9.695657,
0.875374,1.188710,1.360433,2.950105,5.107641,20.229602,4.720638,6.854376,5.350183,17.384782,7.253073,
0.875374,1.188710,1.360433,2.802469,5.107641,20.229602,5.103789,6.854376,5.350183,17.384782,7.253073,
0.875374,1.188710,1.360433,2.802469,5.107641,14.486468,5.103789,6.854376,8.919611,17.384782,7.253073,
0.875374,1.263599,1.360433,2.080182,5.107641,15.197912,5.103789,6.854376,9.855601,17.384782,7.253073,
0.875374,1.263599,1.360433,2.080182,5.107641,10.269157,5.103789,6.854376,10.383736,17.384782,7.253073,
0.875374,1.263599,1.360433,2.080182,5.107641,10.269157,5.103789,6.854376,10.383736,17.384782,9.946496,
0.875374,1.263599,1.360433,2.080182,5.107641,10.269157,5.103789,6.854376,10.383736,15.129918,8.846133,
0.875374,1.263599,1.360433,2.080182,5.107641,9.656418,5.103789,6.854376,10.383736,16.955722,7.762028,
0.875374,1.263599,1.360433,2.080182,5.107641,11.462683,5.103789,6.854376,9.101906,16.955722,7.762028,
0.875374,1.263599,1.362539,2.080182,5.107641,4.982478,5.103789,6.854376,9.101906,18.581604,7.762028,
0.875374,1.263599,1.362539,2.338450,5.557100,4.982478,5.103789,6.854376,9.101906,18.581604,7.762028,
0.875374,1.263599,1.362539,2.338450,5.557100,4.982478,5.118908,6.854376,9.101906,18.581604,7.762028,
0.875374,1.263599,1.362539,2.338450,5.557100,4.982478,5.118908,6.854376,9.101906,14.683569,7.762028,
0.875374,1.263599,1.362539,2.338450,5.557100,3.028965,5.118908,6.854376,4.989296,14.683569,7.762028,
0.875374,1.263599,1.362539,2.338450,5.557100,3.266875,5.118908,6.854376,4.836553,14.710015,7.762028,
0.875374,1.263599,1.362539,2.338450,5.557100,3.266875,5.118908,6.854376,10.298939,15.376132,8.726477,
0.875374,1.263599,1.362539,2.338450,5.557100,12.387969,4.556846,6.854376,13.166072,15.376132,8.726477,
0.875374,1.263599,1.362539,2.338450,5.557100,10.733320,4.556846,6.854376,13.166072,15.376132,8.726477,
0.875374,1.263599,1.362539,2.338450,5.557100,9.633911,4.556846,6.854376,11.249792,15.376132,8.726477,
0.875374,1.263599,1.362539,2.338450,4.243839,5.725516,4.556846,6.854376,11.249792,12.560844,8.726477,
0.875374,1.263599,1.362539,2.338450,4.243839,6.249033,4.556846,6.854376,11.249792,12.560844,8.726477,
0.875374,1.263599,1.362539,2.338450,4.243839,8.639140,4.380791,6.854376,11.249792,12.560844,11.091296,
0.875374,1.263599,1.362539,2.338450,4.651305,8.639140,4.447022,6.854376,11.249792,13.327546,11.091296,
0.875374,1.263599,1.362539,2.338450,4.651305,6.099214,4.447022,6.854376,11.249792,13.327546,11.091296,
0.875374,1.263599,1.362539,2.338450,4.651305,4.832136,4.014786,6.854376,10.024541,13.543558,11.091296,
0.875374,1.023031,1.362539,2.846560,4.651305,4.832136,4.014786,6.854376,10.024541,13.543558,10.305565,
0.875374,1.023031,1.362539,2.846560,4.651305,2.575197,4.014786,6.854376,10.024541,13.543558,10.305565,
0.875374,1.023031,1.362539,2.846560,4.651305,8.600848,3.952925,6.854376,10.024541,13.543558,10.305565,
0.784819,1.023031,1.362539,2.846560,4.651305,10.983823,3.952925,6.854376,11.402763,13.543558,10.305565,
0.784819,1.023031,1.362539,2.846560,4.651305,10.983823,3.952925,6.854376,8.483288,13.662772,13.959501,
0.784819,1.023031,1.362539,2.846560,4.651305,11.475607,3.952925,6.854376,8.483288,13.662772,11.366473,
0.784819,1.023031,1.362539,2.846560,4.651305,10.607814,5.263999,6.854376,8.483288,13.662772,11.366473,
0.784819,1.280860,1.362539,2.846560,4.651305,10.607814,5.263999,6.854376,8.483288,13.662772,11.366473,
0.784819,1.280860,1.362539,2.846560,4.651305,10.607814,5.263999,6.854376,8.483288,13.662772,11.366473,
0.784819,1.280860,1.362539,2.846560,4.651305,7.328625,5.263999,6.854376,8.483288,13.662772,11.366473,
0.784819,1.280860,1.362539,2.846560,4.651305,7.328625,4.543393,6.854376,10.919814,13.662772,11.366473,
0.784819,1.280860,1.362539,2.846560,4.651305,8.754773,4.543393,6.854376,12.027229,13.662772,11.366473,
0.784819,1.280860,1.362539,2.596282,4.692525,3.901297,4.543393,6.854376,12.027229,13.031359,11.366473,
0.784819,1.280860,1.362539,2.552471,4.692525,6.565076,4.543393,6.854376,12.027229,16.041768,11.366473,
0.784819,1.280860,1.362539,2.552471,4.692525,6.565076,4.543393,6.854376,12.027229,16.041768,11.366473,
0.784819,1.280860,1.362539,2.552471,4.692525,8.144165,4.543393,6.729411,12.027229,11.977168,11.366473,
0.784819,1.126221,1.362539,2.552471,4.692525,7.064853,4.290542,6.729411,9.884287,11.977168,12.526978,
0.784819,1.126221,1.436943,2.552471,4.692525,7.064853,4.290542,6.729411,9.884287,11.977168,12.526978,
0.784819,1.126221,1.436943,2.552471,4.692525,7.064853,4.290542,6.729411,9.884287,11.977168,12.526978,
0.784819,1.126221,1.436943,2.552471,4.692525,11.577549,4.290542,6.729411,9.884287,11.977168,12.526978,
0.784819,1.126221,1.436943,2.552471,4.692525,11.206997,4.290542,6.729411,9.884287,11.977168,12.526978,
0.784819,1.126221,1.436943,2.552471,4.692525,11.206997,4.290542,6.729411,9.884287,11.239210,12.526978,
0.784819,1.126221,1.436943,2.552471,4.692525,11.206997,4.290542,6.729411,9.884287,11.239210,11.218314,
0.784819,1.126221,1.436943,2.552471,4.692525,5.379891,4.290542,6.729411,9.884287,11.239210,16.590233,
0.784819,1.126221,1.436943,2.552471,4.692525,5.379891,4.290542,6.729411,14.269999,11.239210,16.590233,
0.784819,1.126221,1.436943,2.552471,4.692525,5.379891,4.584863,6.729411,8.995953,11.239210,15.350167,
0.784819,1.241672,1.436943,2.552471,4.692525,5.379891,4.584863,6.729411,8.995953,12.025055,15.350167,
0.784819,1.241672,1.436943,2.151749,4.692525,5.379891,4.584863,6.254552,9.717907,12.025055,15.350167,
0.784819,1.241672,1.436943,2.151749,4.692525,5.379891,4.584863,6.254552,9.717907,12.025055,15.350167,
0.784819,1.241672,1.436943,2.151749,4.692525,5.379891,4.584863,6.254552,9.717907,12.025055,15.350167,
0.784819,1.241672,1.436943,2.151749,4.692525,5.379891,4.584863,6.254552,9.717907,12.025055,15.350167,
0.784819,1.241672,1.436943,2.151749,4.692525,5.379891,4.584863,6.254552,8.515711,12.025055,15.350167,
0.784819,1.241672,1.436943,2.151749,4.692525,9.815491,4.584863,6.254552,8.515711,12.025055,15.350167,
0.784819,1.241672,1.436943,2.151749,4.692525,9.815491,4.584863,6.737376,8.515711,12.025055,14.122106,
0.784819,1.241672,1.436943,2.151749,4.692525,10.256520,4.584863,6.737376,9.030209,12.025055,10.452944,
0.784819,1.241672,1.436943,2.151749,4.692525,14.247581,4.584863,6.737376,7.097704,12.025055,10.452944,
0.784819,1.241672,1.436943,2.151749,4.692525,19.939389,4.584863,6.737376,7.029491,12.025055,10.651165,
0.784819,1.241672,1.436943,2.151749,4.692525,22.952780,4.584863,6.737376,14.490683,13.091901,10.651165,
0.784819,1.241672,1.436943,2.151749,4.692525,22.952780,4.584863,6.737376,14.755141,13.091901,10.651165,
0.784819,1.241672,1.436943,2.151749,4.692525,22.952780,4.584863,6.737376,14.755141,13.091901,10.651165,
0.784819,1.241672,1.436943,2.151749,4.692525,22.952780,4.584863,6.737376,14.755141,13.091901,10.651165,
0.784819,1.241672,1.436943,2.151749,4.692525,22.952780,4.584863,6.737376,14.755141,13.091901,10.651165,
0.784819,1.241672,1.436943,2.151749,4.692525,19.386934,4.584863,6.737376,16.696385,13.091901,10.651165,
0.784819,1.241672,1.436943,2.151749,4.692525,16.280914,4.584863,6.737376,13.413713,13.091901,10.651165,
0.784819,1.241672,1.436943,2.151749,4.692525,17.561429,4.584863,6.737376,13.413713,13.091901,10.651165,
0.786862,1.241672,1.436943,2.151749,3.655080,11.314440,4.584863,6.737376,14.072993,13.091901,10.651165,
0.786862,1.241672,1.436943,2.151749,3.655080,11.314440,4.584863,6.737376,18.315608,13.091901,10.651165,
0.786862,1.241672,1.436943,2.151749,3.655080,11.941563,4.584863,6.737376,18.315608,13.091901,15.443033,
0.786862,1.241672,1.436943,2.151749,3.655080,11.941563,4.584863,6.737376,18.315608,13.091901,15.443033,
0.786862,1.241672,1.436943,2.151749,3.655080,11.941563,4.584863,6.737376,18.315608,11.889384,15.443033,
0.786862,1.241672,1.436943,2.151749,3.655080,17.334194,4.584863,6.737376,18.315608,10.957947,16.531468,
0.786862,1.241672,1.436943,2.151749,3.655080,17.334194,4.584863,6.737376,18.612208,13.698239,16.531468,
0.786862,1.241672,1.436943,2.151749,3.655080,15.288767,4.584863,6.737376,16.557305,13.814966,15.064421,
0.786862,1.241672,1.436943,2.151749,3.655080,14.509138,5.383630,6.737376,16.402728,13.814966,15.064421,
0.786862,1.241672,1.436943,2.151749,3.655080,14.509138,5.383630,6.737376,17.522193,13.814966,15.064421,
0.786862,1.241672,1.436943,2.151749,3.655080,12.633208,5.383630,6.737376,12.119598,13.814966,15.064421,
0.786862,1.241672,1.436943,2.151749,3.655080,12.633208,5.383630,6.737376,12.119598,14.685111,11.802432,
0.786862,1.241672,1.436943,2.151749,3.655080,12.633208,5.383630,6.737376,12.119598,14.685111,14.800482,
0.786862,1.241672,1.436943,2.905692,3.655080,15.246450,5.383630,6.532816,7.900696,14.685111,14.800482,
0.786862,1.241672,1.436943,2.578247,3.655080,17.602653,4.974908,6.532816,7.931008,14.685111,14.800482,
0.786862,1.241672,1.436943,2.578247,3.655080,19.481048,4.974908,6.532816,7.947845,14.685111,14.800482,
0.786862,1.241672,1.436943,2.578247,3.655080,19.481048,4.974908,6.532816,4.756327,14.372662,14.426765,
0.786862,1.004113,1.436943,2.578247,3.655080,17.405508,4.974908,6.532816,3.514439,14.372662,14.426765,
0.786862,1.004113,1.436943,2.578247,3.532685,17.405508,4.567076,7.533833,3.514439,14.372662,8.677327,
0.786862,1.004113,1.436943,2.578247,3.532685,17.405508,4.567076,7.533833,6.789130,13.978642,8.677327,
0.786862,1.004113,1.436943,4.412851,3.532685,11.464211,4.567076,7.533833,10.671334,13.978642,8.884042,
0.786862,1.004113,1.436943,2.271817,3.532685,11.464211,4.567076,7.533833,16.437384,13.978642,8.884042,
0.786862,1.004113,1.436943,4.127872,3.532685,11.464211,4.567076,7.080579,12.114895,17.002654,8.884042,
0.786862,1.004113,1.436943,4.127872,4.144945,12.221180,4.567076,7.080579,7.271151,17.002654,8.884042,
0.786862,1.004113,1.436943,6.819974,4.144945,12.221180,4.567076,7.080579,7.271151,17.002654,8.884042,
0.786862,0.619577,1.436943,6.819974,3.926974,13.364024,4.567076,7.080579,7.271151,17.002654,8.884042,
0.786862,0.619577,1.436943,6.819974,3.926974,15.497950,4.567076,7.080579,14.577209,17.002654,8.884042,
0.786862,0.619577,1.436943,10.805876,3.926974,15.497950,4.505970,7.080579,14.101210,17.813522,9.504665,
0.786862,0.619577,1.590878,10.805876,3.926974,15.497950,5.772648,7.080579,14.101210,17.813522,9.504665,
0.786862,0.619577,1.590878,10.805876,3.926974,15.497950,5.597545,7.080579,6.940936,17.813522,9.504665,
0.786862,0.619577,1.590878,10.805876,3.926974,15.201830,5.597545,7.080579,3.888743,17.813522,11.048692,
0.786862,0.619577,1.590878,10.805876,3.926974,15.201830,5.597545,7.080579,3.888743,17.813522,11.048692,
0.786862,0.619577,1.590878,10.805876,3.926974,15.201830,5.597545,7.080579,3.888743,17.813522,8.241331,
0.786862,0.619577,1.590878,16.260228,3.926974,15.079273,5.597545,7.080579,3.610749,19.665172,8.241331,
0.786862,0.619577,1.590878,13.811391,3.926974,13.243440,5.597545,7.080579,3.610749,19.665172,8.241331,
0.786862,0.619577,1.514528,16.616241,3.926974,13.243440,6.607050,7.080579,10.112753,17.800470,8.241331,
0.786862,0.619577,1.514528,16.616241,3.926974,13.243440,6.607050,7.080579,10.112753,21.615561,8.241331,
0.786862,0.619577,1.514528,11.516898,3.926974,11.188558,6.607050,7.080579,10.112753,23.788766,8.241331,
0.786862,0.619577,1.681878,10.976391,3.926974,7.947599,6.411656,7.080579,10.112753,23.788766,8.241331,
0.786862,0.619577,1.681878,11.352830,3.926974,7.947599,6.411656,7.080579,10.112753,23.788766,8.241331,
0.786862,0.619577,1.681878,8.822635,3.926974,5.573573,6.411656,7.080579,10.330668,23.788766,5.211520,
0.786862,0.619577,1.681878,15.703847,3.608689,9.747054,6.411656,7.080579,10.330668,23.788766,5.211520,
0.786862,0.619577,1.681878,15.703847,3.608689,9.747054,6.411656,7.080579,13.824809,23.788766,5.211520,
0.786862,0.738518,1.681878,16.547373,3.608689,9.747054,6.411656,7.080579,13.824809,23.788766,5.211520,
0.786862,0.738518,1.681878,9.409411,3.608689,6.934403,6.411656,7.080579,13.824809,23.788766,4.682581,
0.786862,0.738518,1.665554,9.409411,3.608689,13.024581,6.370451,7.080579,13.824809,23.788766,4.682581,
0.786862,0.738518,1.665554,9.409411,3.608689,13.024581,6.370451,7.080579,13.824809,23.788766,4.682581,
0.786862,0.738518,1.665554,9.409411,3.608689,13.024581,6.370451,7.080579,13.824809,23.788766,4.682581,
0.786862,0.738518,1.665554,9.409411,3.608689,13.024581,6.370451,7.080579,13.824809,23.788766,4.682581,
0.786862,0.738518,1.665554,6.149667,3.608689,7.312855,6.370451,7.080579,13.824809,23.788766,4.682581,
0.786862,0.738518,1.665554,6.149667,3.608689,7.312855,6.370451,7.080579,12.890597,24.843106,7.588756,
0.786862,0.738518,1.665554,5.500838,3.608689,7.312855,7.268400,7.080579,18.330511,26.310122,7.588756,
0.786862,0.738518,1.665554,5.500838,3.608689,8.651999,7.268400,7.080579,15.085798,22.571969,7.588756,
0.786862,0.738518,1.665554,5.500838,3.608689,8.651999,7.268400,7.080579,15.085798,22.571969,7.588756,
0.786862,0.738518,1.665554,5.500838,3.608689,8.651999,7.268400,7.080579,14.108086,22.571969,7.588756,
0.786862,0.738518,1.665554,5.500838,3.608689,8.651999,7.268400,7.080579,12.916362,22.571969,5.439084,
0.786862,0.738518,1.665554,9.066961,3.608689,8.651999,7.268400,7.080579,12.916362,21.111458,5.439084,
0.786862,0.738518,1.665554,9.066961,3.608689,14.853483,7.268400,7.080579,12.916362,21.111458,5.439084,
0.786862,0.738518,1.665554,9.066961,3.608689,14.853483,7.268400,7.080579,12.916362,21.111458,9.579940,
0.786862,0.738518,1.665554,8.059450,3.608689,12.592525,7.268400,7.080579,11.467760,21.111458,9.579940,
0.786862,0.738518,1.581239,8.917197,3.608689,12.592525,6.759894,7.080579,11.467760,19.135048,9.579940,
0.786862,0.738518,1.581239,8.917197,3.608689,12.179317,6.759894,7.080579,12.420668,19.135048,9.579940,
0.786862,0.738518,1.581239,8.917197,3.608689,12.179317,6.759894,7.080579,8.283745,19.135048,10.156835,
0.786862,0.738518,1.581239,8.917197,3.608689,12.179317,6.759894,7.080579,12.780040,19.135048,9.371684,
0.786862,0.738518,1.581239,7.365433,3.083305,12.179317,6.759894,7.080579,12.780040,19.135048,9.371684,
0.786862,0.738518,1.581239,7.365433,3.083305,8.875451,6.759894,7.080579,12.780040,20.851393,9.371684,
0.786862,0.738518,1.581239,4.273379,3.083305,8.875451,6.759894,7.080579,7.918778,20.915234,9.323942,
0.786862,0.738518,1.581239,5.696695,3.083305,8.875451,6.759894,7.080579,7.918778,20.915234,9.323942,
0.786862,0.738518,1.581239,5.696695,3.083305,8.875451,6.759894,7.080579,12.485842,20.915234,9.323942,
0.786862,0.738518,1.581239,5.696695,3.083305,9.485838,6.759894,7.080579,8.859283,16.072075,9.323942,
0.786862,0.738518,1.581239,5.696695,3.083305,9.485838,6.759894,7.080579,8.859283,21.254069,9.323942,
0.786862,0.738518,1.581239,6.597849,3.083305,9.485838,6.028465,7.080579,12.253468,21.254069,9.323942,
0.786862,0.738518,1.581239,5.591670,3.083305,11.612034,6.028465,7.080579,6.796420,21.254069,9.323942,
0.786862,0.738518,1.581239,6.315563,3.083305,10.965201,6.028465,7.080579,6.796420,21.254069,9.323942,
0.786862,0.738518,1.581239,6.315563,3.083305,10.965201,6.028465,7.080579,6.796420,21.254069,9.323942,
0.786862,0.738518,1.581239,6.315563,3.083305,10.965201,6.028465,7.080579,6.796420,21.254069,9.323942,
0.786862,0.738518,1.581239,6.315563,3.083305,10.965201,6.028465,7.080579,6.796420,23.748500,9.323942,
0.786862,0.738518,1.581239,6.136698,3.083305,10.965201,6.028465,7.080579,7.042301,23.442236,9.323942,
0.786862,0.738518,1.581239,6.873782,3.083305,10.965201,6.028465,7.080579,7.042301,23.442236,9.323942,
0.786862,0.738518,1.581239,3.555167,3.083305,10.965201,6.028465,7.080579,7.042301,19.384461,9.323942,
0.786862,0.738518,1.581239,8.581135,3.083305,12.587626,6.028465,7.080579,7.042301,19.384461,9.323942,
0.786862,0.738518,1.581239,8.581135,3.083305,12.587626,6.028465,7.080579,7.042301,19.384461,9.323942,
0.786862,0.738518,1.581239,5.875590,3.083305,11.172485,6.028465,7.080579,7.042301,19.384461,9.323942,
0.786862,0.738518,1.581239,6.109347,3.083305,13.151552,6.028465,7.080579,7.042301,19.384461,9.323942,
0.786862,0.738518,1.581239,6.109347,3.083305,13.151552,6.028465,7.080579,7.042301,19.384461,9.323942,
0.786862,0.738518,1.581239,6.109347,3.083305,11.485627,6.028465,7.080579,7.042301,18.943051,9.323942,
0.786862,0.738518,1.983056,9.614763,3.083305,5.938146,6.028465,7.080579,5.322023,18.943051,8.890996,
0.786862,0.738518,1.983056,9.614763,3.083305,5.938146,6.028465,7.080579,6.176851,16.688800,9.835877,
0.786862,0.738518,1.983056,9.614763,3.083305,7.019675,4.635144,7.080579,8.504051,13.244402,6.940383,
0.786862,0.738518,1.983056,9.614763,3.083305,10.026122,4.635144,7.080579,6.584432,13.714337,6.940383,
0.786862,0.738518,1.983056,7.544903,3.083305,10.026122,4.635144,7.080579,6.584432,14.299807,6.940383,
0.786862,0.738518,1.983056,7.544903,3.083305,7.906091,4.635144,7.080579,7.300789,14.299807,6.940383,
0.786862,0.738518,1.850179,15.951625,3.083305,4.702225,4.635144,7.080579,7.300789,14.299807,7.214731,
0.786862,0.738518,1.850179,15.951625,3.083305,4.702225,4.635144,7.080579,9.946983,14.299807,7.214731,
0.786862,0.738518,1.850179,14.773932,3.083305,4.193336,4.635144,7.080579,9.946983,14.299807,7.214731,
0.786862,0.738518,1.850179,14.773932,3.083305,4.193336,4.635144,7.080579,5.227230,14.299807,7.214731,
0.786862,0.738518,1.850179,14.773932,3.083305,2.580274,4.635144,7.080579,4.652962,14.299807,4.794851,
0.786862,0.738518,1.850179,13.404310,3.083305,10.578631,4.635144,7.080579,6.356218,14.299807,10.846553,
0.786862,0.738518,1.850179,11.050213,3.083305,10.578631,4.635144,7.080579,13.131914,14.299807,10.846553,
0.786862,0.732393,1.850179,7.886797,3.083305,3.490857,4.635144,7.080579,13.131914,14.299807,10.846553,
0.786862,0.732393,1.850179,7.886797,3.083305,3.490857,4.635144,7.311700,12.040057,14.299807,10.846553,
0.786862,0.732393,1.850179,5.274103,3.083305,3.490857,4.635144,7.311700,12.040057,14.299807,10.846553,
0.786862,0.732393,1.850179,5.274103,3.083305,3.490857,4.635144,7.311700,12.040057,14.299807,10.846553,
0.786862,0.732393,1.850179,5.274103,3.083305,4.374604,4.635144,7.311700,12.040057,14.299807,10.846553,
0.786862,0.732393,1.850179,5.274103,3.083305,4.374604,4.635144,7.311700,6.512393,14.299807,10.846553,
0.786862,0.732393,1.850179,6.319040,3.083305,4.374604,4.635144,7.311700,6.512393,12.856861,10.846553,
0.786862,0.732393,1.850179,4.331080,3.083305,4.374604,4.635144,7.311700,7.373587,12.856861,10.846553,
0.786862,0.732393,1.850179,4.331080,3.083305,7.133251,4.635144,7.311700,11.860757,14.477296,10.846553,
0.786862,0.732393,1.850179,4.331080,3.083305,9.077782,4.635144,7.311700,6.528981,14.477296,10.846553,
0.786862,0.905266,1.850179,4.331080,3.083305,9.077782,4.635144,7.311700,6.528981,14.477296,9.945043,
0.786862,0.905266,1.850179,3.871616,3.083305,4.769618,4.635144,7.311700,6.528981,14.477296,9.945043,
0.786862,0.905266,1.850179,3.871616,3.083305,4.769618,4.635144,7.311700,6.528981,14.477296,9.945043,
0.786862,0.905266,1.850179,3.871616,3.083305,4.769618,4.635144,7.311700,6.528981,14.477296,8.053775,
0.786862,0.905266,1.850179,3.871616,3.083305,4.769618,4.635144,7.311700,6.528981,14.477296,10.635553,
0.786862,0.905266,1.850179,3.871616,3.083305,4.769618,4.635144,7.311700,6.528981,14.477296,10.635553,
0.786862,0.905266,1.850179,3.871616,3.083305,4.769618,4.635144,7.311700,6.528981,14.477296,10.635553,
0.786862,0.905266,1.850179,3.871616,3.083305,4.769618,4.635144,7.311700,6.528981,14.477296,10.635553,
0.786862,0.905266,1.850179,3.740972,3.083305,4.769618,4.635144,7.311700,3.320684,14.477296,4.919089,
0.786862,0.905266,1.850179,4.707869,3.083305,4.769618,4.635144,7.311700,6.473440,14.477296,7.123672,
0.786862,0.905266,1.850179,4.707869,3.083305,5.584677,4.635144,7.311700,6.752522,14.477296,7.123672,
0.786862,0.905266,1.850179,4.707869,3.083305,5.584677,4.635144,7.311700,3.466922,14.477296,7.123672,
0.786862,0.905266,1.850179,4.707869,3.083305,4.502939,4.635144,7.311700,9.174724,14.477296,7.123672,
0.786862,0.905266,1.669200,4.707869,3.083305,4.502939,4.635144,7.311700,9.174724,14.477296,7.123672,
0.786862,0.905266,1.669200,3.252790,3.083305,4.502939,4.635144,7.652455,12.976231,13.903200,7.123672,
0.786862,0.905266,1.669200,3.252790,3.083305,4.502939,4.635144,7.652455,12.702034,13.903200,9.134678,
0.786862,0.905266,1.669200,3.252790,3.083305,4.502939,4.635144,7.652455,12.702034,13.903200,9.134678,
0.786862,0.905266,1.669200,3.252790,3.083305,2.780763,4.635144,7.652455,12.702034,13.500103,9.134678,
0.786862,0.905266,1.669200,3.252790,3.083305,3.243981,4.144422,7.652455,9.966884,13.500103,9.134678,
0.786862,0.905266,1.669200,3.252790,3.083305,7.953934,4.353265,7.652455,16.883346,13.500103,9.134678,
0.786862,0.905266,1.669200,3.252790,3.083305,7.953934,4.353265,7.652455,15.747045,13.500103,6.383273,
0.786862,0.963243,1.669200,3.252790,3.083305,7.953934,4.353265,7.652455,9.302849,13.500103,10.423569,
0.786862,0.963243,1.669200,3.252790,3.083305,7.807556,4.353265,7.652455,3.837809,13.500103,10.423569,
0.786862,0.963243,1.669200,2.823809,3.083305,7.807556,4.353265,7.652455,3.837809,13.500103,10.423569,
0.786862,0.963243,1.669200,2.823809,3.672192,9.097592,4.353265,7.652455,3.837809,13.500103,10.035357,
0.786862,0.963243,1.669200,2.823809,3.672192,9.097592,4.353265,7.652455,3.837809,12.191339,10.035357,
0.786862,0.963243,1.499934,2.823809,3.672192,5.914588,4.353265,7.652455,3.540469,15.535890,4.572391,
0.786862,0.963243,1.499934,2.823809,3.672192,5.914588,5.333259,7.652455,6.330727,15.535890,4.572391,
0.786862,0.963243,1.499934,2.823809,3.672192,2.680578,5.333259,7.634282,9.419140,15.535890,6.229335,
0.786862,0.963243,1.499934,2.823809,3.672192,2.800943,5.333259,7.634282,8.928227,16.805150,6.229335,
0.786862,0.963243,1.499934,2.823809,3.672192,2.800943,4.667262,7.634282,8.928227,16.220366,8.839314,
0.786862,0.963243,1.499934,2.823809,3.672192,2.800943,4.667262,7.634282,11.412661,16.220366,8.839314,
0.786862,0.963243,1.499934,2.823809,3.672192,2.800943,4.667262,7.634282,11.412661,16.220366,7.461832,
0.786862,0.963243,1.499934,2.823809,3.672192,3.348573,6.211870,7.634282,6.418692,16.220366,10.696975,
0.786862,0.963243,1.499934,2.823809,3.672192,3.481141,5.915803,6.735849,6.418692,16.220366,10.696975,
0.786862,0.963243,1.499934,2.823809,3.672192,3.481141,5.915803,6.735849,13.947291,16.220366,10.696975,
0.786862,0.963243,1.499934,2.823809,3.672192,3.481141,5.915803,6.735849,11.976146,16.220366,10.696975,
0.786862,0.963243,1.499934,2.823809,3.672192,3.806396,5.915803,6.735849,9.527411,16.220366,10.696975,
0.786862,0.963243,1.499934,2.993923,3.672192,5.759273,5.915803,6.735849,5.931108,16.220366,10.696975,
0.786862,0.963243,1.555705,2.993923,3.672192,5.759273,5.915803,6.735849,5.931108,16.220366,13.101527,
0.786862,0.963243,1.555705,2.993923,3.672192,5.759273,5.915803,6.735849,6.292464,16.220366,13.101527,
0.777627,0.963243,1.555705,2.993923,3.672192,5.759273,5.915803,6.735849,6.292464,16.220366,13.101527,
0.777627,0.963243,1.555705,2.993923,3.672192,5.759273,5.915803,6.735849,5.454761,16.220366,13.101527,
0.777627,0.963243,1.555705,2.993923,3.672192,5.759273,5.915803,6.735849,5.454761,16.220366,13.101527,
0.777627,0.963243,1.555705,2.993923,3.672192,5.759273,5.915803,6.735849,5.454761,16.220366,13.101527,
0.777627,0.963243,1.555705,3.668780,3.672192,5.759273,5.915803,6.735849,4.070219,16.220366,13.101527,
0.777627,0.963243,1.555705,2.848647,3.672192,5.759273,5.915803,6.735849,4.070219,16.220366,13.101527,
0.777627,0.963243,1.555705,2.848647,3.672192,5.759273,5.915803,6.735849,4.070219,16.220366,13.101527,
0.777627,0.963243,1.555705,2.848647,3.672192,5.759273,5.915803,6.735849,4.070219,16.220366,13.101527,
0.777627,0.963243,1.555705,2.848647,3.672192,5.759273,5.915803,6.735849,4.070219,17.422868,13.101527,
0.777627,0.963243,1.555705,2.848647,3.672192,5.759273,5.915803,6.735849,3.279611,17.422868,13.101527,
0.777627,0.963243,1.555705,2.848647,3.672192,5.174431,5.915803,6.735849,7.192180,17.422868,9.729235,
0.777627,0.963243,1.555705,2.857451,3.770724,7.439677,5.140020,6.735849,7.192180,17.422868,11.937010,
0.777627,0.963243,1.555705,2.857451,3.770724,7.439677,5.555337,6.735849,7.192180,18.272388,8.688944,
0.777627,0.963243,1.555705,2.846849,3.770724,6.800565,5.555337,6.735849,10.415113,18.272388,14.130350,
0.777627,0.963243,1.555705,2.846849,3.770724,6.800565,6.567654,6.735849,10.415113,16.550993,14.130350,
0.777627,0.963243,1.555705,2.846849,3.770724,10.984420,6.567654,6.735849,10.415113,16.550993,14.130350,
0.777627,0.963243,1.555705,2.846849,3.770724,9.148929,6.567654,6.735849,8.418563,16.550993,14.130350,
0.777627,0.963243,1.555705,2.846849,3.770724,7.782522,6.567654,6.735849,8.418563,16.550993,15.382695,
0.777627,0.963243,1.555705,2.846849,3.459868,7.782522,5.165602,6.735849,8.418563,16.826162,15.382695,
0.777627,0.963243,1.555705,4.209795,3.459868,7.782522,5.165602,6.946867,8.418563,13.116426,12.384251,
0.777627,0.963243,1.555705,5.660336,3.459868,2.657227,5.165602,6.946867,8.418563,13.116426,12.384251,
0.777627,0.963243,1.555705,5.660336,3.459868,7.611646,5.165602,6.946867,8.418563,13.116426,13.741933,
0.777627,0.963243,1.555705,5.660336,3.459868,7.611646,5.165602,6.946867,14.012011,13.116426,13.667388,
0.777627,0.963243,1.555705,5.660336,3.459868,9.933352,5.165602,6.946867,14.012011,13.116426,13.667388,
0.777627,0.963243,1.555705,5.660336,3.459868,9.933352,5.165602,6.946867,14.012011,13.116426,13.667388,
0.777627,0.963243,1.555705,5.660336,3.459868,9.174931,5.165602,6.946867,14.012011,13.116426,12.634384,
0.777627,0.963243,1.555705,5.660336,3.459868,9.174931,5.165602,6.946867,14.012011,13.116426,12.634384,
0.777627,0.963243,1.555705,6.509125,3.459868,9.174931,5.165602,6.946867,14.012011,13.116426,9.274713,
0.777627,0.963243,1.555705,6.509125,3.459868,9.174931,5.165602,6.946867,13.445349,13.116426,9.274713,
0.777627,0.963243,1.555705,6.509125,3.459868,9.174931,5.165602,6.946867,13.445349,13.116426,9.274713,
0.777627,0.963243,1.555705,6.509125,3.459868,9.174931,5.165602,6.946867,13.445349,13.116426,9.274713,
0.777627,0.963243,1.555705,6.509125,3.459868,9.174931,5.165602,6.946867,13.445349,13.116426,9.274713,
0.777627,0.963243,1.555705,4.249154,3.459868,12.636393,5.165602,6.946867,13.445349,16.540955,9.274713,
0.777627,0.963243,1.555705,4.249154,3.459868,12.636393,5.165602,6.946867,13.445349,16.540955,9.274713,
0.777627,0.963243,1.555705,4.249154,3.459868,12.636393,5.165602,6.946867,13.445349,16.540955,9.274713,
0.777627,0.963243,1.555705,4.249154,3.459868,12.636393,5.165602,6.946867,13.445349,16.540955,9.274713,
0.777627,0.963243,1.555705,4.249154,3.459868,12.636393,4.797919,6.946867,11.241023,16.540955,9.274713,
0.777627,0.963243,1.555705,5.003893,3.459868,12.636393,4.797919,6.946867,9.769568,16.540955,7.883554,
0.777627,0.963243,1.555705,5.003893,3.459868,14.522281,3.995821,6.946867,9.769568,16.540955,7.883554,
0.777627,0.963243,1.555705,5.003893,3.459868,14.522281,6.491119,6.946867,9.769568,20.952486,7.883554,
0.777627,0.963243,1.555705,5.003893,3.415746,9.382296,6.491119,6.946867,9.769568,20.952486,7.883554,
0.777627,0.963243,1.555705,5.003893,3.415746,9.382296,6.756398,6.946867,9.769568,20.952486,7.502599,
0.777627,0.963243,1.555705,5.003893,3.415746,9.382296,6.756398,6.946867,9.769568,20.952486,7.502599,
0.777627,0.963243,1.555705,5.003893,3.415746,9.382296,6.756398,6.946867,9.769568,22.259126,7.502599,
0.777627,0.963243,1.555705,5.204938,3.415746,9.382296,6.756398,6.946867,9.769568,22.259126,7.502599,
0.777627,0.963243,1.555705,5.204938,3.415746,9.382296,5.848218,6.946867,9.769568,20.543235,10.316270,
0.777627,0.707796,1.555705,7.976827,3.415746,12.489557,5.848218,6.946867,9.769568,18.353085,11.389495,
0.777627,0.707796,1.555705,7.976827,3.415746,13.670215,5.848218,7.441932,10.113957,18.353085,11.389495,
0.777627,0.707796,1.555705,11.763034,3.415746,8.805216,5.848218,7.441932,8.306254,18.353085,11.389495,
0.777627,0.707796,1.555705,11.763034,3.415746,9.982401,5.848218,7.441932,8.306254,18.353085,11.389495,
0.777627,0.707796,1.555705,11.763034,3.415746,8.814822,5.848218,7.441932,8.306254,19.658023,11.389495,
0.777627,0.707796,1.555705,10.726334,3.415746,8.814822,5.848218,7.441932,8.306254,19.658023,11.389495,
0.777627,0.707796,1.555705,10.726334,3.415746,7.159170,5.848218,7.441932,10.520296,19.658023,9.348287,
0.777627,0.707796,1.555705,10.726334,3.415746,2.787308,5.848218,7.441932,10.520296,19.658023,9.348287,
0.777627,0.707796,1.555705,11.548358,3.415746,2.186438,5.848218,6.844683,5.216022,16.932772,9.348287,
0.777627,0.707796,1.555705,12.190636,3.415746,3.429679,5.848218,7.529452,5.216022,16.932772,9.348287,
0.777627,0.707796,1.555705,12.190636,3.415746,6.395085,5.848218,7.529452,4.394425,16.932772,9.348287,
0.777627,0.707796,1.555705,12.190636,3.415746,6.395085,5.848218,7.529452,4.394425,19.867487,9.348287,
0.777627,0.707796,1.555705,13.379379,3.964615,6.156616,6.573824,7.529452,4.394425,17.781696,9.348287,
0.777627,0.707796,1.555705,9.665561,3.964615,12.971105,6.573824,7.529452,4.394425,17.781696,9.348287,
0.777627,0.707796,1.555705,9.665561,3.964615,14.152828,6.573824,7.529452,3.234672,17.781696,6.270198,
0.777627,0.707796,1.555705,9.665561,3.964615,10.215780,6.535238,7.529452,3.234672,25.563655,6.270198,
0.777627,0.707796,1.555705,10.908086,3.964615,11.427123,6.516016,7.529452,3.234672,25.563655,6.270198,
0.777627,0.707796,1.555705,8.239322,3.964615,8.913497,6.405736,7.529452,3.234672,25.563655,6.270198,
0.777627,0.707796,1.555705,6.008565,3.964615,6.200331,7.728304,7.529452,3.234672,25.563655,6.270198,
0.777627,0.707796,1.555705,4.658669,3.964615,5.177215,7.728304,7.529452,3.234672,28.973736,2.241239,
0.777627,0.707796,1.555705,4.658669,3.964615,5.177215,7.728304,7.529452,3.443150,33.539929,2.241239,
0.777627,0.707796,1.555705,4.658669,3.964615,2.121803,7.728304,7.529452,3.443150,33.539929,2.241239,
0.777627,0.707796,1.555705,4.658669,3.964615,1.512686,7.728304,7.529452,3.865045,33.539929,2.241239,
0.777627,0.707796,1.555705,4.658669,3.964615,1.512686,7.728304,7.529452,3.865045,35.924441,2.076552,
0.777627,0.707796,1.555705,4.658669,3.964615,1.512686,7.728304,7.529452,3.865045,35.924441,2.076552,
0.777627,0.707796,1.555705,4.658669,3.964615,1.512686,7.792863,7.529452,3.865045,35.924441,4.955855,
0.777627,0.707796,1.555705,6.643880,3.964615,1.512686,7.792863,7.529452,3.865045,35.924441,4.955855,
0.777627,0.707796,1.555705,6.643880,3.964615,1.512686,7.792863,7.529452,3.865045,35.924441,4.955855,
0.777627,0.707796,1.555705,6.643880,3.964615,1.129145,7.792863,7.529452,5.373347,35.924441,4.955855,
0.777627,0.707796,1.555705,10.367016,3.964615,1.129145,7.792863,7.529452,5.373347,35.924441,4.955855,
0.777627,0.707796,1.555705,10.367016,3.964615,2.031485,7.792863,7.529452,5.373347,32.216563,4.955855,
0.777627,0.707796,1.555705,11.659009,3.964615,2.031485,7.792863,7.233497,3.812102,27.377070,4.955855,
0.777627,0.707796,1.555705,11.659009,3.964615,2.031485,7.792863,7.233497,3.812102,27.377070,4.955855,
0.777627,0.707796,1.555705,11.659009,3.964615,2.031485,7.792863,7.233497,7.677811,27.377070,4.955855,
0.777627,0.707796,1.555705,11.659009,3.964615,2.031485,7.792863,7.233497,7.677811,27.377070,4.955855,
0.777627,0.707796,1.555705,7.086764,3.964615,3.164540,7.792863,7.445635,3.868555,27.377070,4.955855,
0.777627,0.707796,1.555705,7.086764,3.636720,2.200278,7.792863,7.445635,2.770480,30.185442,4.955855,
0.777627,0.707796,1.555705,7.086764,3.636720,3.881171,7.792863,7.445635,3.948826,30.185442,4.414363,
0.777627,0.707796,1.555705,7.086764,3.636720,3.562214,7.478447,7.445635,2.310515,30.185442,4.414363,
0.777627,0.707796,1.555705,7.086764,3.636720,1.933078,7.478447,7.445635,2.310515,29.103725,4.414363,
0.777627,0.707796,1.555705,7.086764,3.636720,1.933078,7.478447,7.445635,2.310515,29.103725,4.414363,
0.777627,0.707796,1.555705,8.115567,3.636720,4.876807,7.478447,7.445635,8.349016,29.103725,4.414363,
0.777627,0.707796,1.555705,15.145278,3.636720,4.876807,7.478447,7.445635,12.288585,29.103725,4.414363,
0.777627,0.707796,1.555705,15.145278,3.636720,4.876807,7.478447,7.445635,9.017866,28.230164,4.414363,
0.777627,0.707796,1.555705,15.145278,3.636720,4.876807,7.478447,7.445635,9.017866,25.543874,4.414363,
0.777627,0.707796,1.555705,15.145278,3.636720,4.876807,7.478447,7.445635,6.410801,25.543874,4.414363,
0.777627,0.707796,1.555705,15.145278,3.636720,11.951767,7.478447,7.445635,5.805897,26.834546,4.454324,
0.777627,0.707796,1.555705,11.273325,3.636720,11.951767,7.478447,7.445635,5.805897,26.834546,5.008125,
0.777627,0.707796,1.555705,11.273325,3.636720,11.951767,7.478447,7.445635,12.276559,34.594660,5.354581,
0.777627,0.707796,1.555705,11.273325,3.417588,11.951767,7.478447,7.445635,12.276559,34.594660,5.354581,
0.777627,0.707796,1.555705,11.273325,3.417588,11.951767,7.478447,7.445635,8.685218,34.594660,5.354581,
0.777627,0.707796,1.555705,13.402938,3.417588,11.951767,7.478447,7.445635,8.685218,34.594660,5.354581,
0.777627,0.707796,1.555705,6.450865,3.417588,9.692104,7.478447,7.445635,8.685218,34.594660,5.354581,
0.777627,0.707796,1.555705,6.450865,4.238555,9.692104,8.004667,7.445635,6.946064,32.445458,5.354581,
0.777627,0.707796,1.555705,6.450865,4.238555,9.182235,8.282817,7.445635,4.332188,32.873617,5.354581,
0.777627,0.707796,1.451833,6.450865,4.238555,6.750783,8.282817,7.445635,4.332188,26.470373,5.906784,
0.777627,0.707796,1.451833,6.450865,4.238555,6.750783,8.282817,7.445635,4.332188,26.470373,5.906784,
0.777627,0.707796,1.451833,4.907759,4.238555,9.087903,8.282817,7.445635,4.332188,26.470373,8.117724,
0.777627,0.707796,1.451833,11.110628,4.238555,9.087903,8.282817,7.445635,4.332188,26.470373,8.117724,
0.777627,0.707796,1.451833,8.628747,4.238555,5.133795,8.282817,7.445635,8.510967,21.118970,8.117724,
0.777627,0.707796,1.451833,11.589322,4.238555,5.133795,8.282817,7.445635,8.510967,21.118970,8.117724,
0.777627,0.707796,1.451833,11.589322,4.238555,5.133795,8.282817,7.445635,9.836629,21.118970,8.117724,
0.777627,0.707796,1.451833,11.589322,4.238555,5.133795,8.282817,7.445635,9.836629,21.118970,8.117724,
0.777627,0.707796,1.451833,11.589322,4.238555,5.133795,8.282817,7.445635,9.836629,21.118970,8.117724,
0.777627,0.707796,1.451833,11.589322,4.238555,5.133795,8.282817,7.445635,9.836629,21.118970,8.117724,
0.777627,0.707796,1.451833,11.589322,4.238555,5.133795,8.282817,7.445635,9.836629,21.118970,8.117724,
0.777627,0.707796,1.451833,11.589322,4.238555,5.133795,8.282817,7.445635,9.836629,21.118970,9.285046,
0.777627,0.707796,1.451833,9.782127,4.238555,8.970377,8.282817,7.445635,5.358699,21.118970,9.285046,
0.777627,0.707796,1.451833,9.782127,4.238555,8.970377,8.282817,7.445635,5.358699,22.177939,9.285046,
0.777627,0.707796,1.451833,7.637550,4.238555,8.970377,8.282817,7.445635,5.358699,22.177939,9.285046,
0.777627,0.707796,1.451833,6.055412,4.238555,4.171087,6.281960,7.445635,5.358699,18.310561,7.671879,
0.777627,0.707796,1.451833,6.055412,4.238555,4.171087,6.281960,7.445635,5.358699,18.310561,7.671879,
0.777627,0.707796,1.451833,6.055412,4.238555,7.861395,6.281960,7.445635,5.358699,18.310561,10.048442,
0.777627,0.707796,1.451833,6.055412,4.238555,7.861395,6.281960,7.445635,3.373880,18.310561,10.048442,
0.777627,0.707796,1.451833,6.055412,4.238555,9.638824,6.281960,7.445635,3.373880,18.310561,6.848448,
0.777627,0.707796,1.456490,6.055412,4.238555,3.141016,6.281960,7.445635,3.373880,19.563665,6.133006,
0.777627,0.707796,1.456490,6.055412,3.939084,3.141016,6.281960,7.445635,9.039027,19.563665,6.848364,
0.777627,0.707796,1.456490,6.876535,3.939084,6.031480,6.281960,7.445635,6.378949,19.563665,6.848364,
0.777627,0.707796,1.456490,4.035545,3.939084,7.441257,6.281960,7.445635,6.378949,21.758399,6.053640,
0.777627,0.707796,1.456490,4.035545,3.939084,7.441257,6.281960,7.445635,6.378949,21.758399,6.053640,
0.777627,0.707796,1.456490,5.744132,3.939084,5.904133,6.281960,7.700719,9.221007,22.646693,6.053640,
0.777627,0.707796,1.456490,5.744132,3.939084,5.904133,6.281960,7.700719,6.098428,27.753902,7.336155,
0.777627,0.707796,1.456490,5.744132,3.939084,10.382689,6.281960,7.700719,3.011507,27.753902,2.606110,
0.813760,0.707796,1.456490,5.744132,4.313693,10.382689,6.281960,7.700719,3.132081,27.753902,4.910917,
0.813760,0.707796,1.456490,5.744132,4.313693,10.382689,7.717069,7.700719,3.132081,25.318978,4.660237,
0.813760,0.707796,1.456490,7.351123,4.313693,10.382689,7.717069,7.700719,3.132081,25.318978,4.660237,
0.813760,0.707796,1.456490,7.351123,4.313693,10.382689,7.717069,7.700719,3.132081,25.318978,4.660237,
0.813760,0.707796,1.456490,7.351123,4.313693,10.382689,7.717069,7.700719,6.512573,25.318978,4.660237,
0.813760,0.707796,1.456490,7.351123,4.313693,10.382689,7.347399,7.700719,6.512573,25.318978,4.660237,
0.813760,0.707796,1.456490,8.693468,4.313693,10.382689,7.158782,7.700719,2.697321,21.991392,6.097992,
0.813760,0.707796,1.456490,9.909370,4.313693,10.382689,7.158782,7.700719,4.814214,27.279647,3.350687,
0.813760,0.707796,1.456490,9.909370,4.313693,10.382689,7.158782,7.700719,4.814214,27.279647,3.244255,
0.813760,0.707796,1.456490,9.909370,4.313693,5.139953,7.158782,7.700719,4.814214,26.538405,3.244255,
0.813760,0.707796,1.320641,9.909370,4.658736,5.852199,7.600467,7.700719,4.814214,26.538405,3.244255,
0.813760,0.707796,1.320641,9.909370,4.658736,5.852199,7.600467,7.700719,4.814214,26.538405,3.244255,
0.813760,0.707796,1.320641,9.909370,4.658736,5.852199,7.600467,7.700719,4.814214,22.170268,3.244255,
0.813760,0.707796,1.320641,9.909370,4.658736,11.810071,7.600467,7.700719,4.814214,22.170268,3.244255,
0.813760,0.707796,1.320641,5.774453,4.658736,11.810071,5.279475,7.700719,4.088042,18.240143,3.608142,
0.813760,0.707796,1.320641,5.774453,4.658736,11.810071,5.279475,7.700719,3.243839,18.240143,2.913801,
0.813760,0.707796,1.320641,5.968000,4.658736,11.810071,5.279475,7.700719,8.138210,18.240143,4.386232,
0.813760,0.707796,1.320641,5.968000,4.658736,4.487431,5.279475,7.700719,8.138210,18.240143,4.386232,
0.813760,0.707796,1.320641,7.499477,4.658736,4.487431,5.279475,7.700719,8.138210,18.240143,4.386232,
0.813760,0.707796,1.320641,7.499477,4.658736,4.487431,5.279475,7.700719,8.138210,18.240143,4.386232,
0.813760,0.707796,1.320641,7.499477,4.658736,4.487431,5.279475,7.700719,8.138210,19.912555,4.386232,
0.813760,0.707796,1.320641,7.499477,5.006107,4.487431,5.279475,7.700719,8.138210,19.912555,2.577738,
0.813760,0.707796,1.320641,9.086103,5.006107,6.152991,5.279475,7.700719,8.453702,19.912555,3.045884,
0.813760,0.707796,1.320641,6.049999,5.006107,6.152991,4.022473,7.700719,8.453702,19.912555,3.045884,
0.813760,0.707796,1.320641,6.049999,5.006107,6.152991,4.975205,7.700719,8.453702,19.912555,3.045884,
0.813760,0.707796,1.320641,6.049999,5.006107,6.152991,4.771568,7.700719,8.453702,19.912555,3.741773,
0.813760,0.707796,1.320641,6.049999,5.006107,6.152991,4.771568,7.700719,7.628001,20.355926,3.741773,
0.813760,0.707796,1.320641,6.049999,5.006107,5.819045,4.771568,7.700719,7.628001,20.355926,3.741773,
0.791083,0.969174,1.320641,6.049999,5.006107,5.819045,4.771568,7.700719,7.628001,20.355926,3.741773,
0.791083,0.969174,1.320641,6.049999,5.006107,4.877540,4.771568,7.700719,7.628001,20.355926,4.461345,
0.791083,0.969174,1.320641,6.049999,5.006107,8.952644,4.771568,7.700719,7.628001,20.355926,4.461345,
0.791083,0.801251,1.320641,6.049999,5.006107,9.565504,4.771568,7.700719,9.813626,20.355926,4.163609,
0.791083,0.801251,1.320641,6.049999,5.006107,9.565504,4.771568,7.700719,9.218987,18.895933,4.163609,
0.791083,0.801251,1.320641,6.131323,5.006107,9.565504,4.182518,7.700719,9.218987,18.895933,4.163609,
0.791083,0.801251,1.320641,6.131323,5.006107,9.565504,4.182518,7.700719,9.218987,19.467245,4.163609,
0.791083,0.801251,1.320641,3.818678,5.006107,5.675289,6.254150,7.700719,9.218987,19.467245,7.044985,
0.791083,0.801251,1.320641,3.818678,5.006107,9.475044,6.632754,7.700719,9.218987,19.467245,7.044985,
0.791083,0.801251,1.320641,3.818678,5.006107,9.475044,6.632754,7.700719,9.218987,19.467245,7.044985,
0.749677,0.801251,1.320641,3.818678,5.006107,13.434589,6.632754,7.700719,9.218987,19.467245,7.044985,
0.749677,0.801251,1.320641,3.818678,5.006107,19.115186,6.632754,7.700719,7.822549,18.919914,7.044985,
0.749677,0.801251,1.320641,3.818678,5.006107,19.115186,6.632754,7.700719,7.822549,22.856605,7.044985,
0.749677,0.801251,1.320641,4.409357,4.037926,19.115186,6.632754,7.205606,7.822549,21.406256,7.322725,
0.749677,0.801251,1.320641,4.409357,4.037926,21.798619,6.632754,7.205606,12.219054,21.406256,11.646381,
0.749677,0.801251,1.320641,4.409357,4.037926,21.798619,6.632754,7.205606,13.571899,20.567097,13.303559,
0.749677,0.801251,1.387186,4.409357,4.037926,13.559361,6.632754,7.205606,13.571899,20.567097,13.303559,
0.749677,0.801251,1.387186,4.409357,4.037926,13.559361,6.632754,7.205606,13.571899,20.567097,13.303559,
0.749677,0.801251,1.387186,4.409357,4.037926,13.559361,7.113847,7.205606,13.571899,19.783556,13.303559,
0.749677,0.801251,1.387186,5.359778,4.037926,8.959123,7.113847,7.205606,16.465701,19.783556,13.303559,
0.749677,0.801251,1.387186,5.359778,4.037926,7.806249,5.811974,7.205606,17.502644,19.783556,8.972477,
0.749677,0.801251,1.387186,5.359778,4.037926,7.806249,5.811974,7.205606,17.502644,19.783556,8.972477,
0.749677,0.801251,1.387186,5.359778,4.037926,7.332187,5.811974,7.205606,17.752785,19.783556,8.972477,
0.749677,0.801251,1.387186,5.359778,4.037926,7.332187,5.811974,7.205606,17.752785,17.585153,8.972477,
0.749677,0.801251,1.387186,6.567591,4.037926,6.058419,5.965312,7.205606,17.685774,17.585153,8.972477,
0.749677,0.801251,1.387186,6.567591,4.037926,6.058419,5.965312,7.205606,17.685774,17.585153,8.972477,
0.749677,0.801251,1.387186,6.567591,4.037926,6.058419,5.965312,7.205606,17.685774,17.585153,8.972477,
0.749677,0.801251,1.387186,6.567591,4.037926,6.058419,5.965312,7.205606,17.685774,17.585153,9.804396,
0.749677,0.801251,1.387186,4.066774,4.037926,6.058419,5.965312,7.205606,12.447037,17.585153,9.804396,
0.749677,0.801251,1.387186,4.066774,4.037926,6.292073,5.965312,7.205606,12.447037,17.585153,9.804396,
0.749677,0.801251,1.387186,4.066774,4.037926,6.114194,5.965312,7.205606,12.447037,17.442909,9.434676,
0.774864,0.801251,1.387186,4.066774,4.037926,8.687632,5.965312,7.205606,17.326292,14.175797,11.588972,
0.774864,0.801251,1.387186,4.066774,4.037926,11.476921,5.965312,7.205606,17.326292,15.326682,11.588972,
0.774864,0.801251,1.387186,3.648992,4.363214,11.476921,5.965312,7.205606,17.326292,16.278301,11.588972,
0.774864,0.801251,1.387186,3.648992,4.363214,11.476921,5.586698,7.205606,19.108683,15.271547,11.588972,
0.774864,0.801251,1.387186,6.196531,4.363214,7.745247,5.586698,7.205606,20.306859,15.271547,7.066364,
0.774864,0.801251,1.387186,6.196531,4.363214,8.850069,5.586698,7.205606,17.941656,15.271547,7.066364,
0.774864,0.801251,1.387186,6.196531,4.363214,8.850069,5.586698,7.205606,17.229161,15.271547,8.825655,
0.774864,0.801251,1.387186,3.506609,4.363214,8.850069,5.586698,7.205606,17.559642,15.271547,8.825655,
0.774864,0.801251,1.387186,3.506609,4.363214,8.850069,5.586698,7.205606,10.475937,15.271547,8.096862,
0.774864,0.801251,1.387186,9.782099,4.363214,8.657061,5.586698,7.205606,9.438248,22.487244,4.390306,
0.774864,0.801251,1.387186,9.339173,4.363214,8.657061,5.586698,7.205606,9.438248,22.735856,4.390306,
0.774864,0.801251,1.387186,9.339173,4.363214,7.619627,5.586698,7.205606,9.438248,17.619094,8.400590,
0.774864,0.758893,1.387186,11.063357,4.363214,7.619627,5.586698,7.205606,9.438248,17.619094,8.400590,
0.774864,0.758893,1.387186,11.063357,4.363214,7.619627,5.586698,7.205606,12.816110,17.619094,8.400590,
0.774864,0.758893,1.387186,11.063357,4.363214,5.384075,5.586698,7.205606,14.114962,17.619094,8.400590,
0.774864,0.758893,1.387186,11.011369,4.363214,5.384075,5.586698,7.205606,9.442725,17.619094,8.400590,
0.774864,0.758893,1.387186,11.011369,4.363214,2.712768,5.586698,7.205606,9.442725,17.619094,8.400590,
0.774864,0.758893,1.387186,11.011369,4.363214,2.712768,5.586698,7.205606,9.442725,18.839573,8.400590,
0.774864,0.758893,1.387186,11.011369,4.363214,6.028059,5.586698,7.205606,9.442725,18.839573,7.043910,
0.774864,0.758893,1.387186,11.011369,4.363214,6.028059,5.586698,7.205606,9.442725,18.839573,7.043910,
0.774864,0.758893,1.387186,11.011369,4.363214,6.028059,5.586698,7.205606,9.442725,18.839573,7.043910,
0.774864,0.758893,1.387186,8.369401,4.363214,7.184845,5.586698,7.205606,9.442725,18.839573,7.043910,
0.774864,0.758893,1.387186,8.369401,4.363214,8.930445,5.586698,7.205606,13.542617,19.153274,7.043910,
0.774864,0.758893,1.387186,8.369401,4.363214,9.033069,5.586698,7.205606,14.717199,21.331518,7.043910,
0.774864,0.758893,1.387186,5.713904,4.523313,9.033069,5.586698,7.205606,14.717199,20.677403,8.172180,
0.774864,0.758893,1.387186,5.713904,4.523313,9.156701,5.586698,7.205606,13.918993,18.051562,8.172180,
0.774864,0.758893,1.387186,5.713904,4.523313,9.156701,5.586698,7.205606,13.143965,15.571268,8.172180,
0.774864,0.758893,1.387186,5.713904,4.523313,6.052981,5.586698,7.205606,14.366759,15.571268,8.172180,
0.774864,0.758893,1.387186,5.713904,4.523313,9.559604,5.586698,7.205606,14.366759,15.571268,8.172180,
0.774864,0.758893,1.387186,5.713904,4.523313,9.559604,5.586698,7.205606,14.366759,15.571268,8.172180,
0.774864,0.758893,1.352861,5.713904,4.634181,9.559604,5.586698,7.205606,14.366759,16.296298,8.172180,
0.774864,0.758893,1.352861,5.713904,4.634181,8.485835,5.586698,7.205606,6.038522,16.296298,12.240569,
0.774864,0.758893,1.352861,6.083208,4.634181,6.267133,6.224043,7.205606,6.038522,15.805816,12.240569,
0.774864,0.758893,1.352861,6.083208,4.634181,6.267133,6.224043,7.205606,6.038522,15.805816,12.240569,
0.774864,0.758893,1.352861,6.083208,4.634181,6.267133,4.888868,6.599565,7.808181,16.480370,12.240569,
0.774864,0.758893,1.352861,6.083208,4.634181,3.561976,4.888868,6.599565,11.308606,16.480370,12.240569,
0.774864,0.758893,1.352861,6.083208,4.634181,3.561976,4.888868,6.599565,11.308606,16.480370,12.240569,
0.774864,0.758893,1.352861,9.132095,4.128760,5.276548,4.888868,6.599565,11.308606,16.480370,12.240569,
0.774864,0.758893,1.352861,4.129187,4.128760,5.276548,4.888868,6.599565,11.308606,16.480370,10.500050,
0.774864,0.758893,1.352861,4.129187,4.128760,5.276548,5.271553,6.599565,11.308606,16.480370,13.572842,
0.774864,0.758893,1.352861,8.467251,4.128760,4.888380,5.271553,6.599565,9.102648,17.011976,13.572842,
0.774864,0.758893,1.352861,14.135896,4.128760,4.888380,5.271553,6.599565,9.102648,17.011976,13.572842,
0.774864,0.758893,1.352861,14.135896,4.128760,5.756956,5.271553,6.599565,9.102648,17.011976,13.572842,
0.774864,0.758893,1.352861,14.135896,4.128760,5.756956,5.271553,6.599565,9.102648,17.011976,13.572842,
0.774864,0.758893,1.352861,10.068576,4.128760,5.756956,5.271553,6.599565,9.102648,14.223899,13.041290,
0.774864,0.758893,1.352861,10.068576,4.128760,12.417819,5.271553,6.599565,8.554664,14.223899,17.570150,
0.774864,0.758893,1.352861,10.068576,4.128760,12.417819,5.271553,6.599565,8.554664,14.223899,13.649092,
0.774864,0.758893,1.352861,10.068576,4.128760,12.417819,5.133193,6.599565,8.554664,14.223899,13.649092,
0.774864,0.758893,1.352861,10.068576,4.128760,12.417819,5.133193,6.599565,10.970250,14.223899,13.649092,
0.774864,0.758893,1.352861,10.068576,4.128760,12.417819,5.925002,6.599565,16.899755,14.223899,13.649092,
0.774864,0.758893,1.352861,10.068576,4.128760,12.826985,5.925002,6.599565,16.899755,13.996330,14.809842,
0.774864,0.758893,1.352861,12.606636,4.128760,9.461507,5.191012,6.599565,6.264756,13.996330,14.809842,
0.774864,0.758893,1.352861,15.680995,4.128760,8.669760,5.191012,6.599565,6.264756,13.996330,14.809842,
0.774864,0.758893,1.352861,15.680995,4.128760,8.669760,5.191012,6.599565,6.264756,13.996330,14.809842,
0.774864,0.758893,1.352861,14.846608,4.833743,8.669760,5.191012,6.599565,6.264756,13.996330,10.318994,
0.774864,0.758893,1.352861,14.846608,4.833743,8.669760,5.191012,6.978150,6.264756,13.996330,10.318994,
0.774864,0.758893,1.352861,14.846608,4.833743,8.669760,3.899147,6.978150,12.765178,12.751809,10.318994,
0.774864,0.758893,1.352861,11.862804,4.147283,5.535135,5.227430,6.978150,15.709743,12.751809,10.318994,
0.774864,0.758893,1.352861,11.862804,4.147283,5.535135,5.227430,6.978150,15.709743,12.751809,10.318994,
0.774864,0.758893,1.352861,11.862804,4.147283,5.535135,5.227430,6.978150,15.709743,12.751809,10.318994,
0.774864,0.758893,1.352861,7.429296,4.147283,5.535135,5.227430,6.978150,15.709743,12.751809,10.318994,
0.774864,0.758893,1.352861,7.429296,4.147283,5.535135,5.227430,6.978150,15.709743,12.751809,10.318994,
0.774864,0.758893,1.352861,7.429296,4.363117,4.815773,5.227430,6.978150,15.696671,13.733160,8.631369,
0.774864,0.758893,1.352861,7.429296,4.363117,4.815773,5.227430,6.978150,19.201698,15.403751,8.631369,
0.774864,0.758893,1.352861,12.658223,4.363117,4.815773,5.227430,6.978150,15.392222,15.403751,8.631369,
0.774864,0.758893,1.352861,6.730591,4.363117,13.160636,5.227430,6.817277,15.392222,16.322607,8.631369,
0.774864,0.758893,1.352861,6.730591,4.363117,13.160636,5.227430,6.817277,11.978869,15.850763,8.631369,
0.774864,0.758893,1.352861,11.083970,4.363117,13.160636,5.227430,6.817277,11.978869,15.850763,8.631369,
0.774864,0.758893,1.352861,11.083970,4.363117,7.765623,5.227430,6.817277,9.362267,15.850763,8.631369,
0.774864,0.758893,1.352861,10.616110,4.363117,7.765623,5.227430,6.817277,9.977902,15.850763,11.459599,
0.774864,0.758893,1.394400,11.890321,4.363117,7.765623,5.227430,6.817277,9.162625,18.111917,11.459599,
0.774864,0.698364,1.394400,9.110009,4.363117,7.765623,6.728304,6.817277,9.162625,18.111917,11.459599,
0.774864,0.698364,1.394400,9.110009,4.363117,7.765623,6.728304,6.817277,9.162625,18.111917,11.459599,
0.774864,0.698364,1.394400,9.110009,4.363117,7.765623,6.728304,6.817277,9.162625,18.111917,11.459599,
0.774864,0.698364,1.394400,9.110009,4.363117,7.765623,6.728304,6.817277,9.162625,22.580571,11.459599,
0.774864,0.698364,1.394400,9.110009,4.363117,7.765623,6.728304,6.817277,8.876312,20.439830,10.155038,
0.774864,0.698364,1.394400,9.142363,4.363117,7.765623,6.728304,6.817277,8.876312,20.439830,10.106958,
0.774864,0.698364,1.394400,8.274504,4.363117,7.765623,6.728304,6.817277,8.876312,20.439830,11.942705,
0.774864,0.698364,1.394400,8.274504,4.097511,7.765623,6.728304,6.817277,6.586182,20.439830,11.942705,
0.774864,0.698364,1.394400,8.274504,4.097511,7.765623,6.728304,6.817277,6.586182,20.439830,11.942705,
0.774864,0.698364,1.394400,8.274504,4.097511,7.765623,6.728304,6.817277,7.990221,20.439830,14.513716,
0.774864,0.698364,1.394400,8.274504,4.097511,3.951310,6.728304,6.817277,8.132981,20.000973,8.505650,
0.774864,0.698364,1.394400,16.608591,4.097511,9.571419,6.728304,6.817277,8.132981,20.000973,8.505650,
0.774864,0.698364,1.394400,14.434387,4.097511,8.768619,6.728304,6.817277,8.132981,20.000973,8.505650,
0.774864,0.698364,1.394400,14.434387,4.097511,5.995492,6.728304,6.817277,8.132981,20.000973,10.789808,
0.774864,0.698364,1.394400,14.434387,4.097511,5.995492,6.728304,6.817277,10.388938,21.854580,10.789808,
0.774864,0.698364,1.394400,14.434387,4.097511,5.995492,5.696929,6.817277,7.450856,21.854580,10.789808,
0.774864,0.698364,1.394400,14.434387,4.097511,4.218902,8.183885,6.817277,7.450856,21.854580,10.789808,
0.774864,0.698364,1.394400,14.434387,4.097511,4.218902,7.090758,6.817277,9.783806,21.852336,10.789808,
0.774864,0.698364,1.394400,8.364904,4.097511,3.329546,7.090758,6.817277,9.783806,21.852336,10.789808,
0.774864,0.698364,1.394400,5.296431,3.970379,6.842466,7.090758,6.817277,13.460882,21.852336,10.789808,
0.774864,0.698364,1.394400,5.296431,3.970379,12.901169,7.090758,6.817277,11.591294,18.668820,10.789808,
0.774864,0.698364,1.394400,5.296431,3.970379,15.277847,7.090758,6.817277,4.577879,18.668820,9.560444,
0.774864,0.698364,1.394400,5.296431,4.623007,18.009476,7.090758,6.817277,4.002371,18.668820,12.615648,
0.774864,0.698364,1.394400,5.296431,4.623007,16.008742,6.170241,6.817277,2.751664,16.719009,12.615648,
0.774864,0.698364,1.394400,5.296431,4.623007,17.482216,6.170241,6.817277,4.860441,17.856577,10.324241,
0.774864,0.698364,1.394400,5.331181,4.623007,17.482216,6.170241,6.817277,4.161827,17.856577,10.324241,
0.774864,0.698364,1.394400,5.331181,4.623007,17.482216,5.557691,6.817277,4.161827,17.960931,8.788104,
0.774864,0.698364,1.394400,5.331181,4.623007,17.482216,5.557691,6.817277,4.161827,17.960931,8.788104,
0.774864,0.698364,1.394400,5.331181,4.623007,11.235388,5.557691,6.817277,4.058318,17.960931,11.172863,
0.774864,0.698364,1.394400,5.064513,4.623007,12.326703,5.024991,6.817277,4.058318,17.228020,12.117640,
0.774864,0.698364,1.394400,5.064513,4.623007,12.326703,5.024991,6.817277,4.058318,17.228020,12.117640,
0.774864,0.698364,1.394400,10.199313,4.623007,15.791143,5.024991,6.817277,5.289294,17.228020,12.117640,
0.774864,0.698364,1.394400,10.199313,4.623007,15.791143,5.024991,6.817277,5.827124,17.314129,12.117640,
0.774864,0.698364,1.394400,6.816411,4.623007,15.791143,5.024991,6.817277,5.827124,18.415602,7.893523,
0.774864,0.698364,1.472693,6.816411,4.623007,15.791143,5.024991,6.817277,5.827124,18.415602,7.893523,
0.774864,0.698364,1.472693,6.816411,4.623007,15.791143,5.024991,6.817277,5.827124,18.415602,7.893523,
0.774864,0.698364,1.472693,6.816411,4.623007,15.791143,5.024991,6.817277,5.827124,18.415602,7.893523,
0.774864,0.698364,1.472693,6.816411,4.623007,10.783417,5.024991,6.817277,5.827124,18.415602,10.168351,
0.774864,0.698364,1.472693,9.228473,4.623007,7.989308,5.024991,6.817277,14.373022,18.415602,10.168351,
0.774864,0.698364,1.472693,9.228473,4.623007,7.989308,5.024991,6.817277,14.373022,18.490979,10.168351,
0.774864,0.698364,1.472693,9.228473,4.623007,4.470845,5.024991,6.817277,14.373022,18.490979,10.168351,
0.774864,0.698364,1.472693,9.228473,4.623007,4.470845,5.024991,6.817277,9.549298,15.321146,10.168351,
0.774864,0.698364,1.472693,9.228473,4.623007,4.470845,5.024991,6.817277,9.549298,15.321146,10.168351,
0.774864,0.698364,1.472693,10.040104,4.623007,4.112414,4.974766,6.817277,5.461776,14.284839,10.168351,
0.774864,0.698364,1.472693,13.988748,4.623007,4.112414,4.974766,6.817277,3.397742,18.891787,10.168351,
0.774864,0.698364,1.472693,13.988748,4.623007,4.112414,4.974766,6.817277,4.850072,18.223382,10.404391,
0.774864,0.698364,1.472693,13.988748,4.623007,4.112414,4.974766,7.025631,10.485731,14.463379,6.906964,
0.774864,0.698364,1.472693,13.237879,4.623007,6.424444,4.974766,7.025631,7.996963,13.521188,6.906964,
0.774864,0.698364,1.472693,9.712400,4.623007,7.290310,4.974766,7.025631,7.996963,13.521188,6.906964,
0.774864,0.698364,1.472693,9.712400,4.623007,7.290310,4.974766,7.025631,7.996963,13.521188,6.906964,
0.774864,0.698364,1.432859,15.830895,4.623007,7.290310,4.974766,7.025631,1.443173,13.813216,11.744356,
0.774864,0.698364,1.432859,15.830895,4.623007,2.104654,4.974766,7.025631,1.443173,14.167350,11.744356,
0.774864,0.698364,1.303221,14.209910,5.636469,2.104654,4.974766,7.025631,4.395899,14.167350,11.744356,
0.774864,0.698364,1.303221,14.209910,5.636469,2.104654,4.974766,7.025631,4.395899,14.167350,11.744356,
0.774864,0.698364,1.303221,10.892069,5.636469,2.104654,4.974766,7.025631,4.395899,14.167350,12.987493,
0.774864,0.698364,1.303221,10.892069,5.636469,5.641167,4.974766,7.025631,4.646232,14.167350,13.408280,
0.774864,0.698364,1.303221,6.043357,5.636469,5.641167,4.974766,7.025631,4.646232,14.167350,13.408280,
0.774864,0.698364,1.303221,8.841706,5.636469,12.905863,4.974766,7.025631,3.916409,13.823348,8.810323,
0.774864,0.698364,1.303221,8.841706,5.636469,12.905863,4.974766,7.025631,3.916409,13.823348,8.810323,
0.774864,0.698364,1.303221,8.841706,5.636469,12.905863,4.974766,7.025631,6.154542,13.823348,8.810323,
0.774864,0.698364,1.303221,8.841706,5.636469,9.087367,4.974766,7.025631,5.336954,13.823348,8.810323,
0.774864,0.698364,1.303221,8.841706,5.287656,12.463015,4.371717,7.025631,5.336954,13.823348,11.432054,
0.774864,0.698364,1.303221,7.004181,5.287656,12.463015,4.371717,7.025631,5.336954,12.285032,11.432054,
0.774864,0.698364,1.303221,7.004181,5.287656,13.608949,4.371717,7.025631,9.913338,12.753554,11.432054,
0.774864,0.698364,1.129779,7.004181,5.287656,14.671500,4.371717,7.025631,9.913338,12.753554,11.432054,
0.774864,0.698364,1.129779,7.004181,5.287656,14.671500,4.371717,7.025631,9.913338,12.753554,11.432054,
0.774864,0.698364,1.129779,5.915549,6.088819,8.908797,4.371717,7.025631,7.275335,15.329672,11.946326,
0.774864,0.698364,1.129779,5.915549,6.088819,17.127259,4.371717,7.025631,8.603700,15.329672,11.946326,
0.774864,0.698364,1.129779,5.915549,6.088819,17.127259,4.371717,7.147195,8.603700,15.329672,11.946326,
0.774864,0.698364,1.129779,5.915549,6.088819,17.127259,4.371717,7.147195,8.603700,15.329672,9.903850,
0.774864,0.698364,1.129779,5.915549,7.495615,18.359534,4.371717,7.147195,5.611808,14.604322,9.903850,
0.774864,0.698364,1.129779,4.395089,5.504137,18.428314,4.371717,7.147195,5.611808,14.604322,9.903850,
0.774864,0.698364,1.129779,4.395089,5.504137,18.428314,4.519185,7.147195,7.662917,14.604322,10.662054,
0.774864,0.698364,1.129779,9.298046,5.504137,21.383558,4.519185,7.147195,7.662917,14.604322,10.662054,
0.774864,0.698364,1.129779,9.298046,5.504137,21.383558,4.519185,7.147195,7.873510,14.604322,8.121742,
0.774864,0.698364,1.129779,6.873423,5.504137,21.383558,4.519185,7.147195,4.249943,14.604322,11.999739,
0.774864,0.698364,1.129779,6.873423,5.504137,15.640073,4.519185,6.735723,4.249943,14.604322,11.999739,
0.774864,0.698364,1.129779,6.873423,5.504137,16.345881,4.519185,6.735723,4.249943,14.604322,11.999739,
0.774864,0.698364,1.129779,6.873423,5.504137,16.345881,4.519185,6.735723,4.249943,14.604322,11.999739,
0.774864,0.698364,1.129779,6.873423,5.504137,16.345881,4.519185,6.735723,4.249943,14.604322,11.999739,
0.774864,0.698364,1.217805,6.873423,5.504137,16.345881,4.519185,6.735723,4.249943,12.363402,11.999739,
0.774864,0.698364,1.217805,6.873423,5.504137,15.595315,4.519185,6.735723,4.249943,12.363402,11.999739,
0.774864,0.698364,1.217805,6.873423,5.504137,17.274767,4.519185,6.735723,4.354803,12.363402,11.999739,
0.774864,0.698364,1.217805,4.639102,5.504137,17.274767,4.519185,6.735723,7.354705,14.020620,11.999739,
0.774864,0.698364,1.217805,4.639102,5.504137,17.274767,4.519185,6.735723,7.354705,14.020620,11.999739,
0.774864,0.698364,1.217805,4.639102,5.504137,17.274767,4.519185,6.735723,7.354705,11.936076,11.999739,
0.774864,0.698364,1.217805,6.311794,6.487542,17.274767,4.519185,6.735723,7.354705,11.936076,11.999739,
0.774864,0.698364,1.217805,6.311794,6.487542,13.489193,4.519185,6.735723,7.354705,11.936076,11.999739,
0.774864,0.698364,1.217805,6.311794,4.944883,13.489193,4.519185,6.735723,6.522348,12.005213,11.999739,
0.774864,0.698364,1.217805,9.577902,4.944883,7.805606,4.519185,6.735723,11.726985,12.005213,12.666008,
0.774864,0.698364,1.217805,9.577902,4.944883,16.383996,4.519185,6.735723,14.550673,13.193867,12.666008,
0.774864,0.698364,1.217805,9.577902,4.944883,14.678169,4.519185,6.735723,13.927899,13.193867,12.666008,
0.774864,0.698364,1.217805,9.577902,4.944883,13.469380,4.519185,6.735723,11.997915,13.193867,12.666008,
0.774864,0.698364,1.217805,15.889415,4.944883,9.231154,4.519185,6.735723,11.997915,10.411119,12.666008,
0.774864,0.698364,1.217805,15.889415,4.944883,9.231154,4.519185,6.735723,11.997915,10.411119,12.666008,
0.774864,0.698364,1.217805,15.889415,4.944883,11.263107,4.519185,6.735723,11.997915,10.411119,12.666008,
0.774864,0.698364,1.217805,15.889415,4.944883,11.263107,4.519185,6.735723,11.997915,11.248823,12.666008,
0.774864,0.698364,1.217805,15.889415,4.944883,11.263107,4.519185,6.735723,11.997915,11.248823,13.638925,
0.774864,0.698364,1.217805,15.889415,4.944883,9.105611,4.055089,6.735723,10.741280,11.515846,13.638925,
0.774864,0.698364,1.217805,13.616730,4.944883,9.105611,4.055089,6.735723,10.741280,11.774287,12.780199,
0.774864,0.698364,1.217805,13.616730,4.944883,5.219875,4.055089,7.338544,10.741280,11.774287,12.780199,
0.774864,0.698364,1.217805,8.628402,4.944883,5.219875,3.974602,7.338544,13.934643,11.774287,12.780199,
0.772622,0.698364,1.217805,13.625137,4.944883,5.219875,3.974602,7.338544,13.934643,11.774287,12.780199,
0.772622,0.698364,1.217805,13.625137,4.944883,5.219875,3.974602,7.338544,10.921232,11.929830,12.780199,
0.772622,0.698364,1.217805,13.625137,4.944883,5.219875,3.974602,7.338544,10.921232,11.929830,12.780199,
0.772622,0.698364,1.217805,13.625137,4.944883,5.219875,3.974602,7.338544,10.921232,11.929830,12.780199,
0.772622,0.698364,1.217805,13.625137,4.944883,5.219875,3.974602,7.338544,10.921232,11.929830,12.780199,
0.772622,0.698364,1.217805,13.625137,4.944883,5.219875,3.974602,7.338544,10.921232,11.929830,12.780199,
0.772622,0.698364,1.217805,13.625137,4.944883,5.219875,3.974602,7.338544,10.921232,11.929830,12.780199,
0.772622,0.698364,1.217805,13.625137,4.944883,5.219875,3.974602,7.338544,10.921232,11.929830,12.780199,
0.772622,0.698364,1.217805,13.625137,4.944883,5.219875,3.974602,7.338544,10.921232,11.929830,12.780199,
0.772622,0.698364,1.217805,10.644622,4.944883,2.002002,3.974602,7.338544,10.921232,11.335882,12.780199,
0.772622,0.698364,1.217805,7.890370,4.944883,5.391056,3.974602,7.338544,10.921232,11.335882,13.767901,
0.772622,0.628894,1.217805,7.890370,4.944883,5.391056,3.974602,7.338544,5.111441,11.335882,13.767901,
0.772622,0.628894,1.217805,13.019631,4.944883,7.223323,3.974602,7.114896,5.111441,11.335882,13.767901,
0.772622,0.628894,1.217805,13.019631,4.944883,7.223323,3.973392,7.114896,5.111441,11.335882,14.882954,
0.772622,0.628894,1.217805,13.019631,4.944883,7.223323,3.973392,7.114896,5.111441,10.568398,14.882954,
0.772622,0.628894,1.217805,13.019631,4.944883,7.223323,3.973392,7.114896,5.111441,10.568398,14.882954,
0.772622,0.628894,1.217805,13.019631,4.944883,11.718962,3.973392,7.114896,5.111441,10.568398,14.882954,
0.772622,0.628894,1.217805,14.508967,4.944883,11.718962,3.973392,7.114896,5.111441,10.568398,14.882954,
0.772622,0.628894,1.217805,14.508967,4.944883,2.944547,3.973392,7.114896,4.522841,10.568398,14.882954,
0.772622,0.628894,1.217805,14.381716,4.944883,7.680594,3.973392,7.114896,4.522841,10.568398,13.537583,
0.772622,0.628894,1.217805,8.721139,4.944883,2.833448,3.973392,7.114896,4.522841,10.568398,13.537583,
0.772622,0.628894,1.217805,8.721139,4.944883,2.833448,3.973392,7.114896,9.510506,10.568398,13.537583,
0.772622,0.628894,1.217805,8.721139,4.944883,2.833448,4.401561,7.114896,4.707464,10.568398,12.320205,
0.772622,0.628894,1.217805,12.564264,4.944883,2.833448,3.483582,7.114896,4.707464,10.568398,12.320205,
0.772622,0.628894,1.217805,9.022526,4.944883,5.682541,3.483582,6.552244,6.240256,10.568398,12.320205,
0.772622,0.628894,1.217805,9.022526,4.944883,5.682541,3.483582,6.552244,5.945594,10.568398,12.320205,
0.772622,0.628894,1.217805,9.022526,4.944883,2.678841,3.483582,6.552244,5.549261,10.568398,12.320205,
0.772622,0.628894,1.217805,9.022526,4.944883,2.678841,3.483582,6.552244,4.090107,10.568398,12.320205,
0.772622,0.628894,1.217805,13.368311,4.944883,3.251738,3.483582,6.552244,4.282902,10.568398,17.518576,
0.772622,0.628894,1.217805,13.368311,4.944883,3.251738,3.483582,6.552244,4.282902,10.568398,17.518576,
0.772622,0.628894,1.217805,13.368311,4.944883,3.251738,3.483582,6.552244,4.282902,9.376703,17.518576,
0.772622,0.628894,1.217805,13.368311,4.944883,5.126763,3.483582,6.552244,5.728750,9.376703,13.822331,
0.772622,0.628894,1.217805,13.368311,4.944883,5.126763,3.483582,6.552244,4.598571,9.376703,13.822331,
0.772622,0.628894,1.217805,13.368311,4.944883,11.305726,3.483582,6.552244,4.598571,9.376703,13.822331,
0.772622,0.628894,1.217805,13.368311,4.944883,14.367913,3.483582,6.552244,12.350576,10.563573,13.822331,
0.772622,0.628894,1.217805,13.368311,5.373517,14.367913,3.483582,6.552244,12.644405,10.563573,13.822331,
0.772622,0.628894,1.217805,9.685717,5.373517,14.367913,3.483582,6.552244,12.008316,10.563573,13.822331,
0.772622,0.628894,1.217805,9.685717,5.373517,14.367913,3.483582,6.552244,12.008316,10.563573,13.822331,
0.772622,0.628894,1.217805,9.685717,5.373517,14.367913,3.483582,6.552244,12.008316,10.563573,13.822331,
0.772622,0.787782,1.217805,3.097646,5.373517,10.826990,3.483582,6.552244,13.980659,8.474620,13.822331,
0.772622,0.787782,1.217805,3.097646,5.373517,10.826990,3.483582,6.552244,13.980659,8.474620,13.822331,
0.772622,0.787782,1.217805,4.825103,5.373517,12.183202,3.483582,6.552244,11.058712,8.474620,13.822331,
0.785376,0.787782,1.217805,4.825103,5.373517,12.183202,2.943832,6.552244,11.058712,8.474620,13.822331,
0.785376,0.787782,1.217805,6.701067,5.373517,12.183202,2.943832,6.552244,15.340875,8.474620,13.822331,
0.785376,0.787782,1.217805,8.907797,5.373517,12.784964,2.943832,6.552244,15.340875,8.474620,13.822331,
0.785376,0.787782,1.217805,8.907797,5.373517,7.838484,3.003477,6.552244,14.196788,8.474620,13.822331,
0.785376,0.787782,1.217805,8.907797,5.373517,6.515531,3.003477,6.770724,13.346775,7.583224,13.822331,
0.785376,0.787782,1.217805,8.907797,5.373517,12.195817,3.003477,6.770724,13.346775,7.062328,14.920578,
0.785376,0.787782,1.217805,8.907797,5.373517,12.195817,3.003477,6.770724,13.665361,7.062328,14.920578,
0.785376,0.787782,1.217805,8.907797,5.373517,12.195817,3.003477,6.770724,11.637758,7.648171,13.461178,
0.785376,0.787782,1.217805,8.502471,5.373517,11.460734,3.003477,6.938403,11.544255,7.648171,13.461178,
0.785376,0.787782,1.217805,8.502471,5.373517,11.460734,3.003477,6.938403,12.716460,7.648171,13.461178,
0.785376,0.787782,1.217805,8.502471,5.373517,9.663744,3.003477,6.938403,12.716460,7.648171,13.461178,
0.785376,0.787782,1.217805,8.502471,5.373517,9.663744,3.003477,6.938403,12.716460,8.851467,10.225153,
0.785376,0.787782,1.217805,8.502471,5.373517,9.663744,3.003477,6.938403,12.716460,8.851467,10.225153,
0.785376,0.652417,1.217805,6.831951,5.373517,12.368106,3.003477,6.938403,8.465914,8.851467,10.225153,
0.785376,0.652417,1.217805,4.653572,5.373517,12.368106,3.003477,6.938403,8.465914,8.851467,10.225153,
0.785376,0.652417,1.217805,4.653572,5.373517,12.368106,3.003477,6.938403,8.465914,8.851467,10.225153,
0.785376,0.652417,1.217805,6.247881,5.373517,12.368106,3.003477,6.938403,5.144047,8.851467,10.225153,
0.785376,0.652417,1.217805,12.100295,5.373517,10.352365,3.003477,6.938403,5.144047,8.851467,10.225153,
0.785376,0.652417,1.217805,18.521979,4.488034,10.352365,3.503725,6.938403,5.144047,8.851467,10.225153,
0.785376,0.652417,1.217805,9.883562,4.488034,10.352365,3.503725,6.938403,7.963733,8.700193,10.225153,
0.785376,0.652417,1.217805,9.887402,4.488034,4.816268,3.503725,6.938403,7.963733,8.700193,10.225153,
0.785376,0.652417,1.217805,9.887402,4.488034,4.816268,3.503725,6.938403,7.963733,8.700193,11.147295,
0.785376,0.652417,1.217805,9.718301,4.488034,4.816268,3.503725,6.938403,7.963733,8.700193,15.943556,
0.785376,0.652417,1.217805,11.228964,4.687848,6.474039,3.503725,6.938403,7.963733,8.700193,15.943556,
0.785376,0.652417,1.217805,12.935429,4.534875,6.474039,3.503725,6.938403,7.963733,8.700193,15.943556,
0.785376,0.652417,1.217805,12.935429,4.534875,8.103028,3.503725,6.938403,7.963733,8.700193,12.739869,
0.785376,0.652417,1.217805,12.935429,4.534875,10.464296,3.503725,6.938403,15.221086,9.282821,12.739869,
0.785376,0.652417,1.217805,16.602876,4.534875,10.464296,3.915789,6.938403,14.740952,10.267686,13.169364,
0.785376,0.652417,1.217805,16.602876,4.534875,4.280127,3.915789,6.938403,14.740952,10.267686,13.169364,
0.785376,0.652417,1.217805,16.602876,4.534875,4.280127,4.422820,6.938403,7.554652,10.267686,13.169364,
0.785376,0.652417,1.217805,16.602876,4.534875,5.271725,4.422820,6.938403,4.294098,10.267686,14.588623,
0.785376,0.652417,1.217805,18.948902,4.534875,5.271725,4.422820,6.938403,5.669400,10.267686,14.588623,
0.785376,0.652417,1.217805,12.392335,4.534875,5.681203,4.422820,6.938403,8.871217,13.874188,11.655271,
0.785376,0.652417,1.217805,12.392335,5.471207,6.371602,4.422820,6.938403,8.871217,13.874188,11.655271,
0.785376,0.652417,1.217805,10.001920,5.471207,6.371602,4.422820,6.938403,8.871217,13.874188,11.655271,
0.785376,0.652417,1.431954,10.001920,5.471207,6.371602,5.786057,6.938403,8.871217,13.874188,11.655271,
0.785376,0.652417,1.431954,10.001920,5.471207,6.371602,5.786057,6.938403,2.171765,17.698909,11.655271,
0.785376,0.652417,1.431954,10.001920,5.471207,6.371602,5.786057,6.938403,2.171765,19.872994,12.345961,
0.785376,0.652417,1.431954,9.545072,5.471207,6.371602,5.786057,6.938403,2.171765,19.872994,12.345961,
0.785376,0.652417,1.431954,10.005798,3.072668,2.179847,5.786057,6.938403,2.171765,14.005397,12.345961,
0.785376,0.652417,1.431954,7.585960,3.072668,2.388212,5.786057,6.938403,2.171765,14.005397,12.345961,
0.785376,0.652417,1.431954,7.585960,3.202502,7.378622,5.786057,6.938403,2.171765,16.949908,12.345961,
0.785376,0.652417,1.431954,7.585960,4.568215,10.137537,5.786057,6.938403,7.040801,16.949908,12.345961,
0.785376,0.742263,1.431954,7.585960,4.568215,10.137537,5.786057,6.938403,7.040801,16.949908,12.345961,
0.785376,0.742263,1.431954,7.585960,4.568215,7.278367,5.786057,6.938403,7.040801,16.949908,10.654084,
0.785376,0.742263,1.431954,8.873944,4.568215,13.336657,5.911153,6.938403,11.012600,16.949908,10.654084,
0.785376,0.742263,1.431954,8.873944,4.568215,13.336657,5.911153,6.938403,5.545431,21.484055,10.654084,
0.785376,0.742263,1.431954,8.873944,4.568215,13.336657,5.911153,6.938403,5.545431,21.484055,10.654084,
0.785376,0.742263,1.431954,8.873944,4.568215,13.336657,5.911153,6.938403,5.545431,21.484055,10.654084,
0.785376,0.742263,1.431954,8.873944,4.568215,13.336657,5.911153,6.938403,5.545431,21.484055,10.654084,
0.785376,0.742263,1.431954,8.873944,4.568215,13.336657,5.911153,6.938403,5.545431,21.484055,10.654084,
0.785376,0.742263,1.431954,7.660937,4.568215,9.872155,6.914073,6.938403,11.410154,21.484055,10.654084,
0.785376,0.742263,1.238930,7.660937,4.568215,10.950115,6.914073,6.938403,11.410154,17.746012,10.654084,
0.785376,0.742263,1.238930,7.660937,4.568215,4.724699,6.914073,6.938403,11.410154,17.746012,10.654084,
0.785376,0.742263,1.238930,7.660937,4.568215,4.724699,6.914073,6.938403,11.410154,17.746012,10.654084,
0.785376,0.742263,1.238930,6.886694,4.568215,4.724699,5.089616,6.938403,10.286326,17.746012,8.024003,
0.785376,0.742263,1.238930,6.886694,4.568215,4.724699,5.089616,6.938403,10.286326,16.287029,8.024003,
0.785376,0.742263,1.238930,6.886694,4.568215,11.343414,5.089616,6.938403,10.286326,12.942067,8.024003,
0.785376,0.742263,1.238930,6.886694,5.462476,17.148135,5.089616,6.938403,10.286326,12.942067,11.823297,
0.785376,0.742263,1.238930,6.255653,5.462476,14.876075,5.089616,6.938403,8.957775,15.466744,11.823297,
0.785376,0.742263,1.238930,7.416662,5.047045,14.876075,5.089616,6.938403,8.957775,13.498990,11.823297,
0.785376,0.742263,1.238930,7.416662,5.047045,14.433000,5.089616,6.938403,8.957775,13.498990,11.823297,
0.785376,0.742263,1.238930,7.416662,5.047045,9.823002,5.089616,6.938403,5.232720,13.498990,12.290376,
0.785376,0.742263,1.238930,7.416662,5.047045,5.108056,5.089616,6.938403,10.101164,13.498990,12.290376,
0.785376,0.742263,1.238930,6.132382,5.047045,5.108056,5.089616,6.938403,10.101164,13.498990,13.510568,
0.785376,0.742263,1.238930,6.132382,5.047045,5.108056,5.089616,6.938403,10.101164,13.498990,13.510568,
0.785376,0.742263,1.238930,6.132382,5.047045,6.727489,5.089616,6.938403,5.509258,13.584257,13.286932,
0.785376,0.742263,1.238930,7.018850,5.047045,6.727489,5.089616,6.938403,5.509258,13.584257,13.286932,
0.785376,0.742263,1.238930,7.018850,5.047045,10.710397,5.089616,6.938403,5.509258,13.584257,13.286932,
0.785376,0.742263,1.238930,5.642833,5.047045,10.710397,5.089616,6.938403,3.358637,13.584257,13.286932,
0.785376,0.742263,1.238930,5.642833,5.047045,10.710397,5.089616,6.938403,3.358637,13.584257,13.286932,
0.785376,0.742263,1.238930,6.558122,5.047045,10.710397,4.868343,6.938403,7.681330,13.584257,13.286932,
0.785376,0.742263,1.238930,6.558122,5.047045,12.776065,4.868343,6.938403,7.681330,13.584257,10.105843,
0.785376,0.742263,1.238930,6.558122,5.047045,12.095425,4.868343,6.938403,8.750138,13.584257,14.590234,
0.785376,0.742263,1.269965,6.558122,5.047045,10.381763,4.868343,6.938403,8.750138,13.584257,14.590234,
0.785376,0.742263,1.269965,6.558122,5.047045,10.381763,4.868343,6.938403,3.351544,13.584257,12.272966,
0.785376,0.742263,1.269965,7.927914,5.047045,5.442671,4.868343,6.938403,3.351544,16.093102,12.272966,
0.785376,0.742263,1.269965,7.411373,5.047045,5.442671,4.868343,6.938403,4.696912,16.093102,12.272966,
0.785376,0.742263,1.269965,7.411373,5.047045,4.480382,4.868343,6.938403,4.696912,16.093102,10.842080,
0.785376,0.742263,1.269965,3.892991,5.047045,1.586796,4.868343,6.938403,4.696912,16.093102,10.842080,
0.785376,0.742263,1.269965,8.832027,5.047045,5.180473,4.429973,6.938403,4.696912,16.093102,10.842080,
0.785376,0.742263,1.269965,9.071107,5.047045,5.180473,4.429973,6.938403,4.696912,16.093102,10.842080,
0.785376,0.742263,1.269965,6.276974,5.047045,5.180473,4.429973,6.938403,4.696912,15.374441,10.842080,
0.785376,0.742263,1.269965,6.405731,5.047045,7.831750,5.547936,6.938403,4.696912,15.374441,10.842080,
0.785376,0.742263,1.269965,6.405731,5.047045,7.831750,5.547936,6.938403,4.696912,15.374441,10.842080,
0.785376,0.742263,1.269965,6.405731,5.047045,7.831750,5.547936,6.938403,4.696912,14.939765,10.842080,
0.785376,0.742263,1.269965,6.405731,5.047045,3.168458,5.547936,7.580149,3.820033,14.939765,10.297686,
0.785376,0.742263,1.269965,6.405731,5.047045,4.522715,5.547936,7.580149,5.186215,14.939765,11.141514,
0.785376,0.742263,1.269965,6.405731,5.047045,6.001817,4.329722,7.580149,5.186215,11.507136,8.117815,
0.785376,0.742263,1.269965,6.405731,5.047045,9.165466,4.329722,7.580149,4.203687,12.015941,8.117815,
0.785376,0.742263,1.269965,4.994813,5.047045,9.379654,4.329722,7.580149,4.203687,12.630582,8.117815,
0.785376,0.742263,1.269965,6.121612,5.047045,7.332658,4.329722,7.580149,5.586528,13.232169,8.117815,
0.785376,0.742263,1.269965,6.121612,5.047045,4.299873,4.329722,7.580149,5.586528,13.232169,8.193976,
0.785376,0.742263,1.269965,6.121612,5.047045,4.299873,3.806175,7.580149,8.514249,13.232169,8.193976,
0.785376,0.742263,1.269965,5.770497,5.047045,3.967080,3.806175,7.580149,8.514249,13.232169,8.193976,
0.785376,0.742263,1.269965,5.770497,5.047045,3.967080,3.806175,7.580149,4.131433,10.827368,8.193976,
0.785376,0.742263,1.269965,5.770497,5.047045,2.487386,3.806175,7.580149,4.011224,10.927648,5.521487,
0.785376,0.742263,1.269965,5.353411,5.047045,2.487386,3.806175,7.580149,5.923928,10.927648,11.454131,
0.785376,0.742263,1.269965,5.353411,5.047045,2.487386,3.806175,7.580149,5.923928,10.927648,11.454131,
0.785376,0.742263,1.269965,3.554338,5.047045,2.487386,3.806175,7.580149,5.923928,10.927648,8.788316,
0.785376,0.742263,1.269965,3.553181,5.047045,2.487386,3.806175,7.580149,5.923928,10.927648,8.788316,
0.785376,0.742263,1.269965,2.736844,5.047045,1.370319,3.806175,7.580149,2.459035,10.927648,10.903007,
0.785376,0.742263,1.269965,6.868487,5.047045,1.370319,3.806175,7.580149,5.432576,10.927648,10.903007,
0.785376,0.742263,1.269965,4.941572,5.047045,3.364284,3.806175,7.580149,5.432576,11.444191,6.132321,
0.785376,0.742263,1.269965,4.941572,5.047045,3.364284,3.806175,7.580149,2.035260,11.444191,6.132321,
0.785376,0.742263,1.269965,4.941572,5.047045,3.364284,3.806175,7.580149,2.035260,11.444191,6.132321,
0.785376,0.742263,1.269965,4.941572,5.047045,3.364284,3.806175,7.580149,2.035260,11.444191,6.132321,
0.785376,0.742263,1.269965,4.941572,5.047045,3.364284,3.806175,7.580149,7.649892,13.094260,6.132321,
0.785376,0.742263,1.269965,4.941572,5.047045,3.364284,3.806175,7.580149,7.649892,13.094260,6.132321,
0.785376,0.742263,1.269965,4.941572,5.047045,3.364284,3.806175,7.580149,7.649892,13.094260,5.926375,
0.785376,0.742263,1.269965,4.216086,5.047045,1.764971,3.806175,7.580149,7.649892,13.094260,5.926375,
0.785376,0.742263,1.269965,4.216086,5.047045,3.856271,3.806175,7.580149,7.649892,13.094260,5.926375,
0.785376,0.742263,1.436562,4.216086,5.047045,3.856271,3.268367,7.580149,7.649892,13.094260,4.857101,
0.785376,0.742263,1.436562,4.216086,5.047045,3.856271,3.268367,7.580149,7.649892,13.094260,4.857101,
0.785376,0.742263,1.436562,4.216086,5.047045,3.856271,3.268367,7.580149,9.079376,13.094260,4.857101,
0.785376,0.742263,1.436562,5.980505,4.951484,3.856271,3.268367,7.371196,9.079376,13.094260,4.857101,
0.785376,0.742263,1.436562,5.980505,4.951484,3.856271,3.268367,7.371196,9.281076,13.094260,4.857101,
0.785376,0.748316,1.436562,5.980505,4.772922,6.760983,3.268367,7.371196,5.216374,13.094260,4.857101,
0.785376,0.748316,1.436562,6.177063,4.772922,1.011136,3.268367,7.371196,5.216374,13.094260,4.857101,
0.785376,0.748316,1.436562,6.177063,4.772922,3.572292,2.644313,7.371196,5.833299,13.094260,4.857101,
0.785376,0.748316,1.436562,6.177063,4.772922,3.572292,2.644313,7.371196,2.959151,8.068175,4.857101,
0.785376,0.748316,1.478352,6.177063,4.772922,3.572292,2.644313,7.371196,2.959151,8.068175,4.857101,
0.785376,0.748316,1.578236,6.177063,4.772922,3.572292,2.644313,7.371196,2.959151,8.068175,4.857101,
0.785376,0.748316,1.578236,6.177063,4.772922,3.572292,2.644313,7.371196,2.959151,8.068175,4.857101,
0.785376,0.748316,1.578236,6.177063,4.772922,3.572292,2.644313,7.371196,2.959151,8.068175,7.325266,
0.785376,0.748316,1.578236,6.879139,4.772922,3.572292,2.644313,7.371196,2.959151,8.068175,7.325266,
0.785376,0.748316,1.578236,4.588027,4.772922,2.394962,2.644313,7.371196,2.959151,8.068175,7.325266,
0.785376,0.748316,1.578236,4.588027,4.772922,2.394962,2.644313,7.371196,2.959151,8.068175,7.325266,
0.785376,0.748316,1.578236,4.588027,2.986964,7.374960,2.644313,7.371196,10.664784,8.068175,7.325266,
0.848105,0.748316,1.578236,4.588027,4.154055,3.072544,2.644313,7.371196,9.650324,8.068175,7.325266,
0.848105,0.940451,1.578236,4.588027,4.154055,8.593682,2.644313,7.371196,3.829103,9.809885,7.325266,
0.848105,0.940451,1.578236,4.588027,4.154055,8.358957,2.644313,7.371196,3.829103,9.809885,7.325266,
0.848105,0.940451,1.578236,3.443908,4.154055,8.358957,2.644313,7.371196,3.829103,9.809885,7.325266,
0.848105,0.940451,1.578236,3.443908,4.231446,9.583734,2.644313,7.371196,3.829103,9.809885,7.296151,
0.848105,0.940451,1.578236,3.443908,4.231446,9.583734,2.644313,7.371196,3.829103,8.668557,7.296151,
0.848105,0.940451,1.479246,4.630756,4.231446,6.320795,2.644313,7.371196,3.829103,8.668557,7.296151,
0.848105,0.940451,1.479246,2.798311,4.231446,12.043631,2.644313,7.371196,3.829103,8.668557,7.296151,
0.848105,0.940451,1.479246,2.798311,4.231446,7.194280,2.644313,7.401722,7.478226,8.668557,8.319233,
0.848105,0.940451,1.479246,2.798311,4.231446,5.345462,2.644313,7.401722,7.478226,8.668557,8.319233,
0.848105,0.940451,1.479246,3.464654,4.231446,5.345462,3.238383,7.401722,11.109770,8.366540,8.319233,
0.848105,0.940451,1.479246,3.464654,4.231446,5.345462,3.238383,7.401722,13.485647,8.366540,8.319233,
0.848105,0.940451,1.479246,3.464654,4.231446,2.794143,3.238383,7.401722,13.485647,10.363607,7.020103,
0.848105,0.940451,1.479246,3.464654,4.231446,3.345521,3.238383,7.401722,8.354049,10.363607,10.308429,
0.848105,0.940451,1.479246,2.420337,4.231446,3.479685,4.059924,6.549807,8.354049,10.363607,10.308429,
0.848105,1.436914,1.479246,2.420337,4.487542,7.315051,4.059924,6.549807,8.354049,10.363607,10.308429,
0.848105,1.436914,1.479246,2.420337,4.487542,5.460613,4.059924,6.549807,6.774186,10.363607,10.308429,
0.848105,1.436914,1.479246,2.420337,4.487542,5.460613,4.059924,6.549807,5.078448,10.363607,10.308429,
0.848105,1.436914,1.479246,2.420337,4.487542,6.902532,4.059924,6.549807,2.954317,10.363607,10.308429,
0.848105,1.436914,1.550890,2.420337,4.487542,6.902532,4.059924,6.549807,9.268203,10.363607,10.308429,
0.848105,1.436914,1.550890,2.420337,4.487542,6.902532,4.059924,6.549807,9.268203,10.363607,10.308429,
0.848105,1.436914,1.550890,2.420337,4.487542,6.902532,3.138708,6.549807,7.399595,10.363607,10.308429,
0.848105,1.436914,1.550890,2.420337,4.487542,6.902532,3.138708,6.549807,7.399595,10.363607,10.308429,
0.848105,1.436914,1.550890,2.420337,4.487542,4.466958,3.138708,6.549807,7.399595,10.363607,10.308429,
0.848105,1.436914,1.550890,2.420337,4.487542,4.466958,3.138708,6.549807,7.399595,10.363607,10.308429,
0.848105,1.436914,1.550890,2.420337,4.487542,4.466958,3.138708,6.549807,5.374833,8.549781,10.308429,
0.848105,1.259665,1.550890,2.365401,4.487542,3.861355,3.138708,6.549807,5.374833,8.549781,10.308429,
0.848105,1.259665,1.550890,2.365401,4.487542,3.861355,3.138708,6.549807,5.374833,8.549781,10.308429,
0.848105,1.259665,1.550890,2.365401,4.487542,3.171901,3.138708,6.549807,7.131710,8.549781,9.617996,
0.848105,1.259665,1.550890,2.365401,4.487542,3.171901,3.138708,6.549807,7.131710,9.978624,11.313235,
0.848105,1.259665,1.550890,2.365401,4.487542,9.140006,3.138708,6.549807,5.126076,9.978624,11.313235,
0.848105,1.259665,1.550890,2.365401,4.487542,7.830168,3.138708,6.549807,8.544633,9.978624,8.028564,
0.848105,1.259665,1.550890,2.365401,4.211854,9.617686,3.537870,6.549807,8.544633,9.978624,10.369500,
0.848105,1.259665,1.550890,2.365401,4.211854,9.617686,3.537870,6.549807,8.544633,10.953497,7.242803,
0.848105,1.259665,1.550890,2.655111,4.211854,9.617686,3.537870,6.549807,11.632660,10.953497,12.791983,
0.848105,1.259665,1.550890,2.655111,4.211854,9.617686,3.537870,6.549807,11.632660,10.953497,12.791983,
0.848105,1.259665,1.550890,2.655111,4.211854,13.571797,3.537870,6.549807,11.632660,10.953497,12.791983,
0.848105,1.259665,1.550890,2.655111,4.211854,13.571797,3.537870,6.549807,9.557665,10.953497,12.791983,
0.848105,1.259665,1.550890,2.655111,4.211854,11.955530,3.537870,6.549807,8.589786,10.953497,14.059421,
0.848105,1.259665,1.550890,2.655111,3.682923,11.955530,3.379911,6.549807,8.589786,10.953497,14.059421,
0.848105,1.259665,1.550890,2.655111,3.682923,12.164359,3.379911,6.801692,8.589786,10.953497,11.076389,
0.848105,1.259665,1.550890,2.655111,3.682923,12.164359,3.379911,6.801692,8.744051,10.953497,11.076389,
0.848105,1.259665,1.550890,2.655111,3.682923,15.903187,3.379911,6.801692,8.744051,10.953497,12.468794,
0.848105,1.259665,1.550890,2.655111,3.682923,19.211345,3.379911,6.801692,8.744051,8.844227,12.415401,
0.848105,1.259665,1.550890,2.655111,3.682923,21.231026,3.379911,6.801692,7.586592,8.844227,12.415401,
0.848105,1.259665,1.550890,2.655111,3.682923,21.231026,3.379911,6.801692,7.586592,9.648884,12.415401,
0.848105,1.259665,1.550890,2.655111,3.682923,20.301415,3.092567,6.801692,7.586592,9.648884,12.415401,
0.848105,1.046651,1.550890,2.655111,3.682923,20.301415,3.092567,6.801692,10.693803,9.648884,12.415401,
0.848105,1.046651,1.550890,4.598838,3.682923,20.301415,3.092567,6.801692,12.839824,7.717656,12.415401,
0.848105,1.046651,1.550890,4.598838,3.682923,18.600926,2.626542,6.801692,12.839824,7.717656,12.415401,
0.848105,1.046651,1.550890,4.598838,3.682923,18.600926,2.626542,6.801692,12.839824,7.717656,11.233287,
0.848105,1.046651,1.550890,4.598838,3.682923,18.600926,2.626542,6.801692,12.839824,7.717656,11.233287,
0.848105,1.046651,1.550890,4.598838,3.682923,18.600926,2.626542,7.121423,7.365946,7.717656,10.205813,
0.848105,1.046651,1.550890,3.164511,3.682923,21.930110,2.626542,7.121423,7.365946,7.717656,10.205813,
0.848105,1.046651,1.550890,3.164511,3.682923,18.238148,2.626542,7.121423,4.781627,7.717656,10.279447,
0.848105,1.046651,1.550890,3.164511,3.682923,7.391026,3.001562,7.121423,5.261223,7.717656,10.279447,
0.848105,1.046651,1.550890,3.164511,3.682923,9.049914,2.990470,7.121423,5.261223,8.526337,10.279447,
0.848105,1.046651,1.550890,3.164511,3.682923,9.049914,2.990470,7.121423,4.324542,8.526337,10.279447,
0.848105,1.046651,1.550890,3.164511,3.682923,9.049914,2.990470,7.121423,4.290263,8.526337,10.279447,
0.848105,1.046651,1.550890,3.164511,3.682923,11.077055,3.094808,7.121423,10.984837,8.526337,10.279447,
0.848105,1.046651,1.550890,3.164511,3.682923,8.086408,3.094808,7.121423,12.683594,8.526337,10.279447,
0.848105,1.046651,1.550890,3.164511,3.523595,8.086408,3.094808,7.121423,11.441633,8.526337,10.279447,
0.848105,1.046651,1.550890,3.164511,3.523595,8.086408,3.094808,7.121423,11.441633,8.526337,10.279447,
0.848105,1.046651,1.550890,3.164511,3.523595,8.086408,3.094808,7.121423,11.441633,8.526337,10.279447,
0.848105,1.046651,1.550890,3.164511,3.523595,8.086408,3.094808,7.121423,11.441633,8.526337,10.279447,
0.848105,1.046651,1.550890,3.164511,3.523595,8.086408,3.094808,7.121423,11.441633,8.526337,10.279447,
0.848105,1.046651,1.550890,3.164511,3.523595,8.086408,3.094808,7.121423,11.441633,8.526337,10.279447,
0.848105,1.046651,1.550890,3.164511,3.523595,11.288946,3.094808,7.121423,14.211537,8.526337,11.354585,
0.848105,1.046651,1.550890,3.164511,3.523595,12.499860,3.094808,7.121423,14.415244,8.526337,11.354585,
0.848105,1.046651,1.550890,3.164511,3.523595,12.499860,3.094808,7.121423,12.434786,8.526337,11.354585,
0.848105,1.046651,1.550890,3.164511,3.523595,12.499860,3.094808,7.121423,6.422340,8.526337,11.779637,
0.848105,1.046651,1.550890,3.164511,3.523595,11.201234,3.094808,7.121423,7.208383,8.526337,10.716894,
0.848105,1.046651,1.550890,3.164511,3.523595,7.831311,3.094808,7.121423,7.208383,8.526337,10.716894,
0.848105,1.046651,1.550890,3.164511,3.523595,6.345550,3.094808,7.121423,9.549132,8.526337,8.718029,
0.848105,1.046651,1.550890,3.164511,3.523595,2.379325,3.094808,7.121423,9.549132,8.526337,8.718029,
0.848105,1.046651,1.550890,3.164511,3.523595,2.054536,3.094808,7.121423,4.439944,8.526337,8.718029,
0.848105,1.046651,1.550890,3.164511,3.523595,3.372595,3.094808,7.121423,4.439944,8.526337,8.718029,
0.848105,1.046651,1.550890,3.164511,3.523595,6.357842,3.094808,7.121423,4.439944,8.526337,10.786521,
0.848105,1.046651,1.550890,3.164511,3.523595,6.357842,3.094808,7.121423,4.439944,8.526337,10.786521,
0.848105,1.046651,1.550890,3.164511,4.020796,6.128912,3.094808,7.121423,4.439944,8.526337,10.786521,
0.848105,1.046651,1.550890,3.164511,4.020796,12.946603,3.094808,7.121423,4.439944,8.526337,10.786521,
0.848105,1.046651,1.550890,3.164511,4.020796,14.128684,3.094808,7.121423,3.257064,8.526337,10.786521,
0.848105,1.046651,1.550890,3.164511,4.020796,10.192110,3.094808,7.121423,3.257064,8.526337,10.786521,
0.848105,1.046651,1.550890,3.164511,4.020796,11.404707,3.094808,7.121423,3.257064,8.526337,10.786521,
0.848105,1.046651,1.550890,2.842581,4.020796,8.892395,3.094808,7.121423,13.310739,8.526337,10.786521,
0.848105,1.046651,1.550890,2.842581,4.020796,6.182904,3.094808,7.121423,13.310739,8.526337,10.786521,
0.848105,1.046651,1.550890,2.969321,4.020796,5.165169,3.094808,7.121423,13.310739,8.526337,10.786521,
0.848105,1.046651,1.550890,2.969321,4.020796,5.165169,3.094808,7.121423,11.388903,8.526337,10.786521,
0.848105,1.046651,1.550890,2.969321,4.020796,5.165169,3.094808,6.897962,6.144448,8.526337,10.786521,
0.848105,1.046651,1.550890,2.840370,4.020796,5.165169,3.094808,6.897962,6.144448,8.526337,10.786521,
0.848105,1.046651,1.550890,2.840370,4.020796,5.165169,3.094808,6.897962,6.144448,8.526337,10.786521,
0.848105,1.046651,1.550890,2.840370,4.020796,5.165169,3.094808,6.897962,10.922565,8.526337,10.786521,
0.848105,1.046651,1.550890,2.840370,4.020796,5.350674,3.094808,6.897962,10.922565,8.526337,11.789355,
0.848105,1.046651,1.550890,2.840370,4.020796,5.350674,3.094808,6.897962,10.922565,9.042461,11.789355,
0.848105,1.046651,1.550890,3.934054,4.020796,5.350674,3.094808,6.897962,10.922565,9.042461,13.527413,
0.848105,1.046651,1.550890,3.934054,4.020796,5.350674,3.094808,6.897962,11.150452,9.042461,13.527413,
0.848105,1.046651,1.550890,3.934054,4.020796,6.900060,3.094808,6.897962,9.010743,9.042461,13.527413,
0.848105,1.046651,1.550890,3.934054,4.020796,6.900060,3.094808,6.897962,9.010743,9.042461,10.053043,
0.848105,1.046651,1.550890,3.934054,4.020796,6.900060,3.094808,6.727277,6.402238,9.042461,10.053043,
0.848105,1.046651,1.550890,3.934054,4.020796,6.900060,3.094808,6.727277,8.557498,9.042461,10.053043,
0.848105,1.046651,1.550890,3.934054,4.020796,6.900060,3.094808,6.727277,11.614815,9.042461,10.053043,
0.848105,1.046651,1.550890,3.934054,4.020796,6.900060,3.094808,6.727277,11.614815,9.042461,11.655045,
0.848105,1.046651,1.550890,2.016358,4.020796,5.997519,3.094808,7.039252,7.034112,9.042461,11.655045,
0.848105,1.046651,1.550890,2.016358,4.020796,3.483234,3.094808,7.039252,7.034112,9.042461,11.655045,
0.848105,1.046651,1.550890,2.016358,4.020796,3.483234,3.094808,7.039252,7.034112,9.042461,9.852092,
0.848105,0.979146,1.550890,2.016358,4.020796,3.368539,3.094808,7.039252,3.870554,9.042461,9.852092,
0.848105,0.979146,1.550890,2.016358,3.364365,3.368539,3.094808,7.039252,3.870554,8.224329,14.482556,
0.848105,0.979146,1.550890,2.016358,3.364365,5.962346,3.094808,7.039252,3.870554,8.224329,11.784083,
0.848105,1.317350,1.550890,2.016358,3.364365,5.962346,3.094808,7.039252,9.484476,8.224329,11.784083,
0.848105,1.317350,1.550890,2.016358,3.364365,5.962346,3.094808,7.039252,13.352712,8.224329,11.784083,
0.848105,1.317350,1.550890,2.016358,3.364365,5.962346,3.094808,7.039252,10.044655,7.711068,11.784083,
0.848105,1.317350,1.874330,2.016358,3.364365,5.962346,3.094808,7.039252,10.044655,7.711068,11.784083,
0.848105,1.303367,1.874330,2.016358,3.364365,5.962346,3.094808,7.039252,7.297341,7.711068,11.784083,
0.848105,1.303367,1.874330,2.016358,3.364365,5.962346,3.094808,7.039252,6.479043,9.321931,10.430627,
0.848105,1.303367,1.874330,1.850583,3.364365,5.962346,3.094808,7.039252,6.479043,9.321931,9.801513,
0.848105,1.303367,1.874330,1.850583,3.364365,5.962346,3.094808,7.039252,6.479043,9.321931,9.208862,
0.848105,1.303367,1.874330,1.850583,3.289200,5.962346,3.094808,7.039252,6.479043,8.714469,10.088581,
0.848105,1.303367,1.874330,2.659938,3.289200,4.044813,3.094808,7.039252,3.941338,8.714469,10.088581,
0.848105,1.303367,1.874330,2.659938,3.289200,4.044813,3.283204,7.039252,6.455598,10.657710,10.088581,
0.848105,1.303367,1.874330,2.659938,3.289200,4.044813,3.283204,7.039252,6.455598,10.657710,10.088581,
0.848105,1.303367,1.874330,2.659938,3.289200,4.044813,3.283204,7.039252,6.455598,10.657710,10.088581,
0.848105,1.303367,1.874330,2.659938,3.289200,4.044813,3.283204,7.039252,4.014832,11.182781,9.839891,
0.848105,1.303367,1.874330,2.659938,3.289200,3.270382,3.283204,7.039252,11.142811,11.182781,9.839891,
0.848105,1.303367,1.874330,2.659938,3.289200,3.270382,3.283204,7.039252,11.142811,9.570355,9.531322,
0.848105,1.303367,1.874330,2.858521,3.289200,6.470408,3.283204,7.039252,10.661387,9.570355,11.284221,
0.848105,1.303367,1.874330,2.858521,3.289200,9.097134,3.283204,7.039252,10.661387,9.570355,11.284221,
0.848105,1.303367,1.805745,2.847011,3.289200,9.097134,3.283204,7.039252,14.100401,9.570355,11.284221,
0.848105,1.303367,1.805745,2.847011,3.289200,9.097134,3.283204,7.039252,5.169534,9.570355,7.795540,
0.848105,1.303367,1.921843,2.847011,3.289200,9.097134,3.283204,7.039252,7.075977,9.570355,7.795540,
0.848105,1.303367,1.921843,2.847011,3.289200,6.711575,3.283204,7.039252,11.679637,9.570355,7.795540,
0.848105,1.303367,1.921843,2.847011,3.289200,5.816291,3.283204,6.970297,11.235804,9.570355,10.289711,
0.848105,1.303367,1.921843,2.847011,3.289200,5.816291,3.283204,6.970297,11.235804,9.930496,12.549872,
0.848105,1.303367,1.921843,2.847011,3.289200,5.816291,3.283204,6.970297,7.191743,9.930496,10.194671,
0.848105,1.303367,1.921843,1.833176,3.289200,3.200147,3.283204,6.970297,4.012807,9.930496,11.188100,
0.848105,1.303367,1.921843,1.833176,3.289200,7.534195,3.283204,6.970297,1.964849,9.930496,11.188100,
0.848105,1.303367,1.921843,1.786128,3.289200,3.910468,3.283204,6.970297,8.203890,11.115153,11.188100,
0.848105,1.974550,1.921843,1.786128,3.289200,10.312188,3.283204,6.970297,8.203890,11.115153,11.188100,
0.848105,1.974550,1.921843,1.786128,3.289200,5.216155,3.283204,6.970297,8.203890,11.115153,9.411471,
0.848105,1.974550,1.921843,1.579754,3.289200,3.736132,3.283204,6.970297,2.485982,11.115153,9.411471,
0.848105,1.974550,1.921843,1.579754,3.289200,7.548077,3.283204,6.970297,2.485982,11.115153,9.411471,
0.917862,1.974550,1.921843,1.579754,3.289200,3.129322,3.283204,6.970297,2.153613,11.115153,9.411471,
0.917862,1.974550,1.921843,1.579754,3.289200,6.021665,3.283204,6.970297,2.153613,11.115153,6.300088,
0.917862,1.974550,1.921843,1.579754,3.289200,6.021665,3.283204,6.970297,6.890248,11.115153,5.726541,
0.947485,1.974550,1.921843,1.579754,3.289200,5.181722,3.283204,6.970297,11.923956,11.115153,6.543263,
0.947485,1.974550,1.921843,1.579754,3.289200,7.441865,3.283204,6.970297,8.977848,11.115153,6.543263,
0.947485,1.974550,1.921843,1.738096,3.289200,7.441865,3.283204,6.252497,8.977848,11.115153,5.826061,
0.947485,1.974550,1.921843,1.916692,3.289200,7.441865,3.390670,6.252497,8.977848,11.115153,10.282038,
0.947485,1.974550,1.921843,1.916692,3.289200,5.904600,3.390670,6.749141,8.977848,11.115153,10.282038,
0.947485,1.974550,1.921843,1.916692,3.289200,5.904600,3.390670,6.749141,5.897960,11.115153,11.028644,
0.947485,1.974550,1.921843,1.916692,3.289200,10.383083,3.390670,6.749141,2.907692,11.115153,5.175130,
0.947485,1.974550,1.921843,1.916692,3.289200,12.450158,3.390670,6.749141,3.087104,11.115153,5.175130,
0.947485,1.974550,1.921843,1.916692,3.289200,12.460003,3.390670,6.749141,3.087104,11.115153,5.175130,
0.947485,1.974550,1.921843,1.916692,3.289200,12.460003,3.390670,6.749141,12.967529,11.115153,7.777969,
0.947485,1.974550,1.921843,1.916692,3.289200,17.194209,3.390670,6.749141,12.967529,11.115153,7.777969,
0.947485,1.974550,1.818226,1.916692,3.289200,18.958140,3.390670,6.749141,15.056235,11.115153,7.777969,
0.947485,1.974550,1.818226,1.916692,3.289200,21.085610,3.390670,6.749141,15.056235,11.115153,7.777969,
0.947485,1.974550,1.818226,1.916692,3.289200,15.376150,4.446469,6.749141,9.675707,11.115153,8.518041,
0.947485,1.974550,1.818226,1.916692,3.289200,17.901448,4.446469,6.749141,10.129490,16.445278,8.518041,
0.947485,1.974550,1.818226,1.916692,3.289200,17.901448,4.446469,6.749141,10.129490,12.016807,6.602207,
0.947485,1.974550,1.818226,1.916692,3.289200,17.901448,4.446469,6.749141,4.962042,11.333045,6.602207,
0.947485,1.974550,1.818226,1.916692,3.289200,17.616422,4.446469,6.749141,4.962042,11.333045,7.690390,
0.947485,1.974550,1.818226,1.916692,3.289200,17.616422,4.446469,6.749141,4.962042,16.001975,7.690390,
0.947485,1.974550,1.818226,1.916692,3.289200,18.692863,4.446469,6.749141,10.519669,11.644016,7.690390,
0.947485,1.974550,1.818226,1.916692,3.289200,24.260175,4.446469,6.749141,10.185231,11.644016,7.690390,
0.947485,1.974550,1.818226,1.549082,3.289200,24.260175,4.446469,6.749141,8.173966,11.644016,6.480911,
0.947485,1.974550,1.818226,1.549082,3.289200,24.260175,4.446469,6.749141,5.858164,11.644016,6.480911,
0.947485,1.974550,1.818226,1.549082,3.289200,24.260175,4.446469,6.749141,10.170693,17.607222,6.480911,
0.947485,1.974550,1.818226,1.549082,3.289200,16.610244,4.446469,6.749141,10.170693,14.033226,6.480911,
0.947485,1.974550,1.818226,1.549082,3.289200,15.130790,3.627462,6.749141,10.170693,13.169943,6.480911,
0.947485,1.974550,1.818226,1.549082,3.289200,10.237816,3.627462,6.749141,10.170693,13.169943,6.480911,
0.947485,1.974550,1.818226,1.549082,3.289200,8.109423,3.627462,6.749141,10.170693,13.169943,6.480911,
0.947485,1.974550,1.818226,1.549082,4.213076,8.109423,3.627462,6.749141,10.170693,13.169943,3.646154,
0.947485,1.974550,1.818226,1.549082,4.213076,8.997691,3.627462,6.749141,10.292476,13.169943,3.529839,
0.947485,1.974550,1.818226,1.939611,4.213076,4.569412,3.161351,6.749141,10.292476,13.169943,4.979985,
0.947485,1.974550,1.818226,1.939611,4.213076,4.569412,4.480978,6.749141,10.292476,13.169943,4.979985,
0.947485,1.974550,1.818226,1.939611,4.213076,4.569412,4.480978,6.749141,10.292476,13.169943,4.820399,
0.947485,1.974550,1.818226,1.939611,4.213076,4.569412,4.480978,6.749141,9.272850,13.637791,8.310841,
0.947485,1.974550,1.818226,1.939611,3.599343,4.762981,4.480978,6.749141,9.272850,13.637791,8.310841,
0.947485,1.974550,1.818226,1.939611,3.599343,4.756977,4.480978,6.749141,9.272850,13.637791,8.310841,
0.947485,1.974550,1.818226,1.939611,3.493033,4.217536,4.480978,6.749141,9.272850,13.637791,7.742278,
0.947485,1.974550,1.818226,1.939611,3.493033,8.445678,4.480978,6.749141,10.373413,13.637791,4.899304,
0.947485,1.974550,1.818226,1.939611,3.493033,8.445678,4.480978,6.749141,12.343874,19.435203,4.419160,
0.947485,1.974550,1.818226,1.939611,3.493033,8.445678,4.480978,6.749141,11.621078,17.975430,4.419160,
0.947485,1.974550,1.818226,1.939611,3.493033,8.445678,4.480978,6.749141,12.062232,14.458260,4.419160,
0.947485,1.974550,1.818226,1.939611,3.493033,8.589326,4.480978,6.749141,12.062232,15.040110,6.461649,
0.947485,1.974550,1.818226,1.989257,3.493033,8.589326,4.480978,6.749141,12.062232,15.040110,8.812009,
0.845774,1.974550,1.818226,1.989257,3.493033,12.032696,5.388003,6.749141,12.062232,15.040110,7.481495,
0.845774,1.974550,1.818226,1.989257,3.493033,12.032696,5.388003,6.749141,12.062232,15.040110,7.481495,
0.845774,1.974550,1.818226,1.989257,3.493033,12.032696,5.388003,6.749141,12.062232,15.040110,12.679448,
0.845774,1.974550,1.818226,1.989257,3.493033,12.032696,5.388003,6.749141,10.461755,14.501451,12.679448,
0.845774,1.974550,1.818226,1.989257,3.493033,17.096933,5.388003,6.749141,10.461755,14.501451,12.679448,
0.845774,1.974550,1.818226,1.989257,3.252577,17.096933,5.388003,6.447577,10.461755,14.501451,12.679448,
0.845774,1.974550,1.818226,1.579601,3.252577,17.096933,4.453078,6.447577,14.709138,14.501451,12.679448,
0.845774,1.974550,1.818226,1.579601,3.252577,17.096933,4.453078,6.447577,16.032977,13.675649,14.315286,
0.845774,1.974550,1.496850,1.579601,3.252577,17.096933,4.453078,6.447577,16.032977,13.086248,14.315286,
0.845774,1.974550,1.624024,1.579601,3.252577,17.096933,4.453078,6.447577,16.032977,13.086248,14.315286,
0.845774,1.748395,1.624024,1.579601,3.252577,17.272471,4.453078,6.447577,16.032977,12.334171,14.315286,
0.845774,1.748395,1.624024,1.579601,3.252577,12.623614,4.453078,6.447577,18.915707,13.419164,14.315286,
0.845774,1.748395,1.624024,1.579601,3.252577,11.226085,4.453078,6.447577,19.950413,13.419164,14.315286,
0.845774,1.748395,1.624024,1.561498,3.252577,11.226085,4.453078,6.447577,19.950413,13.568356,14.315286,
0.845774,1.748395,1.624024,1.561498,3.252577,10.413485,4.453078,6.447577,20.199353,13.568356,14.315286,
0.845774,1.748395,1.624024,1.561498,3.252577,10.413485,4.453078,6.447577,20.199353,11.400332,14.315286,
0.845774,1.748395,1.624024,1.561498,3.252577,8.693549,5.053932,6.447577,20.131294,13.578264,11.092265,
0.845774,1.748395,1.624024,1.561498,3.252577,8.693549,5.053932,6.447577,22.789084,13.578264,11.708551,
0.845774,1.748395,1.624024,1.561498,3.252577,11.167850,5.053932,6.447577,22.789084,13.578264,11.708551,
0.845774,1.748395,1.624024,1.561498,3.252577,11.167850,5.053932,6.447577,22.789084,13.578264,12.387652,
0.845774,1.748395,1.624024,1.869132,3.252577,11.167850,5.053932,6.447577,17.546651,13.578264,13.043207,
0.845774,1.748395,1.624024,1.869132,3.252577,10.720390,5.053932,6.447577,17.546651,13.578264,13.043207,
0.845774,1.748395,1.624024,1.869132,3.252577,9.905158,5.053932,6.447577,17.546651,13.455828,13.043207,
0.845774,1.748395,1.624024,1.869132,3.252577,12.062938,5.053932,6.447577,22.405318,13.455828,13.043207,
0.845774,1.748395,1.624024,1.869132,3.252577,14.707009,5.053932,6.447577,22.405318,14.613414,13.043207,
0.845774,1.748395,1.624024,1.869132,3.252577,9.845162,5.053932,6.447577,22.405318,14.613414,13.043207,
0.845774,1.748395,1.624024,1.869132,3.252577,9.845162,4.973759,6.447577,24.186451,13.615335,13.043207,
0.845774,1.748395,1.624024,1.869132,3.252577,9.845162,4.973759,6.447577,25.384283,13.615335,13.043207,
0.845774,1.749871,1.624024,1.882555,3.252577,10.746591,4.973759,6.447577,23.018849,13.615335,13.043207,
0.845774,1.749871,1.624024,1.882555,3.676843,10.746591,4.973759,6.447577,23.018849,13.615335,13.043207,
0.845774,1.749871,1.624024,1.882555,3.676843,10.746591,4.973759,6.447577,23.018849,13.615335,13.043207,
0.845774,1.749871,1.624024,1.882555,3.676843,10.746591,4.973759,6.447577,15.928191,13.615335,12.061733,
0.845774,1.749871,1.624024,1.882555,3.676843,10.746591,4.973759,6.447577,14.758348,13.615335,12.061733,
0.845774,1.749871,1.624024,1.882555,3.430979,15.572293,4.973759,6.447577,11.558111,13.883415,12.061733,
0.845774,1.749871,1.624024,1.882555,3.430979,14.215375,4.973759,6.447577,11.558111,13.883415,15.298006,
0.845774,1.749871,1.624024,1.882555,3.430979,12.312334,4.973759,6.447577,11.558111,13.883415,15.298006,
0.845774,1.749871,1.624024,1.882555,3.430979,12.312334,4.973759,6.447577,11.558111,13.883415,15.298006,
0.845774,1.749871,1.624024,1.882555,3.430979,9.494811,4.973759,6.447577,12.883990,13.883415,15.298006,
0.845774,1.749871,1.624024,1.882555,3.820914,9.494811,4.973759,6.447577,8.253403,13.883415,8.325600,
0.845774,1.749871,1.624024,1.882555,3.820914,9.494811,4.973759,6.447577,8.253403,13.883415,8.325600,
0.845774,1.749871,1.624024,1.882555,3.820914,6.047244,4.973759,6.447577,8.253403,15.117101,9.552695,
0.845774,1.749871,1.624024,1.882555,3.820914,6.047244,4.973759,6.447577,8.253403,15.117101,9.552695,
0.845774,1.749871,1.624024,1.882555,3.820914,6.047244,4.973759,7.218457,5.417406,15.117101,9.552695,
0.845774,1.749871,1.624024,1.882555,3.820914,6.047244,4.973759,7.218457,6.725964,14.402154,6.492807,
0.845774,1.749871,1.624024,1.882555,3.832317,7.199648,4.973759,7.218457,6.725964,14.402154,6.890233,
0.845774,1.749871,1.624024,1.882555,3.832317,8.943049,4.912827,7.218457,11.052900,14.727210,6.890233,
0.845774,1.749871,1.624024,1.882555,3.832317,9.044370,4.912827,7.218457,12.280989,16.912532,6.890233,
0.845774,2.080055,1.624024,1.882555,4.221397,5.221440,4.912827,7.218457,12.280989,16.260853,6.890233,
0.845774,1.450091,1.624024,1.882555,4.221397,6.067215,4.912827,7.218457,11.521429,16.260853,6.890233,
0.845774,1.450091,1.624024,2.076923,4.221397,6.067215,4.912827,7.218457,10.802901,13.784664,6.890233,
0.845774,1.450091,1.624024,2.076923,4.221397,6.067215,4.912827,7.218457,12.083743,13.784664,6.890233,
0.845774,1.450091,1.624024,2.076923,4.221397,6.067215,4.912827,7.218457,12.083743,13.784664,10.403943,
0.845774,1.450091,1.624024,2.076923,4.221397,6.067215,4.912827,7.218457,12.083743,13.784664,10.403943,
0.845774,1.450091,1.402881,2.076923,4.456142,4.684731,4.912827,7.218457,12.083743,14.520885,10.403943,
0.845774,1.450091,1.402881,2.076923,4.456142,4.723819,4.912827,7.218457,4.021149,14.520885,10.403943,
0.845774,1.450091,1.402881,2.076923,4.456142,3.692274,4.912827,7.218457,4.021149,14.039115,10.403943,
0.845774,1.450091,1.402881,2.076923,4.456142,3.692274,4.912827,7.218457,4.021149,14.039115,10.403943,
0.845774,1.450091,1.402881,2.076923,4.456142,3.692274,4.912827,6.609705,6.330405,14.723321,10.403943,
0.845774,1.450091,1.402881,2.076923,5.426542,2.333290,4.912827,6.609705,10.012521,14.994790,10.403943,
0.845774,1.450091,1.402881,2.076923,5.426542,2.333290,4.912827,6.609705,10.012521,14.994790,10.403943,
0.845774,1.450091,1.402881,2.076923,4.604721,4.583611,4.912827,6.609705,8.436246,14.994790,10.403943,
0.845774,1.450091,1.402881,2.076923,4.604721,4.583611,4.912827,6.609705,8.436246,14.994790,10.403943,
0.845774,1.450091,1.402881,2.076923,4.604721,4.583611,4.912827,6.609705,8.436246,14.994790,13.480318,
0.845774,1.194274,1.402881,2.076923,4.604721,4.460654,4.912827,6.609705,8.436246,14.994790,13.480318,
0.845774,1.194274,1.402881,2.076923,4.604721,8.560099,4.912827,6.609705,7.080434,14.994790,13.480318,
0.845774,1.194274,1.402881,2.076923,4.604721,8.644429,4.912827,6.609705,7.080434,14.994790,13.480318,
0.845774,1.461770,1.402881,2.076923,4.604721,8.644429,4.912827,6.609705,7.080434,14.994790,13.480318,
0.845774,1.461770,1.402881,2.076923,3.799315,8.644429,4.912827,6.609705,7.080434,12.217340,12.950070,
0.845774,1.461770,1.402881,2.076923,3.799315,8.644429,4.912827,6.609705,6.844163,12.217340,12.950070,
0.845774,1.461770,1.402881,2.076923,3.799315,8.644429,4.912827,6.609705,9.847615,12.217340,12.950070,
0.845774,1.461770,1.402881,2.076923,3.799315,8.644429,4.902267,6.609705,9.847615,12.217340,12.950070,
0.845774,1.461770,1.402881,2.076923,3.799315,5.588160,4.902267,6.609705,12.175112,12.217340,12.950070,
0.845774,1.461770,1.402881,2.076923,3.799315,5.588160,5.767033,6.609705,18.084480,12.217340,12.950070,
0.845774,1.461770,1.402881,2.076923,3.799315,6.746282,5.767033,6.609705,8.555731,12.217340,12.950070,
0.845774,1.461770,1.402881,2.076923,3.799315,6.746282,5.084039,6.609705,8.555731,15.019582,12.950070,
0.845774,1.461770,1.402881,2.076923,3.799315,6.389226,5.845310,6.609705,8.555731,15.019582,12.950070,
0.845774,1.461770,1.402881,2.076923,3.799315,10.798710,5.845310,6.609705,8.555731,15.019582,12.950070,
0.845774,1.461770,1.402881,2.076923,4.640171,12.380494,5.845310,6.609705,8.027774,16.988399,8.509102,
0.845774,1.461770,1.402881,2.076923,4.640171,12.380494,4.907213,6.986088,6.280303,15.337424,8.569308,
0.845774,1.461770,1.402881,2.076923,4.640171,11.426113,3.739698,6.986088,12.778943,14.081411,10.014607,
0.845774,1.461770,1.402881,2.330564,4.640171,7.928637,5.130424,6.371838,15.723333,14.081411,10.014607,
0.845774,1.461770,1.402881,2.330564,4.640171,14.648861,5.130424,6.371838,15.723333,14.081411,10.014607,
0.845774,1.461770,1.402881,2.330564,4.640171,14.786710,5.130424,6.371838,15.723333,14.199682,12.507221,
0.845774,1.461770,1.402881,1.615293,4.640171,13.950897,5.130424,6.371838,16.460811,14.199682,11.038727,
0.845774,1.461770,1.402881,1.615293,4.640171,13.950897,5.130424,6.371838,16.460811,13.502806,11.038727,
0.845774,1.461770,1.402881,1.615293,4.652910,12.134161,5.130424,6.371838,16.445589,14.473749,11.038727,
0.845774,1.856105,1.402881,1.615293,4.652910,12.134161,5.130424,6.371838,19.949282,14.473749,11.038727,
0.845774,1.856105,1.402881,1.615293,4.652910,12.134161,5.130424,6.371838,19.949282,14.473749,11.669635,
0.845774,1.856105,1.402881,1.615293,4.652910,12.134161,5.130424,6.371838,19.949282,14.473749,11.669635,
0.845774,1.856105,1.402881,1.615293,4.652910,12.134161,5.130424,6.371838,16.523911,14.011039,11.669635,
0.845774,2.302185,1.402881,1.615293,4.652910,12.134161,5.130424,6.371838,9.511711,14.011039,11.669635,
0.845774,2.302185,1.402881,1.615293,4.652910,6.804020,5.130424,6.371838,7.098516,13.569758,11.669635,
0.845774,2.302185,1.402881,1.615293,4.652910,6.804020,5.130424,6.371838,7.098516,13.569758,14.357006,
0.845774,2.302185,1.404991,1.615293,4.652910,6.804020,5.130424,6.371838,6.683792,13.569758,14.357006,
0.845774,2.302185,1.404991,1.615293,4.652910,9.489977,5.130424,6.371838,6.683792,13.569758,12.413257,
0.845774,2.302185,1.404991,1.615293,4.652910,9.489977,5.130424,6.371838,6.843195,13.569758,12.942356,
0.845774,2.302185,1.404991,1.615293,4.652910,9.489977,5.130424,6.371838,6.843195,13.569758,12.942356,
0.845774,2.302185,1.404991,1.615293,4.652910,9.489977,5.130424,6.371838,6.843195,13.569758,12.942356,
0.845774,2.302185,1.404991,1.615293,4.652910,9.489977,5.130424,6.371838,6.843195,13.569758,11.589238,
0.845774,2.302185,1.404991,1.615293,4.652910,9.489977,5.130424,6.371838,6.843195,13.569758,11.470843,
0.845774,2.302185,1.404991,1.615293,4.395416,9.489977,5.130424,6.371838,6.843195,13.569758,13.254238,
0.845774,2.302185,1.404991,1.615293,4.115602,9.489977,4.931754,6.371838,5.010208,13.569758,13.254238,
0.845774,1.934249,1.404991,1.615293,4.115602,9.489977,4.931754,6.371838,5.010208,13.569758,13.254238,
0.845774,1.945642,1.404991,1.615293,4.115602,7.905683,4.931754,6.326309,6.778439,13.569758,15.805811,
0.845774,1.945642,1.404991,1.615293,4.115602,7.905683,4.931754,6.326309,6.778439,13.153125,9.773332,
0.845774,1.945642,1.404991,1.615293,4.115602,7.905683,4.931754,6.326309,10.424771,13.153125,16.822051,
0.845774,1.513124,1.404991,1.615293,4.115602,7.316685,4.931754,6.326309,10.424771,13.153125,16.822051,
0.845774,1.513124,1.404991,1.615293,4.115602,4.882852,4.931754,6.326309,10.424771,13.153125,16.822051,
0.845774,1.513124,1.404991,1.615293,4.115602,4.882852,4.931754,6.326309,10.424771,13.153125,16.822051,
0.845774,1.513124,1.404991,1.615293,4.115602,4.882852,4.489613,6.326309,7.483098,13.153125,16.822051,
0.845774,1.513124,1.404991,1.615293,4.115602,3.572854,4.489613,6.326309,7.483098,13.153125,16.820073,
0.845774,1.513124,1.404991,1.615293,4.115602,2.748274,4.441189,6.326309,7.483098,13.177557,12.050883,
0.845774,1.513124,1.404991,1.615293,4.115602,2.748274,4.441189,6.326309,7.483098,13.177557,18.649772,
0.845774,1.513124,1.404991,1.862182,3.980169,6.463639,4.441189,6.326309,11.325937,13.177557,18.649772,
0.845774,1.513124,1.404991,1.862182,3.980169,12.562726,4.441189,6.326309,9.527598,10.041401,18.649772,
0.845774,1.513124,1.404991,1.862182,3.980169,14.944133,4.441189,6.326309,3.039499,10.041401,17.299625,
0.845774,1.513124,1.404991,1.862182,3.980169,17.676941,4.441189,6.326309,3.230108,10.041401,17.299625,
0.845774,1.513124,1.404991,1.862182,3.980169,15.676614,4.376004,6.326309,2.440434,10.041401,17.299625,
0.845774,1.513124,1.404991,1.862182,3.980169,17.150970,4.376004,6.326309,4.691206,11.294787,17.299625,
0.845774,1.513124,1.404991,1.862182,3.980169,16.009909,4.376004,6.326309,4.064620,11.294787,17.299625,
0.845774,1.694402,1.404991,1.862182,3.980169,16.009909,4.398727,6.326309,4.064620,11.471684,15.603004,
0.845774,1.694402,1.404991,1.862182,3.980169,16.009909,4.398727,6.326309,4.064620,11.471684,15.603004,
0.845774,1.694402,1.404991,1.862628,3.980169,9.773995,4.398727,6.326309,4.005289,11.471684,17.810961,
0.845774,1.694402,1.404991,1.862628,3.980169,10.935218,4.308807,6.326309,6.137375,10.814532,18.686946,
0.845774,1.774992,1.404991,1.862628,3.971371,15.440181,4.308807,6.326309,6.137375,10.814532,18.686946,
0.845774,1.774992,1.404991,1.862628,3.971371,18.881791,4.308807,6.326309,6.137375,10.814532,18.686946,
0.845774,1.774992,1.404991,1.862628,3.971371,10.318095,4.308807,6.326309,6.438189,10.993342,18.686946,
0.845774,1.774992,1.404991,1.930378,3.971371,6.377775,3.872258,6.326309,6.438189,12.167490,14.352056,
0.845774,1.106364,1.475038,2.813915,3.971371,6.377775,3.872258,6.326309,6.438189,12.167490,14.352056,
0.845774,1.106364,1.475038,2.813915,3.971371,6.377775,3.872258,6.326309,10.303687,12.167490,14.352056,
0.845774,1.106364,1.475038,2.813915,3.971371,3.147658,3.872258,6.326309,11.206479,12.167490,14.352056,
0.845774,1.106364,1.475038,2.813915,3.971371,6.725570,3.872258,6.326309,11.206479,12.167490,14.352056,
0.845774,1.106364,1.475038,2.813915,3.971371,6.725570,3.872258,6.326309,11.206479,12.167490,14.352056,
0.845774,1.106364,1.475038,2.813915,3.971371,6.725570,3.872258,6.326309,11.206479,12.167490,14.352056,
0.845774,1.106364,1.475038,2.813915,3.971371,6.725570,3.872258,6.326309,10.311764,12.167490,16.365975,
0.845774,1.106364,1.475038,2.813915,3.971371,4.683564,3.872258,6.326309,18.594628,11.449903,16.365975,
0.845774,1.106364,1.475038,2.609001,3.971371,4.683564,3.872258,6.326309,18.594628,11.449903,16.365975,
0.845774,1.108359,1.475038,2.609001,3.971371,4.683564,3.872258,6.326309,19.672055,11.449903,16.365975,
0.845774,1.108359,1.475038,2.609001,3.971371,4.683564,3.872258,6.326309,14.815235,11.449903,16.365975,
0.845774,1.108359,1.475038,2.609001,3.971371,4.683564,3.872258,6.326309,7.980798,11.449903,15.505941,
0.845774,1.081039,1.475038,2.609001,3.971371,4.234032,4.286458,6.326309,4.269710,10.487510,15.505941,
0.845774,1.081039,1.475038,2.609001,3.971371,1.258031,4.286458,6.326309,2.810427,15.148986,15.505941,
0.845774,1.081039,1.475038,2.609001,3.971371,1.258031,4.286458,6.326309,4.524051,14.488588,15.618527,
0.845774,1.081039,1.475038,2.609001,3.971371,5.014117,4.286458,6.644356,4.524051,10.751017,11.897134,
0.845774,1.081039,1.475038,2.609001,3.971371,7.061317,4.286458,6.644356,3.581413,10.751017,11.897134,
0.845774,1.081039,1.475038,2.609001,3.971371,7.802672,4.286458,6.644356,3.798257,10.751017,11.897134,
0.845774,1.081039,1.475038,2.609001,3.971371,7.802672,4.286458,6.644356,3.798257,10.850121,11.897134,
0.845774,1.081039,1.433369,2.609001,5.222797,7.802672,4.286458,6.644356,3.798257,11.211720,11.897134,
0.845774,1.081039,1.433369,2.609001,5.222797,2.352193,4.286458,6.644356,3.798257,11.622963,11.897134,
0.845774,1.081039,1.303323,2.609001,6.044541,2.352193,4.286458,6.644356,5.711724,11.622963,11.897134,
0.845774,1.081039,1.360453,2.609001,6.044541,9.362567,4.286458,6.773582,5.711724,13.527090,7.652090,
0.845774,1.081039,1.360453,2.609001,6.044541,9.362567,4.286458,6.773582,5.711724,13.527090,9.178105,
0.845774,1.193549,1.360453,2.609001,6.044541,11.283502,4.286458,6.773582,5.494173,13.527090,9.767230,
0.845774,1.193549,1.360453,2.609001,6.089046,10.830972,4.286458,6.773582,5.494173,13.527090,9.767230,
0.845774,1.193549,1.360453,2.609001,6.089046,17.765470,4.286458,6.876651,5.494173,13.190450,9.767230,
0.845774,1.193549,1.360453,2.609001,4.171479,13.354139,4.286458,6.876651,5.541597,13.190450,11.626936,
0.845774,1.193549,1.360453,2.609001,4.171479,15.461410,4.286458,6.876651,7.309456,13.190450,9.356886,
0.845774,1.193549,1.360453,2.609001,4.171479,11.591194,4.286458,6.876651,6.189792,13.190450,9.356886,
0.845774,1.193549,1.360453,2.609001,4.372224,11.591194,3.977035,6.876651,6.189792,13.190450,11.941057,
0.845774,1.193549,1.360453,2.609001,4.372224,11.591194,3.977035,6.876651,10.944222,11.662928,11.941057,
0.845774,1.193549,1.360453,2.609001,4.372224,12.757692,3.977035,6.876651,10.944222,12.148051,11.941057,
0.845774,1.193549,1.360453,2.609001,4.372224,13.831562,3.977035,6.876651,10.944222,12.540109,11.941057,
0.845774,1.193549,1.360453,2.275318,4.372224,13.831562,3.977035,6.876651,10.944222,12.540109,11.941057,
0.845774,1.193549,1.360453,3.148651,5.471788,8.093627,3.977035,6.876651,8.208490,12.540109,11.941057,
0.845774,1.193549,1.360453,3.148651,5.432148,8.093627,3.977035,6.876651,9.412728,12.540109,11.941057,
0.845774,1.193549,1.360453,3.148651,5.432148,8.093627,3.977035,6.876651,9.412728,12.540109,10.060265,
0.845774,1.193549,1.360453,3.148651,5.432148,5.830615,4.972818,6.876651,9.412728,12.540109,10.060265,
0.845774,1.193549,1.360453,3.148651,5.432148,5.830615,4.972818,6.876651,6.274557,11.849993,10.060265,
0.845774,1.193549,1.360453,2.937446,4.107587,5.830615,4.972818,6.876651,6.274557,11.849993,10.060265,
0.845774,1.193549,1.360453,2.937446,4.107587,8.894320,4.885858,6.876651,8.186914,11.849993,10.808754,
0.845774,1.193549,1.360453,2.937446,4.107587,12.006292,4.885858,6.876651,11.748557,15.102944,10.808754,
0.845774,1.193549,1.360453,2.937446,4.107587,15.763343,4.744756,6.876651,11.614727,15.102944,8.256678,
0.845774,1.193549,1.360453,2.797355,4.107587,15.763343,5.119139,6.876651,7.328600,15.102944,12.123671,
0.845774,1.193549,1.360453,2.797355,4.107587,10.036777,5.119139,6.876651,7.328600,15.102944,12.123671,
0.845774,1.264525,1.360453,2.078525,4.107587,10.863579,5.119139,6.876651,8.457917,15.102944,12.123671,
0.845774,1.264525,1.360453,2.078525,4.107587,6.164066,5.119139,6.876651,8.457917,16.343786,12.123671,
0.845774,1.264525,1.360453,2.078525,4.107587,6.164066,5.119139,6.876651,8.457917,16.343786,12.123671,
0.845774,1.264525,1.360453,2.078525,4.107587,6.164066,5.119139,6.876651,8.457917,14.091602,10.901990,
0.845774,1.264525,1.360453,2.078525,4.107587,6.176254,5.119139,6.876651,10.882290,14.091602,10.901990,
0.845774,1.264525,1.360453,2.078525,4.107587,8.391795,5.119139,6.876651,9.567481,14.091602,10.901990,
0.845774,1.264525,1.362543,2.257040,4.107587,8.391795,5.119139,6.876651,11.767958,15.727659,10.901990,
0.845774,1.264525,1.362543,2.398516,4.918556,8.391795,5.119139,6.876651,11.767958,15.727659,10.901990,
0.845774,1.264525,1.362543,1.648168,4.918556,8.391795,5.119139,6.876651,11.767958,15.727659,10.901990,
0.845774,1.264525,1.362543,1.648168,4.918556,8.391795,5.119139,6.876651,11.767958,15.727659,10.901990,
0.845774,1.264525,1.362543,1.648168,4.918556,5.182089,5.119139,6.876651,11.767958,15.727659,10.901990,
0.845774,1.466175,1.362543,1.648168,3.958139,4.403335,5.119139,6.876651,10.456103,15.748919,10.901990,
0.845774,1.466175,1.362543,1.648168,3.958139,4.403335,5.119139,6.876651,15.392118,15.748919,11.604837,
0.845774,1.466175,1.362543,1.648168,3.958139,13.326951,5.119139,6.876651,15.392118,15.748919,11.604837,
0.845774,1.466175,1.362543,1.648168,3.958139,13.326951,6.124535,6.876651,15.392118,15.748919,11.604837,
0.845774,1.466175,1.362543,1.648168,3.958139,12.134942,6.124535,6.876651,13.447766,15.748919,11.604837,
0.845774,1.466175,1.362543,1.648168,3.958139,7.955362,6.124535,6.876651,13.447766,15.748919,11.604837,
0.845774,1.466175,1.362543,1.648168,3.958139,8.015951,6.124535,6.876651,13.447766,15.748919,11.604837,
0.845774,1.466175,1.362543,1.648168,3.958139,10.154373,6.124535,6.876651,13.447766,15.748919,13.829662,
0.845774,1.466175,1.362543,1.648168,4.485100,10.154373,5.575649,6.876651,13.447766,16.486603,8.675127,
0.845774,1.466175,1.362543,1.648168,4.485100,10.154373,5.575649,6.876651,13.447766,16.486603,9.842834,
0.845774,1.466175,1.362543,1.648168,4.485100,8.080095,4.690421,6.876651,12.154917,16.682217,9.842834,
0.845774,1.466175,1.362543,2.591529,4.485100,2.753344,4.690421,6.876651,12.154917,16.878587,9.138246,
0.845774,1.466175,1.362543,2.591529,4.485100,2.753344,4.690421,6.876651,12.154917,12.712637,8.475162,
0.845774,1.466175,1.362543,2.591529,4.485100,8.727009,4.690421,6.876651,12.154917,12.712637,8.475162,
0.845774,1.466175,1.362543,2.591529,4.485100,8.727009,4.690421,6.876651,13.455334,12.712637,8.475162,
0.845774,1.466175,1.362543,2.591529,4.485100,8.727009,4.690421,6.876651,10.451779,12.844965,12.228363,
0.845774,1.339853,1.362543,2.591529,5.154557,9.374679,4.690421,6.876651,10.451779,12.844965,9.681470,
0.845774,1.339853,1.362543,2.591529,5.154557,8.649523,4.690421,6.876651,10.451779,12.844965,9.681470,
0.845774,1.343393,1.362543,2.591529,5.154557,9.198287,4.690421,6.876651,10.451779,12.844965,9.681470,
0.845774,1.343393,1.362543,2.591529,5.154557,7.142283,4.690421,6.876651,10.451779,12.844965,9.681470,
0.845774,1.441483,1.362543,2.591529,5.154557,4.536162,4.690421,6.876651,10.451779,12.844965,9.681470,
0.845774,1.441483,1.362543,2.591529,5.154557,4.536162,4.199632,6.876651,10.451779,12.844965,9.681470,
0.845774,1.441483,1.362543,2.591529,5.154557,4.536162,4.199632,6.876651,11.579682,12.844965,9.681470,
0.845774,1.441483,1.362543,2.501214,5.008161,4.536162,4.199632,6.876651,11.579682,12.227201,9.681470,
0.845774,1.441483,1.362543,2.517606,5.008161,7.007291,4.199632,6.876651,11.579682,15.248587,9.681470,
0.845774,1.441483,1.362543,2.517606,5.008161,7.007291,4.199632,6.876651,11.579682,15.248587,9.681470,
0.845774,1.441483,1.362543,2.517606,5.008161,8.509680,4.199632,6.746847,11.579682,11.190586,9.681470,
0.845774,1.154791,1.362543,2.517606,5.008161,7.372556,4.095992,6.746847,9.457054,11.190586,10.921413,
0.845774,1.154791,1.362543,2.517606,5.008161,10.711879,4.095992,6.746847,9.457054,11.190586,10.921413,
0.845774,1.372746,1.362543,2.517606,5.008161,10.711879,4.095992,6.746847,9.457054,11.190586,10.921413,
0.845774,1.372746,1.362543,2.517606,5.008161,14.994073,4.095992,6.746847,5.139468,11.190586,10.921413,
0.845774,1.372746,1.362543,2.517606,5.008161,14.563395,4.095992,6.746847,5.139468,11.190586,10.921413,
0.845774,1.372746,1.362543,2.517606,5.008161,14.563395,4.095992,6.746847,5.139468,11.190586,10.921413,
0.845774,1.372746,1.362543,2.517606,5.008161,14.563395,4.095992,6.746847,8.652650,11.190586,9.678409,
0.845774,1.372746,1.362543,2.517606,5.008161,8.494145,4.095992,6.746847,8.204541,11.190586,9.678409,
0.845774,1.372746,1.362543,2.517606,5.008161,6.907104,4.095992,6.746847,12.685716,11.190586,9.678409,
0.845774,1.372746,1.362543,2.517606,5.008161,6.907104,4.471558,6.746847,12.685716,11.190586,9.678409,
0.845774,1.289134,1.362543,2.517606,5.008161,11.854402,3.519624,6.746847,12.685716,11.978193,12.143728,
0.845774,1.289134,1.362543,2.140416,5.008161,11.854402,3.519624,6.267817,13.231285,8.213780,12.143728,
0.845774,1.289134,1.362543,2.140416,5.008161,13.462765,3.519624,6.267817,13.231285,8.213780,12.143728,
0.845774,1.289134,1.362543,2.140416,5.008161,13.462765,3.519624,6.267817,11.968297,8.213780,14.560653,
0.845774,1.289134,1.362543,2.140416,5.008161,13.462765,3.519624,6.267817,11.968297,8.213780,14.560653,
0.845774,1.289134,1.362543,2.140416,5.008161,11.627567,3.519624,6.267817,10.626662,8.213780,14.560653,
0.845774,1.289134,1.362543,2.140416,5.008161,15.554905,3.519624,6.267817,10.626662,8.329619,14.560653,
0.845774,1.289134,1.362543,2.140416,4.964817,15.554905,3.519624,6.747501,10.626662,8.329619,13.338186,
0.845774,1.289134,1.362543,2.140416,4.964817,15.852841,3.519624,6.747501,10.975052,8.329619,9.687337,
0.845774,1.289134,1.362543,2.140416,4.964817,19.772003,3.519624,6.747501,10.975052,8.329619,11.131050,
0.845774,1.289134,1.362543,2.140416,4.964817,25.457232,3.519624,6.747501,10.467756,8.329619,11.296596,
0.845774,1.289134,1.362543,2.140416,4.964817,28.470487,3.519624,6.747501,17.759654,9.611164,11.296596,
0.845774,1.289134,1.362543,2.140416,5.386651,20.582982,3.519624,6.747501,18.013962,9.611164,11.296596,
0.845774,1.289134,1.362543,2.140416,5.386651,20.582982,3.519624,6.747501,17.338922,9.611164,11.296596,
0.845774,1.289134,1.362543,2.140416,5.386651,20.582982,3.519624,6.747501,14.460193,9.611164,11.296596,
0.845774,1.289134,1.362543,2.140416,5.386651,20.582982,3.519624,6.747501,11.048499,9.611164,11.296596,
0.845774,1.289134,1.362543,2.140416,5.386651,17.017345,3.519624,6.747501,13.046446,9.611164,11.296596,
0.845774,1.289134,1.362543,2.485014,5.386651,13.914443,3.519624,6.747501,9.811280,9.611164,11.296596,
0.845774,1.289134,1.362543,2.485014,5.386651,15.205967,3.519624,6.747501,9.811280,9.611164,11.296596,
0.845774,1.289134,1.362543,2.485014,4.046333,8.982303,3.519624,6.747501,10.591243,9.611164,11.296596,
0.845774,1.289134,1.362543,2.485014,4.046333,8.982303,3.519624,6.747501,14.886293,9.611164,11.296596,
0.845774,1.289134,1.362543,2.485014,4.046333,8.982303,3.519624,6.747501,14.886293,9.611164,11.296596,
0.845774,1.289134,1.362543,2.485014,4.356257,8.982303,3.258748,6.747501,13.745076,9.611164,11.296596,
0.845774,1.289134,1.362543,2.485014,4.356257,7.472892,3.258748,6.922949,12.900331,8.584285,11.296596,
0.845774,1.289134,1.362543,2.485014,4.356257,13.056932,3.258748,6.922949,12.900331,7.904971,12.443194,
0.845774,1.289134,1.362543,2.485014,4.356257,13.056932,3.258748,6.922949,13.225734,7.904971,13.330881,
0.845774,1.289134,1.362543,2.485014,4.356257,13.056932,3.258748,6.922949,11.206613,8.354573,11.890907,
0.845774,1.289134,1.362543,2.485014,4.356257,12.301516,3.258748,7.058812,11.129394,8.354573,11.890907,
0.845774,1.289134,1.362543,2.485014,4.356257,12.301516,3.258748,7.058812,12.315047,8.354573,11.890907,
0.845774,1.289134,1.362543,2.485014,4.356257,10.469793,3.258748,7.058812,7.039438,8.354573,11.890907,
0.845774,1.289134,1.362543,2.485014,4.356257,14.561783,3.258748,7.058812,7.039438,9.470600,11.890907,
0.845774,1.289134,1.362543,2.485014,4.356257,14.561783,3.258748,7.058812,9.198114,9.470600,11.890907,
0.845774,1.289134,1.362543,2.485014,4.356257,17.157819,3.258748,6.783829,5.333018,9.470600,11.890907,
0.845774,1.289134,1.362543,2.423779,4.356257,19.510238,3.756196,6.783829,5.933782,9.470600,11.890907,
0.845774,1.289134,1.362543,2.423779,4.356257,21.387835,3.756196,6.783829,6.357208,9.470600,11.890907,
0.845774,1.289134,1.362543,2.423779,4.356257,17.245852,3.756196,6.783829,3.698830,9.470600,11.564932,
0.845774,1.289134,1.362543,2.423779,5.133438,15.172410,3.756196,6.783829,3.000512,9.470600,11.564932,
0.845774,1.289134,1.362543,2.423779,4.341061,15.172410,3.876162,6.783829,3.000512,9.470600,11.564932,
0.845774,1.289134,1.362543,2.423779,4.341061,14.634705,3.876162,6.783829,6.451122,9.257657,11.564932,
0.845774,1.289134,1.362543,2.423779,4.341061,8.726050,3.876162,6.783829,10.379075,9.257657,11.575838,
0.845774,1.289134,1.362543,1.630696,4.341061,8.726050,3.876162,6.783829,16.152977,9.257657,11.575838,
0.845774,1.289134,1.362543,1.630696,4.341061,8.726050,3.876162,6.783829,16.152977,12.403756,11.575838,
0.845774,1.289134,1.362543,1.630696,4.341061,9.650039,3.876162,6.783829,11.188649,12.403756,11.575838,
0.845774,1.289134,1.362543,1.630696,4.341061,12.113984,3.876162,6.783829,16.404795,12.403756,11.575838,
0.845774,1.289134,1.362543,1.630696,4.341061,13.259179,3.876162,6.783829,16.404795,12.403756,11.575838,
0.845774,1.289134,1.362543,1.630696,4.341061,15.394220,3.876162,6.783829,16.404795,12.781682,11.575838,
0.845774,1.289134,1.362543,1.630696,4.341061,15.394220,4.113112,6.783829,15.920257,13.619967,12.034115,
0.845774,1.289134,1.573427,1.630696,4.341061,15.394220,4.113112,6.783829,21.117943,13.619967,12.034115,
0.845774,1.289134,1.573427,1.630696,4.341061,15.394220,4.535892,6.783829,13.879534,13.619967,12.034115,
0.845774,1.289134,1.573427,1.630696,3.201497,15.098561,4.535892,6.783829,9.801611,13.619967,13.472845,
0.845774,1.289134,1.573427,1.630696,3.201497,6.827803,4.535892,6.783829,10.121672,13.619967,13.472845,
0.845774,1.289134,1.573427,1.630696,3.201497,6.827803,4.535892,6.783829,12.844988,13.619967,10.558415,
0.845774,2.316205,1.920989,1.630696,3.201497,7.248557,4.535892,6.783829,12.844988,15.486143,10.558415,
0.845774,2.316205,1.920989,1.630696,3.201497,7.248557,4.535892,6.783829,9.537800,15.486143,6.862191,
0.845774,2.316205,1.593056,1.630696,3.201497,7.248557,5.861178,6.783829,9.537800,15.486143,8.099039,
0.845774,2.316205,1.593056,1.630696,3.201497,14.249953,5.861178,6.783829,9.537800,19.304191,8.099039,
0.845774,2.316205,1.593056,1.630696,3.201497,12.178316,5.861178,6.783829,9.537800,21.477619,8.099039,
0.845774,2.316205,1.701558,1.630696,3.201497,8.876872,5.860862,6.783829,8.245725,21.477619,8.099039,
0.845774,2.316205,1.701558,1.630696,3.201497,8.876872,5.860862,6.783829,8.245725,21.477619,6.585274,
0.845774,1.767430,1.701558,1.630696,3.201497,6.318082,7.461704,6.783829,8.637061,21.477619,6.585274,
0.845774,1.767430,1.701558,1.630696,3.260401,10.371641,7.461704,6.783829,8.637061,24.411595,10.072885,
0.845774,1.767430,1.701558,1.630696,3.260401,12.900946,7.461704,6.783829,8.637061,24.411595,10.072885,
0.845774,1.767430,1.701558,1.630696,3.260401,12.900946,7.461704,6.783829,8.637061,24.411595,10.072885,
0.845774,1.767430,1.701558,1.630696,3.260401,12.900946,7.461704,6.783829,8.637061,22.895321,8.508952,
0.845774,1.767430,1.670486,1.630696,3.260401,18.749180,7.195723,6.783829,12.461156,22.895321,8.508952,
0.845774,2.065509,1.670486,1.630696,3.260401,18.749180,7.195723,6.783829,12.461156,22.895321,8.508952,
0.845774,2.065509,1.670486,1.630696,3.260401,18.749180,7.195723,6.783829,12.461156,22.895321,9.163220,
0.845774,2.065509,1.670486,1.630696,3.260401,18.749180,7.195723,6.783829,12.461156,22.895321,9.163220,
0.845774,2.065509,1.670486,1.630696,3.260401,12.941242,7.195723,6.783829,12.461156,22.895321,9.163220,
0.845774,2.065509,1.670486,1.630696,3.260401,12.941242,7.195723,6.783829,11.552637,23.949668,11.383720,
0.845774,2.065509,1.720795,1.630696,3.732345,12.941242,7.195723,6.783829,11.552637,23.949668,11.383720,
0.845774,2.065509,1.720795,1.630696,3.732345,13.913998,7.195723,6.783829,8.425329,20.211526,6.782318,
0.845774,2.065509,1.720795,1.630696,3.732345,7.392533,7.195723,6.783829,8.795559,20.211526,8.587391,
0.845774,2.065509,1.720795,1.630696,3.732345,7.392533,7.195723,6.783829,8.097202,20.211526,8.587391,
0.845774,2.065509,1.720795,1.630696,3.732345,7.392533,7.195723,6.783829,8.097202,20.211526,8.587391,
0.845774,2.065509,1.720795,1.630696,3.732345,7.392533,7.195723,6.783829,8.097202,20.211526,8.587391,
0.845774,2.065509,1.720795,1.630696,3.732345,7.392533,7.195723,6.783829,8.097202,20.211526,8.587391,
0.845774,2.065509,1.720795,1.630696,3.732345,7.392533,7.195723,6.783829,8.097202,20.211526,8.587391,
0.845774,2.065509,1.720795,1.630696,3.732345,5.754398,7.195723,6.783829,8.097202,22.715181,8.587391,
0.845774,2.065509,1.594546,1.630696,3.732345,5.754398,6.702180,6.783829,8.097202,20.738689,8.587391,
0.845774,2.065509,1.594546,1.630696,3.732345,6.141583,6.702180,6.783829,9.279942,20.738689,8.587391,
0.845774,2.065509,1.594546,1.630696,3.732345,6.141583,7.828754,6.783829,9.279942,20.738689,9.254313,
0.845774,2.065509,1.594546,1.630696,3.732345,2.688102,7.828754,6.783829,9.279942,20.738689,8.549149,
0.845774,2.065509,1.594546,1.630696,3.139625,2.688102,7.828754,6.783829,9.279942,20.738689,8.549149,
0.845774,2.065509,1.594546,1.630696,3.139625,2.688102,7.828754,6.783829,9.279942,22.454800,8.549149,
0.845774,2.065509,1.594546,1.702617,3.139625,5.160718,7.373728,6.783829,4.846804,22.454800,8.587417,
0.845774,2.065509,1.594546,1.702617,3.139625,5.160718,7.373728,6.783829,4.846804,22.454800,12.419472,
0.845774,2.065509,1.594546,1.702617,3.139625,9.397266,7.373728,6.783829,4.846804,22.454800,12.419472,
0.845774,2.065509,1.594546,1.702617,3.139625,9.961168,7.373728,6.783829,4.846804,22.454800,12.419472,
0.845774,2.065509,1.594546,1.702617,3.139625,9.961168,7.373728,6.783829,4.846804,22.454800,12.419472,
0.845774,2.065509,1.594546,1.702617,3.139625,9.961168,7.373728,6.783829,4.846804,22.454800,12.419472,
0.845774,2.065509,1.594546,1.702617,3.139625,12.060249,7.373728,6.783829,4.846804,22.454800,9.267424,
0.845774,2.065509,1.594546,1.702617,3.139625,11.398106,7.373728,6.783829,4.846804,22.454800,9.267424,
0.845774,2.065509,1.594546,1.702617,3.139625,11.398106,7.373728,6.783829,4.846804,22.454800,9.267424,
0.845774,2.065509,1.594546,1.702617,3.139625,11.398106,7.373728,6.783829,4.846804,22.454800,9.267424,
0.845774,1.614541,1.594546,1.702617,3.139625,6.324364,7.373728,6.783829,4.846804,24.949199,9.267424,
0.803357,1.614541,1.594546,1.702617,3.139625,6.324364,7.373728,6.783829,4.846804,24.642931,9.267424,
0.803357,1.614541,1.594546,1.702617,3.139625,5.059428,7.373728,6.783829,4.846804,24.642931,9.267424,
0.803357,1.614541,1.594546,1.496107,3.139625,5.059428,7.373728,6.783829,4.846804,20.585142,9.267424,
0.803357,1.333130,1.594546,1.496107,3.139625,7.408769,7.373728,6.783829,4.846804,20.585142,9.267424,
0.803357,1.333130,1.594546,1.496107,3.139625,7.408769,7.373728,6.783829,4.846804,20.585142,9.267424,
0.803357,1.333130,1.594546,2.054780,3.139625,7.408769,7.373728,6.783829,4.846804,20.585142,9.267424,
0.803357,1.333130,1.594546,2.054780,3.139625,7.408769,7.735493,6.783829,4.846804,20.585142,9.267424,
0.803357,1.333130,1.594546,2.054780,3.139625,7.408769,7.735493,6.783829,4.846804,20.585142,9.267424,
0.803357,1.333130,1.594546,2.054780,3.139625,7.408769,7.735493,6.783829,4.846804,20.143506,15.400499,
0.803357,1.333130,1.594546,2.054780,3.139625,2.921822,7.735493,6.783829,3.903296,20.143506,14.758422,
0.803357,1.333130,1.594546,2.054780,3.139625,2.921822,7.735493,6.783829,3.903296,20.143506,15.500549,
0.803357,1.333130,1.594546,2.054780,3.139625,5.007220,7.735493,6.783829,3.903296,20.143506,12.343114,
0.803357,1.333130,1.594546,2.054780,3.139625,8.370814,7.735493,6.783829,3.503286,20.590001,12.343114,
0.803357,1.333130,1.594546,2.054780,3.139625,8.670618,7.735493,6.783829,9.357375,21.158108,14.094580,
0.803357,1.333130,1.594546,2.054780,3.139625,6.726135,7.735493,6.783829,9.683604,21.158108,14.094580,
0.803357,1.333130,1.746090,2.054780,3.139625,3.903524,7.735493,6.783829,3.678260,21.158108,14.094580,
0.803357,1.333130,1.746090,2.054780,3.139625,1.477286,6.068825,6.783829,7.094121,21.158108,14.094580,
0.803357,1.333130,1.746090,2.054780,3.139625,2.705499,6.068825,6.783829,7.094121,17.225318,14.094580,
0.803357,1.333130,1.746090,2.054780,3.139625,5.937254,6.068825,6.783829,3.214418,17.225318,14.094580,
0.803357,1.333130,1.746090,2.054780,3.139625,3.432310,6.068825,6.783829,3.542586,17.225318,10.889679,
0.803357,1.333130,1.746090,2.054780,3.139625,3.432310,6.068825,6.783829,5.625084,17.225318,10.889679,
0.803357,1.333130,1.746090,2.054780,3.139625,3.432310,6.068825,6.783829,12.489088,17.225318,10.889679,
0.803357,1.333130,1.746090,2.150351,3.139625,3.432310,6.223952,6.783829,4.485860,19.040799,10.889679,
0.803357,1.333130,1.746090,2.150351,3.139625,3.432310,6.223952,7.074343,4.735102,19.040799,10.889679,
0.803357,1.333130,1.746090,2.220209,3.139625,1.609848,6.223952,7.074343,4.735102,19.040799,10.889679,
0.803357,1.333130,1.746090,2.220209,3.139625,1.609848,6.223952,7.074343,6.907302,19.040799,6.800628,
0.803357,1.333130,1.746090,2.220209,3.139625,3.463804,6.223952,7.074343,12.083267,19.473200,6.800628,
0.803357,1.333130,1.746090,2.154180,3.139625,8.205605,6.223952,7.074343,6.551816,19.473200,6.800628,
0.803357,1.333130,1.746090,2.154180,3.139625,8.205605,6.223952,7.074343,6.551816,19.473200,6.800628,
0.803357,1.333130,1.746090,2.322508,3.139625,8.205605,6.223952,7.074343,6.551816,19.473200,6.800628,
0.803357,1.333130,1.746090,2.322508,3.139625,8.205605,6.223952,7.074343,11.132491,21.068821,6.800628,
0.803357,1.333130,1.746090,2.044160,3.139625,10.015760,6.223952,7.074343,11.132491,21.068821,6.800628,
0.803357,1.333130,1.746090,2.044160,3.139625,10.015760,6.223952,7.074343,11.132491,21.979734,6.426272,
0.803357,1.333130,1.746090,2.823387,3.139625,5.520541,6.223952,7.074343,11.132491,21.979734,6.426272,
0.803357,1.333130,1.746090,2.823387,3.139625,5.520541,6.223952,7.074343,11.132491,21.979734,6.426272,
0.803357,1.333130,1.746090,2.823387,3.139625,5.520541,6.223952,7.074343,11.132491,21.979734,6.426272,
0.803357,1.333130,1.746090,1.779800,3.986339,2.949314,6.223952,7.074343,11.132491,21.979734,6.426272,
0.803357,1.333130,1.746090,1.779800,3.986339,2.949314,6.223952,7.074343,11.132491,21.979734,6.426272,
0.803357,1.333130,1.746090,1.779800,3.986339,2.949314,6.223952,7.074343,11.132491,21.979734,6.426272,
0.803357,1.838387,1.746090,1.779800,3.986339,2.949314,6.223952,7.074343,11.197772,21.979734,6.426272,
0.803357,1.838387,1.746090,1.779800,3.986339,6.166145,6.223952,7.074343,6.853508,21.979734,2.216023,
0.803357,1.838387,1.746090,1.779800,3.986339,6.166145,6.223952,7.074343,9.141426,21.979734,5.368113,
0.803357,1.838387,1.746090,1.779800,3.986339,6.575039,6.223952,7.074343,9.141426,21.979734,5.368113,
0.803357,1.838387,1.746090,1.779800,3.986339,6.575039,6.223952,7.074343,5.124946,21.979734,4.099676,
0.803357,1.838387,1.549487,1.779800,3.986339,5.163884,6.223952,7.074343,10.478650,21.979734,4.099676,
0.803357,1.513857,1.595115,2.634411,3.986339,5.163884,6.223952,7.074343,13.906182,21.979734,4.099676,
0.803357,1.513857,1.595115,2.372517,3.986339,5.163884,6.223952,7.074343,17.590526,21.392617,8.457637,
0.803357,1.513857,1.595115,2.372517,3.986339,7.999761,6.223952,7.074343,17.286648,15.776228,10.308940,
0.803357,1.513857,1.595115,2.372517,3.986339,7.999761,6.223952,7.074343,8.022389,15.776228,10.308940,
0.803357,1.513857,1.595115,2.372517,3.986339,4.857428,6.223952,7.074343,11.739335,15.776228,9.476593,
0.803357,1.513857,1.595115,2.372517,3.986339,4.311491,5.148249,7.074343,9.044547,15.776228,9.476593,
0.803357,1.513857,1.595115,2.206237,3.986339,8.737432,4.961477,7.074343,15.994889,15.776228,9.476593,
0.850457,1.513857,1.595115,2.206237,3.986339,3.945409,4.961477,7.074343,14.861037,15.776228,6.673363,
0.850457,1.513857,1.595115,2.206237,3.986339,9.240795,4.961477,7.074343,8.433933,17.251623,6.673363,
0.850457,1.513857,1.595115,2.206237,3.986339,8.934366,4.961477,7.074343,3.252621,17.251623,6.673363,
0.850457,1.513857,1.595115,2.206237,3.986339,8.934366,4.961477,7.074343,3.252621,17.251623,6.673363,
0.850457,1.513857,1.595115,2.206237,3.986339,10.102895,4.961477,7.074343,3.252621,20.162031,6.776730,
0.850457,1.513857,1.595115,2.206237,3.986339,11.967207,4.961477,7.074343,11.641341,18.826246,6.776730,
0.850457,1.431452,1.595115,2.206237,3.523913,8.472139,4.961477,7.074343,9.498018,18.826246,6.776730,
0.850457,1.431452,1.595115,2.206237,3.523913,8.472139,5.732300,7.074343,9.498018,15.133004,6.776730,
0.850457,1.431452,1.595115,2.206237,3.523913,4.214433,5.732300,7.160842,12.257296,19.411373,7.888995,
0.850457,1.431452,1.595115,2.206237,3.523913,3.491668,5.732300,7.160842,11.607395,20.676010,7.888995,
0.850457,1.431452,1.595115,2.206237,3.523913,4.690991,5.732300,7.160842,15.008593,20.088669,7.888995,
0.850457,1.431452,1.595115,2.206237,3.523913,4.690991,5.732300,7.160842,17.331361,16.493927,7.888995,
0.850457,1.431452,1.595115,2.206237,3.523913,2.498509,5.732300,7.160842,14.318878,16.493927,6.665486,
0.850457,1.431452,1.595115,2.206237,3.523913,3.215867,5.732300,7.160842,9.161871,16.493927,10.001885,
0.850457,1.431452,1.595115,1.994024,3.523913,3.418430,5.574200,6.360520,13.955735,16.493927,10.001885,
0.850457,1.431452,1.595115,1.994024,4.094502,7.272792,5.574200,6.360520,13.955735,14.910248,10.001885,
0.850457,1.431452,1.595115,1.994024,4.094502,5.429197,5.574200,6.360520,11.984468,14.910248,10.001885,
0.850457,1.431452,1.595115,1.994024,4.094502,4.934096,5.574200,6.360520,9.535364,14.910248,10.001885,
0.850457,1.431452,1.595115,2.669158,4.094502,6.519924,5.574200,6.360520,9.535364,14.910248,10.001885,
0.850457,1.431452,1.578122,2.669158,4.094502,6.519924,5.574200,6.360520,9.535364,14.910248,12.435913,
0.850457,1.431452,1.578122,2.669158,4.094502,6.519924,5.574200,6.360520,9.297137,14.910248,12.435913,
0.850457,1.431452,1.578122,2.669158,4.094502,6.519924,5.574200,6.360520,9.297137,14.910248,12.435913,
0.850457,1.431452,1.578122,2.669158,4.094502,6.519924,5.574200,6.360520,7.868561,14.910248,12.435913,
0.850457,1.431452,1.578122,2.669158,4.094502,4.214758,5.574200,6.360520,7.868561,14.910248,12.435913,
0.850457,1.431452,1.578122,2.669158,4.094502,4.284845,5.574200,6.360520,7.868561,14.910248,12.435913,
0.850457,1.431452,1.578122,2.669158,4.094502,4.284845,5.574200,6.360520,7.868561,14.910248,12.435913,
0.850457,1.258602,1.578122,2.453406,4.094502,3.763381,5.574200,6.360520,7.868561,14.910248,12.435913,
0.850457,1.258602,1.578122,2.453406,4.094502,3.763381,5.574200,6.360520,7.868561,14.910248,12.435913,
0.850457,1.258602,1.578122,2.453406,4.094502,3.126499,5.574200,6.360520,9.162768,14.910248,12.435913,
0.850457,1.258602,1.578122,2.453406,4.094502,3.126499,5.574200,6.360520,5.429962,16.117155,12.435913,
0.850457,1.258602,1.578122,2.453406,4.094502,9.106599,5.574200,6.360520,4.008718,18.763426,12.435913,
0.850457,1.258602,1.578122,2.453406,4.094502,9.106599,5.574200,6.360520,7.703660,13.495156,9.087825,
0.850457,1.258602,1.578122,2.701889,3.993060,10.769908,4.912063,6.360520,7.703660,13.495156,11.336454,
0.850457,1.258602,1.578122,2.701889,3.993060,10.769908,4.912063,6.360520,7.703660,14.362454,8.125391,
0.850457,1.258602,1.578122,2.784502,3.993060,9.734159,4.912063,6.360520,7.703660,14.362454,13.602703,
0.850457,1.258602,1.578122,2.784502,3.993060,9.745067,4.912063,6.360520,7.703660,12.657151,13.602703,
0.850457,1.258602,1.578122,2.784502,3.993060,13.693289,4.912063,6.360520,7.703660,12.657151,13.602703,
0.850457,1.258602,1.578122,2.784502,3.993060,11.761861,4.912063,6.360520,6.091775,12.657151,13.602703,
0.850457,1.258602,1.578122,2.784502,3.993060,10.195395,4.912063,6.360520,5.751154,12.657151,14.859742,
0.850457,1.258602,1.578122,2.784502,3.570471,10.195395,4.912063,6.360520,5.751154,12.657151,14.859742,
0.850457,1.258602,1.578122,2.784502,3.570471,10.479594,4.912063,6.656098,5.751154,12.657151,11.866010,
0.850457,1.258602,1.578122,2.784502,3.570471,10.479594,4.912063,6.656098,6.431951,12.657151,13.874926,
0.850457,1.258602,1.578122,2.784502,3.570471,10.479594,4.912063,6.656098,6.431951,12.657151,15.212724,
0.850457,1.258602,1.578122,2.784502,3.570471,13.856734,4.912063,6.656098,6.431951,12.657151,15.126592,
0.850457,1.258602,1.578122,2.784502,3.570471,15.889162,4.912063,6.656098,5.738177,12.657151,15.126592,
0.850457,1.258602,1.578122,2.784502,3.570471,18.541733,4.912063,6.656098,5.738177,13.273586,15.126592,
0.850457,1.258602,1.578122,2.784502,3.570471,17.612805,4.912063,6.656098,5.738177,13.273586,14.079448,
0.850457,1.046477,1.578122,2.784502,3.570471,17.612805,4.912063,6.656098,9.114683,13.273586,14.079448,
0.850457,1.046477,1.578122,2.784502,3.570471,17.612805,4.912063,6.656098,11.344632,13.273586,10.680354,
0.850457,1.046477,1.578122,2.784502,3.570471,15.913907,4.912063,6.656098,10.840660,13.273586,10.680354,
0.850457,1.046477,1.578122,2.784502,3.570471,15.913907,4.912063,6.656098,9.414921,13.273586,10.680354,
0.850457,1.046477,1.578122,2.784502,3.570471,15.913907,4.912063,6.656098,10.795867,13.273586,10.680354,
0.850457,1.046477,1.578122,3.613268,3.570471,13.230219,4.912063,7.006488,5.521619,13.273586,9.683047,
0.850457,1.046477,1.578122,2.718398,3.570471,16.575127,4.912063,7.006488,5.521619,16.696602,9.683047,
0.850457,1.046477,1.578122,2.718398,3.570471,16.575127,4.912063,7.006488,5.521619,15.420933,9.793231,
0.850457,1.046477,1.578122,2.718398,3.570471,5.769940,4.912063,7.006488,5.758568,15.420933,9.458698,
0.850457,1.046477,1.578122,2.718398,3.570471,7.719222,4.912063,7.006488,4.172533,15.420933,9.458698,
0.850457,1.046477,1.578122,2.718398,3.570471,7.719222,4.639680,7.006488,3.709903,15.420933,9.458698,
0.850457,1.046477,1.578122,2.718398,3.570471,1.771842,4.639680,7.006488,3.953122,15.420933,9.458698,
0.850457,1.046477,1.578122,2.718398,3.570471,5.520708,4.639680,7.006488,3.953122,15.420933,9.458698,
0.850457,1.046477,1.578122,2.718398,3.570471,5.520708,4.639680,7.006488,6.685608,15.420933,9.458698,
0.850457,1.046477,1.578122,2.718398,3.570471,5.520708,4.639680,7.006488,6.685608,15.420933,9.458698,
0.850457,1.046477,1.578122,2.718398,3.570471,5.520708,5.437397,7.006488,6.685608,15.420933,9.458698,
0.850457,1.046477,1.578122,2.718398,3.570471,5.520708,5.437397,7.006488,6.685608,15.420933,9.458698,
0.850457,1.046477,1.578122,2.718398,3.570471,3.460057,5.437397,7.006488,6.685608,16.732755,9.458698,
0.850457,1.046477,1.578122,2.718398,3.570471,2.670726,5.437397,7.006488,6.685608,16.732755,9.458698,
0.850457,1.046477,1.578122,2.718398,3.570471,2.670726,4.927375,7.006488,6.685608,15.020277,9.458698,
0.850457,1.046477,1.578122,2.718398,3.570471,6.990992,4.927375,7.006488,6.685608,15.020277,10.584744,
0.850457,1.046477,1.578122,2.718398,3.570471,8.570171,4.927375,7.006488,7.428860,15.020277,10.584744,
0.850457,1.046477,1.578122,2.718398,3.570471,4.342062,4.927375,7.006488,6.028689,15.020277,10.584744,
0.850457,1.046477,1.578122,2.718398,3.570471,6.377924,4.927375,7.006488,2.003544,12.368701,11.042764,
0.850457,1.046477,1.578122,3.205773,3.570471,5.813147,4.927375,7.006488,4.361867,13.707471,11.042764,
0.850457,1.046477,1.578122,3.205773,3.570471,3.663920,4.442744,7.006488,4.044521,13.707471,11.042764,
0.850457,1.046477,1.578122,3.205773,3.570471,3.622129,4.442744,7.006488,7.058576,13.707471,9.021831,
0.850457,1.046477,1.578122,3.205773,3.570471,1.416807,4.442744,7.006488,7.058576,13.707471,9.021831,
0.850457,1.046477,1.578122,3.205773,3.570471,1.781343,4.442744,7.006488,2.811017,13.707471,9.021831,
0.850457,1.046477,1.578122,3.205773,3.570471,3.257898,4.442744,7.006488,2.811017,13.707471,11.209406,
0.850457,1.046477,1.578122,3.205773,3.570471,6.283620,4.442744,7.006488,3.146090,13.707471,11.209406,
0.850457,1.046477,1.578122,3.205773,3.570471,3.297447,4.442744,7.006488,3.146090,13.707471,11.209406,
0.850457,1.046477,1.578122,3.205773,4.045474,4.179742,5.592452,7.006488,3.146090,13.707471,11.209406,
0.850457,1.046477,1.578122,2.295080,2.964157,11.290830,5.592452,7.006488,11.487574,13.707471,11.209406,
0.850457,1.046477,1.578122,2.295080,2.964157,11.290830,5.592452,7.006488,11.487574,16.290947,11.209406,
0.850457,1.046477,1.578122,2.295080,2.964157,7.482078,5.592452,7.006488,11.487574,16.290947,11.209406,
0.850457,1.046477,1.578122,2.295080,2.964157,8.944109,5.592452,7.006488,11.487574,16.290947,11.209406,
0.850457,1.046477,1.578122,2.507514,2.964157,6.683061,5.732166,7.006488,11.487574,16.290947,11.209406,
0.850457,1.046477,1.578122,2.638880,2.964157,4.522619,5.732166,7.006488,11.487574,16.290947,11.209406,
0.850457,1.046477,1.578122,2.885773,2.964157,4.121261,5.732166,7.006488,11.487574,19.703223,11.209406,
0.850457,1.046477,1.578122,2.885773,2.964157,4.121261,5.732166,7.006488,9.626431,19.703223,11.209406,
0.850457,1.046477,1.578122,2.885773,2.964157,1.747725,5.732166,7.006488,9.626431,17.911873,11.209406,
0.850457,1.046477,1.578122,2.885773,2.964157,1.747725,5.732166,7.006488,8.341554,17.911873,11.209406,
0.850457,1.046477,1.578122,2.885773,4.802638,1.242951,5.732166,7.006488,8.341554,17.911873,7.790713,
0.850457,1.046477,1.578122,2.885773,4.802638,1.242951,5.732166,7.006488,8.341554,17.911873,7.790713,
0.850457,1.046477,1.578122,2.885773,4.802638,3.281202,6.224998,7.006488,12.014214,17.911873,9.035740,
0.850457,1.046477,1.578122,2.885773,4.802638,3.281202,6.224998,7.006488,12.014214,17.911873,9.035740,
0.850457,1.046477,1.578122,2.885773,4.002725,3.281202,6.224998,7.006488,4.075263,20.908707,10.902457,
0.850457,1.046477,1.578122,2.885773,4.002725,3.281202,6.224998,7.006488,5.505274,20.908707,10.902457,
0.850457,1.046477,1.578122,2.885773,4.002725,5.505098,6.224998,7.006488,4.457361,20.908707,10.902457,
0.850457,1.046477,1.578122,2.885773,4.002725,3.866273,6.224998,6.205198,4.457361,17.201013,10.902457,
0.850457,1.046477,1.578122,2.885773,4.002725,3.866273,6.553967,6.205198,3.320994,17.201013,10.902457,
1.060248,1.046477,1.578122,2.885773,4.002725,3.866273,6.553967,6.205198,3.320994,17.201013,6.840953,
1.060248,1.046477,1.578122,2.885773,4.002725,3.866273,6.553967,6.205198,3.320994,22.046500,6.840953,
0.990444,1.046477,1.578122,2.885773,4.002725,3.866273,6.553967,6.205198,7.669855,22.046500,8.766949,
0.990444,1.046477,1.578122,2.885773,4.002725,4.031256,7.335122,6.635560,3.863312,22.046500,8.766949,
0.990444,1.046477,1.578122,2.885773,4.002725,2.527308,7.335122,6.635560,2.768232,22.046500,8.766949,
0.990444,1.046477,1.578122,2.885773,4.002725,4.039032,7.335122,6.635560,3.947714,22.046500,7.220466,
0.990444,0.979119,1.578122,2.885773,4.002725,3.642284,7.102251,6.635560,2.310090,22.046500,7.220466,
0.990444,0.979119,1.578122,2.885773,4.002725,3.642284,7.102251,6.635560,2.310090,22.046500,7.220466,
0.990444,0.979119,1.578122,2.885773,4.002725,3.642284,7.102251,6.635560,2.310090,22.046500,7.220466,
0.945986,0.979119,1.578122,2.885773,4.002725,3.642284,5.996539,6.635560,8.348724,22.046500,7.220466,
0.945986,0.979119,1.578122,2.885773,4.002725,3.642284,5.996539,6.635560,8.348724,22.046500,7.220466,
0.945986,0.979119,1.578122,2.885773,4.002725,3.642284,5.996539,6.635560,5.535351,21.172976,7.220466,
0.945986,0.979119,1.578122,2.885773,4.002725,3.642284,5.996539,6.635560,5.535351,18.486803,7.220466,
0.945986,1.238560,1.578122,2.885773,4.548472,4.937946,6.024177,6.635560,3.908093,18.486803,7.220466,
0.945986,1.238560,1.578122,2.885773,4.548472,4.937946,6.024177,6.635560,4.200312,19.778037,6.379321,
0.945986,1.238560,1.578122,2.114955,4.548472,7.226136,6.024177,6.635560,4.200312,19.778037,6.379321,
0.945986,1.238560,1.578122,2.114955,4.548472,7.226136,6.024177,6.635560,10.930301,27.538246,6.322754,
0.945986,1.238560,1.578122,2.114955,3.887361,7.226136,6.441464,6.635560,10.930301,27.538246,7.603458,
0.945986,1.238560,1.578122,2.757320,3.887361,4.881373,6.441464,6.635560,7.430281,27.538246,8.129372,
0.945986,1.238560,1.578122,2.757320,3.887361,4.881373,6.441464,6.635560,7.430281,29.283092,8.129372,
0.945986,1.238560,1.578122,2.757320,3.887361,4.881373,6.441464,6.635560,7.430281,29.283092,8.129372,
0.945986,1.238560,1.578122,2.757320,4.498440,4.881373,7.162845,6.635560,5.931574,27.133891,8.129372,
0.945986,1.238560,1.578122,2.757320,4.498440,5.334514,7.162845,6.635560,3.697739,27.562049,8.081781,
0.945986,1.238560,1.578122,2.757320,4.498440,3.956156,7.162845,6.635560,3.697739,21.158805,8.039295,
0.945986,1.238560,1.578122,2.757320,4.498440,3.956156,7.162845,5.925953,6.578632,19.440077,7.929062,
0.945986,1.238560,1.578122,2.897926,4.498440,6.931806,7.162845,5.925953,6.578632,19.440077,9.822472,
0.945986,1.238560,1.578122,2.897926,4.498440,9.487111,7.162845,5.925953,6.578632,19.440077,12.276517,
0.945986,1.238560,1.727856,2.863065,4.498440,9.487111,7.162845,5.925953,10.332653,19.440077,12.276517,
0.945986,1.238560,1.727856,2.863065,4.498440,9.487111,7.162845,5.925953,10.332653,19.440077,8.726660,
0.945986,1.238560,1.727856,2.863065,4.498440,9.487111,7.162845,5.925953,10.332653,19.440077,8.726660,
0.945986,1.238560,1.727856,2.863065,4.498440,7.046372,7.162845,5.925953,14.721166,23.657297,8.726660,
0.945986,1.238560,1.727856,2.863065,4.498440,7.046372,7.162845,5.925953,14.222009,23.657297,8.726660,
0.945986,1.238560,1.727856,2.863065,4.498440,7.046372,7.162845,5.925953,14.222009,23.657297,8.726660,
0.945986,1.238560,1.727856,2.863065,4.498440,7.046372,7.162845,5.925953,14.222009,23.657297,6.697045,
0.945986,1.238560,1.727856,2.863065,4.498440,7.046372,7.162845,5.925953,10.089973,23.657297,8.075907,
0.945986,1.238560,1.727856,2.863065,4.498440,10.570054,7.162845,5.925953,5.568459,20.616814,9.695766,
0.945986,1.238560,1.727856,2.091406,4.498440,6.261230,7.162845,5.925953,5.568459,21.675819,10.213104,
0.945986,1.238560,1.727856,2.689575,4.498440,6.261230,7.162845,5.925953,5.568459,21.675819,10.213104,
0.945986,1.238560,1.727856,3.071370,4.498440,2.533340,7.162845,5.925953,5.568459,21.675819,8.504737,
0.945986,1.238560,1.727856,3.071370,4.498440,2.533340,7.162845,5.925953,5.568459,21.675819,8.504737,
0.945986,1.238560,1.727856,3.071370,4.498440,6.737939,7.162845,5.925953,5.568459,21.675819,8.504737,
0.945986,1.238560,1.727856,3.071370,4.498440,2.682779,7.162845,5.925953,5.568459,21.675819,10.489619,
0.945986,1.238560,1.727856,3.071370,4.498440,5.747729,7.162845,5.925953,5.568459,21.675819,7.239759,
0.945986,1.238560,1.519022,3.071370,4.498440,5.747729,7.162845,5.925953,5.568459,22.928311,6.434946,
0.951597,1.238560,1.519022,3.071370,4.498440,5.747729,7.162845,5.925953,10.778690,22.928311,7.081419,
0.951597,1.238560,1.519022,4.890013,4.498440,7.876463,7.162845,5.925953,7.908343,22.928311,10.035031,
0.951597,1.238560,1.519022,2.923652,4.498440,8.966858,7.162845,5.925953,7.908343,25.122848,8.743085,
0.951597,1.238560,1.519022,2.289670,4.498440,8.966858,7.162845,5.925953,9.627441,25.122848,8.743085,
0.951597,1.238560,1.519022,2.289670,4.498440,7.148016,7.162845,6.503144,9.627441,26.011106,8.743085,
0.951597,1.238560,1.519022,2.289670,4.498440,7.148016,7.162845,6.503144,6.441143,26.011106,9.605608,
0.951597,1.238560,1.519022,2.289670,4.498440,11.462094,7.162845,6.503144,3.197170,26.011106,4.044748,
0.951597,1.238560,1.519022,2.289670,4.637964,11.462094,7.162845,6.503144,3.214386,26.011106,5.773329,
0.951597,1.238560,1.519022,2.289670,4.637964,11.500616,7.162845,6.503144,3.214386,23.576184,5.773329,
0.951597,1.238560,1.519022,2.289670,4.637964,8.332629,7.162845,6.503144,3.214386,23.576184,8.243643,
0.951597,1.238560,1.519022,2.289670,4.637964,13.209443,7.162845,6.503144,3.214386,23.576184,8.243643,
0.951597,1.238560,1.712432,2.289670,4.637964,13.209443,7.162845,6.503144,6.566206,23.576184,8.243643,
0.951597,1.238560,1.712432,2.289670,4.637964,15.355546,7.162845,6.503144,6.566206,23.576184,4.127774,
0.951597,1.238560,1.712432,2.289670,4.637964,15.355546,7.009953,6.503144,6.566206,20.248609,5.743455,
0.951597,1.238560,1.712432,2.289670,4.637964,17.880908,7.009953,6.503144,7.430097,25.536929,5.743455,
0.951597,1.238560,1.712432,2.289670,4.637964,17.880908,7.009953,6.503144,7.430097,25.536929,4.552861,
0.951597,1.238560,1.712432,2.289670,4.637964,17.880908,7.009953,6.503144,3.071743,24.795688,4.552861,
0.951597,1.238560,1.712432,2.289670,4.637964,17.880908,7.009953,6.503144,3.071743,23.696137,6.162874,
0.951597,1.238560,1.712432,2.289670,4.637964,17.880908,7.009953,6.503144,7.799347,23.696137,6.162874,
0.951597,1.238560,1.712432,2.289670,3.433479,18.957142,7.009953,6.503144,12.998498,19.328015,6.162874,
0.951597,1.238560,1.712432,2.289670,3.433479,24.524400,7.009953,6.503144,12.576273,19.328015,6.162874,
0.951597,1.238560,1.712432,2.289670,3.433479,24.449679,4.851931,6.503144,10.428768,15.398570,5.334154,
0.951597,1.238560,1.712432,2.289670,3.433479,24.449679,4.851931,6.503144,10.428768,15.398570,5.334154,
0.951597,1.238560,1.712432,3.892942,3.433479,24.449679,4.851931,6.503144,14.344512,15.398570,5.334154,
0.951597,1.238560,1.712432,2.897991,3.433479,16.799744,4.851931,6.503144,14.344512,15.398570,5.334154,
0.951597,1.238560,1.712432,2.897991,3.433479,15.319830,4.851931,6.503144,14.344512,15.398570,5.334154,
0.951597,1.238560,1.712432,2.897991,3.433479,10.424377,4.851931,6.503144,14.344512,15.398570,5.334154,
0.951597,1.238560,1.712432,2.897991,3.433479,10.424377,4.851931,6.996513,14.344512,15.398570,5.334154,
0.951597,1.238560,1.712432,2.897991,4.290351,10.424377,4.851931,6.996513,14.344512,15.398570,3.015967,
0.951597,1.238560,1.712432,2.897991,4.290351,11.117785,4.851931,6.996513,14.347601,15.398570,3.015967,
0.951597,1.238560,1.712432,2.367759,4.290351,6.319808,3.779345,6.996513,14.347601,15.398570,4.687223,
0.951597,1.238560,1.712432,2.367759,4.290351,6.319808,4.830448,6.996513,14.347601,15.398570,6.591193,
0.951597,1.238560,1.712432,2.367759,4.290351,6.319808,4.681844,6.996513,14.347601,15.113256,5.925647,
0.951597,1.238560,1.712432,2.367759,4.290351,6.319808,4.681844,6.996513,13.193267,15.563754,5.925647,
0.951597,1.238560,1.712432,2.367759,3.639404,5.940439,4.681844,6.996513,6.738737,16.301478,5.925647,
0.808300,1.238560,1.712432,2.367759,3.639404,5.533271,4.681844,6.996513,6.738737,16.301478,5.925647,
0.808300,1.238560,1.590013,2.367759,3.512576,4.691572,4.681844,6.996513,13.160220,16.301478,5.925647,
0.808300,1.238560,1.590013,2.367759,3.512576,8.807556,4.681844,6.996513,14.110204,16.301478,3.703842,
0.808300,1.238560,1.590013,2.367759,3.512576,9.434563,4.681844,6.996513,14.110204,16.301478,3.703842,
0.808300,1.238560,1.590013,2.367759,3.512576,14.985082,4.681844,6.996513,14.110204,16.301478,6.052512,
0.808300,1.238560,1.590013,2.367759,3.512576,9.047076,4.681844,6.996513,14.506054,16.301478,6.052512,
0.808300,1.238560,1.590013,2.367759,3.512576,9.123964,4.681844,6.996513,14.506054,16.875530,7.670055,
0.808300,1.238560,1.590013,2.120029,3.512576,9.123964,4.681844,6.996513,14.506054,12.918040,9.845450,
0.827674,1.238560,1.590013,2.120029,3.512576,9.123964,4.681844,6.996513,14.506054,12.918040,9.845450,
0.827674,1.238560,1.590013,2.120029,3.512576,9.123964,4.681844,6.996513,14.506054,12.918040,9.845450,
0.753972,1.238560,1.590013,2.120029,3.512576,9.123964,4.681844,6.996513,14.506054,12.918040,14.898175,
0.753972,1.238560,1.590013,2.120029,3.512576,14.898894,4.681844,6.996513,12.855050,12.403866,14.898175,
0.753972,1.238560,1.590013,2.120029,3.512576,14.898894,4.681844,6.996513,12.855050,12.403866,14.898175,
0.753972,1.238560,1.590013,2.120029,3.261629,14.898894,4.681844,6.639528,12.855050,12.403866,14.668414,
0.753972,1.238560,1.590013,2.120029,3.261629,17.588221,4.681844,6.639528,17.055051,12.403866,14.668414,
0.753972,1.238560,1.590013,2.120029,3.261629,17.588221,4.681844,6.639528,18.372165,12.403866,16.284820,
0.753972,1.238560,1.445143,2.120029,3.261629,9.358725,4.681844,6.639528,18.372165,12.403866,16.284820,
0.753972,1.238560,1.445143,2.789988,3.261629,9.358725,4.681844,6.639528,18.372165,12.403866,16.284820,
0.753972,1.238560,1.445143,2.789988,3.261629,9.358725,4.681844,6.639528,18.372165,11.666916,16.284820,
0.753972,1.238560,1.445143,2.789988,3.261629,5.172878,4.681844,7.098863,18.372165,11.666916,16.284820,
0.753972,1.238560,1.445143,2.789988,3.261629,4.905614,4.189083,7.098863,18.372165,11.666916,16.284820,
0.753972,1.238560,1.445143,2.789988,3.261629,6.532058,4.189083,7.098863,18.372165,11.666916,16.284820,
0.753972,1.087961,1.445143,2.789988,3.261629,6.319950,4.189083,7.098863,18.372165,11.666916,16.284820,
0.753972,1.087961,1.445143,2.789988,3.261629,6.319950,4.189083,7.098863,18.372165,9.558575,10.426957,
0.753972,1.087961,1.445143,2.789988,3.261629,5.311163,4.189083,7.098863,18.372165,9.558575,10.426957,
0.753972,1.087961,1.445143,2.789988,3.261629,5.311163,4.189083,7.098863,18.372165,9.558575,11.073583,
0.753972,1.087961,1.445143,2.789988,3.261629,5.311163,4.189083,7.098863,18.372165,9.558575,11.073583,
0.753972,1.087961,1.445143,2.789988,3.261629,5.311163,4.189083,7.098863,18.372165,9.558575,11.774289,
0.753972,1.087961,1.445143,2.789988,3.261629,5.311163,4.189083,7.098863,13.131891,13.522110,12.444951,
0.753972,1.087961,1.445143,2.789988,3.261629,5.311163,4.189083,7.098863,13.131891,13.522110,12.444951,
0.753972,1.087961,1.445143,2.789988,3.261629,5.420664,4.189083,7.098863,18.192534,13.400405,12.444951,
0.753972,1.087961,1.445143,2.789988,3.261629,8.134031,4.189083,7.098863,18.192534,10.172842,14.490273,
0.753972,1.087961,1.445143,2.789988,3.261629,10.970769,4.189083,7.098863,18.192534,11.422381,14.490273,
0.753972,1.087961,1.445143,3.051464,3.945383,10.970769,4.189083,7.098863,18.192534,12.428756,14.490273,
0.753972,1.087961,1.445143,3.051464,3.945383,10.021157,4.447501,7.098863,18.192534,12.428756,14.490273,
0.753972,1.087961,1.445143,3.051464,3.945383,10.021157,4.447501,7.098863,19.391079,12.428756,9.835982,
0.753972,1.087961,1.445143,2.253568,3.945383,10.911666,4.447501,7.098863,17.026146,12.428756,9.835982,
0.753972,1.087961,1.445143,3.379374,3.945383,10.911666,4.447501,7.098863,16.314808,12.428756,9.835982,
0.753972,1.087961,1.445143,2.207997,3.945383,11.035693,4.447501,7.098863,16.314808,12.428756,9.835982,
0.753972,1.087961,1.445143,2.207997,3.945383,11.035693,4.447501,7.098863,16.314808,14.603621,9.002686,
0.753972,1.087961,1.445143,2.207997,3.945383,10.676439,4.447501,7.098863,15.143661,14.603621,9.002686,
0.753972,1.087961,1.445143,3.890365,3.945383,10.676439,4.447501,7.098863,15.143661,14.862734,9.002686,
0.753972,1.087961,1.445143,3.890365,3.945383,9.441159,4.447501,7.098863,9.805640,14.862734,12.352498,
0.753972,0.793947,1.445143,6.591544,3.945383,7.774742,4.447501,7.098863,9.805640,14.862734,12.352498,
0.753972,0.793947,1.445143,6.591544,3.945383,13.082907,4.447501,7.098863,9.805640,12.099219,12.352498,
0.753972,0.793947,1.445143,6.591544,3.945383,10.239401,4.447501,7.098863,11.207059,12.099219,12.352498,
0.753972,0.793947,1.445143,6.591544,3.945383,10.239401,4.447501,7.098863,11.207059,12.099219,12.352498,
0.753972,0.793947,1.445143,6.591544,3.945383,10.239401,4.447501,7.098863,11.207059,12.099219,12.352498,
0.753972,0.793947,1.445143,6.591544,3.945383,6.686069,4.447501,7.098863,11.207059,13.359092,12.352498,
0.753972,0.793947,1.445143,6.591544,3.945383,6.686069,4.447501,7.098863,11.207059,13.359092,10.663850,
0.753972,0.793947,1.445143,6.591544,3.945383,11.427908,4.447501,7.098863,7.952386,13.359092,10.663850,
0.753972,0.793947,1.445143,6.591544,3.945383,11.427908,4.447501,7.098863,7.952386,12.661948,10.663850,
0.753972,0.793947,1.445143,4.737946,3.945383,11.427908,4.447501,7.098863,7.952386,12.661948,10.663850,
0.753972,0.793947,1.445143,4.737946,3.945383,11.427908,4.447501,7.098863,7.952386,12.661948,10.663850,
0.753972,0.793947,1.445143,4.737946,3.945383,11.364716,4.447501,7.313668,9.405158,14.865811,10.663850,
0.753972,0.793947,1.445143,3.334862,4.283982,7.212373,4.447501,7.313668,9.405158,14.221909,11.433467,
0.753972,1.190089,1.445143,3.334862,4.283982,7.585811,4.447501,7.313668,8.809517,14.221909,11.433467,
0.753972,1.190089,1.445143,2.579197,4.283982,7.585811,4.447501,7.313668,8.293250,11.761864,11.433467,
0.753972,1.190089,1.445143,2.579197,4.283982,4.832748,4.447501,7.313668,9.749265,11.761864,11.433467,
0.753972,1.190089,1.445143,2.579197,4.283982,4.832748,4.447501,7.313668,9.749265,11.761864,11.433467,
0.753972,1.190089,1.445143,2.579197,4.283982,4.832748,4.447501,7.313668,9.749265,11.761864,11.433467,
0.753972,1.190089,1.364873,2.854125,4.492502,4.832748,4.447501,7.313668,9.749265,12.534061,11.433467,
0.753972,1.190089,1.364873,2.854125,4.492502,4.815199,4.447501,7.313668,9.749265,12.534061,11.433467,
0.753972,1.190089,1.364873,2.854125,4.492502,4.815199,4.447501,7.313668,9.749265,12.081147,11.433467,
0.753972,1.190089,1.364873,2.854125,4.492502,4.815199,4.447501,7.313668,9.392047,12.081147,11.433467,
0.753972,1.190089,1.364873,2.854125,4.492502,4.815199,3.807842,7.313668,9.392047,12.795584,11.433467,
0.753972,1.190089,1.364873,2.854125,4.492502,2.803503,3.807842,7.313668,9.392047,12.795584,11.433467,
0.753972,1.190089,1.364873,2.854125,4.492502,2.803503,3.807842,7.313668,9.392047,12.795584,11.433467,
0.753972,1.190089,1.364873,2.854125,4.048683,4.836981,3.807842,7.313668,9.392047,12.795584,7.493517,
0.753972,1.190089,1.364873,2.854125,4.048683,4.836981,3.807842,7.313668,9.392047,12.795584,7.493517,
0.753972,1.190089,1.364873,2.854125,4.048683,8.685232,3.807842,7.313668,9.392047,12.795584,10.772915,
0.753972,1.147146,1.364873,2.854125,4.048683,7.472107,3.807842,7.313668,7.356413,13.354650,10.772915,
0.753972,1.147146,1.364873,2.854125,4.048683,7.472107,3.807842,7.313668,6.204847,13.354650,10.772915,
0.753972,1.147146,1.364873,2.854125,4.048683,7.712196,3.807842,7.313668,6.204847,13.354650,10.772915,
0.753972,1.147146,1.364873,2.854125,4.048683,7.712196,3.807842,7.313668,6.204847,13.354650,10.772915,
0.753972,1.147146,1.364873,2.854125,4.048683,7.712196,3.807842,7.313668,6.204847,10.602430,10.325507,
0.753972,1.147146,1.364873,2.854125,4.048683,7.712196,3.807842,7.313668,6.172811,10.602430,10.325507,
0.753972,1.147146,1.364873,2.854125,4.048683,7.712196,3.807842,7.313668,9.280243,10.602430,10.325507,
0.753972,1.147146,1.364873,2.854125,4.048683,7.712196,3.807842,7.313668,9.280243,10.602430,10.325507,
0.753972,1.147146,1.364873,2.854125,4.048683,4.878053,3.807842,7.313668,11.641213,10.602430,10.325507,
0.753972,1.147146,1.364873,2.854125,4.048683,4.878053,3.807842,7.313668,17.558129,10.602430,10.325507,
0.753972,1.147146,1.364873,2.854125,4.048683,6.235597,3.807842,7.313668,17.558129,10.470993,10.325507,
0.753972,1.147146,1.364873,2.854125,4.048683,3.988418,3.807842,7.313668,6.906521,10.470993,10.325507,
0.753972,1.147146,1.364873,2.854125,4.048683,4.533172,3.807842,7.313668,6.906521,10.470993,10.325507,
0.753972,1.147146,1.364873,3.133049,4.048683,4.533172,3.807842,7.313668,6.906521,10.470993,10.325507,
0.753972,1.147146,1.364873,3.133049,4.048683,4.533172,3.807842,7.313668,6.906521,10.470993,10.325507,
0.753972,1.147146,1.364873,3.133049,4.048683,4.533172,3.807842,7.313668,5.420474,10.470993,10.325507,
0.753972,1.147146,1.364873,3.133049,4.048683,4.860673,3.181236,7.313668,5.420474,9.346779,10.325507,
0.753972,1.147146,1.364873,2.717803,4.048683,3.073893,3.181236,7.313668,8.942937,9.346779,10.325507,
0.753972,1.147146,1.364873,2.717803,4.019152,3.073893,3.181236,7.313668,8.942937,9.346779,10.325507,
0.753972,1.147146,1.364873,2.717803,4.019152,3.073893,3.181236,7.313668,8.942937,9.639982,12.804058,
0.753972,1.147146,1.364873,2.717803,4.019152,4.154231,3.181236,7.313668,8.942937,8.845278,11.327758,
0.753972,1.147146,1.364873,2.717803,4.019152,4.682112,3.181236,7.313668,8.942937,8.402542,9.894902,
0.753972,1.147146,1.364873,2.717803,4.290688,4.290557,3.181236,7.313668,9.156196,9.607576,9.894902,
0.753972,1.147146,1.364873,2.717803,4.290688,4.290557,3.181236,7.313668,9.156196,9.607576,9.894902,
0.753972,1.147146,1.364873,2.717803,4.290688,4.466603,3.181236,7.313668,5.769066,9.607576,9.894902,
0.753972,1.147146,1.364873,2.717803,4.290688,12.864140,3.181236,7.313668,5.769066,10.670162,9.894902,
0.753972,1.147146,1.364873,2.717803,4.290688,12.864140,3.181236,7.313668,3.710292,10.305693,9.894902,
0.753972,1.147146,1.364873,2.717803,4.290688,12.864140,3.181236,7.313668,3.710292,10.305693,9.894902,
0.753972,1.042495,1.364873,2.717803,4.290688,7.484614,3.181236,7.313668,3.158939,9.979789,9.894902,
0.753972,1.042495,1.364873,2.717803,4.290688,7.484614,3.181236,7.313668,5.186959,9.979789,12.643441,
0.753972,1.042495,1.364873,2.717803,4.290688,7.484614,3.181236,7.313668,5.293834,9.979789,12.643441,
0.753972,1.042495,1.364873,2.633038,4.290688,10.079257,3.181236,7.313668,6.436679,9.979789,10.732123,
0.753972,1.042495,1.364873,2.633038,4.290688,10.079257,3.181236,7.313668,6.652119,9.979789,11.315851,
0.753972,1.042495,1.364873,2.633038,4.290688,14.044643,3.181236,7.313668,10.163443,9.979789,11.315851,
0.753972,1.042495,1.364873,2.633038,4.290688,14.044643,3.181236,7.313668,10.163443,9.979789,11.315851,
0.753972,1.042495,1.364873,2.633038,4.290688,14.044643,3.181236,7.313668,9.792919,8.047258,10.018067,
0.753972,1.042495,1.364873,2.633038,4.290688,14.044643,3.181236,7.313668,9.792919,8.047258,9.979203,
0.753972,1.042495,1.364873,2.633038,4.186693,7.446378,3.181236,7.313668,9.792919,8.047258,11.821580,
0.753972,1.042495,1.364873,2.633038,4.000072,7.446378,3.181236,7.313668,7.376304,8.047258,11.821580,
0.753972,1.042495,1.364873,2.633038,4.000072,7.446378,3.181236,7.313668,7.376304,8.047258,11.821580,
0.753972,1.042495,1.364873,2.633038,4.000072,7.446378,3.181236,7.313668,7.376304,8.047258,14.395106,
0.753972,1.042495,1.364873,2.633038,4.000072,7.446378,3.181236,7.313668,7.616697,7.969267,14.395106,
0.753972,1.042495,1.364873,2.633038,4.000072,7.446378,3.181236,7.313668,7.616697,7.969267,14.395106,
0.753972,1.318437,1.364873,2.633038,4.000072,7.446378,3.181236,7.313668,7.616697,7.969267,14.395106,
0.753972,1.318437,1.364873,2.633038,4.000072,7.446378,3.181236,7.313668,7.616697,7.969267,14.395106,
0.753972,1.318437,1.364873,2.633038,4.000072,7.446378,3.181236,7.313668,9.929688,7.969267,9.749721,
0.753972,1.318437,1.364873,2.633038,4.000072,7.446378,3.181236,7.313668,7.042457,7.969267,9.749721,
0.753972,1.318437,1.364873,2.633038,4.000072,7.446378,3.181236,7.313668,7.042457,7.969267,9.749721,
0.753972,1.318437,1.364873,2.633038,4.000072,7.446378,3.181236,7.313668,7.042457,7.969267,9.749721,
0.753972,1.318437,1.364873,2.633038,4.000072,7.446378,3.181236,7.313668,7.042457,7.969267,9.749721,
0.753972,1.318437,1.364873,2.167430,3.918068,10.058203,3.181236,7.313668,10.934360,10.640013,9.749721,
0.753972,1.318437,1.364873,2.167430,3.918068,15.917338,3.181236,7.313668,9.158751,7.643016,9.749721,
0.753972,1.318437,1.364873,2.167430,3.918068,15.917338,3.181236,7.313668,9.158751,7.643016,9.749721,
0.753972,1.318437,1.364873,2.167430,3.918068,18.647282,3.181236,7.313668,7.322375,7.643016,9.749721,
0.753972,1.318437,1.364873,2.167430,3.918068,16.645996,3.181236,7.313668,4.624672,7.643016,9.749721,
0.753972,1.318437,1.364873,2.167430,3.918068,18.118224,3.181236,7.313668,6.014601,9.114496,9.749721,
0.753972,1.318437,1.364873,2.167430,3.918068,18.118224,3.120314,7.313668,4.883136,9.114496,9.749721,
0.753972,1.318437,1.364873,2.167430,3.918068,8.023661,3.727511,7.313668,4.883136,9.428489,8.264426,
0.753972,1.318437,1.364873,2.167430,3.918068,8.023661,3.727511,7.313668,4.883136,9.428489,8.264426,
0.753972,1.318437,1.364873,1.949750,3.918068,8.023661,3.727511,7.313668,4.883136,9.428489,10.694522,
0.753972,1.318437,1.364873,1.949750,3.918068,9.341701,3.939487,7.313668,4.883136,9.428489,11.658527,
0.753972,1.679576,1.364873,1.949750,3.918068,13.904794,3.939487,7.313668,4.883136,9.428489,11.658527,
0.753972,1.679576,1.364873,1.949750,3.918068,13.904794,3.939487,7.313668,5.825996,9.428489,16.393948,
0.753972,1.679576,1.364873,1.949750,3.918068,5.474734,3.939487,7.313668,6.208411,9.696374,11.562690,
0.753972,1.679576,1.364873,1.955399,3.918068,5.474734,3.677836,7.313668,10.351859,10.935971,11.562690,
0.753972,1.679576,1.466183,1.955399,3.918068,11.447968,3.677836,7.313668,7.288027,10.935971,11.313922,
0.753972,1.679576,1.466183,1.955399,3.918068,11.447968,3.677836,7.313668,11.045383,10.935971,12.622573,
0.753972,1.679576,1.466183,1.955399,3.918068,6.964294,3.677836,7.313668,11.914356,10.935971,12.622573,
0.753972,1.679576,1.466183,1.955399,3.918068,9.643747,3.677836,7.313668,4.765174,10.935971,12.622573,










