5.000000,5.000000,5.000000,5.000000,5.000000,5.000000,5.000000,5.000000,5.000000,5.000000,5.000000,
5.000000,5.000000,5.000000,5.000000,5.000000,5.000000,5.000000,5.000000,5.000000,5.000000,5.000000,
5.000000,5.000000,5.000000,5.000000,5.000000,5.000000,5.000000,5.000000,5.000000,5.000000,5.000000,
5.000000,5.000000,5.000000,5.000000,5.000000,5.000000,1.474541,5.000000,5.000000,5.348585,9.256863,
2.603738,5.000000,5.000000,3.614967,5.000000,5.000000,1.474541,5.000000,5.000000,5.348585,9.256863,
2.603738,2.148881,5.000000,3.614967,5.000000,5.000000,1.474541,5.000000,5.000000,5.348585,9.256863,
2.603738,2.148881,5.000000,3.614967,5.000000,5.000000,1.474541,5.000000,5.000000,5.348585,9.256863,
2.603738,2.148881,2.187060,3.614967,5.000000,5.000000,1.474541,5.000000,5.000000,5.348585,9.256863,
1.700639,1.275345,2.187060,3.614967,5.000000,5.000000,1.474541,3.214486,2.568611,5.351501,9.256863,
1.700639,1.275345,2.187060,3.614967,3.234423,1.465379,1.474541,3.214486,2.568611,5.351501,9.256863,
1.700639,1.275345,2.187060,3.614967,3.234423,2.880865,1.474541,3.214486,2.568611,5.670993,9.256863,
1.700639,1.275345,2.187060,3.614967,3.234423,2.880865,1.474541,3.214486,2.568611,5.670993,9.256863,
1.700639,1.275345,2.187060,3.614967,3.234423,2.880865,1.474541,3.214486,2.568611,5.670993,9.256863,
1.700639,1.275345,2.187060,3.614967,3.234423,2.880865,1.474541,3.214486,2.568611,5.670993,9.256863,
1.700639,1.275345,2.187060,3.614967,3.234423,2.880865,1.474541,3.214486,2.568611,5.670993,9.256863,
1.700639,1.275345,2.187060,3.614967,3.234423,2.880865,1.474541,3.214486,2.568611,5.670993,9.256863,
1.700639,1.275345,2.187060,3.614967,3.234423,2.880865,1.474541,3.214486,2.568611,5.670993,9.256863,
1.700639,1.275345,2.187060,3.614967,3.234423,2.880865,1.474541,3.214486,2.568611,5.670993,9.256863,
1.700639,1.275345,2.187060,3.614967,3.234423,2.880865,1.474541,3.214486,2.568611,5.670993,9.256863,
1.700639,1.275345,2.187060,3.614967,3.234423,2.880865,1.474541,3.214486,2.568611,5.670993,9.256863,
1.700639,1.275345,2.187060,3.614967,3.234423,2.880865,1.474541,3.214486,2.568611,5.670993,9.256863,
1.700639,1.275345,2.187060,3.614967,3.234423,2.880865,1.474541,3.214486,2.568611,5.670993,9.256863,
1.700639,1.275345,2.187060,3.614967,3.234423,2.880865,1.474541,3.214486,2.568611,5.670993,9.256863,
1.700639,1.275345,2.187060,3.614967,3.234423,2.880865,1.474541,3.214486,2.568611,5.670993,9.256863,
1.700639,1.275345,2.187060,3.614967,3.234423,2.880865,1.474541,3.214486,2.568611,5.670993,9.256863,
1.700639,1.275345,2.187060,3.614967,3.234423,2.880865,1.474541,3.214486,2.568611,5.670993,9.256863,
1.555950,1.275345,2.187060,3.614967,3.234423,7.349905,2.718148,3.214486,2.568611,5.670993,9.256863,
1.555950,1.275345,2.187060,3.614967,3.234423,7.349905,2.718148,3.214486,2.568611,5.670993,9.256863,
1.555950,1.275345,2.187060,3.614967,3.234423,8.840410,1.894541,3.214486,2.568611,5.670993,9.256863,
1.555950,1.441908,2.187060,3.614967,3.234423,8.840410,1.894541,3.214486,2.568611,5.670993,13.604415,
1.555950,1.441908,2.187060,3.614967,3.234423,8.840410,1.894541,3.214486,2.568611,5.670993,13.604415,
1.555950,1.441908,2.187060,3.614967,3.234423,8.840410,1.894541,3.214486,2.568611,5.670993,14.072738,
1.555950,1.441908,2.187060,3.614967,3.234423,8.840410,1.894541,3.214486,5.236512,5.670993,17.266099,
1.555950,1.441908,2.187060,1.965443,3.234423,8.840410,1.894541,3.214486,5.236512,5.670993,15.313280,
1.555950,1.441908,2.187060,1.965443,3.234423,8.840410,1.894541,3.214486,5.236512,5.670993,13.204170,
1.555950,1.441908,2.187060,1.965443,3.234423,10.272594,1.894541,3.214486,5.236512,5.670993,13.204170,
1.555950,1.441908,2.187060,1.965443,3.234423,10.272594,1.894541,3.214486,5.236512,5.670993,13.204170,
1.555950,1.441908,2.187060,1.965443,3.234423,10.272594,1.894541,3.214486,7.376833,5.670993,13.204170,
1.555950,1.441908,2.187060,1.965443,3.234423,10.272594,1.894541,3.214486,7.376833,5.670993,13.204170,
1.555950,1.441908,2.187060,1.965443,2.116627,10.272594,1.894541,3.214486,7.635082,5.670993,13.204170,
1.555950,1.441908,2.187060,1.965443,2.116627,10.272594,1.894541,3.214486,7.635082,5.670993,13.204170,
1.555950,1.441908,2.187060,1.965443,2.116627,10.272594,1.894541,3.214486,10.859262,5.670993,13.204170,
1.555950,1.441908,2.731193,1.965443,2.116627,11.085890,1.765358,3.214486,10.859262,5.670993,13.204170,
1.555950,1.441908,2.731193,3.358156,2.116627,11.085890,1.765358,3.214486,10.859262,5.670993,13.204170,
1.555950,1.441908,2.731193,1.356418,2.116627,11.085890,1.765358,3.214486,10.859262,5.670993,13.204170,
1.555950,1.441908,2.731193,1.356418,2.116627,11.085890,1.765358,3.214486,5.305225,4.563687,13.204170,
1.555950,1.441908,2.731193,1.356418,2.116627,10.425815,1.765358,3.214486,8.199539,4.563687,11.850286,
1.555950,1.441908,2.731193,1.356418,2.116627,10.425815,1.765358,3.214486,7.166998,4.563687,11.850286,
1.555950,1.441908,2.731193,1.356418,2.116627,10.425815,1.765358,3.214486,9.594883,4.563687,11.850286,
1.555950,1.441908,2.731193,2.111645,2.116627,10.425815,1.765358,3.214486,9.594883,4.563687,14.282172,
1.555950,1.441908,2.731193,2.111645,2.116627,10.425815,1.765358,3.214486,9.594883,4.563687,14.282172,
1.555950,1.441908,2.731193,2.111645,2.116627,10.425815,1.765358,3.214486,9.594883,4.563687,14.282172,
1.555950,1.441908,2.731193,2.111645,2.116627,10.425815,1.765358,3.214486,9.594883,4.563687,14.282172,
1.555950,1.441908,2.731193,2.111645,2.116627,8.515442,1.765358,3.214486,9.594883,4.563687,14.282172,
1.555950,1.441908,2.731193,2.111645,2.116627,8.515442,1.765358,3.214486,9.594883,4.563687,14.282172,
1.555950,1.441908,2.731193,2.111645,2.116627,8.515442,1.765358,3.214486,9.594883,4.563687,14.282172,
1.555950,1.441908,2.626301,2.111645,2.116627,8.515442,1.765358,3.214486,9.594883,4.563687,14.282172,
1.555950,1.441908,2.626301,2.111645,2.116627,8.515442,1.765358,3.214486,9.594883,4.563687,14.282172,
1.555950,1.441908,2.626301,2.111645,2.116627,8.515442,1.765358,3.214486,9.594883,4.563687,14.282172,
1.555950,1.441908,2.626301,2.111645,2.116627,8.515442,1.765358,3.214486,9.594883,4.563687,14.282172,
1.555950,1.441908,2.626301,2.111645,2.116627,8.515442,1.765358,3.214486,8.195493,4.563687,14.282172,
1.555950,1.441908,2.626301,2.111645,2.116627,8.515442,1.765358,3.214486,8.195493,4.563687,14.282172,
1.555950,1.441908,2.626301,2.111645,2.116627,5.998906,1.765358,3.214486,8.195493,4.563687,14.282172,
1.555950,1.441908,2.626301,2.111645,2.116627,4.765440,1.765358,3.214486,8.195493,4.563687,14.282172,
1.555950,1.441908,2.626301,2.111645,2.116627,4.765440,1.765358,3.214486,8.195493,4.563687,14.282172,
1.555950,1.441908,2.626301,2.111645,2.116627,4.765440,1.765358,3.214486,8.195493,4.563687,14.282172,
1.555950,1.441908,2.626301,2.111645,2.116627,4.765440,1.765358,3.214486,8.195493,4.563687,14.282172,
1.555950,1.441908,2.626301,2.111645,2.116627,7.760171,1.765358,3.214486,8.195493,4.563687,14.282172,
1.555950,1.441908,2.626301,2.111645,2.116627,7.760171,1.765358,3.214486,8.195493,4.563687,14.282172,
1.555950,1.441908,2.626301,2.111645,2.116627,7.760171,1.765358,3.214486,8.195493,4.563687,14.282172,
1.555950,1.441908,2.626301,2.111645,2.116627,7.760171,1.765358,3.214486,8.195493,4.563687,14.282172,
1.555950,1.364435,2.626301,2.111645,2.116627,7.760171,1.765358,3.214486,8.195493,4.563687,14.282172,
1.555950,1.364435,2.626301,2.111645,2.116627,5.956659,1.765358,3.214486,8.195493,4.563687,14.282172,
1.555950,1.364435,2.626301,2.111645,2.116627,5.956659,1.765358,3.214486,8.195493,4.563687,14.282172,
1.555950,1.364435,2.626301,2.111645,2.116627,5.956659,1.765358,3.214486,8.195493,4.563687,14.282172,
1.555950,1.364435,2.626301,2.111645,2.116627,5.956659,1.765358,3.214486,8.195493,4.563687,14.282172,
1.555950,1.364435,2.626301,2.333568,2.116627,5.956659,1.765358,3.214486,8.195493,4.563687,14.282172,
1.555950,1.364435,2.626301,2.333568,2.116627,5.956659,1.765358,3.214486,8.195493,4.563687,14.282172,
1.555950,1.364435,2.626301,2.333568,2.116627,5.956659,1.765358,3.214486,8.195493,4.563687,14.282172,
1.555950,1.364435,2.626301,2.333568,2.116627,5.956659,1.765358,3.214486,8.195493,4.563687,8.782182,
1.555950,1.364435,2.626301,2.333568,2.116627,5.956659,1.765358,3.214486,8.195493,4.563687,8.782182,
1.555950,1.364435,2.626301,2.333568,2.116627,5.956659,1.765358,3.214486,8.195493,4.563687,8.782182,
1.555950,1.364435,2.626301,2.333568,2.116627,5.956659,1.765358,3.214486,8.195493,4.563687,8.782182,
1.555950,1.364435,2.626301,2.333568,2.116627,5.956659,1.765358,3.631314,4.191491,4.563687,8.782182,
1.555950,1.364435,2.626301,2.333568,2.116627,5.956659,1.765358,3.631314,4.191491,4.437627,8.782182,
1.555950,1.364435,2.626301,2.333568,2.116627,5.956659,1.765358,3.631314,4.191491,4.437627,8.782182,
1.555950,1.364435,2.626301,2.333568,2.116627,9.986791,1.765358,3.631314,4.191491,4.437627,8.782182,
1.555950,1.364435,2.626301,2.333568,2.116627,4.382302,1.765358,3.631314,4.191491,4.437627,8.782182,
1.555950,1.364435,2.626301,2.333568,2.116627,4.382302,1.765358,3.631314,4.191491,4.437627,8.782182,
1.555950,1.364435,2.626301,2.333568,2.116627,4.382302,1.765358,3.631314,4.191491,4.437627,8.782182,
1.555950,1.364435,2.626301,2.333568,2.116627,4.382302,1.765358,3.631314,4.191491,4.437627,8.782182,
1.555950,1.364435,2.626301,2.333568,2.116627,4.382302,1.765358,4.229229,5.892270,4.437627,8.782182,
1.555950,1.364435,2.626301,2.333568,2.116627,4.382302,1.765358,4.229229,5.892270,4.437627,8.782182,
1.555950,1.364435,2.626301,2.333568,2.116627,4.382302,1.765358,4.229229,5.511919,4.437627,8.782182,
1.555950,1.364435,2.626301,2.333568,2.116627,9.194230,1.765358,4.229229,5.511919,4.437627,8.782182,
1.555950,1.913414,2.626301,2.333568,2.116627,7.611413,1.765358,4.229229,5.511919,4.437627,8.782182,
1.555950,1.913414,2.626301,2.333568,2.116627,7.611413,1.765358,4.229229,5.511919,4.437627,8.782182,
1.555950,1.913414,2.626301,2.333568,2.116627,7.611413,1.765358,4.229229,5.511919,4.437627,8.782182,
1.555950,1.913414,2.626301,2.333568,2.116627,7.611413,1.765358,4.229229,5.511919,4.437627,5.567510,
1.555950,1.913414,2.533368,2.333568,2.116627,11.768485,1.765358,4.229229,5.511919,4.437627,5.567510,
1.555950,1.913414,2.533368,2.333568,2.116627,17.482094,1.765358,4.229229,5.511919,4.437627,5.567510,
1.555950,1.913414,2.533368,2.333568,2.116627,20.496318,1.765358,4.229229,5.511919,4.437627,5.567510,
1.555950,1.913414,2.533368,2.333568,2.116627,20.496318,1.765358,4.229229,5.511919,4.437627,5.567510,
1.555950,1.913414,2.533368,2.333568,2.116627,20.496318,1.765358,4.229229,5.511919,4.437627,5.567510,
1.555950,1.913414,2.533368,2.333568,2.116627,20.496318,1.765358,4.229229,5.511919,4.437627,5.567510,
1.555950,1.913414,2.992953,2.333568,2.116627,20.496318,1.765358,4.229229,5.511919,4.437627,5.567510,
1.555950,1.913414,2.992953,2.333568,2.116627,20.496318,1.765358,4.229229,5.511919,4.437627,5.567510,
1.555950,1.913414,2.992953,2.333568,2.116627,20.496318,1.765358,4.229229,5.511919,4.437627,5.567510,
1.555950,1.913414,2.992953,2.333568,2.116627,20.496318,1.765358,4.229229,5.511919,4.437627,5.567510,
1.555950,1.913414,2.992953,2.333568,2.116627,14.244398,1.765358,4.229229,5.511919,4.437627,5.567510,
1.555950,1.913414,2.992953,2.333568,2.116627,14.244398,1.765358,4.229229,5.511919,4.437627,5.567510,
1.555950,1.913414,2.992953,2.333568,2.116627,14.244398,1.765358,4.229229,5.511919,4.437627,5.567510,
1.555950,1.913414,2.992953,2.333568,2.116627,9.244446,1.765358,4.229229,5.511919,4.437627,5.567510,
1.555950,1.913414,2.992953,2.333568,2.116627,9.244446,1.765358,4.229229,5.511919,4.617292,5.567510,
1.555950,1.913414,2.992953,2.333568,2.116627,9.244446,1.765358,4.229229,9.762475,4.617292,5.567510,
1.555950,1.913414,2.992953,2.333568,2.116627,9.244446,1.765358,4.229229,9.762475,4.617292,5.567510,
1.555950,1.913414,2.992953,2.333568,2.116627,9.244446,1.765358,3.848938,7.933464,4.617292,5.567510,
1.555950,1.913414,2.992953,2.333568,2.116627,9.244446,1.765358,3.848938,7.933464,4.617292,5.567510,
1.555950,1.913414,2.992953,2.333568,2.116627,9.244446,1.765358,3.848938,7.933464,4.617292,5.567510,
1.555950,1.913414,2.992953,2.333568,2.116627,9.244446,1.765358,3.848938,7.933464,4.617292,5.567510,
1.555950,1.913414,2.992953,2.333568,2.116627,9.244446,1.765358,3.848938,7.933464,4.617292,5.567510,
1.555950,1.913414,2.992953,2.333568,2.116627,9.244446,1.765358,3.848938,7.933464,4.617292,5.567510,
1.555950,1.913414,2.992953,2.333568,2.116627,11.973419,1.765358,3.848938,7.933464,4.617292,5.567510,
1.555950,1.913414,2.992953,2.370944,2.116627,11.973419,1.765358,4.088808,7.958840,4.617292,5.567510,
1.555950,1.913414,2.992953,2.370944,2.116627,13.890407,1.765358,4.088808,7.958840,4.617292,5.567510,
1.555950,1.913414,2.992953,2.370944,2.116627,13.890407,1.765358,4.088808,7.958840,5.470459,5.567510,
1.555950,1.913414,2.992953,2.370944,2.116627,13.890407,1.765358,4.088808,5.605928,5.470459,5.567510,
1.555950,1.913414,2.992953,2.370944,2.116627,13.890407,1.765358,4.088808,5.605928,5.470459,5.567510,
1.555950,1.913414,2.992953,2.370944,2.116627,13.890407,1.765358,4.088808,5.605928,5.978227,5.567510,
1.555950,1.913414,2.992953,2.370944,2.116627,13.890407,1.765358,4.088808,5.605928,5.978227,5.567510,
1.555950,1.913414,2.992953,1.616976,2.116627,13.890407,1.765358,4.088808,5.605928,5.978227,5.567510,
1.555950,1.913414,2.992953,1.616976,2.116627,13.890407,1.765358,4.088808,5.605928,5.978227,5.567510,
1.555950,1.913414,2.992953,1.616976,2.116627,13.890407,1.765358,4.088808,5.605928,5.978227,5.567510,
1.555950,1.913414,2.992953,1.616976,2.116627,13.890407,1.765358,4.088808,5.605928,5.978227,5.567510,
1.555950,1.913414,2.992953,1.616976,2.116627,13.890407,1.765358,4.088808,5.605928,5.978227,5.567510,
1.555950,1.913414,2.992953,1.616976,2.116627,13.890407,1.765358,4.088808,5.605928,5.978227,5.567510,
1.555950,1.913414,2.992953,1.616976,2.116627,13.890407,1.765358,4.088808,6.004534,5.978227,5.567510,
1.555950,1.913414,2.992953,1.616976,2.116627,7.309061,1.765358,4.088808,6.004534,5.978227,5.567510,
1.555950,1.913414,2.992953,1.616976,2.116627,7.309061,1.765358,4.088808,6.004534,5.978227,5.567510,
1.555950,1.913414,2.992953,1.616976,2.116627,7.309061,1.765358,4.088808,6.004534,5.978227,5.567510,
1.555950,1.913414,2.992953,1.616976,2.116627,7.309061,1.765358,4.088808,6.004534,5.978227,5.567510,
1.555950,1.913414,2.992953,1.616976,2.116627,7.309061,1.765358,4.088808,6.004534,5.978227,3.952623,
1.555950,1.913414,2.992953,1.616976,2.116627,7.639096,1.765358,4.088808,4.850235,5.978227,3.952623,
1.555950,1.913414,2.992953,2.481115,2.116627,6.329327,1.765358,4.088808,4.850235,5.978227,2.483837,
1.555950,1.913414,2.992953,2.481115,2.116627,6.329327,1.765358,4.088808,4.850235,5.978227,2.483837,
1.555950,1.913414,2.992953,2.481115,2.116627,6.329327,1.765358,4.088808,4.850235,5.978227,2.483837,
1.555950,1.913414,2.992953,2.481115,2.116627,6.329327,1.765358,4.088808,4.850235,5.978227,2.483837,
1.555950,1.913414,2.992953,2.481115,2.116627,6.329327,1.765358,4.088808,4.850235,5.978227,2.483837,
1.555950,1.913414,2.992953,2.481115,2.116627,6.329327,1.765358,4.088808,4.850235,5.978227,2.483837,
1.555950,1.913414,2.992953,2.481115,2.116627,6.329327,1.765358,4.088808,4.850235,5.978227,2.483837,
1.555950,1.913414,2.992953,2.481115,2.116627,6.329327,1.765358,4.088808,4.850235,5.978227,2.483837,
1.555950,1.913414,2.992953,2.481115,2.116627,6.329327,1.765358,4.088808,4.850235,5.978227,2.483837,
1.555950,1.913414,2.992953,2.481115,2.116627,6.329327,1.765358,4.088808,4.850235,5.978227,2.483837,
1.555950,1.913414,2.992953,2.481115,2.116627,6.329327,1.765358,4.088808,4.850235,5.978227,3.244030,
1.555950,1.913414,2.992953,2.481115,2.116627,12.484185,1.765358,4.088808,4.850235,5.978227,3.244030,
1.555950,1.913414,2.880161,2.481115,2.116627,12.484185,1.765358,4.088808,4.850235,5.978227,3.244030,
1.555950,1.913414,2.880161,2.481115,2.116627,12.484185,1.765358,4.088808,4.850235,5.978227,3.244030,
1.555950,1.913414,2.880161,2.481115,2.116627,12.484185,1.765358,4.088808,5.415382,5.978227,3.244030,
1.555950,1.913414,2.880161,2.481115,2.116627,12.484185,1.765358,4.088808,5.415382,5.978227,3.244030,
1.555950,1.913414,2.880161,2.481115,2.116627,12.484185,1.765358,4.088808,5.415382,5.978227,6.583722,
1.555950,1.913414,2.880161,2.481115,2.116627,12.484185,1.765358,4.088808,5.415382,5.978227,6.583722,
1.555950,1.913414,2.880161,2.481115,2.116627,13.464768,1.765358,4.088808,3.643231,3.596387,6.583722,
1.555950,1.913414,2.880161,2.481115,1.757170,13.464768,1.756538,3.790407,3.643231,4.066707,6.583722,
1.555950,1.913414,2.880161,1.322747,1.757170,12.009741,1.756538,3.790407,4.354277,4.066707,6.583722,
1.555950,1.913414,2.880161,1.322747,1.757170,12.009741,1.756538,3.790407,4.354277,4.066707,4.718823,
1.555950,1.913414,2.880161,1.322747,1.757170,12.009741,1.756538,3.790407,4.354277,4.229765,4.718823,
1.555950,1.913414,2.827763,1.322747,1.712359,12.009741,1.756538,3.790407,4.354277,4.229765,4.718823,
1.555950,1.913414,2.827763,1.322747,1.712359,12.009741,1.756538,3.790407,4.354277,4.229765,9.004717,
1.555950,1.913414,3.179109,1.322747,1.829068,12.009741,1.756538,3.790407,4.371938,4.229765,9.004717,
1.555950,1.913414,3.179109,1.322747,1.829068,12.009741,1.756538,3.790407,4.371938,4.229765,9.004717,
1.555950,1.913414,3.179109,1.322747,1.829068,12.009741,1.756538,3.790407,4.371938,4.229765,9.004717,
1.555950,1.913414,3.179109,1.322747,1.829068,12.009741,1.756538,3.790407,4.371938,4.229765,9.004717,
1.555950,1.913414,3.179109,1.322747,1.829068,7.012408,1.756538,3.790407,4.371938,4.229765,8.326896,
1.555950,1.913414,3.179109,1.322747,1.829068,7.012408,1.756538,3.790407,4.371938,4.229765,8.326896,
1.555950,1.913414,3.179109,1.322747,1.829068,7.012408,1.756538,3.790407,4.371938,4.229765,8.326896,
1.555950,1.913414,3.179109,1.626903,1.829068,7.012408,1.756538,3.790407,4.371938,4.229765,8.392973,
1.555950,1.913414,3.179109,1.626903,1.829068,7.012408,1.756538,3.790407,4.371938,4.229765,8.392973,
1.555950,1.913414,3.179109,1.626903,1.829068,7.012408,1.756538,3.790407,4.371938,4.229765,8.392973,
1.555950,1.913414,3.179109,1.626903,1.829068,7.012408,1.756538,3.790407,4.371938,4.229765,8.392973,
1.555950,1.913414,3.179109,1.626903,1.829068,7.012408,1.756538,3.790407,4.371938,4.229765,8.392973,
1.555950,1.913414,3.179109,1.626903,1.829068,7.012408,1.756538,3.790407,8.419043,4.229765,8.392973,
1.555950,1.913414,3.179109,1.626903,1.829068,7.012408,1.756538,3.790407,8.419043,4.229765,8.392973,
1.555950,1.913414,3.179109,1.626903,1.829068,6.858059,1.756538,3.790407,8.419043,4.229765,8.392973,
1.555950,1.913414,3.179109,1.626903,1.829068,5.788501,1.756538,3.790407,8.419043,4.229765,8.392973,
1.555950,1.913414,3.179109,1.626903,1.829068,5.788501,1.756538,3.790407,8.419043,4.229765,8.392973,
1.555950,1.913414,3.179109,1.626903,1.829068,5.788501,1.756538,3.790407,8.419043,4.229765,8.392973,
1.555950,1.913414,3.179109,1.626903,1.829068,5.788501,1.756538,3.790407,8.419043,4.229765,8.392973,
1.555950,1.913414,2.912865,1.626903,1.829068,4.700507,1.756538,4.053162,8.419043,4.229765,8.392973,
1.555950,1.913414,2.912865,1.478850,1.829068,4.700507,1.756538,4.053162,8.419043,4.229765,8.392973,
1.555950,1.913414,2.912865,1.478850,1.829068,4.700507,1.756538,3.791441,8.236285,5.629329,8.392973,
1.555950,1.913414,2.912865,1.478850,1.829068,8.889137,1.756538,3.791441,8.236285,5.629329,8.392973,
1.555950,1.913414,2.912865,1.478850,1.829068,8.889137,1.756538,3.791441,8.236285,5.629329,8.392973,
1.555950,1.913414,2.912865,1.478850,1.829068,8.889137,1.756538,3.791441,8.236285,5.629329,8.392973,
1.555950,1.913414,2.912865,1.478850,1.829068,8.889137,1.756538,3.791441,5.896412,5.629329,8.392973,
1.555950,1.913414,2.912865,1.478850,1.829068,8.889137,1.756538,3.791441,5.896412,5.629329,8.392973,
1.555950,1.913414,2.912865,1.478850,1.829068,3.858511,1.756538,3.791441,4.535410,5.629329,8.067576,
1.555950,1.913414,2.912865,1.478850,1.829068,3.858511,1.756538,3.791441,5.639146,5.629329,9.100697,
1.555950,1.913414,2.912865,1.478850,1.829068,5.568535,1.756538,3.791441,8.074180,5.629329,6.311443,
1.555950,1.913414,2.912865,1.478850,1.966724,8.813290,1.756538,3.791441,8.074180,5.629329,6.311443,
1.555950,1.913414,2.912865,1.478850,1.966724,8.813290,1.756538,3.791441,8.074180,5.629329,6.311443,
1.555950,1.913414,2.912865,1.478850,1.966724,6.846109,1.756538,3.791441,8.538938,5.629329,6.311443,
1.555950,2.544953,2.912865,1.478850,1.966724,3.979485,1.756538,3.791441,8.538938,5.629329,6.311443,
1.555950,2.544953,2.912865,1.478850,1.966724,3.979485,1.756538,3.791441,11.054909,5.629329,6.311443,
1.555950,2.544953,2.912865,1.478850,1.966724,3.979485,1.756538,3.791441,11.054909,5.629329,6.311443,
1.555950,2.544953,2.912865,1.478850,1.966724,3.979485,1.756538,3.791441,6.169950,5.629329,6.311443,
1.555950,2.544953,2.912865,1.478850,1.966724,2.492380,1.756538,3.791441,5.276718,5.629329,4.189213,
1.555950,2.544953,2.912865,1.478850,1.966724,2.492380,1.756538,3.791441,5.276718,5.629329,4.189213,
1.555950,2.544953,2.912865,1.478850,1.966724,2.492380,1.756538,3.791441,5.276718,5.629329,4.189213,
1.555950,2.544953,2.912865,1.478850,1.966724,2.492380,1.756538,3.791441,5.276718,5.629329,4.189213,
1.555950,2.544953,2.912865,1.478850,1.966724,2.492380,1.756538,3.791441,5.236647,5.629329,4.189213,
1.555950,2.544953,2.912865,1.478850,1.966724,2.492380,1.756538,3.791441,5.236647,5.629329,4.189213,
1.555950,2.544953,2.912865,1.478850,1.966724,2.492380,1.756538,3.791441,5.236647,5.629329,4.189213,
1.555950,2.544953,2.912865,1.478850,1.966724,3.861729,1.756538,3.791441,10.642529,5.629329,4.189213,
1.555950,2.544953,2.912865,1.478850,1.966724,3.861729,1.756538,3.791441,10.642529,5.629329,4.189213,
1.555950,2.544953,2.912865,1.478850,1.966724,3.861729,1.756538,3.791441,10.642529,5.629329,4.189213,
1.555950,2.544953,2.912865,1.478850,1.966724,3.861729,1.756538,3.791441,10.642529,5.629329,4.189213,
1.555950,2.544953,2.912865,1.478850,1.973733,3.861729,1.756538,3.791441,10.642529,5.629329,4.189213,
1.555950,2.544953,2.912865,1.478850,1.973733,3.861729,1.756538,3.791441,10.642529,5.629329,4.189213,
1.555950,2.544953,2.912865,1.478850,1.973733,3.861729,1.560123,3.791441,10.642529,5.629329,4.189213,
1.555950,2.544953,2.912865,1.478850,1.973733,3.861729,1.560123,3.791441,10.642529,5.629329,4.189213,
1.555950,2.544953,2.912865,1.478850,1.973733,3.861729,1.560123,3.791441,10.642529,5.629329,4.189213,
1.555950,2.544953,2.912865,1.478850,1.973733,3.861729,1.560123,3.791441,10.642529,5.629329,4.189213,
1.555950,2.544953,2.912865,1.478850,1.973733,3.861729,1.560123,3.791441,10.642529,5.629329,4.189213,
1.555950,2.544953,2.912865,1.478850,1.973733,3.861729,1.560123,3.791441,10.642529,5.629329,4.189213,
1.555950,2.544953,2.912865,1.478850,1.973733,3.861729,1.560123,3.791441,10.642529,5.629329,4.189213,
1.555950,2.544953,2.912865,1.478850,1.973733,3.861729,1.560123,3.791441,10.730791,5.629329,4.189213,
1.555950,2.544953,3.470184,1.478850,1.973733,3.861729,1.560123,3.791441,10.730791,5.629329,4.189213,
1.555950,2.544953,3.470184,1.478850,1.973733,3.861729,1.560123,3.791441,10.730791,5.629329,4.189213,
1.555950,2.544953,3.470184,1.478850,1.973733,3.861729,2.058503,3.791441,10.466882,5.629329,4.189213,
1.555950,2.544953,3.470184,1.325710,1.973733,3.861729,2.058503,3.791441,6.225922,5.629329,4.189213,
1.555950,2.544953,3.470184,1.325710,1.973733,3.861729,2.058503,3.791441,6.225922,5.629329,4.189213,
1.555950,2.544953,3.470184,1.325710,1.973733,3.861729,2.058503,3.791441,6.225922,5.629329,4.189213,
1.555950,2.544953,3.470184,1.325710,1.973733,3.861729,2.058503,3.791441,6.225922,5.935283,4.189213,
1.555950,2.544953,3.470184,1.325710,1.973733,3.861729,2.058503,3.791441,6.621310,5.935283,6.845790,
1.555950,2.544953,3.470184,1.325710,1.973733,3.861729,2.058503,3.791441,6.621310,5.935283,6.845790,
1.555950,2.760037,3.470184,1.325710,1.383310,2.508077,2.058503,3.791441,10.493449,5.935283,6.493619,
1.555950,2.760037,3.470184,1.325710,1.383310,3.126632,2.058503,3.791441,10.493449,5.935283,6.493619,
1.555950,2.760037,3.470184,1.325710,1.770127,7.871539,2.058503,3.791441,17.395509,5.935283,6.493619,
1.555950,2.760037,3.470184,1.325710,1.770127,3.370866,2.058503,3.791441,17.395509,5.935283,6.493619,
1.555950,2.760037,3.470184,1.325710,1.770127,3.370866,2.058503,3.791441,10.936591,5.935283,6.493619,
1.555950,2.760037,3.470184,1.325710,1.770127,3.370866,2.058503,3.791441,5.111696,5.935283,8.030926,
1.555950,2.442504,3.470184,1.325710,1.770127,3.370866,2.058503,3.791441,5.111696,5.935283,8.030926,
1.555950,2.442504,3.470184,1.325710,1.770127,5.745758,2.058503,3.791441,5.111696,5.935283,7.884246,
1.555950,2.442504,3.470184,1.325710,1.770127,5.745758,2.058503,3.791441,5.111696,5.935283,7.884246,
1.555950,2.442504,3.470184,1.325710,1.770127,5.745758,2.058503,3.791441,5.111696,5.935283,7.884246,
1.555950,2.442504,3.470184,1.325710,1.770127,5.745758,2.058503,3.791441,5.111696,5.935283,7.884246,
1.555950,2.442504,3.470184,1.325710,1.770127,5.745758,2.058503,3.791441,5.111696,5.935283,7.884246,
1.555950,2.442504,3.470184,1.325710,1.770127,5.745758,2.058503,3.791441,5.111696,5.935283,7.884246,
1.555950,2.442504,3.470184,1.325710,1.770127,5.745758,2.058503,3.791441,5.111696,5.935283,7.884246,
1.555950,2.442504,3.470184,1.325710,1.559796,5.745758,2.058503,3.791441,8.141668,5.935283,7.884246,
1.555950,2.442504,3.470184,1.325710,1.559796,2.992507,2.058503,3.791441,8.141668,5.935283,6.661630,
1.485414,2.442504,3.470184,1.325710,1.559796,2.992507,2.058503,3.791441,8.141668,5.935283,9.998578,
1.485414,2.442504,3.470184,1.325710,1.559796,3.315684,2.058503,3.791441,8.141668,5.935283,9.998578,
1.485414,2.442504,3.470184,1.325710,1.559796,3.315684,2.058503,3.791441,8.141668,5.935283,9.998578,
1.485414,2.442504,3.258821,1.325710,1.559796,3.085925,2.058503,3.791441,8.141668,5.935283,9.998578,
1.485414,2.442504,3.258821,1.325710,1.559796,3.085925,2.058503,3.791441,6.110347,5.935283,9.998578,
1.506021,2.442504,3.258821,1.325710,1.585803,3.085925,2.058503,4.075842,3.500509,5.935283,9.998578,
1.506021,2.442504,3.258821,1.325710,1.585803,3.085925,2.058503,4.075842,9.676118,5.935283,9.998578,
1.506021,2.508337,3.258821,1.325710,1.585803,3.085925,2.058503,4.075842,9.426001,5.935283,9.998578,
1.506021,2.508337,3.258821,1.325710,1.585803,3.085925,2.339230,4.075842,9.426001,5.935283,9.998578,
1.506021,2.508337,3.258821,1.325710,1.585803,3.085925,2.339230,4.075842,9.426001,5.935283,9.998578,
1.506021,2.508337,3.258821,1.325710,1.585803,3.085925,2.339230,4.075842,9.426001,5.935283,9.998578,
1.506021,2.508337,3.258821,1.325710,1.585803,3.085925,2.339230,4.075842,9.426001,5.935283,9.998578,
1.506021,2.508337,3.258821,1.325710,1.585803,3.085925,2.339230,4.075842,7.012917,5.935283,5.411818,
1.506021,2.508337,3.258821,1.325710,1.585803,3.085925,2.339230,4.178438,7.012917,5.935283,5.411818,
1.506021,2.508337,3.258821,1.325710,1.585803,3.085925,2.339230,4.178438,7.012917,5.935283,5.411818,
1.506021,2.508337,3.258821,1.325710,1.585803,3.085925,2.339230,4.178438,8.431183,5.935283,5.411818,
1.506021,2.508337,3.258821,1.035864,1.585803,3.085925,2.339230,4.178438,8.431183,7.760277,5.411818,
1.506021,2.508337,3.258821,1.035864,1.585803,3.085925,2.339230,4.178438,6.122460,7.760277,5.411818,
1.506021,2.508337,3.258821,1.035864,1.585803,3.085925,2.339230,4.178438,6.122460,7.760277,5.411818,
1.506021,2.508337,3.258821,1.035864,1.585803,3.085925,2.339230,4.178438,6.122460,7.760277,5.411818,
1.506021,2.508337,3.258821,1.035864,1.585803,3.085925,2.339230,4.178438,6.122460,8.942419,5.411818,
1.506021,2.508337,3.258821,1.035864,1.585803,3.936049,2.339230,4.178438,6.122460,6.147414,5.411818,
1.506021,2.508337,3.258821,1.038326,1.585803,5.178376,2.339230,4.178438,6.122460,6.147414,5.411818,
1.506021,3.832869,3.258821,0.770016,1.585803,5.178376,2.339230,4.178438,6.122460,6.147414,5.411818,
1.506021,3.169146,3.258821,0.770016,1.585803,5.178376,2.339230,4.178438,6.122460,6.147414,5.411818,
1.506021,4.053721,3.258821,0.770016,1.585803,4.746706,2.339230,4.178438,5.773182,6.147414,7.393153,
1.506021,4.053721,3.258821,0.770016,1.585803,1.425793,2.339230,4.178438,5.773182,6.147414,7.393153,
1.506021,4.053721,3.258821,0.770016,1.585803,1.425793,2.339230,4.178438,5.773182,6.147414,7.393153,
1.506021,4.053721,3.258821,0.770016,1.837018,1.425793,2.339230,4.178438,5.773182,6.147414,7.393153,
1.506021,4.053721,3.258821,0.770016,1.837018,1.425793,2.339230,4.178438,5.278579,6.147414,7.393153,
1.506021,4.053721,3.258821,0.770016,1.837018,1.425793,2.339230,4.178438,5.278579,6.147414,7.742641,
1.506021,3.175342,3.258821,0.770016,1.837018,1.425793,2.339230,4.178438,4.945137,6.147414,7.742641,
1.506021,4.000086,3.258821,0.770016,1.837018,1.425793,2.339230,4.178438,4.945137,6.147414,7.742641,
1.506021,4.000086,3.258821,0.770016,1.837018,3.335209,2.339230,4.178438,4.945137,6.147414,7.742641,
1.506021,4.000086,3.258821,0.770016,1.837018,3.335209,2.339230,4.047214,8.484252,6.147414,7.742641,
1.506021,4.000086,3.258821,0.770016,1.837018,3.335209,2.339230,4.047214,8.484252,6.147414,7.742641,
1.506021,4.000086,3.258821,0.770016,1.837018,3.669581,2.339230,4.047214,8.484252,6.147414,7.742641,
1.506021,3.688134,2.760473,0.770016,1.837018,6.452884,2.339230,4.047214,8.484252,6.147414,7.742641,
1.506021,3.688134,2.760473,0.770016,1.837018,6.452884,2.339230,4.047214,8.484252,6.147414,7.742641,
1.506021,3.688134,2.760473,0.770016,1.837018,6.452884,2.339230,4.047214,8.484252,6.147414,7.742641,
1.506021,3.688134,2.760473,0.770016,1.837018,6.452884,2.339230,4.047214,8.484252,6.147414,7.742641,
1.506021,3.688134,2.760473,0.770016,1.837018,6.452884,2.339230,4.047214,8.484252,6.147414,7.742641,
1.506021,3.688134,2.760473,0.770016,1.837018,6.452884,2.339230,4.047214,8.484252,6.147414,7.742641,
1.506021,3.688134,2.760473,0.770016,1.837018,8.263981,2.339230,4.047214,8.484252,6.147414,7.742641,
1.506021,3.688134,2.760473,0.770016,1.837018,8.263981,2.339230,4.047214,8.484252,6.147414,7.742641,
1.506021,3.688134,3.134029,0.770016,1.837018,8.263981,2.339230,4.047214,7.276681,6.147414,7.742641,
1.506021,4.757708,3.134029,0.770016,1.837018,10.359127,2.339230,4.047214,13.570332,6.147414,7.742641,
1.506021,4.757708,3.134029,0.770016,1.837018,10.359127,2.339230,4.047214,15.216356,6.147414,7.742641,
1.506021,3.781226,3.134029,0.770016,1.837018,5.522180,2.339230,4.047214,13.939966,6.147414,7.742641,
1.506021,3.781226,3.134029,0.770016,1.837018,5.522180,2.339230,4.047214,9.725387,6.147414,7.385139,
1.506021,3.781226,3.134029,0.770016,1.837018,5.522180,2.339230,4.047214,9.725387,6.147414,7.385139,
1.506021,5.151788,3.134029,0.770016,1.837018,3.460865,2.339230,4.047214,9.725387,6.147414,7.385139,
1.506021,5.151788,3.134029,0.770016,1.837018,3.460865,2.339230,4.047214,9.725387,6.147414,7.385139,
1.506021,5.151788,3.134029,0.770016,1.837018,3.460865,2.339230,4.047214,9.725387,6.147414,7.385139,
1.506021,5.151788,3.134029,0.770016,1.837018,7.524941,2.339230,4.047214,9.725387,6.147414,7.385139,
1.506021,4.675899,3.134029,0.770016,1.837018,9.024189,2.339230,4.047214,10.072987,6.147414,7.385139,
1.506021,2.349332,3.134029,0.770016,1.837018,9.024189,2.339230,4.047214,8.269019,6.147414,7.385139,
1.506021,4.521567,3.288258,0.770016,1.837018,10.181926,2.339230,4.047214,8.269019,6.147414,7.385139,
1.506021,4.521567,3.288258,0.770016,1.837018,8.998061,2.339230,4.047214,8.269019,8.024994,7.385139,
1.506021,4.521567,3.288258,0.770016,1.837018,5.902898,3.129692,4.047214,8.269019,8.024994,7.385139,
1.506021,4.521567,3.288258,0.770016,1.837018,4.927283,2.261174,4.047214,8.269019,8.024994,7.385139,
1.506021,4.521567,3.288258,0.770016,1.837018,4.927283,2.261174,4.047214,8.269019,8.024994,7.385139,
1.506021,4.521567,3.288258,0.770016,1.837018,4.927283,2.261174,4.047214,3.532179,8.024994,4.666819,
1.506021,4.521567,3.288258,0.770016,1.837018,4.927283,2.261174,4.047214,3.532179,8.024994,4.666819,
1.506021,4.521567,3.288258,0.770016,1.837018,7.442676,2.261174,4.047214,3.475742,6.278274,4.666819,
1.506021,4.521567,3.288258,0.770016,1.837018,7.442676,2.261174,4.047214,3.475742,9.657652,4.666819,
1.506021,4.521567,3.288258,0.770016,1.837018,7.442676,2.261174,4.047214,3.475742,7.810886,4.666819,
1.506021,4.521567,3.288258,0.770016,1.837018,14.133652,2.261174,4.047214,3.475742,6.701378,4.666819,
1.506021,4.521567,3.288258,0.770016,1.837018,14.133652,2.261174,4.047214,2.816341,6.701378,4.666819,
1.506021,4.521567,3.288258,0.770016,1.837018,14.133652,2.261174,4.047214,2.816341,6.701378,4.666819,
1.506021,4.521567,3.288258,0.770016,1.837018,14.133652,2.261174,4.047214,2.816341,6.701378,4.666819,
1.506021,4.521567,3.288258,0.770016,1.837018,14.133652,2.261174,4.047214,2.816341,6.701378,4.666819,
1.506021,4.521567,3.288258,0.770016,1.837018,14.133652,2.261174,4.047214,2.816341,6.701378,4.666819,
1.506021,4.521567,3.288258,0.770016,1.837018,12.213709,2.261174,4.047214,2.816341,6.701378,4.666819,
1.506021,4.521567,3.288258,0.770016,1.837018,12.213709,2.261174,4.047214,3.252454,6.701378,4.666819,
1.506021,4.521567,3.288258,0.770016,1.837018,12.213709,2.261174,4.047214,3.252454,6.701378,4.666819,
1.506021,4.521567,3.288258,0.770016,1.837018,12.213709,2.261174,4.047214,3.252454,6.701378,4.666819,
1.506021,4.521567,3.032054,0.770016,1.837018,7.193569,2.261174,4.047214,3.252454,6.701378,4.666819,
1.506021,4.521567,3.032054,0.770016,1.837018,7.193569,2.261174,4.047214,8.622440,6.701378,4.666819,
1.506021,4.521567,3.032054,0.770016,1.837018,7.193569,2.261174,4.047214,8.622440,6.701378,4.666819,
1.506021,4.521567,3.032054,0.770016,1.837018,7.193569,2.261174,4.047214,8.622440,6.701378,7.888904,
1.506021,4.521567,3.032054,0.770016,1.837018,7.193569,2.261174,4.047214,8.622440,6.701378,7.888904,
1.506021,4.521567,3.032054,0.770016,1.837018,7.193569,2.261174,4.047214,8.622440,6.701378,7.888904,
1.506021,4.521567,3.032054,0.770016,1.837018,7.193569,2.261174,4.047214,8.622440,6.701378,7.888904,
1.506021,4.521567,3.032054,0.770016,1.837018,7.193569,2.261174,4.047214,8.622440,6.701378,7.888904,
1.506021,4.521567,3.032054,0.770016,1.837018,7.193569,2.261174,4.047214,8.622440,6.701378,7.888904,
1.506021,4.521567,3.032054,0.770016,1.837018,7.193569,2.261174,4.047214,8.622440,6.701378,7.888904,
1.506021,4.521567,3.032054,0.770016,1.837018,7.193569,2.261174,4.047214,8.622440,6.701378,7.888904,
1.506021,4.521567,3.032054,0.770016,1.837018,7.193569,2.261174,4.047214,8.622440,6.701378,7.888904,
1.506021,4.499217,3.032054,0.770016,1.837018,7.193569,2.261174,4.047214,8.622440,6.701378,7.888904,
1.506021,4.499217,3.032054,0.770016,1.837018,7.193569,2.261174,4.047214,8.622440,6.701378,7.888904,
1.506021,4.499217,3.032054,0.770016,1.837018,7.193569,2.261174,4.047214,8.622440,6.701378,7.888904,
1.506021,4.499217,3.032054,0.770016,1.837018,7.193569,2.261174,4.047214,8.622440,6.701378,7.888904,
1.506021,4.499217,3.032054,0.770016,1.837018,7.193569,2.261174,4.047214,8.622440,6.701378,7.888904,
1.506021,4.499217,3.032054,0.770016,1.837018,7.193569,2.261174,4.047214,8.622440,6.701378,7.888904,
1.506021,4.499217,3.032054,0.770016,1.837018,7.193569,2.261174,4.047214,8.622440,6.701378,7.888904,
1.506021,4.499217,3.032054,0.770016,1.837018,7.193569,2.261174,4.047214,8.622440,6.701378,7.888904,
1.503544,6.179431,3.032054,0.770016,1.837018,13.698005,2.261174,4.047214,5.751992,6.474932,7.888904,
1.394181,6.179431,3.032054,0.770016,1.837018,21.308613,2.261174,4.047214,5.751992,6.474932,7.888904,
1.394181,2.963231,3.032054,0.770016,1.837018,21.308613,2.261174,4.047214,4.036917,6.474932,14.162580,
1.394181,2.963231,3.032054,0.770016,1.837018,21.308613,2.261174,4.047214,4.036917,6.474932,12.754057,
1.394181,2.963231,3.032054,1.542157,1.837018,22.757252,2.261174,4.047214,4.036917,6.474932,12.754057,
1.394181,2.963231,3.032054,1.542157,1.837018,18.712800,2.261174,4.047214,4.036917,6.474932,12.022283,
1.394181,2.963231,3.155231,1.542157,1.837018,18.712800,2.261174,4.047214,4.036917,6.340859,12.022283,
1.394181,2.963231,3.155231,1.542157,1.837018,18.712800,2.261174,4.047214,4.036917,6.340859,12.022283,
1.394181,2.963231,3.155231,1.542157,1.837018,18.712800,2.261174,4.047214,4.036917,6.340859,12.022283,
1.394181,2.963231,3.155231,1.542157,1.837018,18.712800,2.517184,4.047214,4.036917,8.054171,12.022283,
1.394181,2.963231,3.155231,1.542157,1.837018,18.712800,2.517184,4.047214,4.036917,8.054171,12.022283,
1.394181,2.963231,3.155231,1.542157,1.837018,18.712800,2.517184,4.047214,4.036917,8.054171,12.022283,
1.394181,2.963231,3.155231,1.542157,1.837018,18.712800,2.517184,4.047214,4.036917,8.054171,12.022283,
1.394181,2.963231,3.155231,1.542157,1.837018,18.712800,2.775564,4.238057,6.809687,8.054171,12.022283,
1.394181,2.963231,3.155231,1.542157,1.837018,18.712800,2.775564,4.238057,6.809687,8.054171,13.674922,
1.394181,2.963231,3.155231,1.542157,1.837018,18.712800,2.775564,4.238057,6.809687,8.054171,13.674922,
1.394181,2.963231,3.155231,1.542157,1.837018,18.712800,2.775564,4.238057,10.532541,8.054171,13.674922,
1.394181,2.963231,3.155231,1.542157,1.837018,18.712800,2.775564,4.238057,10.532541,8.054171,10.076453,
1.394181,2.963231,3.155231,1.542157,1.837018,18.712800,2.775564,4.238057,11.714873,8.054171,10.076453,
1.394181,2.963231,3.155231,1.542157,1.837018,18.712800,2.775564,4.238057,11.714873,8.054171,10.076453,
1.394181,2.963231,3.155231,1.542157,1.837018,17.089251,2.775564,4.238057,11.714873,8.054171,10.076453,
1.394181,2.963231,3.155231,1.542157,1.837018,17.089251,2.775564,4.238057,11.714873,8.571690,10.076453,
1.394181,2.963231,3.155231,1.542157,1.837018,17.089251,2.775564,4.238057,11.714873,8.571690,7.872784,
1.394181,2.963231,3.155231,1.542157,1.837018,17.089251,2.775564,4.238057,11.714873,8.571690,9.070284,
1.394181,2.963231,3.644736,1.542157,1.837018,20.288428,2.775564,4.238057,6.997154,8.571690,10.595210,
1.394181,2.963231,3.644736,1.542157,1.837018,20.288428,2.775564,4.238057,6.997154,9.862410,10.595210,
1.394181,2.513268,3.904561,1.542157,1.837018,20.288428,2.775564,4.238057,6.997154,9.862410,10.595210,
1.394181,2.513268,3.288956,1.542157,1.837018,14.822968,2.904920,4.238057,6.997154,9.862410,8.856711,
1.394181,2.513268,3.428667,1.522229,1.837018,14.822968,2.904920,4.238057,1.908118,9.862410,8.856711,
1.394181,2.513268,3.428667,1.522229,1.837018,17.617529,2.904920,4.238057,1.908118,9.862410,8.856711,
1.394181,2.513268,2.789856,1.522229,1.837018,12.024396,2.904920,4.238057,1.975898,9.862410,8.856711,
1.394181,2.513268,2.789856,1.522229,1.837018,12.024396,2.904920,4.238057,1.975898,9.862410,8.856711,
1.394181,2.513268,2.789856,1.522229,1.837018,12.024396,2.966647,4.238057,6.778791,9.862410,7.775603,
1.394181,2.513268,2.789856,1.522229,1.837018,12.024396,2.966647,4.238057,6.778791,9.862410,7.775603,
1.394181,2.513268,2.789856,1.522229,1.837018,13.551829,2.966647,4.238057,6.778791,9.862410,7.775603,
1.394181,2.513268,2.789856,1.723419,1.837018,13.551829,2.966647,4.409808,6.778791,9.862410,6.781412,
1.394181,2.513268,2.789856,1.912581,1.837018,9.474238,3.246161,4.409808,6.778791,9.862410,6.781412,
1.394181,2.513268,2.789856,1.912581,1.837018,9.474238,3.246161,4.409808,6.778791,9.862410,6.781412,
1.394181,2.513268,2.789856,1.912581,1.837018,9.474238,3.246161,4.409808,6.778791,9.862410,6.781412,
1.394181,2.513268,2.789856,1.912581,1.837018,9.474238,3.246161,4.409808,6.778791,9.862410,6.781412,
1.394181,2.513268,2.789856,1.912581,1.837018,9.474238,3.246161,4.409808,6.778791,9.862410,6.781412,
1.394181,2.513268,2.789856,1.912581,1.837018,9.474238,3.246161,4.409808,6.778791,9.862410,6.781412,
1.394181,2.513268,2.789856,1.912581,1.837018,9.474238,3.246161,4.409808,6.778791,9.862410,6.781412,
1.394181,2.513268,2.789856,1.912581,1.837018,9.474238,3.246161,4.409808,6.778791,9.862410,6.781412,
1.394181,2.513268,2.789856,1.291933,1.837018,11.377843,3.246161,4.409808,6.778791,9.862410,6.781412,
1.394181,2.513268,2.789856,1.291933,1.837018,13.557692,3.246161,4.409808,6.778791,9.862410,6.781412,
1.394181,2.513268,2.789856,1.291933,1.837018,13.557692,3.246161,4.409808,6.778791,6.813426,6.781412,
1.394181,2.513268,2.789856,1.291933,1.837018,16.093037,3.246161,4.409808,6.778791,12.385340,3.753002,
1.394181,2.513268,2.789856,1.291933,1.837018,16.093037,3.246161,4.409808,6.778791,12.385340,3.753002,
1.394181,2.513268,2.789856,1.291933,1.837018,10.491820,3.246161,4.409808,6.778791,11.690975,3.753002,
1.394181,2.513268,2.789856,1.291933,1.837018,10.491820,3.246161,4.409808,6.778791,10.664334,5.637831,
1.394181,2.513268,2.789856,1.090238,1.837018,10.491820,3.246161,4.409808,6.778791,10.664334,5.637831,
1.394181,2.513268,2.789856,1.090238,2.274382,11.662772,3.246161,4.409808,12.075169,10.664334,5.637831,
1.394181,2.513268,2.789856,1.090238,2.274382,17.260322,3.246161,4.409808,12.075169,10.664334,5.637831,
1.394181,2.513268,2.789856,1.366408,2.274382,17.187361,3.246161,4.409808,9.945333,10.664334,4.977167,
1.394181,2.513268,2.789856,1.366408,2.274382,17.187361,3.246161,4.409808,7.349516,10.664334,3.580088,
1.394181,2.513268,2.789856,1.366408,2.274382,17.187361,3.246161,4.409808,11.465104,10.664334,4.754386,
1.394181,2.513268,2.789856,1.366408,2.274382,9.548502,3.246161,4.409808,11.465104,10.664334,4.754386,
1.394181,2.513268,2.789856,1.366408,2.274382,9.548502,3.050658,4.291726,13.352938,9.902137,4.754386,
1.394181,2.513268,2.789856,1.366408,2.274382,9.548502,3.050658,4.291726,13.352938,9.902137,4.754386,
1.394181,2.513268,2.789856,1.366408,2.274382,7.492374,3.050658,4.291726,13.352938,9.902137,4.754386,
1.394181,2.513268,2.789856,1.366408,2.274382,7.492374,3.050658,4.291726,13.352938,9.902137,4.754386,
1.394181,2.513268,2.789856,1.366408,2.274382,7.492374,3.050658,4.291726,13.366863,9.902137,4.119666,
1.394181,2.513268,2.789856,1.366408,2.274382,3.530104,2.908759,4.291726,13.366863,9.902137,5.338192,
1.394181,2.513268,2.789856,1.366408,2.274382,10.536513,2.908759,4.291726,13.366863,9.902137,5.338192,
1.394181,2.513268,2.789856,1.366408,2.274382,10.536513,3.635802,4.291726,13.366863,9.902137,5.050132,
1.394181,2.513268,2.789856,1.366408,2.274382,11.697940,3.635802,4.291726,12.225484,9.902137,5.050132,
1.394181,2.513268,2.789856,1.366408,2.274382,11.697940,3.635802,4.291726,12.225484,10.768301,5.050132,
1.394181,2.513268,2.789856,1.366408,2.274382,11.697940,3.635802,4.291726,12.225484,10.768301,5.050132,
1.394181,2.513268,2.789856,1.366408,2.274382,9.792919,3.635802,4.291726,12.225484,10.768301,5.258336,
1.394181,2.513268,2.789856,1.366408,2.274382,13.289052,3.635802,4.291726,12.225484,10.768301,5.258336,
1.394181,2.513268,2.789856,1.366408,2.274382,13.708598,3.635802,4.291726,14.139728,10.768301,5.258336,
1.394181,2.513268,2.789856,1.366408,2.274382,13.708598,3.635802,4.291726,14.139728,10.768301,5.258336,
1.394181,2.513268,2.789856,1.366408,2.274382,13.708598,3.635802,4.291726,14.535321,10.768301,5.258336,
1.394181,2.513268,2.789856,1.366408,2.274382,13.708598,3.635802,4.291726,15.498316,11.428903,7.062807,
1.394181,2.513268,2.736728,1.366408,2.274382,13.708598,3.635802,4.291726,15.498316,11.428903,7.062807,
1.394181,2.513268,2.736728,1.366408,2.274382,16.991307,3.635802,4.291726,15.498316,11.428903,7.062807,
1.394181,2.513268,2.736728,1.366408,2.274382,16.991307,3.635802,4.291726,15.498316,10.098411,7.062807,
1.394181,2.513268,2.736728,1.366408,2.274382,16.991307,3.635802,4.291726,15.498316,10.098411,7.062807,
1.394181,2.513268,2.736728,1.366408,2.274382,16.991307,3.635802,4.291726,13.839883,9.699312,10.686205,
1.394181,2.513268,2.736728,1.366408,2.274382,16.991307,3.635802,4.291726,13.839883,9.699312,10.686205,
1.394181,2.513268,2.736728,1.366408,2.274382,16.991307,3.635802,4.291726,13.839883,9.699312,10.686205,
1.394181,2.579101,2.736728,1.366408,2.274382,16.991307,3.484650,4.291726,13.839883,9.699312,10.686205,
1.394181,2.579101,2.736728,1.366408,2.274382,16.991307,3.484650,4.291726,13.839883,9.699312,10.686205,
1.394181,2.579101,2.736728,1.366408,2.274382,16.991307,3.484650,4.291726,13.839883,9.699312,10.686205,
1.394181,2.579101,2.736728,1.366408,2.274382,16.991307,3.484650,4.291726,13.839883,9.699312,10.686205,
1.394181,2.579101,2.736728,1.366408,2.274382,16.991307,3.484650,4.291726,13.839883,9.699312,10.686205,
1.394181,2.579101,2.736728,1.366408,2.274382,12.343459,3.484650,4.291726,16.731595,10.888246,10.686205,
1.394181,1.410774,2.736728,1.366408,2.274382,10.953853,3.484650,4.291726,16.731595,10.888246,10.686205,
1.394181,1.410774,2.736728,1.512368,2.274382,10.953853,3.484650,4.291726,16.731595,10.888246,10.686205,
1.394181,1.410774,2.736728,1.512368,2.274382,10.953853,3.484650,4.291726,16.731595,10.888246,10.686205,
1.394181,1.410774,2.736728,1.512368,2.274382,10.953853,3.484650,4.291726,16.731595,8.824808,10.686205,
1.394181,1.410774,2.736728,1.512368,2.274382,9.195991,3.484650,4.291726,16.665961,11.130471,7.623975,
1.394181,1.410774,2.736728,1.512368,2.274382,9.195991,3.484650,4.291726,16.665961,11.130471,7.623975,
1.394181,1.410774,2.736728,1.512368,2.274382,9.195991,3.484650,4.291726,16.665961,11.130471,7.623975,
1.394181,1.410774,2.736728,1.512368,2.274382,9.195991,3.484650,4.291726,16.665961,11.130471,7.623975,
1.394181,1.410774,2.736728,1.512368,2.274382,9.195991,3.484650,4.291726,16.665961,11.130471,7.623975,
1.394181,1.410774,2.736728,1.512368,2.274382,9.195991,3.484650,4.291726,16.665961,11.130471,7.623975,
1.394181,1.410774,2.736728,1.512368,2.274382,9.195991,3.484650,4.291726,16.665961,11.070204,7.623975,
1.394181,2.042610,2.736728,1.512368,2.142984,11.396788,3.484650,4.291726,21.525309,11.070204,7.623975,
1.394181,2.042610,2.736728,1.512368,2.142984,11.396788,3.484650,4.291726,21.525309,12.279848,7.623975,
1.394181,2.042610,2.736728,1.512368,2.142984,11.396788,3.484650,4.291079,21.525309,12.279848,7.623975,
1.394181,2.042610,2.736728,1.512368,2.142984,10.426397,4.058990,4.291079,21.525309,11.320975,7.623975,
1.394181,2.042610,2.736728,1.512368,2.142984,6.793113,4.058990,4.291079,22.723182,11.320975,7.623975,
1.394181,2.042610,2.736728,1.512368,2.142984,8.047640,4.058990,4.291079,20.357772,11.320975,4.153539,
1.394181,2.042610,2.736728,1.512368,2.142984,8.047640,4.058990,4.291079,20.357772,11.320975,6.582308,
1.394181,2.042610,2.736728,1.512368,2.142984,8.047640,4.058990,4.291079,20.686698,11.320975,6.582308,
1.394181,2.042610,2.736728,1.512368,2.142984,8.047640,4.058990,4.291079,13.596529,11.320975,6.257713,
1.394181,2.042610,2.736728,1.512368,2.142984,7.958039,4.058990,4.291079,12.446144,11.320975,6.257713,
1.394181,2.042610,2.736728,1.512368,2.142984,7.958039,3.713603,4.291079,9.300596,11.640581,6.257713,
1.394181,2.042610,2.736728,1.512368,2.142984,7.029651,3.713603,4.291079,4.505466,11.640581,9.897491,
1.394181,2.042610,2.736728,1.512368,2.378762,5.791225,3.713603,4.291079,7.312928,11.640581,9.897491,
1.394181,2.042610,2.736728,1.512368,2.378762,5.791225,3.713603,4.291079,7.312928,11.640581,9.897491,
1.394181,2.042610,2.736728,1.512368,2.378762,4.134980,3.713603,4.291079,7.312928,11.640581,9.897491,
1.394181,2.042610,2.736728,1.512368,2.378762,4.134980,3.713603,4.291079,7.312928,11.640581,9.897491,
1.394181,2.042610,2.736728,1.512368,2.378762,4.134980,3.713603,4.291079,7.312928,11.640581,9.897491,
1.394181,2.042610,2.736728,1.512368,2.378762,2.627344,3.713603,4.291079,7.312928,12.911892,9.897491,
1.394181,2.042610,2.736728,1.512368,2.378762,5.975850,3.713603,4.291079,7.312928,12.911892,9.897491,
1.394181,2.042610,2.699454,1.512368,2.378762,10.812779,3.713603,4.291079,4.721396,11.453164,9.897491,
1.394181,2.042610,2.699454,1.512368,2.378762,10.812779,3.713603,4.291079,4.721396,10.806931,6.790353,
1.394181,2.042610,2.823208,1.512368,2.378762,10.812779,3.713603,4.291079,1.453437,10.806931,6.790353,
1.394181,2.042610,2.823208,1.512368,2.378762,10.812779,3.713603,4.291079,7.074224,10.806931,6.790353,
1.394181,2.042610,2.823208,1.512368,2.378762,10.776142,3.713603,4.291079,8.648637,10.806931,6.790353,
1.394181,2.042610,2.823208,1.512368,2.378762,10.776142,3.713603,4.291079,8.648637,10.806931,7.963245,
1.394181,1.441476,2.823208,1.512368,2.378762,10.773416,3.713603,4.291079,8.137366,10.806931,7.963245,
1.394181,1.441476,2.823208,1.512368,2.378762,13.089472,3.713603,4.443908,7.711664,10.806931,7.963245,
1.394181,3.159140,2.771866,1.512368,2.378762,9.643087,3.713603,4.443908,7.711664,10.806931,7.963245,
1.394181,2.735335,2.771866,1.512368,2.378762,12.783001,3.713603,4.443908,7.711664,10.806931,7.963245,
1.394181,2.735335,2.771866,1.512368,2.378762,2.955121,3.713603,4.443908,7.711664,10.806931,7.963245,
1.394181,1.852765,2.771866,1.512368,2.378762,2.955121,3.713603,4.443908,7.711664,11.612873,7.963245,
1.394181,1.852765,2.771866,1.512368,2.378762,2.955121,3.713603,4.443908,7.711664,11.612873,7.963245,
1.394181,1.852765,2.771866,1.512368,2.378762,2.854627,3.713603,4.443908,7.711664,11.612873,7.963245,
1.394181,2.068543,2.771866,1.512368,2.378762,2.854627,3.713603,4.443908,7.711664,11.612873,7.963245,
1.394181,2.068543,2.771866,1.512368,2.378762,2.854627,3.713603,4.673306,7.711664,12.340094,7.963245,
1.394181,2.068543,2.771866,1.512368,2.378762,2.041393,3.713603,4.673306,7.711664,12.340094,7.963245,
1.394181,2.068543,2.771866,1.512368,2.378762,2.041393,3.713603,4.673306,7.711664,12.340094,7.963245,
1.394181,2.068543,2.771866,1.512368,2.378762,4.433561,3.713603,4.673306,7.711664,12.340094,4.601336,
1.394181,2.068543,2.771866,1.022460,2.378762,4.433561,3.713603,4.673306,7.711664,12.340094,4.601336,
1.394181,2.068543,2.363341,1.022460,2.176673,8.376004,4.555551,4.673306,7.711664,12.340094,4.601336,
1.394181,2.068543,2.967167,1.022460,2.176673,7.209014,4.555551,4.673306,5.962308,12.908090,4.601336,
1.394181,2.068543,2.967167,1.022460,2.176673,7.209014,4.555551,4.673306,5.962308,12.908090,4.601336,
1.394181,2.068543,2.967167,1.022460,2.176673,7.209014,4.555551,4.673306,5.962308,14.949828,4.601336,
1.394181,2.068543,2.967167,1.022460,2.176673,7.209014,4.555551,4.673306,5.962308,15.636017,4.601336,
1.394181,2.068543,2.967167,1.508744,2.176673,7.209014,4.555551,4.673306,5.962308,12.853653,5.268935,
1.394181,2.068543,2.967167,1.508744,2.176673,7.209014,4.555551,4.673306,5.962308,12.853653,5.268935,
1.394181,2.068543,2.649493,1.508744,2.176673,7.209014,4.555551,4.673306,5.962308,12.853653,5.268935,
1.394181,2.068543,2.649493,1.508744,2.075797,7.209014,4.555551,4.673306,5.962308,12.853653,5.268935,
1.394181,2.068543,2.649493,1.508744,2.075797,7.209014,4.555551,4.673306,5.962308,12.853653,5.268935,
1.394181,2.068543,2.649493,1.508744,2.075797,7.209014,4.555551,4.673306,12.213967,12.853653,5.268935,
1.394181,2.511794,2.649493,1.508744,2.075797,8.023285,4.555551,4.673306,12.213967,12.644665,7.199263,
1.394181,2.511794,3.388529,1.508744,2.075797,5.219198,4.555551,4.673306,2.284390,12.644665,7.199263,
1.394181,2.511794,3.388529,1.508744,2.075797,5.295968,4.555551,4.673306,2.284390,12.644665,7.199263,
1.394181,2.511794,3.388529,1.508744,2.075797,5.295968,3.848890,4.673306,2.284390,12.644665,7.199263,
1.394181,2.511794,3.388529,1.508744,2.075797,5.295968,3.848890,4.673306,3.770257,12.644665,3.739997,
1.394181,2.511794,3.388529,1.508744,2.075797,1.218285,3.848890,4.673306,3.770257,12.644665,3.739997,
1.394181,2.511794,3.388529,1.508744,2.075797,3.205094,3.200434,4.673306,3.770257,11.424629,6.190964,
1.394181,2.511794,3.388529,1.508744,2.075797,2.366788,3.200434,4.673306,3.770257,11.424629,6.190964,
1.394181,2.511794,3.388529,1.508744,2.075797,2.366788,3.200434,4.673306,3.770257,9.431795,6.190964,
1.394181,2.511794,3.388529,1.508744,2.075797,2.366788,3.200434,4.673306,3.770257,9.717816,6.190964,
1.394181,2.511794,3.388529,1.508744,1.758157,3.804055,3.200434,4.673306,3.770257,8.916106,5.530331,
1.394181,2.511794,3.388529,1.508744,1.758157,3.804055,3.200434,4.673306,3.770257,8.465194,5.069027,
1.394181,2.511794,3.388529,1.508744,1.758157,3.804055,3.200434,4.673306,5.187333,8.465194,5.069027,
1.394181,2.511794,3.388529,1.508744,1.758157,3.804055,3.200434,4.673306,5.187333,8.465194,5.069027,
1.394181,2.511794,3.388529,1.508744,1.758157,3.804055,3.200434,4.673306,5.187333,8.465194,5.069027,
1.394181,2.511794,3.388529,1.508744,1.758157,3.804055,3.200434,4.673306,5.187333,8.465194,5.069027,
1.394181,2.511794,3.388529,1.508744,1.758157,3.804055,3.200434,4.673306,5.187333,8.295195,5.069027,
1.394181,2.528181,3.388529,1.508744,1.758157,3.804055,3.200434,4.673306,5.187333,8.295195,5.069027,
1.394181,2.528181,3.388529,1.508744,1.758157,1.597503,3.200434,4.673306,3.922885,8.295195,5.069027,
1.394181,2.528181,3.388529,1.508744,1.758157,1.597503,3.200434,4.673306,3.922885,8.295195,5.069027,
1.394181,2.528181,3.388529,1.508744,1.758157,1.597503,3.200434,4.673306,4.513439,10.774720,5.069027,
1.394181,2.528181,3.388529,1.508744,1.758157,5.763051,3.200434,4.673306,5.894864,10.774720,4.425193,
1.394181,2.528181,3.388529,1.508744,1.758157,5.763051,3.200434,4.673306,6.246297,11.160292,6.029031,
1.394181,3.152911,3.388529,1.508744,1.758157,5.763051,3.200434,4.673306,6.246297,11.160292,6.029031,
1.394181,3.152911,3.388529,1.508744,1.758157,5.763051,3.200434,4.673306,6.246297,11.160292,6.029031,
1.394181,3.152911,3.388529,1.508744,1.758157,5.763051,3.200434,4.673306,6.246297,9.136051,5.525139,
1.394181,1.429495,3.388529,1.508744,1.758157,5.763051,3.200434,4.673306,6.246297,9.136051,6.211042,
1.394181,1.429495,3.388529,1.508744,1.758157,5.763051,3.200434,4.673306,6.246297,9.136051,8.471635,
1.394181,1.429495,3.388529,1.508744,1.758157,5.763051,3.200434,4.673306,4.602712,9.136051,5.389602,
1.394181,1.697393,3.388529,1.508744,1.758157,5.763051,3.200434,4.673306,4.602712,9.136051,5.389602,
1.394181,1.878923,3.388529,1.508744,1.758157,4.972559,3.200434,4.673306,4.602712,9.136051,5.389602,
1.394181,1.878923,3.388529,1.508744,1.758157,4.972559,3.200434,4.673306,4.602712,8.924405,5.389602,
1.394181,1.878923,3.388529,1.508744,1.758157,4.972559,3.200434,4.673306,8.640422,8.924405,5.389602,
1.394181,1.497455,3.388529,2.601564,1.758157,4.972559,3.200434,4.673306,8.640422,8.924405,5.389602,
1.394181,1.497455,3.388529,2.601564,1.758157,4.972559,3.200434,4.673306,8.640422,8.924405,5.389602,
1.394181,1.497455,3.388529,2.601564,1.758157,4.972559,3.200434,4.673306,8.640422,8.924405,5.389602,
1.394181,1.497455,3.388529,2.601564,1.758157,4.972559,3.200434,4.673306,5.952047,8.924405,5.389602,
1.394181,1.497455,3.388529,2.601564,1.758157,3.621270,3.200434,4.673306,5.952047,8.924405,5.389602,
1.394181,1.497455,3.388529,2.601564,1.758157,3.621270,3.200434,4.673306,5.952047,8.924405,5.389602,
1.394181,1.497455,3.388529,2.601564,1.758157,3.621270,3.200434,4.673306,5.952047,8.924405,5.389602,
1.394181,1.497455,3.388529,2.601564,1.758157,3.621270,3.200434,4.673306,5.952047,8.924405,5.389602,
1.394181,1.497455,3.388529,2.601564,1.758157,3.621270,3.200434,4.673306,5.041130,8.924405,5.389602,
1.394181,1.497455,3.388529,2.601564,1.758157,7.087264,3.200434,4.673306,1.119645,8.924405,5.123065,
1.394181,1.497455,3.388529,2.601564,1.758157,10.153385,3.200434,4.673306,2.493318,8.924405,5.123065,
1.394181,1.497455,2.868961,2.601564,1.758157,8.338114,3.711452,4.673306,2.181522,8.924405,5.123065,
1.394181,1.497455,2.868961,2.601564,1.758157,10.049872,3.711452,4.673306,4.555227,10.256641,5.123065,
1.394181,1.497455,2.868961,3.789079,1.758157,10.049872,3.364179,4.673306,3.988101,10.256641,5.123065,
1.394181,1.497455,2.868961,3.029662,1.758157,10.049872,3.848994,4.673306,1.955451,10.483962,5.123065,
1.394181,1.497455,2.868961,3.029662,1.758157,6.464199,3.848994,4.673306,1.955451,10.483962,5.123065,
1.394181,1.497455,2.868961,2.225400,1.758157,6.464199,3.848994,4.673306,3.020397,10.483962,8.047345,
1.394181,1.497455,2.868961,2.225400,1.758157,8.021611,4.003880,4.799366,3.020397,10.483962,9.218575,
1.394181,1.497455,2.868961,2.758849,1.758157,8.021611,4.003880,3.743557,3.020397,10.483962,9.218575,
1.394181,1.497455,2.868961,2.758849,1.758157,8.021611,4.003880,3.743557,3.020397,10.483962,14.032059,
1.394181,1.497455,2.868961,2.758849,1.758157,8.021611,4.003880,3.743557,4.432490,10.679672,14.032059,
1.394181,1.497455,2.868961,2.758849,1.758157,8.021611,4.003880,3.743557,4.432490,11.866547,14.032059,
1.394181,1.497455,2.868961,2.758849,1.758157,8.021611,4.003880,3.743557,4.432490,11.866547,13.731405,
1.394181,1.497455,2.868961,2.758849,1.758157,8.021611,4.003880,3.743557,8.674769,11.866547,13.731405,
1.394181,1.497455,2.868961,2.758849,1.758157,8.021611,4.003880,3.743557,9.698685,11.866547,13.731405,
1.394181,1.497455,2.868961,2.758849,1.758157,10.573602,4.003880,3.743557,3.079966,11.866547,13.731405,
1.394181,1.497455,2.868961,3.012917,1.758157,3.194499,4.003880,3.743557,3.079966,11.866547,13.731405,
1.394181,1.497455,2.868961,3.012917,1.758157,3.194499,4.808665,3.743557,4.593686,11.866547,13.731405,
1.394181,1.497455,2.868961,3.012917,1.758157,3.194499,4.808665,3.743557,3.152085,11.695130,13.731405,
1.394181,1.497455,2.868080,3.012917,1.758157,3.194499,4.808665,3.743557,2.208404,14.237447,13.731405,
1.394181,1.497455,2.868080,3.012917,1.758157,3.194499,4.808665,3.743557,2.208404,14.237447,13.731405,
1.394181,1.497455,2.868080,3.012917,1.758157,3.194499,4.808665,3.743557,2.208404,14.237447,13.731405,
1.394181,1.497455,2.868080,3.012917,1.758157,3.194499,4.808665,3.743557,4.405578,14.237447,13.731405,
1.394181,1.497455,2.868080,3.012917,1.758157,3.194499,4.808665,3.743557,4.405578,14.237447,13.731405,
1.394181,1.497455,2.868080,3.012917,1.758157,3.194499,4.808665,3.743557,4.405578,14.237447,13.731405,
1.394181,1.497455,2.868080,3.012917,1.758157,3.194499,4.808665,3.743557,9.020180,14.237447,13.731405,
1.394181,1.497455,2.868080,3.012917,1.758157,3.194499,4.808665,3.743557,9.020180,14.237447,13.731405,
1.394181,1.497455,2.868080,3.012917,1.758157,3.194499,4.808665,3.743557,9.020180,14.237447,13.731405,
1.394181,1.497455,2.868080,3.012917,1.758157,4.579107,4.808665,3.743557,9.020180,14.237447,14.143527,
1.394181,1.497455,2.868080,4.711790,1.758157,4.579107,4.808665,3.743557,9.020180,14.237447,14.143527,
1.394181,1.497455,2.868080,4.711790,1.758157,3.967135,4.808665,3.743557,9.529430,14.237447,14.143527,
1.394181,1.497455,3.363656,4.711790,1.758157,3.967135,4.808665,3.743557,7.512363,14.237447,14.143527,
1.394181,1.497455,3.363656,4.711790,1.758157,3.967135,4.808665,3.743557,7.512363,14.237447,14.143527,
1.394181,1.497455,3.363656,4.711790,1.758157,9.912095,4.808665,3.743557,7.512363,14.237447,14.143527,
1.394181,1.497455,3.363656,3.496863,1.758157,3.451248,4.808665,3.743557,7.512363,14.237447,14.143527,
1.394181,1.497455,3.363656,2.334610,1.758157,3.451248,4.808665,3.743557,7.512363,14.237447,13.285149,
1.394181,1.793525,3.363656,2.334610,1.758157,6.459855,5.074345,3.743557,11.330951,14.237447,13.285149,
1.394181,1.793525,3.363656,2.334610,1.758157,6.459855,5.074345,3.743557,14.008932,14.237447,11.658196,
1.394181,1.793525,3.363656,2.334610,1.758157,6.459855,5.074345,3.743557,14.008932,14.237447,11.658196,
1.394181,1.793525,3.363656,2.334610,1.758157,4.275752,5.074345,3.743557,15.845382,14.237447,12.512068,
1.394181,1.793525,3.363656,2.334610,1.758157,5.918891,4.756786,3.743557,10.765365,14.237447,12.512068,
1.394181,1.793525,3.363656,2.334610,1.758157,5.918891,4.756786,3.743557,11.040301,14.237447,12.512068,
1.394181,1.793525,3.363656,1.264168,1.758157,5.918891,4.756786,3.743557,13.648772,14.237447,12.512068,
1.394181,1.793525,3.122183,1.264168,1.758157,6.723083,4.756786,3.743557,13.648772,14.237447,12.512068,
1.394181,1.793525,3.122183,1.264168,1.758157,6.723083,4.756786,3.743557,13.648772,14.237447,7.806958,
1.394181,1.793525,3.122183,1.264168,1.758157,6.723083,4.756786,3.743557,13.648772,16.832165,7.806958,
1.394181,1.793525,3.122183,1.264168,1.758157,6.723083,4.756786,3.743557,13.648772,16.832165,7.806958,
1.394181,1.793525,3.122183,1.264168,1.758157,6.723083,4.756786,3.743557,13.648772,16.832165,7.806958,
1.394181,1.793525,3.122183,1.264168,1.758157,12.365725,4.756786,3.743557,8.759486,16.832165,7.806958,
1.394181,1.793525,3.122183,1.264168,1.758157,12.365725,4.756786,3.743557,8.759486,17.042404,7.806958,
1.394181,1.793525,3.122183,1.264168,1.758157,12.365725,6.045005,3.743557,8.759486,17.042404,7.806958,
1.394181,1.793525,3.122183,1.264168,1.758157,12.365725,6.045005,3.743557,8.759486,17.042404,7.806958,
1.394181,1.793525,3.122183,1.264168,1.758157,12.365725,6.045005,3.743557,7.509165,19.019124,7.806958,
1.394181,1.793525,3.122183,1.264168,1.758157,12.365725,6.045005,3.743557,10.750625,19.019124,11.316986,
1.394181,1.793525,3.122183,1.264168,1.758157,12.305493,6.045005,3.743557,12.483569,19.019124,11.316986,
1.394181,1.793525,3.122183,2.075041,1.758157,16.066977,7.374302,3.743557,12.483569,18.889652,11.316986,
1.394181,1.793525,3.122183,2.075041,1.758157,16.066977,7.374302,3.743557,12.483569,18.889652,11.316986,
1.394181,1.793525,3.122183,2.075041,1.758157,16.066977,7.374302,3.743557,12.483569,18.889652,11.316986,
1.394181,1.793525,3.122183,2.075041,1.758157,16.066977,7.374302,4.044146,13.315315,18.889652,11.316986,
1.394181,1.554863,3.122183,2.075041,1.758157,10.861547,7.374302,4.044146,13.315315,18.889652,11.316986,
1.394181,1.554863,3.122183,2.075041,1.758157,10.861547,7.374302,4.044146,13.315315,18.889652,11.316986,
1.394181,1.554863,3.122183,1.766951,1.758157,10.861547,5.536307,4.044146,13.315315,19.346592,11.316986,
1.394181,1.554863,3.122183,1.766951,1.758157,10.861547,5.536307,4.044146,13.315315,19.346592,11.316986,
1.394181,1.554863,3.122183,1.766951,1.758157,10.861547,5.536307,4.044146,11.876350,14.890591,10.116954,
1.394181,1.554863,3.122183,1.766951,1.758157,14.726340,5.536307,4.044146,11.876350,14.890591,8.520180,
1.394181,1.554863,3.122183,1.766951,1.758157,16.852408,5.536307,4.044146,11.876350,16.935275,8.520180,
1.394181,1.554863,3.122183,2.108747,1.758157,16.852408,5.536307,4.044146,11.876350,16.935275,8.520180,
1.394181,1.554863,3.122183,2.108747,1.758157,16.852408,5.536307,4.044146,12.015455,16.935275,8.520180,
1.394181,1.554863,3.122183,2.108747,1.758157,16.852408,5.536307,4.090910,12.015455,16.935275,8.244516,
1.394181,1.554863,3.122183,2.108747,1.758157,16.852408,5.536307,4.090910,12.015455,16.935275,8.244516,
1.394181,1.554863,3.122183,2.108747,1.758157,15.620677,5.536307,4.090910,16.933514,16.935275,8.244516,
1.394181,1.554863,3.122183,2.108747,1.758157,15.620677,5.536307,4.090910,16.933514,16.935275,8.244516,
1.394181,1.554863,3.122183,2.108747,1.758157,15.620677,5.536307,4.090910,16.933514,16.935275,8.244516,
1.394181,1.554863,3.122183,2.108747,1.758157,15.620677,5.536307,4.090910,16.933514,16.935275,8.246756,
1.394181,1.554863,3.122183,2.981431,1.758157,17.431433,5.536307,4.090910,16.933514,16.935275,8.246756,
1.394181,1.554863,3.122183,2.981431,1.758157,22.534475,5.539599,4.090910,19.310400,19.226574,8.246756,
1.394181,1.554863,3.122183,2.981431,1.758157,24.395167,5.539599,4.090910,10.530423,19.226574,8.246756,
1.394181,1.554863,3.122183,2.981431,1.758157,24.395167,5.539599,4.090910,10.530423,15.356028,10.812145,
1.394181,1.554863,3.122183,2.981431,1.758157,23.410739,5.539599,4.090910,10.530423,15.356028,8.615129,
1.394181,1.554863,3.122183,2.981431,1.758157,23.410739,5.539599,4.090910,10.530423,15.356028,7.369595,
1.394181,1.554863,3.122183,2.981431,1.758157,23.410739,5.539599,4.090910,10.530423,15.356028,7.369595,
1.394181,1.554863,3.122183,2.981431,1.758157,23.410739,5.539599,4.090910,10.530423,15.356028,7.369595,
1.394181,1.554863,3.122183,2.981431,1.758157,21.755704,5.539599,4.090910,10.027427,15.356028,7.369595,
1.394181,1.554863,3.122183,2.981431,1.758157,21.755704,5.539599,4.090910,14.190018,15.356028,7.369595,
1.394181,1.554863,3.122183,2.981431,1.758157,19.765462,5.539599,4.090910,14.190018,15.356028,7.369595,
1.394181,1.554863,3.122183,2.981431,1.758157,19.765462,5.539599,4.090910,14.190018,15.356028,7.369595,
1.394181,1.554863,3.122183,2.981431,1.796738,19.765462,5.539599,4.090910,14.190018,15.356028,8.084019,
1.394181,1.554863,3.122183,2.981431,1.796738,19.765462,5.539599,4.090910,6.323552,15.356028,8.084019,
1.394181,1.554863,3.122183,2.981431,1.796738,19.765462,5.539599,4.090910,6.323552,15.356028,8.084019,
1.394181,1.554863,3.122183,2.981431,1.796738,19.765462,5.539599,4.090910,6.323552,15.356028,8.084019,
1.394181,1.554863,3.122183,2.981431,1.796738,19.765462,5.539599,4.090910,6.323552,15.356028,11.410180,
1.394181,1.554863,3.122183,2.981431,1.796738,19.765462,5.539599,4.090910,6.323552,15.356028,11.410180,
1.394181,1.554863,3.122183,2.981431,1.796738,19.765462,5.539599,4.090910,6.323552,15.356028,8.381322,
1.394181,1.554863,3.122183,2.981431,1.796738,17.069873,5.539599,4.090910,8.679150,18.005582,8.381322,
1.394181,1.554863,3.122183,2.981431,1.796738,10.653170,5.539599,4.090910,8.679150,18.005582,8.381322,
1.394181,1.554863,3.122183,2.981431,1.796738,10.653170,5.539599,4.090910,8.679150,18.005582,8.381322,
1.394181,1.554863,3.122183,2.981431,1.796738,10.653170,5.539599,4.090910,10.004408,18.005582,11.206390,
1.394181,1.554863,3.122183,2.981431,1.796738,11.362341,5.539599,4.090910,10.004408,18.005582,9.340153,
1.394181,1.554863,3.122183,2.981431,1.796738,11.362341,5.539599,4.090910,10.004408,18.005582,9.340153,
1.394181,1.554863,3.122183,2.981431,1.796738,9.000109,5.539599,4.090910,10.004408,18.005582,9.340153,
1.394181,1.554863,3.122183,2.981431,1.796738,9.000109,5.539599,4.090910,7.146575,20.100118,9.340153,
1.394181,1.554863,3.122183,2.981431,1.796738,9.000109,5.539599,4.090910,7.146575,20.100118,9.340153,
1.394181,1.554863,3.122183,2.289279,1.796738,7.437073,5.539599,4.090910,7.146575,20.100118,7.222970,
1.394181,1.536114,3.122183,2.332275,1.796738,9.786958,5.539599,4.090910,7.146575,20.100118,10.780928,
1.394181,1.536114,3.122183,2.829874,1.796738,9.786958,5.539599,4.090910,7.146575,19.604429,7.676685,
1.394181,1.536114,3.122183,2.757282,1.796738,9.786958,5.539599,4.090910,7.146575,19.604429,6.979469,
1.394181,1.536114,2.983773,1.426454,1.796738,9.786958,5.539599,4.090910,7.146575,19.604429,6.979469,
1.394181,1.921801,2.983773,1.426454,1.796738,9.786958,5.539599,4.090910,7.146575,19.045490,6.979469,
1.394181,1.921801,2.983773,1.426454,1.796738,9.786958,5.539599,4.090910,11.892783,19.045490,6.979469,
1.394181,1.921801,2.983773,1.426454,1.796738,9.786958,5.539599,4.090910,13.873394,13.545863,6.979469,
1.394181,1.921801,2.983773,1.426454,1.864231,9.786958,5.539599,4.090910,10.790649,13.545863,6.979469,
1.394181,1.921801,2.983773,1.426454,1.864231,13.656573,5.539599,4.090910,10.249556,13.545863,6.979469,
1.394181,1.921801,2.983773,1.426454,1.864231,13.656573,5.539599,4.090910,10.249556,13.545863,6.979469,
1.394181,1.921801,2.983773,1.426454,1.864231,13.656573,5.539599,4.090910,10.249556,13.545863,6.979469,
1.394181,1.921801,2.983773,1.426454,1.864231,13.656573,5.539599,4.090910,10.249556,13.545863,6.979469,
1.394181,1.921801,2.983773,1.426454,1.864231,13.656573,5.539599,4.090910,7.934329,13.545863,6.979469,
1.394181,1.921801,2.983773,1.426454,1.864231,13.656573,5.539599,4.090910,7.934329,18.467299,5.731482,
1.394181,1.921801,2.983773,1.426454,1.864231,13.656573,5.539599,4.090910,11.406313,16.495504,5.147755,
1.394181,1.921801,2.983773,1.426454,1.864231,13.656573,5.539599,4.090910,11.406313,16.495504,9.952356,
1.394181,1.921801,2.983773,1.426454,1.995891,8.561144,5.539599,4.090910,4.736548,16.495504,9.952356,
1.394181,1.921801,2.983773,1.426454,1.995891,10.902701,5.828844,4.090910,7.260620,16.495504,9.952356,
1.394181,1.839787,2.983773,1.426454,1.995891,8.784843,5.828844,4.090910,7.260620,16.495504,9.952356,
1.394181,1.839787,2.983773,1.426454,1.995891,8.784843,5.828844,4.090910,7.260620,18.799533,9.952356,
1.394181,1.839787,2.983773,1.426454,1.995891,8.784843,5.828844,4.090910,5.350172,18.799533,9.952356,
1.394181,1.839787,2.983773,1.426454,1.995891,6.858778,5.828844,4.090910,1.550386,18.799533,7.529340,
1.394181,1.839787,2.983773,1.426454,1.995891,4.566771,5.828844,4.090910,1.460969,18.799533,7.529340,
1.394181,1.839787,2.983773,1.426454,1.995891,4.566771,6.508373,4.090910,1.460969,21.230777,7.529340,
1.394181,1.839787,2.983773,1.426454,1.995891,4.566771,6.508373,4.090910,1.460969,21.230777,7.529340,
1.394181,1.839787,2.983773,1.426454,1.995769,7.656105,6.508373,4.090910,2.138557,24.056894,7.529340,
1.394181,1.839787,2.983773,1.426454,1.995769,5.727258,6.508373,4.090910,2.138557,24.056894,7.529340,
1.394181,1.839787,2.983773,1.426454,1.995769,3.448388,6.508373,4.090910,1.702915,24.343703,7.529340,
1.394181,1.839787,2.983773,1.426454,1.995769,3.448388,6.508373,4.090910,1.702915,19.909692,10.108259,
1.394181,1.839787,2.983773,1.426454,1.995769,8.903609,6.508373,4.090910,1.702915,19.909692,10.108259,
1.394181,1.839787,2.983773,1.426454,1.995769,8.903609,5.627317,4.090910,1.702915,19.909692,10.108259,
1.394181,1.839787,2.983773,1.343762,1.995769,6.043819,5.627317,4.090910,5.624698,19.909692,5.827535,
1.394181,1.839787,2.983773,1.343762,1.995769,6.043819,5.627317,4.090910,3.633501,19.909692,5.827535,
1.394181,1.839787,2.983773,1.343762,1.995769,6.196315,5.627317,4.090910,6.313285,19.909692,5.827535,
1.394181,1.839787,2.983773,1.343762,1.995769,6.196315,5.627317,4.090910,6.313285,19.909692,5.827535,
1.394181,1.839787,2.983773,1.343762,1.995769,7.872349,5.504745,4.090910,6.313285,19.678320,5.827535,
1.394181,1.998289,2.983773,1.343762,1.995769,10.940627,5.782607,4.090910,8.519416,18.744771,12.308830,
1.394181,1.998289,2.983773,1.343762,1.995769,17.970478,5.782607,4.090910,8.519416,18.744771,12.308830,
1.394181,1.998289,2.983773,1.343762,1.995769,18.064673,5.782607,4.090910,8.519416,18.744771,8.962136,
1.394181,1.998289,2.983773,1.343762,1.995769,18.064673,5.782607,4.090910,9.550985,16.948045,8.962136,
1.394181,1.998289,2.983773,1.343762,1.995769,18.064673,5.782607,4.090910,7.679429,16.948045,8.962136,
1.394181,1.998289,2.983773,1.343762,1.995769,15.220258,5.782607,4.582396,7.679429,16.948045,8.962136,
1.394181,1.998289,2.983773,1.343762,1.995769,15.220258,5.782607,4.582396,7.679429,16.948045,8.962136,
1.394181,1.998289,2.983773,1.343762,1.995769,15.220258,5.782607,4.143017,1.548076,16.948045,8.962136,
1.394181,1.998289,2.983773,1.961298,1.995769,15.220258,5.970027,4.143017,1.003280,16.948045,5.278231,
1.394181,1.998289,2.983773,1.961298,1.995769,15.220258,5.970027,4.143017,0.914540,15.510738,12.798677,
1.394181,1.998289,2.983773,1.961298,1.995769,15.220258,5.970027,4.143017,0.914540,15.510738,12.798677,
1.394181,1.998289,2.983773,1.961298,1.995769,15.220258,5.970027,4.143017,0.914540,15.510738,12.798677,
1.394181,1.376443,2.983773,2.248139,1.995769,15.220258,5.970027,4.143017,0.914540,19.657016,12.798677,
1.394181,1.376443,2.983773,3.115756,1.995769,15.220258,5.970027,4.143017,5.267212,19.657016,12.798677,
1.394181,1.376443,2.983773,3.115756,1.995769,15.220258,5.970027,4.143017,9.153720,21.070690,11.274759,
1.394181,1.376443,2.983773,3.115756,1.995769,15.220258,5.970027,4.143017,9.153720,21.070690,7.002702,
1.394181,1.376443,2.983773,3.115756,1.995769,10.339435,5.970027,4.143017,9.153720,21.070690,7.002702,
1.394181,1.376443,2.983773,3.115756,1.995769,10.339435,5.970027,3.889304,9.153720,21.070690,7.002702,
1.394181,1.376443,2.983773,3.115756,1.995769,10.339435,5.970027,3.889304,14.624795,21.070690,7.002702,
1.426852,1.376443,2.983773,1.636956,1.995769,10.339435,5.970027,3.889304,14.624795,21.070690,7.002702,
1.426852,1.376443,2.983773,1.636956,1.995769,6.862212,5.970027,3.889304,14.624795,21.070690,7.002702,
1.426852,2.455948,2.983773,1.636956,1.995769,6.862212,5.970027,3.889304,14.416908,21.462814,7.002702,
1.426852,2.455948,2.983773,1.636956,1.995769,6.611684,5.970027,3.889304,8.410392,21.462814,3.428872,
1.426852,2.455948,2.983773,1.636956,1.995769,6.611684,5.970027,3.889304,8.206062,21.462814,7.812102,
1.426852,2.455948,2.983773,1.636956,1.995769,6.376378,5.970027,3.889304,8.206062,21.462814,7.812102,
1.426852,2.455948,2.983773,1.636956,1.995769,5.344708,5.970027,3.889304,8.206062,21.462814,7.812102,
1.426852,2.455948,2.983773,1.636956,1.995769,5.344708,6.398127,3.889304,8.206062,21.462814,7.775452,
1.426852,2.455948,2.983773,1.636956,1.995769,5.424211,6.398127,3.889304,8.206062,21.462814,7.775452,
1.426852,2.455948,2.983773,1.636956,1.995769,5.878405,6.398127,3.889304,8.113704,21.462814,7.132762,
1.426852,2.395220,2.983773,1.636956,1.995769,2.032681,6.398127,3.889304,5.089002,21.462814,7.132762,
1.426852,2.395220,2.983773,1.636956,1.995769,2.032681,6.398127,3.889304,5.089002,21.462814,7.132762,
1.426852,2.395220,2.983773,1.636956,1.995769,2.032681,6.398127,3.889304,5.089002,21.462814,7.132762,
1.426852,2.395220,2.983773,1.636956,1.995769,4.300347,6.398127,3.889304,5.089002,21.462814,7.132762,
1.426852,2.395220,2.983773,1.068552,1.995769,4.300347,6.348420,3.889304,5.089002,21.462814,7.132762,
1.426852,2.395220,2.983773,1.012936,1.995769,4.300347,6.348420,3.889304,5.089002,21.462814,7.132762,
1.426852,2.395220,2.983773,1.012936,1.995769,4.300347,6.348420,3.889304,5.089002,21.462814,7.132762,
1.426852,2.395220,2.983773,1.012936,1.995769,4.300347,7.061939,3.889304,5.089002,21.462814,7.132762,
1.426852,2.395220,2.983773,1.012936,1.995769,4.300347,7.061939,3.889304,13.155572,21.462814,7.132762,
1.426852,2.395220,2.983773,1.012936,1.995769,6.945917,7.061939,3.889304,8.008085,21.462814,7.132762,
1.426852,2.395220,2.948171,1.012936,1.995769,6.945917,7.061939,3.889304,8.008085,21.462814,7.132762,
1.426852,2.395220,2.948171,1.012936,1.995769,6.945917,5.306273,3.889304,8.008085,16.058808,7.132762,
1.426852,1.886117,2.948171,1.186802,1.995769,6.945917,5.240081,3.889304,4.032652,16.058808,7.225100,
1.426852,3.038369,2.948171,1.186802,2.236559,5.656388,5.240081,3.889304,4.032652,12.823241,7.225100,
1.426852,3.038369,2.948171,1.186802,2.236559,5.656388,5.240081,3.889304,4.032652,12.823241,7.225100,
1.426852,3.038369,2.903073,1.186802,2.236559,5.656388,5.240081,3.889304,4.137299,14.151588,7.225100,
1.426852,3.038369,2.903073,1.186802,2.236559,9.254850,5.240081,3.889304,8.508632,14.151588,7.225100,
1.426852,2.212695,2.903073,1.186802,2.236559,9.254850,5.240081,3.889304,8.508632,15.488020,7.225100,
1.426852,2.212695,2.903073,1.186802,2.236559,9.254850,4.757351,3.889304,8.508632,15.488020,7.225100,
1.426852,2.212695,2.903073,1.186802,2.236559,5.491725,4.757351,3.889304,6.263416,15.488020,7.225100,
1.426852,2.212695,2.903073,1.186802,1.679809,3.152238,4.757351,3.889304,9.353472,15.488020,11.301214,
1.426852,2.212695,2.903073,1.186802,1.679809,3.152238,4.757351,3.889304,9.353472,15.488020,11.301214,
1.426852,2.212695,2.903073,1.186802,1.679809,3.152238,4.757351,3.889304,9.353472,15.488020,11.301214,
1.426852,2.212695,2.903073,1.186802,1.679809,3.152238,4.757351,3.889304,9.353472,15.488020,11.301214,
1.426852,2.212695,2.903073,1.186802,1.679809,3.152238,4.757351,3.889304,9.353472,15.488020,11.301214,
1.426852,2.212695,2.903073,1.186802,1.679809,3.152238,4.757351,3.889304,9.353472,15.488020,11.301214,
1.426852,2.212695,2.903073,1.186802,1.679809,3.152238,4.757351,3.889304,9.353472,15.488020,11.301214,
1.426852,2.212695,2.903073,1.186802,1.679809,3.152238,4.757351,3.889304,9.353472,15.488020,11.301214,
1.426852,2.212695,2.903073,1.186802,1.679809,3.152238,4.757351,3.522258,9.353472,15.488020,11.301214,
1.426852,2.212695,2.903073,1.186802,1.679809,3.152238,4.757351,3.522258,9.353472,15.488020,11.301214,
1.426852,2.212695,2.903073,1.186802,1.679809,3.152238,4.757351,3.522258,11.009060,15.488020,11.301214,
1.426852,2.212695,2.903073,1.186802,1.679809,4.203244,4.757351,3.522258,11.009060,15.488020,10.932001,
1.426852,2.212695,2.903073,1.186802,1.679809,4.203244,4.757351,3.522258,11.009060,15.488020,10.932001,
1.426852,2.212695,2.903073,1.186802,1.679809,4.203244,5.205155,3.522258,11.009060,15.488020,10.932001,
1.426852,2.212695,2.903073,1.186802,1.679809,4.203244,5.205155,3.522258,11.009060,15.488020,10.932001,
1.426852,2.212695,2.903073,1.186802,1.679809,4.203244,5.205155,3.522258,11.009060,15.488020,13.283165,
1.426852,2.212695,2.903073,1.186802,1.679809,6.722874,5.205155,3.522258,9.191445,16.630150,13.283165,
1.426852,2.212695,2.903073,1.186802,1.679809,11.805036,5.205155,3.522258,9.191445,16.630150,12.328907,
1.426852,2.212695,2.903073,1.186802,1.679809,11.805036,5.205155,3.522258,9.191445,13.949493,12.328907,
1.426852,2.212695,2.903073,1.186802,1.679809,11.805036,5.205155,3.522258,9.191445,13.949493,12.328907,
1.426852,2.212695,2.903073,1.186802,1.679809,8.454644,5.205155,3.522258,9.191445,13.949493,12.328907,
1.426852,2.212695,2.903073,1.186802,1.679809,8.454644,5.205155,3.522258,9.191445,13.949493,12.328907,
1.426852,2.212695,2.903073,1.186802,1.679809,8.454644,5.205155,4.074244,11.114005,13.949493,11.799375,
1.426852,2.212695,2.903073,1.186802,1.679809,10.568082,5.205155,4.074244,12.895409,13.949493,11.799375,
1.426852,2.212695,2.903073,1.186802,1.679809,10.568082,5.205155,4.074244,12.895409,13.949493,11.799375,
1.426852,2.212695,2.903073,1.186802,1.679809,10.568082,5.205155,4.074244,12.895409,13.949493,11.799375,
1.426852,2.212695,2.903073,1.186802,1.679809,10.568082,5.205155,4.074244,12.895409,13.949493,11.799375,
1.426852,2.212695,2.903073,1.186802,1.679809,10.568082,5.205155,4.074244,12.895409,13.949493,9.512249,
1.426852,2.476509,2.903073,1.186802,1.679809,5.207155,5.205155,3.740483,6.752059,13.949493,9.512249,
1.426852,2.476509,2.996971,1.186802,1.679809,5.207155,4.590266,3.740483,6.752059,14.548536,9.512249,
1.426852,2.476509,2.996971,1.186802,1.679809,5.207155,4.590266,3.740483,6.752059,14.548536,9.512249,
1.426852,2.476509,2.996971,1.186802,1.679809,5.207155,4.590266,3.740483,6.752059,11.944249,9.512249,
1.426852,2.476509,2.996971,1.186802,1.679809,2.948143,4.590266,3.740483,6.752059,11.944249,11.037698,
1.426852,2.476509,2.996971,1.186802,1.679809,2.948143,4.590266,3.740483,7.487229,11.944249,11.037698,
1.426852,2.476509,2.996971,1.186802,1.679809,2.948143,4.590266,3.740483,7.487229,13.843317,13.091314,
1.426852,2.476509,2.996971,1.186802,1.679809,2.948143,4.590266,3.740483,7.487229,13.843317,11.513190,
1.426852,2.476509,2.996971,1.186802,1.679809,2.948143,4.590266,3.740483,7.487229,13.843317,11.513190,
1.426852,2.476509,2.996971,1.186802,1.679809,2.948143,4.590266,3.740483,7.487229,14.841011,7.719540,
1.426852,2.476509,2.996971,1.186802,1.679809,3.181296,4.590266,3.933742,7.175869,14.841011,7.719540,
1.426852,2.476509,2.996971,1.186802,2.130580,2.317360,4.590266,3.933742,7.175869,14.841011,7.719540,
1.426852,2.476509,2.996971,1.186802,2.130580,2.317360,4.590266,3.933742,7.175869,14.841011,7.719540,
1.426852,2.476509,2.996971,1.186802,2.130580,2.317360,4.590266,3.933742,7.175869,14.841011,7.719540,
1.426852,2.476509,2.996971,1.186802,2.130580,2.317360,4.590266,3.933742,7.175869,14.841011,7.719540,
1.426852,2.476509,2.996971,1.186802,1.815920,2.317360,4.620511,3.933742,7.175869,14.841011,7.719540,
1.426852,2.424300,2.996971,1.186802,1.815920,3.046288,4.620511,3.933742,7.175869,14.841011,7.719540,
1.426852,2.424300,2.996971,1.233981,1.815920,1.784462,4.620511,3.933742,7.126517,14.841011,7.719540,
1.426852,2.424300,2.996971,1.233981,1.815920,1.784462,4.620511,3.933742,7.126517,14.841011,7.719540,
1.426852,2.424300,2.996971,1.233981,1.815920,4.412147,4.620511,3.933742,6.068995,14.841011,7.719540,
1.426852,2.424300,2.996971,1.233981,1.815920,4.412147,4.620511,3.933742,6.068995,14.841011,7.719540,
1.426852,2.424300,2.996971,1.233981,1.815920,4.412147,4.620511,3.933742,6.068995,14.841011,7.719540,
1.426852,2.424300,2.996971,1.233981,1.815920,4.412147,4.620511,3.933742,6.068995,14.841011,7.719540,
1.426852,2.424300,2.996971,1.233981,1.815920,4.412147,4.620511,3.933742,6.068995,14.841011,7.719540,
1.426852,2.424300,2.996971,1.233981,1.815920,4.412147,4.620511,3.933742,3.130925,14.841011,9.690839,
1.426852,2.424300,2.996971,1.233981,1.815920,4.412147,4.620511,3.933742,3.130925,14.841011,9.690839,
1.426852,2.424300,2.996971,1.233981,1.815920,4.412147,4.620511,3.933742,3.130925,14.841011,9.690839,
1.426852,2.424300,2.996971,1.233981,1.815920,4.412147,4.620511,3.933742,5.332769,14.841011,9.690839,
1.426852,2.424300,2.996971,1.233981,1.815920,4.412147,4.620511,3.933742,5.332769,14.841011,9.690839,
1.426852,2.424300,2.996971,1.233981,1.815920,4.412147,4.620511,3.933742,5.332769,14.841011,9.690839,
1.426852,2.424300,2.996971,1.233981,1.815920,4.412147,4.620511,3.933742,5.332769,14.841011,9.690839,
1.426852,2.424300,2.996971,1.233981,1.815920,4.412147,4.620511,3.933742,5.332769,14.841011,9.690839,
1.426852,2.424300,2.996971,1.233981,1.815920,4.412147,4.620511,3.933742,5.332769,14.841011,9.690839,
1.426852,2.424300,2.996971,1.233981,1.815920,4.412147,4.620511,3.933742,5.332769,14.841011,8.797239,
1.426852,2.424300,2.996971,1.233981,1.872393,4.412147,4.620511,3.933742,4.176513,14.841011,8.797239,
1.426852,1.991638,2.996971,1.233981,1.872393,4.412147,4.620511,3.933742,3.015137,14.841011,8.797239,
1.426852,1.991638,2.996971,1.233981,1.872393,8.395363,4.620511,3.933742,3.015137,14.841011,8.797239,
1.426852,1.991638,2.996971,0.968852,1.872393,8.395363,4.620511,3.933742,3.015137,14.841011,8.797239,
1.426852,1.991638,2.996971,0.968852,1.872393,8.395363,4.620511,3.933742,1.745359,14.841011,8.797239,
1.426852,1.991638,2.996971,0.968852,1.872393,1.761839,4.620511,3.933742,1.745359,14.841011,8.797239,
1.426852,1.991638,2.996971,1.697459,1.872393,1.761839,4.335763,3.933742,4.856462,14.841011,8.797239,
1.426852,1.991638,2.996971,1.697459,1.872393,1.761839,4.335763,3.933742,4.856462,14.841011,8.797239,
1.426852,1.991638,2.996971,1.697459,1.872393,1.761839,4.335763,3.933742,4.856462,14.841011,8.797239,
1.426852,1.991638,2.996971,1.697459,1.872393,1.761839,4.335763,3.933742,4.856462,14.841011,8.797239,
1.426852,1.991638,2.996971,1.697459,1.872393,1.761839,6.226424,3.933742,4.856462,14.841011,8.797239,
1.426852,1.991638,2.996971,1.697459,1.872393,1.761839,6.226424,3.933742,4.856462,14.841011,8.797239,
1.426852,1.991638,2.996971,1.697459,1.872393,1.973502,6.226424,3.933742,4.856462,14.841011,8.797239,
1.426852,1.991638,2.996971,1.697459,1.872393,1.973502,6.226424,3.933742,4.856462,16.223071,9.261270,
1.426852,1.495395,2.996971,1.697459,1.872393,1.973502,6.226424,3.933742,8.720301,16.223071,9.261270,
1.426852,1.495395,2.996971,4.399546,1.872393,1.973502,6.226424,3.933742,8.720301,16.223071,9.261270,
1.426852,1.495395,2.996971,4.399546,1.872393,1.973502,6.226424,3.933742,8.720301,16.223071,9.261270,
1.426852,1.495395,2.996971,4.399546,1.872393,1.973502,6.226424,3.933742,8.720301,16.223071,9.261270,
1.426852,1.495395,2.996971,4.399546,1.872393,1.973502,6.226424,3.933742,8.720301,16.223071,9.261270,
1.426852,1.495395,2.996971,4.399546,1.872393,1.973502,6.226424,3.933742,8.720301,16.223071,9.261270,
1.426852,1.495395,2.996971,4.399546,1.872393,1.973502,6.226424,3.933742,8.720301,16.223071,9.261270,
1.426852,1.495395,2.996971,4.399546,1.872393,1.973502,6.226424,3.933742,8.720301,16.223071,9.261270,
1.426852,1.495395,2.996971,4.399546,1.872393,1.973502,6.226424,3.933742,8.720301,16.223071,8.748188,
1.426852,1.495395,2.996971,4.399546,1.872393,1.973502,6.226424,3.933742,9.146836,16.223071,6.618245,
1.426852,1.495395,2.996971,4.399546,1.872393,4.647888,6.226424,3.933742,9.146836,16.223071,6.618245,
1.426852,1.495395,2.996971,4.399546,1.872393,6.662134,6.226424,3.933742,9.146836,16.223071,3.855492,
1.426852,1.495395,2.996971,4.399546,1.872393,6.662134,6.226424,3.933742,9.146836,16.223071,3.855492,
1.426852,1.495395,2.996971,4.399546,1.872393,6.662134,6.226424,4.367302,9.146836,19.944970,3.855492,
1.426852,1.495395,2.996971,1.951675,1.872393,12.996360,6.226424,4.367302,6.494377,19.944970,3.855492,
1.426852,1.495395,2.996971,1.951675,1.872393,9.241001,6.226424,4.367302,6.479676,19.944970,4.447131,
1.426852,1.495395,2.996971,2.043905,1.872393,9.241001,6.226424,4.367302,6.675940,19.944970,4.447131,
1.426852,1.495395,2.996971,2.043905,1.872393,9.241001,6.226424,4.367302,8.392163,16.916555,8.029325,
1.426852,1.495395,2.996971,2.043905,1.872393,9.241001,6.226424,4.367302,8.392163,16.916555,8.029325,
1.426852,1.495395,2.996971,2.043905,1.872393,9.241001,6.226424,4.367302,8.392163,16.916555,8.029325,
1.426852,1.495395,2.996971,2.043905,1.872393,9.241001,6.226424,4.367302,8.392163,16.916555,8.029325,
1.426852,1.495395,2.996971,2.043905,1.872393,9.241001,6.226424,4.367302,8.392163,16.916555,8.029325,
1.426852,1.495395,2.996971,2.043905,1.872393,12.810283,6.226424,4.367302,8.392163,16.916555,8.029325,
1.426852,1.495395,2.996971,2.043905,1.872393,12.630943,6.226424,4.367302,8.392163,16.916555,8.029325,
1.426852,1.495395,2.996971,2.043905,1.872393,12.630943,6.226424,4.367302,8.392163,16.916555,8.029325,
1.426852,1.495395,2.996971,2.043905,1.872393,12.630943,6.226424,4.367302,8.392163,16.916555,8.029325,
1.426852,1.495395,2.996971,2.043905,1.872393,12.630943,6.226424,4.367302,8.392163,16.916555,8.029325,
1.426852,1.495395,2.996971,2.043905,1.872393,12.630943,6.226424,4.367302,8.392163,16.916555,8.832164,
1.225100,1.495395,2.996971,2.043905,1.872393,12.630943,6.226424,4.367302,8.392163,16.916555,16.695029,
1.225100,1.495395,2.996971,2.409606,1.872393,12.630943,6.226424,4.367302,8.392163,16.916555,16.695029,
1.225100,1.495395,2.996971,2.409606,1.872393,12.630943,6.226424,4.367302,8.392163,16.916555,16.695029,
1.225100,1.495395,2.996971,2.409606,1.872393,15.582503,6.226424,4.367302,4.445706,16.916555,16.695029,
1.225100,1.495395,2.996971,2.409606,1.872393,15.519277,6.226424,4.367302,4.445706,16.814345,16.695029,
1.225100,1.495395,2.996971,2.409606,1.872393,17.135847,6.226424,4.367302,7.659117,16.814345,16.695029,
1.225100,1.495395,2.996971,2.409606,1.872393,22.096210,6.226424,4.367302,7.659117,16.814345,12.263835,
1.225100,1.495395,2.996971,2.409606,1.872393,24.590686,4.941232,4.367302,7.659117,17.631848,12.263835,
1.225100,1.495395,2.996971,2.409606,1.872393,24.042331,4.140835,4.367302,7.659117,17.631848,12.263835,
1.225100,1.495395,2.996971,2.409606,1.872393,24.042331,4.140835,4.367302,7.659117,17.296756,15.180858,
1.225100,1.495395,2.996971,2.409606,1.872393,24.042331,4.140835,4.367302,6.579200,15.890633,15.180858,
1.225100,1.495395,3.005710,2.409606,1.872393,24.042331,4.140835,4.367302,9.417977,15.890633,11.759401,
1.225100,1.495395,3.005710,2.409606,1.872393,19.857626,4.140835,4.367302,6.084890,10.222329,11.759401,
1.225100,1.495395,2.832171,2.409606,1.872393,19.857626,4.140835,4.367302,6.084890,11.257859,15.545892,
1.225100,1.495395,2.832171,2.409606,1.872393,20.288926,3.787271,4.367302,8.185059,11.257859,18.887320,
1.225100,1.495395,2.832171,2.409606,1.872393,16.230437,3.787271,4.367302,14.643654,11.257859,18.887320,
1.225100,1.495395,2.832171,2.409606,1.872393,16.230437,3.612827,4.367302,14.643654,9.617795,14.363622,
1.225100,1.495395,2.832171,2.409606,1.872393,15.409263,3.612827,4.816727,14.643654,9.617795,13.042924,
1.225100,1.495395,2.832171,2.409606,1.872393,9.700384,3.612827,4.816727,14.643654,9.617795,13.042924,
1.225100,1.495395,2.832171,2.409606,1.872393,9.700384,3.612827,4.816727,14.643654,9.617795,13.042924,
1.225100,1.495395,2.832171,2.409606,1.872393,9.700384,3.612827,4.816727,10.541582,9.617795,13.042924,
1.225100,1.495395,2.832171,2.409606,1.872393,9.700384,3.612827,4.816727,7.552444,9.617795,10.472624,
1.225100,1.495395,2.832171,2.409606,1.872393,13.321946,3.612827,4.816727,7.552444,12.341343,10.472624,
1.225100,1.495395,2.832171,2.409606,1.872393,13.321946,3.612827,4.816727,7.552444,12.341343,10.472624,
1.225100,1.495395,2.832171,2.409606,1.872393,13.321946,4.883446,4.816727,7.552444,12.341343,10.472624,
1.225100,1.495395,2.832171,2.409606,1.872393,13.321946,4.883446,4.816727,7.552444,14.806889,10.472624,
1.225100,1.495395,2.832171,2.409606,1.872393,13.321946,4.883446,4.816727,6.844269,14.806889,10.472624,
1.225100,1.495395,2.832171,2.409606,1.872393,13.321946,4.883446,4.816727,6.844269,14.806889,13.126002,
1.225100,1.240008,2.832171,2.409606,2.348386,13.321946,4.883446,4.816727,14.734929,14.806889,13.126002,
1.225100,1.240008,2.832171,2.409606,2.348386,17.566042,4.883446,4.816727,14.734929,14.806889,13.126002,
1.225100,1.240008,2.832171,2.409606,2.348386,16.605581,4.883446,4.483090,11.742268,12.268141,13.126002,
1.225100,1.240008,2.832171,2.352560,1.845655,16.605581,4.883446,4.483090,11.742268,12.268141,13.126002,
1.225100,1.240008,2.639254,2.352560,1.845655,16.605581,4.049265,4.483090,11.742268,12.268141,13.126002,
1.225100,1.240008,2.639254,6.169973,1.845655,16.679930,4.049265,4.483090,11.742268,12.268141,13.126002,
1.225100,1.240008,2.639254,6.169973,1.845655,16.679930,4.049265,4.483090,11.742268,12.268141,13.126002,
1.225100,1.240008,2.639254,6.169973,1.845655,16.679930,4.049265,4.483090,11.742268,12.268141,13.126002,
1.225100,1.240008,2.639254,6.169973,1.845655,16.679930,4.049265,4.483090,11.742268,12.268141,13.126002,
1.225100,1.240008,2.639254,6.169973,1.845655,16.679930,4.049265,4.483090,9.465081,12.268141,13.126002,
1.225100,1.240008,3.017575,6.169973,1.845655,13.877618,4.049265,4.483090,9.465081,12.268141,13.126002,
1.225100,1.240008,3.017575,6.169973,1.845655,13.877618,4.049265,4.483090,4.489028,12.268141,13.126002,
1.225100,1.240008,3.017575,6.169973,1.845655,13.877618,4.049265,4.483090,4.489028,12.268141,13.126002,
1.225100,1.240008,3.017575,6.169973,1.845655,13.877618,4.049265,4.483090,4.489028,12.268141,13.126002,
1.225100,1.240008,3.017575,6.169973,1.845655,13.877618,4.049265,4.483090,4.489028,12.268141,13.126002,
1.225100,1.240008,3.017575,6.169973,1.845655,13.877618,4.049265,4.483090,4.489028,12.268141,13.126002,
1.225100,1.240008,3.017575,4.167480,1.845655,12.555280,4.049265,4.483090,6.329650,12.268141,13.126002,
1.225100,1.240008,3.017575,4.167480,1.845655,13.935570,4.049265,4.483090,6.329650,12.268141,13.126002,
1.225100,1.240008,3.017575,4.167480,1.845655,10.506141,4.049265,4.483090,6.329650,12.268141,13.126002,
1.225100,1.240008,3.017575,4.167480,1.845655,10.506141,4.049265,4.483090,6.551376,12.268141,13.126002,
1.225100,1.240008,3.017575,4.167480,1.845655,10.506141,4.049265,4.483090,6.551376,12.268141,13.126002,
1.225100,1.240008,3.017575,4.167480,1.845655,10.506141,5.058155,4.483090,4.253163,12.268141,11.037039,
1.225100,1.240008,3.017575,4.167480,1.845655,13.511015,5.058155,4.483090,4.253163,12.268141,11.037039,
1.225100,1.240008,3.017575,4.167480,1.925516,13.511015,5.058155,4.483090,4.253163,12.268141,11.037039,
1.225100,1.240008,3.017575,4.167480,1.925516,13.511015,5.058155,4.483090,4.253163,12.268141,11.037039,
1.225100,1.240008,3.017575,4.167480,1.925516,9.759485,5.058155,4.483090,4.253163,12.268141,11.037039,
1.225100,1.240008,3.017575,1.865056,1.925516,11.108902,5.058155,4.483090,6.587924,12.268141,11.037039,
1.225100,1.240008,3.017575,1.865056,1.925516,11.108902,5.058155,4.483090,5.374149,11.994501,11.037039,
1.225100,1.240008,2.687657,1.865056,1.925516,11.108902,5.058155,4.483090,5.374149,11.994501,11.037039,
1.225100,1.240008,2.687657,1.865056,1.925516,11.108902,5.058155,4.880109,7.890096,11.994501,11.236756,
1.225100,1.678773,2.687657,1.865056,1.925516,6.858421,5.058155,4.880109,7.890096,11.994501,11.236756,
1.225100,1.678773,2.687657,1.865056,1.925516,4.389133,5.058155,4.880109,5.434210,12.771710,11.236756,
1.225100,2.057922,2.687657,1.865056,1.925516,8.309856,5.058155,4.880109,5.434210,14.696862,11.236756,
1.225100,2.057922,2.687657,1.500024,1.925516,8.343363,5.058155,4.880109,5.434210,15.663612,14.220403,
1.225100,1.632026,2.687657,1.500024,1.925516,8.343363,5.058155,4.880109,5.434210,15.663612,14.760411,
1.225100,1.632026,2.687657,1.500024,1.925516,8.343363,5.058155,4.880109,7.020852,15.663612,17.460644,
1.225100,1.544040,2.528998,1.500024,1.925516,8.343363,5.058155,4.880109,7.020852,15.663612,17.460644,
1.225100,1.544040,3.023613,1.500024,1.925516,15.089491,5.058155,4.880109,5.149551,15.663612,17.460644,
1.128285,1.544040,3.023613,1.500024,1.925516,15.089491,5.058155,4.880109,5.149551,15.663612,17.460644,
1.128285,1.544040,3.023613,2.268223,1.925516,15.089491,5.058155,4.880109,7.514448,15.663612,17.460644,
1.128285,1.544040,3.023613,2.268223,1.925516,12.469490,5.058155,4.880109,7.376331,16.314515,13.517150,
1.128285,1.544040,3.023613,2.268223,1.925516,7.240536,5.058155,4.880109,6.441817,16.314515,11.069063,
1.128285,1.762172,3.023613,1.742042,1.925516,7.240536,5.058155,4.880109,6.441817,16.314515,14.599298,
1.128285,1.762172,3.023613,1.742042,1.925516,7.240536,5.058155,4.880109,6.441817,16.314515,16.252757,
1.128285,1.762172,3.157917,1.742042,1.925516,7.240536,5.058155,4.880109,6.441817,16.314515,16.252757,
1.128285,1.762172,3.157917,1.742042,1.925516,7.240536,5.058155,4.880109,6.441817,16.314515,16.252757,
1.128285,1.762172,3.157917,1.742042,1.925516,13.449689,5.058155,4.880109,6.441817,16.314515,16.252757,
1.128285,1.762172,3.157917,1.742042,1.925516,13.449689,5.058155,4.880109,6.441817,16.314515,16.252757,
1.128285,1.762172,3.157917,1.742042,1.925516,13.449689,5.058155,4.880109,6.441817,16.314515,16.252757,
1.128285,1.762172,3.157917,1.742042,1.925516,13.449689,5.058155,4.880109,6.889067,16.314515,16.252757,
1.128285,1.762172,3.157917,1.742042,1.925516,13.449689,5.058155,4.880109,6.889067,16.314515,16.252757,
1.128285,1.762172,3.157917,1.742042,2.007094,13.449689,5.058155,4.880109,9.103554,16.314515,16.252757,
1.128285,1.762172,3.157917,1.742042,2.007094,11.755152,5.058155,4.880109,9.103554,16.314515,16.252757,
1.128285,1.762172,3.157917,1.742042,2.007094,11.755152,5.058155,4.880109,9.103554,16.314515,16.252757,
1.128285,1.762172,3.157917,1.742042,2.007094,11.755152,6.427380,4.880109,7.266404,16.314515,16.252757,
1.128285,1.369452,3.157917,1.457667,2.007094,11.755152,6.427380,4.880109,7.266404,16.314515,16.252757,
1.128285,1.369452,3.157917,1.457667,2.007094,11.755152,5.843566,4.880109,7.266404,16.314515,16.252757,
1.128285,1.369452,3.157917,1.457667,2.007094,11.755152,5.843566,5.030949,7.266404,16.314515,16.252757,
1.128285,1.369452,3.157917,1.457667,2.007094,11.755152,5.843566,5.030949,7.266404,16.314515,16.252757,
1.128285,1.369452,3.157917,1.457667,2.007094,15.142391,5.843566,5.030949,7.266404,16.314515,14.489924,
1.128285,1.616651,3.157917,1.457667,2.007094,11.249626,5.843566,5.030949,1.150252,16.314515,14.301022,
1.128285,1.616651,3.157917,1.457667,2.007094,11.249626,5.843566,4.958577,3.236847,16.314515,14.301022,
1.128285,1.618410,3.157917,1.457667,2.007094,12.783935,5.843566,4.958577,3.236847,16.314515,14.301022,
1.128285,1.618410,3.157917,1.457667,2.007094,14.517261,5.843566,4.958577,3.236847,16.314515,12.240677,
1.128285,1.618410,3.157917,1.882196,2.007094,14.517261,5.843566,5.194190,5.972373,16.314515,12.240677,
1.128285,1.618410,3.157917,1.882196,2.007094,14.517261,5.843566,5.194190,5.972373,16.314515,12.240677,
1.128285,1.618410,3.157917,1.882196,2.007094,14.517261,5.843566,5.194190,5.972373,16.314515,12.240677,
1.128285,1.618410,3.157917,1.882196,2.007094,17.865260,5.843566,5.218386,5.026058,16.314515,12.240677,
1.128285,1.618410,3.157917,1.882196,2.007094,17.865260,5.843566,5.218386,5.026058,14.259545,11.134242,
1.128285,1.618410,2.896998,1.882196,2.007094,15.814799,5.843566,5.218386,5.026058,16.854635,11.134242,
1.128285,1.618410,2.896998,1.882196,2.007094,15.814799,5.843566,5.218386,5.026058,16.854635,11.134242,
1.128285,1.618410,2.896998,1.864878,1.877283,13.339034,5.843566,5.218386,5.026058,16.854635,11.134242,
1.128285,1.618410,2.896998,1.864878,1.877283,17.256304,5.843566,5.218386,8.596847,18.163031,11.134242,
1.128285,1.618410,2.896998,1.864878,1.877283,17.256304,5.843566,5.218386,12.011989,20.990318,11.134242,
1.128285,1.618410,2.617403,1.241396,1.877283,17.256304,5.843566,5.218386,13.377470,15.306326,17.246246,
1.128285,1.618410,2.617403,1.241396,1.877283,17.256304,4.851386,5.218386,13.377470,9.920182,17.246246,
1.128285,1.618410,2.617403,2.220760,2.309340,12.102767,4.851386,5.218386,9.782520,15.014719,17.343234,
1.128285,1.618410,2.617403,2.220760,2.309340,11.308793,4.851386,5.218386,9.782520,14.022503,17.343234,
1.128285,1.657726,2.617403,2.220760,2.309340,14.086659,4.486702,5.218386,9.782520,14.022503,17.343234,
1.128285,1.657726,2.617403,2.220760,2.309340,18.261749,4.486702,5.218386,9.782520,9.963808,13.644638,
1.128285,1.657726,2.617403,2.220760,2.309340,18.261749,4.486702,5.218386,2.618120,9.963808,18.929800,
1.128285,1.657726,2.617403,2.220760,2.309340,18.261749,4.486702,5.218386,2.618120,10.127870,12.811247,
1.128285,1.657726,2.617403,2.220760,2.309340,14.740390,4.365750,5.218386,2.618120,14.396965,12.811247,
1.128285,1.704688,2.617403,2.220760,2.499842,14.740390,4.365750,5.218386,3.076969,14.396965,12.811247,
1.128285,1.704688,2.220861,2.220760,2.499842,19.402325,4.365750,5.218386,3.076969,14.396965,12.811247,
1.128285,1.704688,2.220861,2.220760,2.499842,19.402325,4.365750,5.218386,3.076969,14.396965,11.389746,
1.128285,1.704688,2.220861,2.220760,2.375365,21.239613,4.365750,5.218386,3.076969,14.396965,14.172159,
1.128285,1.704688,2.220861,2.220760,2.375365,23.801384,4.365750,5.218386,3.076969,13.502995,14.172159,
1.128285,1.704688,2.220861,2.220760,2.375365,23.801384,4.365750,5.218386,1.567050,13.502995,14.172159,
1.128285,1.704688,2.220861,1.782524,2.375365,25.013977,4.365750,5.218386,1.567050,13.502995,14.172159,
1.128285,1.704688,2.220861,1.782524,2.375365,25.013977,4.365750,5.218386,1.567050,13.502995,14.172159,
1.128285,1.704688,2.220861,1.782524,2.375365,25.013977,4.365750,5.218386,1.567050,13.502995,14.172159,
1.128285,1.704688,2.220861,1.782524,2.375365,25.013977,4.365750,5.218386,4.579242,13.242886,14.172159,
1.128285,1.704688,2.220861,1.782524,2.375365,25.013977,4.340408,5.218386,4.579242,13.242886,14.172159,
1.128285,1.704688,2.220861,1.782524,2.375365,25.013977,4.340408,5.218386,4.579242,13.242886,14.172159,
1.128285,1.704688,2.220861,1.782524,2.375365,25.013977,4.340408,5.218386,11.042594,13.242886,13.443621,
1.128285,1.704688,2.220861,1.782524,2.375365,27.337885,4.231704,5.218386,8.805827,13.242886,13.443621,
1.128285,1.151622,2.220861,1.782524,2.375365,27.337885,4.231704,5.218386,9.769392,13.242886,13.443621,
1.128285,1.151622,2.220861,1.782524,2.375365,26.437476,4.231704,5.218386,9.769392,13.242886,13.443621,
1.128285,1.151622,2.204491,1.782524,2.375365,26.853517,4.231704,5.218386,9.769392,13.242886,13.443621,
1.128285,1.151622,2.204491,1.782524,2.596294,26.853517,3.888542,5.218386,6.500563,13.242886,13.443621,
1.128285,1.151622,2.204491,3.839347,2.596294,20.542958,3.888542,5.218386,6.500563,13.242886,13.443621,
1.128285,1.234614,2.204491,3.839347,2.596294,20.542958,3.888542,5.218386,6.500563,11.260785,14.921718,
1.128285,1.234614,2.204491,3.839347,2.596294,18.287701,3.888542,5.218386,6.500563,11.260785,14.921718,
1.128285,1.234614,2.204491,3.839347,2.596294,18.263851,3.888542,5.218386,6.500563,11.260785,14.921718,
1.128285,1.234614,2.204491,2.280896,2.596294,18.263851,3.888542,5.218386,14.561321,11.260785,14.921718,
1.128285,1.234614,2.204491,2.280896,2.596294,14.880499,3.888542,5.218386,14.579139,11.260785,15.461494,
1.128285,1.234614,2.204491,2.280896,2.596294,12.368984,3.888542,5.478631,14.579139,11.260785,15.461494,
1.128285,1.234614,2.204491,2.280896,2.596294,9.445251,3.888542,5.478631,14.579139,11.260785,15.461494,
1.128285,1.234614,2.440800,2.198621,2.596294,9.445251,3.888542,5.478631,10.828454,11.260785,12.563723,
1.128285,1.234614,2.440800,2.302873,2.596294,13.487225,3.888542,5.478631,10.828454,11.260785,12.563723,
1.128285,1.234614,2.440800,2.302873,2.596294,13.325265,3.888542,5.478631,15.345889,11.260785,6.378934,
1.131041,1.234614,2.440800,2.302873,2.596294,10.664428,3.888542,5.478631,10.419188,11.260785,10.712206,
1.131041,1.234614,2.440800,2.302873,2.596294,12.625134,3.888542,5.478631,11.521490,11.260785,10.688869,
1.131041,1.621246,2.440800,2.302873,2.596294,12.836770,3.888542,5.478631,9.454621,11.260785,10.688869,
1.131041,1.621246,2.440800,2.302873,2.596294,16.175387,3.994734,5.478631,5.159801,11.260785,10.688869,
1.131041,1.621246,2.440800,2.560082,2.596294,15.560134,3.994734,5.478631,3.249069,11.840778,10.688869,
1.131041,1.621246,2.440800,2.560082,2.596294,15.560134,3.994734,5.478631,3.249069,11.840778,10.688869,
1.131041,1.621246,2.414399,2.168390,2.596294,15.560134,3.994734,5.478631,7.762981,11.840778,10.235982,
1.131041,1.874839,2.414399,2.168390,2.596294,10.614971,3.994734,5.478631,8.859448,11.840778,10.235982,
1.131041,1.874839,2.414399,1.153966,2.596294,10.614971,3.994734,5.478631,8.859448,11.962221,10.235982,
1.131041,2.882060,2.414399,1.153966,2.596294,7.426933,3.994734,5.478631,8.859448,10.986844,9.713581,
1.131041,2.712192,2.414399,1.153966,2.596294,7.426933,3.994734,5.478631,8.859448,10.986844,9.713581,
1.131041,2.340260,2.414399,1.153966,2.596294,7.426933,3.994734,5.478631,5.900745,10.986844,9.713581,
1.131041,2.340260,2.414399,1.153966,2.596294,7.426933,3.994734,5.478631,8.933744,10.049169,9.713581,
1.131041,2.340260,2.414399,1.153966,2.596294,7.426933,3.574512,5.478631,8.389866,10.049169,9.713581,
1.131041,2.340260,2.414399,1.153966,2.596294,4.652714,3.574512,5.478631,8.389866,10.049169,9.713581,
1.131041,2.340260,2.414399,1.153966,2.596294,3.290709,3.574512,5.478631,8.389866,10.049169,9.713581,
1.131041,2.340260,2.414399,1.153966,2.596294,3.666431,3.574512,5.478631,8.389866,10.049169,9.713581,
1.131041,2.340260,2.414399,1.153966,2.596294,3.666431,3.574512,5.478631,10.469362,10.049169,9.713581,
1.131041,2.340260,2.819888,1.153966,2.596294,3.666431,3.574512,5.478631,10.469362,10.049169,9.713581,
1.131041,2.340260,2.819888,1.153966,2.596294,6.883441,3.574512,5.478631,15.536151,10.049169,9.713581,
1.131041,2.340260,2.664372,1.153966,2.596294,6.883441,3.574512,5.478631,15.536151,10.049169,9.713581,
1.131041,2.340260,2.664372,1.153966,2.596294,6.883441,3.574512,5.478631,15.536151,10.049169,9.713581,
1.131041,2.340260,2.664372,1.153966,2.596294,6.883441,3.574512,5.478631,12.495624,10.049169,9.713581,
1.131041,2.340260,2.664372,1.153966,2.596294,12.322319,3.574512,5.478631,11.928849,11.636906,9.713581,
1.131041,2.340260,2.664372,1.153966,2.596294,10.359492,3.574512,5.413757,11.928849,11.542786,9.713581,
1.131041,2.340260,2.664372,1.153966,2.223666,10.359492,3.574512,5.413757,10.922751,8.782331,10.903312,
1.131041,2.340260,2.664372,1.153966,2.223666,10.359492,3.574512,5.413757,10.922751,7.972956,10.903312,
1.131041,2.340260,2.664372,1.153966,2.223666,8.619582,3.574512,5.413757,10.922751,7.972956,10.903312,
1.131041,2.340260,2.664372,1.153966,2.223666,15.363410,3.574512,5.413757,10.922751,7.972956,10.903312,
1.131041,2.340260,2.664372,1.153966,2.223666,9.374088,3.574512,5.413757,13.432344,7.972956,10.903312,
1.131041,2.340260,2.664372,1.153966,2.223666,9.374088,3.574512,5.413757,13.942624,9.594132,10.903312,
1.131041,2.340260,2.664372,1.153966,2.223666,7.060114,3.574512,5.413757,19.678403,9.594132,9.558332,
1.131041,2.934844,2.664372,1.153966,2.223666,9.179365,3.574512,5.413757,19.558908,8.597856,9.558332,
1.131041,2.934844,2.664372,1.153966,2.223666,9.179365,3.574512,5.413757,19.558908,8.597856,9.558332,
1.131041,2.554204,2.664372,1.153966,2.223666,9.179365,3.574512,5.413757,19.558908,8.597856,9.558332,
1.131041,2.554204,2.664372,1.153966,2.223666,6.826788,3.574512,5.413757,14.873229,9.883896,9.558332,
1.131041,2.554204,2.664372,1.153966,2.223666,6.826788,3.574512,5.413757,8.812491,9.883896,9.014617,
1.131041,2.554204,2.664372,1.153966,2.284629,6.826788,3.574512,5.413757,5.777162,9.883896,9.014617,
1.131041,2.554204,2.664372,1.153966,2.284629,6.826788,3.574512,5.413757,5.777162,9.883896,9.014617,
1.131041,2.554204,2.664372,1.153966,2.284629,10.920696,3.574512,5.413757,5.169167,9.883896,9.014617,
1.131041,2.554204,2.664372,1.153966,2.284629,6.294423,3.574512,5.561220,5.169167,9.883896,9.014617,
1.131041,2.554204,2.664372,1.153966,2.284629,6.294423,3.574512,5.561220,5.169167,9.883896,7.292484,
1.131041,2.554204,2.664372,1.153966,2.284629,3.834942,3.574512,5.561220,5.169167,9.883896,7.292484,
1.131041,2.554204,2.432432,1.153966,2.284629,3.834942,3.574512,5.561220,5.169167,9.883896,9.368161,
1.131041,2.554204,2.432432,1.153966,2.284629,1.757877,3.574512,5.561220,5.306443,9.883896,8.809953,
1.131041,2.554204,2.432432,1.153966,2.284629,1.757877,3.574512,5.561220,5.306443,9.883896,8.809953,
1.131041,2.554204,2.432432,1.153966,2.284629,2.490781,3.574512,5.561220,0.929504,9.883896,11.233944,
1.131041,2.554204,2.432432,1.153966,2.284629,2.490781,3.574512,5.561220,7.718555,9.883896,8.167203,
1.131041,2.554204,2.432432,1.153966,2.284629,5.127697,3.826747,5.561220,7.718555,9.883896,8.141078,
1.131041,2.554204,2.430261,1.153966,2.284629,5.127697,3.826747,5.561220,10.432168,9.883896,12.855893,
1.131041,2.554204,2.430261,1.153966,2.284629,8.726887,3.826747,5.561220,6.837589,9.883896,12.855893,
1.131041,2.086011,2.430261,1.153966,2.284629,8.726887,3.826747,5.561220,6.837589,12.335902,12.855893,
1.131041,2.086011,2.430261,1.153966,2.284629,7.868283,3.826747,5.242695,7.465297,12.335902,12.855893,
1.131041,2.086011,2.430261,1.153966,2.284629,10.688838,3.826747,5.242695,7.465297,12.335902,8.516856,
1.131041,2.086011,2.430261,1.153966,2.284629,10.248727,3.826747,5.242695,7.465297,12.335902,5.734983,
1.131041,3.373638,2.430261,1.153966,2.284629,10.248727,3.826747,5.242695,7.465297,12.335902,12.361720,
1.131041,3.373638,2.430261,1.153966,2.284629,8.659038,3.826747,5.242695,3.138441,10.244272,12.361720,
1.131041,3.373638,2.430261,1.090564,2.284629,8.659038,3.826747,5.242695,6.366890,10.244272,12.361720,
1.131041,2.053145,2.430261,1.090564,2.284629,8.417720,3.826747,5.242695,6.366890,10.244272,12.361720,
1.131041,2.053145,2.430261,1.090564,2.284629,13.975187,3.826747,5.242695,3.625479,10.244272,15.620768,
1.131041,2.053145,2.430261,1.825012,2.284629,5.524721,3.826747,5.242695,3.116566,10.244272,15.620768,
1.131041,2.053145,2.430261,1.825012,2.284629,2.020258,3.826747,5.242695,3.116566,10.244272,15.620768,
1.131041,2.053145,2.430261,1.833791,2.284629,2.020258,3.826747,5.242695,5.388667,10.244272,11.638262,
1.131041,2.053145,2.430261,1.833791,2.284629,4.683738,3.826747,5.242695,10.589880,10.244272,11.638262,
1.131041,2.053145,2.430261,1.833791,2.284629,4.683738,3.826747,5.242695,10.589880,10.244272,11.638262,
1.131041,2.053145,2.430261,1.833791,2.284629,4.683738,3.826747,5.242695,10.652309,10.244272,11.638262,
1.131041,2.053145,2.430261,1.833791,2.738448,4.683738,3.826747,5.242695,11.792098,10.244272,11.638262,
1.131041,2.053145,2.430261,1.541424,2.738448,4.683738,3.826747,5.242695,11.792098,10.244272,8.842933,
1.131041,2.053145,2.430261,1.541424,2.738448,4.683738,3.826747,5.242695,11.792098,10.244272,8.842933,
1.131041,2.053145,2.430261,1.541424,2.367744,4.683738,3.144725,5.242695,11.792098,10.244272,8.954124,
1.131041,2.053145,2.430261,1.541424,2.367744,4.683738,3.144725,5.242695,13.259521,10.244272,8.954124,
1.131041,2.053145,2.430261,1.541424,2.367744,4.683738,3.144725,5.242695,14.642042,10.244272,8.954124,
1.131041,2.053145,2.430261,1.541424,2.367744,4.331862,3.144725,5.242695,14.642042,10.244272,8.954124,
1.131041,2.053145,2.430261,1.541424,2.367744,4.331862,3.144725,5.242695,15.214244,10.244272,8.954124,
1.131041,2.053145,2.430261,1.541424,2.367744,8.315716,3.144725,5.242695,15.214244,8.419907,10.039048,
1.131041,2.053145,2.430261,1.541424,2.367744,7.220615,3.144725,5.242695,15.214244,8.419907,13.701422,
1.131041,2.053145,2.430261,1.541424,2.367744,7.220615,3.144725,5.242695,7.806876,8.419907,9.841529,
1.131041,1.857615,2.430261,1.541424,2.367744,7.220615,3.144725,5.242695,1.945908,8.949919,8.691037,
1.131041,1.857615,2.430261,1.541424,2.367744,7.220615,3.144725,5.242695,8.568982,8.949919,12.543421,
1.131041,1.857615,2.430261,1.541424,2.367744,7.220615,3.029366,5.242695,11.941454,8.949919,12.543421,
1.131041,1.857615,2.430261,1.541424,2.367744,7.370958,3.029366,5.242695,11.941454,8.949919,12.543421,
1.131041,1.857615,2.430261,1.541424,2.367744,5.128590,3.029366,5.242695,7.637159,8.949919,12.543421,
1.131041,1.857615,2.430261,1.541424,2.367744,4.397763,3.029366,5.242695,9.372881,8.949919,12.543421,
1.131041,1.857615,2.430261,2.011323,2.367744,5.024499,3.029366,5.242695,4.963140,8.949919,11.161191,
1.131041,1.857615,2.430261,2.011323,2.367744,5.024499,3.843767,5.242695,12.839862,8.949919,11.161191,
1.131041,1.857615,2.430261,1.440314,2.367744,5.024499,3.843767,5.242695,10.240582,9.590937,11.161191,
1.131041,1.857615,2.430261,1.440314,2.367744,5.024499,3.843767,5.242695,6.782572,9.590937,12.349871,
1.131041,1.857615,2.430261,1.440314,2.367744,5.024499,3.843767,5.242695,5.989430,8.461007,11.651771,
1.131041,1.857615,2.430261,1.440314,2.367744,8.458923,3.843767,5.242695,5.989430,8.461007,11.651771,
1.131041,1.857615,2.430261,1.440314,2.367744,1.738249,3.843767,5.242695,5.989430,8.461007,11.651771,
1.131041,1.857615,2.430261,1.440314,2.367744,6.871207,3.843767,5.242695,5.989430,8.461007,11.651771,
1.131041,1.857615,2.430261,1.440314,2.367744,9.580399,3.843767,5.242695,7.859924,8.461007,11.903767,
1.131041,1.857615,2.430261,1.440314,2.367744,9.580399,3.843767,5.242695,7.052533,10.487357,11.903767,
1.131041,1.857615,2.430261,1.440314,2.367744,9.580399,3.843767,5.242695,7.697626,12.624402,11.903767,
1.131041,1.857615,2.430261,1.784295,2.367744,9.580399,3.843767,5.242695,10.193922,12.624402,11.903767,
1.131041,1.857615,2.430261,1.784295,2.367744,9.580399,3.843767,5.242695,10.193922,11.077747,15.760390,
1.131041,1.857615,2.430261,1.784295,2.367744,9.580399,3.843767,5.242695,10.193922,11.077747,15.760390,
1.131041,1.857615,2.430261,1.784295,2.367744,9.580399,3.843767,5.242695,3.666171,11.077747,15.171798,
1.131041,1.563408,2.430261,1.784295,2.367744,9.580399,3.843767,5.242695,5.023319,11.077747,12.966900,
1.131041,1.563408,2.430261,1.784295,2.367744,8.111893,3.843767,5.242695,5.023319,11.077747,12.966900,
1.131041,1.563408,2.430261,1.784295,2.367744,8.498452,3.843767,5.242695,4.271296,11.077747,12.966900,
1.131041,1.563408,2.430261,1.784295,2.263510,14.022628,3.843767,5.242695,4.271296,11.077747,15.132378,
1.131041,1.563408,2.430261,2.952443,2.263510,14.022628,3.843767,5.242695,4.271296,11.077747,7.326527,
1.131041,1.563408,2.430261,2.952443,2.263510,14.022628,3.843767,5.242695,4.271296,11.077747,11.728204,
1.131041,1.563408,2.430261,2.952443,2.263510,10.179991,3.843767,5.242695,6.367023,11.077747,11.728204,
1.131041,1.563408,2.430261,2.952443,2.263510,10.179991,3.843767,5.242695,6.923829,11.077747,11.446568,
1.131041,1.563408,2.430261,2.952443,2.263510,10.179991,3.436292,5.242695,6.923829,11.077747,15.523757,
1.131041,1.563408,2.430261,2.952443,2.263510,16.825569,3.436292,5.242695,6.923829,11.077747,15.523757,
1.131041,1.563408,2.430261,2.952443,2.263510,16.825569,3.417671,5.242695,6.923829,11.077747,15.523757,
1.131041,1.563408,2.430261,2.952443,2.263510,16.825569,3.417671,5.242695,6.923829,9.563564,12.974537,
1.131041,1.650704,2.430261,2.669201,2.278696,16.825569,3.417671,5.486275,6.663603,9.563564,8.980194,
1.131041,1.650704,2.430261,2.669201,2.278696,16.825569,3.417671,5.486275,6.692678,9.563564,11.005806,
1.131041,1.650704,2.430261,2.669201,2.278696,17.125376,3.417671,5.525253,6.692678,9.563564,11.005806,
1.131041,1.650704,2.430261,2.669201,2.278696,17.125376,3.417671,5.525253,6.692678,9.563564,10.112433,
1.131041,1.650704,2.430261,2.669201,2.440083,16.408624,3.318273,5.525253,6.692678,9.563564,10.112433,
1.131041,1.650704,2.430261,2.669201,2.440083,13.211564,3.318273,5.525253,8.770149,9.563564,10.112433,
1.131041,1.650704,2.430261,2.669201,2.440083,12.917516,3.318273,5.525253,8.770149,9.563564,10.112433,
1.131041,1.650704,2.430261,1.373481,2.440083,10.763739,3.318273,5.525253,7.746317,9.563564,10.112433,
1.131041,2.876667,2.430261,1.373481,2.440083,10.763739,3.318273,5.525253,6.743691,9.563564,12.800642,
1.131041,2.876667,2.430261,1.373481,2.440083,10.763739,3.664645,5.525253,6.488677,10.261372,12.800642,
1.131041,2.876667,2.430261,1.458296,2.440083,10.763739,3.664645,5.525253,6.488677,12.608762,12.800642,
1.131041,2.876667,2.430261,1.458296,2.440083,10.763739,3.664645,5.525253,9.409229,11.908372,12.800642,
1.131041,2.876667,2.430261,1.458296,2.440083,10.763739,4.235160,5.525253,9.409229,11.908372,7.051153,
1.131041,2.876667,2.568177,1.458296,2.514593,10.763739,4.235160,5.525253,9.409229,13.314414,7.639584,
1.131041,2.876667,2.568177,1.458296,2.514593,10.763739,4.235160,5.525253,9.772850,13.314414,7.639584,
1.131041,2.876667,2.568177,1.458296,2.514593,10.763739,4.235160,5.525253,11.805415,13.491501,11.704420,
1.131041,2.876667,2.568177,1.458296,2.514593,10.763739,4.235160,5.525253,5.338793,13.491501,11.704420,
1.131041,2.876667,2.568177,1.458296,2.514593,9.984422,4.235160,5.525253,5.338793,13.491501,12.225835,
1.131041,2.876667,2.568177,1.458296,2.514593,9.984422,4.235160,5.525253,5.338793,13.491501,12.876744,
1.131041,2.876667,2.568177,1.458296,2.514593,9.984422,4.235160,5.525253,2.650064,12.120087,8.644319,
1.131041,2.876667,2.568177,1.458296,2.122929,9.515330,4.235160,5.525253,5.843507,12.120087,6.819288,
1.131041,2.889490,2.568177,1.458296,2.122929,9.515330,4.235160,5.525253,4.561495,12.120087,6.819288,
1.131041,2.889490,2.568177,1.458296,2.150055,9.515330,4.235160,5.525253,4.561495,12.120087,12.041826,
1.131041,2.889490,2.568177,1.458296,2.150055,9.515330,4.235160,5.525253,4.561495,12.120087,12.041826,
1.131041,2.889490,2.568177,1.458296,2.150055,9.515330,4.235160,5.525253,4.561495,12.120087,12.041826,
1.131041,2.285198,2.568177,1.458296,2.150055,9.515330,4.235160,5.525253,6.636733,11.592924,12.041826,
1.131041,2.285198,2.568177,1.458296,2.150055,10.210958,4.235160,5.525253,9.443314,11.592924,12.041826,
1.131041,2.285198,2.568177,1.458296,2.150055,6.735661,4.235160,5.525253,9.443314,11.592924,11.138688,
1.131041,2.285198,2.568177,1.458296,2.150055,6.735661,4.235160,5.525253,9.443314,9.523650,11.138688,
1.131041,2.285198,2.568177,1.331707,2.150055,8.818106,4.235160,5.525253,5.994529,9.523650,12.954513,
1.131041,2.285198,2.568177,1.331707,2.150055,8.818106,3.974823,5.525253,5.066102,9.523650,12.954513,
1.131041,2.285198,2.568177,1.028629,2.150055,6.921333,3.974823,5.525253,5.066102,9.523650,12.954513,
1.131041,2.285198,2.568177,1.028629,2.150055,3.469178,3.600228,5.525253,5.066102,9.523650,12.954513,
1.131041,2.285198,2.568177,1.386741,2.150055,5.314024,3.600228,5.525253,3.738509,9.523650,12.954513,
1.131041,2.802625,2.568177,1.386741,2.150055,1.399959,3.600228,5.525253,4.715314,9.523650,12.954513,
1.131041,2.802625,2.568177,1.386741,2.150055,2.735898,3.600228,5.525253,4.715314,9.523650,8.624523,
1.131041,2.168038,2.878384,1.269824,2.150055,2.735898,3.600228,5.525253,4.715314,9.523650,9.271770,
1.131041,2.168038,2.878384,1.269824,2.150055,3.297313,3.600228,5.525253,4.715314,9.523650,9.271770,
1.131041,2.168038,2.878384,1.269824,2.150055,3.297313,3.600228,5.525253,4.715314,9.523650,6.830485,
1.131041,2.168038,2.878384,1.269824,2.150055,3.917582,3.600228,5.525253,6.247936,9.523650,6.830485,
1.131041,2.168038,2.878384,1.269824,2.150055,3.917582,3.600228,5.525253,6.247936,9.523650,10.522147,
1.131041,2.168038,2.878384,1.269824,2.150055,6.415457,3.600228,5.525253,6.247936,9.523650,10.522147,
1.131041,2.168038,2.878384,1.269824,2.150055,6.415457,3.600228,5.525253,7.547533,9.523650,10.522147,
1.131041,2.026281,2.878384,1.269824,2.150055,8.037252,3.600228,5.525253,7.547533,9.523650,10.522147,
1.131041,2.026281,2.878384,1.615306,2.150055,8.037252,3.600228,5.525253,2.759073,10.949989,10.522147,
1.131041,2.026281,2.878384,1.615306,2.150055,1.979979,3.600228,5.525253,4.205082,10.949989,10.222918,
1.131041,2.026281,2.878384,1.615306,2.150055,3.333585,3.600228,5.525253,5.347866,10.949989,10.222918,
1.131041,2.026281,2.878384,1.301645,2.150055,6.406290,3.600228,5.525253,5.793181,10.949989,10.222918,
1.131041,2.026281,2.878384,1.301645,2.150055,9.897422,3.600228,5.525253,5.793181,10.949989,10.196038,
1.131041,2.026281,2.878384,1.301645,2.150055,11.215798,3.600228,5.525253,5.793181,10.949989,12.494221,
1.131041,2.575229,2.878384,1.301645,2.150055,11.215798,3.600228,5.525253,5.793181,10.949989,12.494221,
1.131041,2.575229,2.878384,1.045963,2.150055,7.504794,3.378148,5.525253,6.777437,9.592729,10.697130,
1.131041,6.913805,2.878384,1.045963,2.150055,6.192014,3.378148,5.525253,4.470070,9.592729,9.776211,
1.131041,6.913805,2.878384,1.045963,2.150055,6.192014,3.378148,5.525253,8.776934,9.592729,13.603046,
1.131041,6.913805,2.878384,1.045963,2.150055,4.027114,3.378148,5.525253,6.405666,9.592729,13.603046,
1.131041,6.913805,2.878384,1.045963,2.150055,4.027114,3.378148,5.525253,6.405666,9.592729,8.136668,
1.131041,9.122245,2.878384,1.045963,2.150055,5.395793,3.378148,5.525253,5.374365,12.368992,8.136668,
1.131041,2.243498,2.878384,1.045963,2.150055,3.724470,3.378148,5.525253,5.374365,9.122643,9.001040,
1.131041,4.293266,2.711633,1.045963,2.150055,3.724470,3.378148,5.525253,5.374365,9.122643,9.001040,
1.131041,4.293266,2.711633,1.045963,2.150055,3.724470,3.378148,5.525253,3.026495,11.935926,11.379747,
1.131041,4.293266,2.711633,1.045963,2.165575,4.858120,3.378148,5.525253,3.131158,12.829874,8.764951,
1.131041,4.293266,2.711633,1.045963,2.659385,2.537953,3.378148,5.525253,3.131158,12.829874,8.764951,
1.131041,4.293266,2.711633,1.045963,2.659385,2.537953,3.378148,5.525253,6.099410,10.255957,8.764951,
1.131041,2.952944,2.618777,1.045963,2.659385,2.537953,3.139134,5.525253,6.099410,10.255957,7.043074,
1.131041,2.952944,2.618777,1.045963,2.659385,2.537953,3.139134,5.525253,6.936387,10.255957,7.043074,
1.131041,2.952944,2.618777,1.045963,2.659385,2.302125,3.139134,5.525253,6.936387,10.255957,7.043074,
1.131041,2.952944,2.618777,1.045963,2.659385,2.302125,3.139134,5.525253,6.936387,8.360302,7.043074,
1.131041,3.203911,2.618777,1.045963,2.659385,4.923228,3.139134,5.525253,2.650960,8.360302,10.852325,
1.131041,3.203911,2.618777,1.045963,2.659385,3.083414,3.139134,5.525253,6.909853,10.884220,11.689224,
1.131041,3.203911,2.693845,1.045963,2.659385,3.083414,3.139134,5.525253,6.062892,10.884220,11.689224,
1.131041,3.203911,2.693845,1.045963,2.659385,9.363997,3.139134,5.525253,5.205741,10.884220,11.689224,
1.131041,3.203911,2.693845,1.045963,2.659385,5.264164,3.139134,5.525253,5.205741,10.884220,11.689224,
1.131041,3.203911,2.693845,1.045963,2.659385,2.618197,3.139134,5.525253,5.205741,10.884220,11.689224,
1.131041,3.203911,2.693845,1.045963,2.850504,2.618197,3.139134,5.525253,3.092785,10.884220,11.689224,
1.131041,3.203911,2.693845,1.045963,2.850504,2.618197,3.139134,5.525253,7.214968,10.884220,11.689224,
1.131041,5.856525,2.693845,1.045963,2.850504,2.618197,3.139134,5.525253,7.214968,10.884220,11.689224,
1.131041,5.856525,2.693845,1.045963,2.850504,2.618197,3.139134,5.525253,7.214968,10.884220,11.689224,
1.131041,5.856525,2.693845,1.045963,2.850504,2.618197,3.139134,5.525253,7.214968,10.884220,10.697622,
1.131041,3.342323,2.693845,1.045963,2.850504,2.618197,3.139134,5.525253,7.214968,10.884220,7.750675,
1.131041,3.342323,2.693845,1.045963,2.850504,2.787387,3.139134,5.651648,7.685620,10.884220,7.750675,
1.131041,3.342323,2.693845,1.045963,2.850504,2.787387,3.139134,5.651648,7.685620,10.884220,7.750675,
1.131041,3.342323,2.693845,1.045963,2.850504,4.112614,3.139134,5.651648,2.521215,10.884220,5.955749,
1.131041,3.342323,2.693845,1.315764,2.850504,4.112614,3.139134,5.651648,2.936134,10.521773,7.384881,
1.131041,3.342323,2.693845,1.315764,2.850504,4.112614,3.839280,5.651648,4.867526,10.323209,3.157647,
1.131041,3.342323,2.816386,1.315764,2.850504,8.988390,3.839280,5.651648,4.867526,10.323209,10.074633,
1.131041,3.342323,2.070273,1.315764,2.913320,3.785267,3.839280,5.651648,4.867526,10.323209,10.074633,
1.131041,3.342323,2.070273,1.315764,2.913320,3.785267,3.839280,5.651648,4.867526,10.323209,10.074633,
1.131041,2.455930,2.070273,1.889756,2.913320,8.044989,3.839280,5.651648,6.073890,11.446036,10.074633,
1.131041,1.825610,2.070273,1.889756,2.913320,7.003600,3.839280,5.651648,10.355753,14.041030,10.074633,
1.131041,1.825610,2.070273,1.576058,2.913320,6.494935,5.810868,5.651648,6.731320,14.041030,10.074633,
1.131041,1.825610,2.070273,1.576058,2.913320,14.045512,5.810868,5.651648,6.731320,14.041030,10.074633,
1.131041,1.825610,2.070273,1.576058,2.913320,14.045512,4.355050,5.651648,9.279392,14.041030,10.074633,
1.131041,1.825610,2.070273,1.576058,2.913320,14.045512,4.355050,5.651648,9.279392,14.041030,10.074633,
1.131041,1.825610,2.070273,1.576058,2.913320,11.534803,4.355050,5.651648,9.279392,14.041030,10.074633,
1.131041,1.825610,2.070273,1.576058,3.307633,15.264730,4.355050,5.651648,9.279392,11.833153,10.074633,
1.131041,1.825610,2.070273,1.842704,3.307633,6.563323,4.355050,5.651648,5.553589,11.833153,10.074633,
1.131041,1.825610,2.070273,1.842704,3.317366,2.335552,4.183383,5.651648,5.553589,11.833153,11.071710,
1.131041,1.825610,2.070273,1.842704,3.317366,2.335552,4.183383,5.651648,5.553589,11.833153,11.071710,
1.131041,1.825610,2.070273,1.842704,3.317366,2.760875,4.183383,5.651648,2.885200,11.833153,11.071710,
1.131041,1.825610,2.070273,1.633272,3.317366,2.760875,4.183383,5.651648,2.407938,11.833153,7.883607,
1.131041,1.825610,2.070273,1.633272,3.317366,2.760875,4.183383,5.651648,2.407938,11.833153,7.883607,
1.131041,1.825610,2.070273,1.633272,3.317366,2.760875,4.144014,5.651648,2.407938,11.833153,7.883607,
1.131041,1.825610,2.070273,1.633272,3.317366,2.760875,4.144014,5.651648,2.407938,11.001466,10.413474,
1.131041,1.825610,2.070273,1.633272,3.317366,5.353113,4.144014,5.651648,5.618608,11.001466,6.861876,
1.131041,1.825610,2.070273,1.633272,3.317366,6.937077,4.144014,5.651648,3.838853,11.001466,6.861876,
1.131041,1.825610,2.070273,3.282704,3.317366,15.758661,3.016706,5.651648,3.838853,11.001466,6.861876,
1.131041,1.825610,2.070273,3.282704,3.317366,15.758661,3.016706,5.651648,3.838853,11.001466,6.861876,
1.131041,1.825610,2.070273,2.771226,3.317366,15.758661,3.016706,5.651648,3.838853,11.001466,6.861876,
1.131041,1.825610,2.070273,2.771226,3.317366,18.366650,3.016706,5.651648,3.838853,8.109434,6.751376,
1.131041,1.825610,2.070273,2.771226,3.317366,18.366650,3.016706,5.651648,3.838853,8.109434,6.751376,
1.131041,1.825610,2.111451,2.771226,3.317366,20.042170,3.016706,5.651648,6.232076,8.109434,10.633417,
1.131041,1.280212,2.111451,2.324063,3.317366,20.998194,3.016706,5.651648,3.294688,8.109434,10.356679,
1.131041,1.280212,1.941967,2.324063,3.317366,17.643756,3.016706,5.651648,5.332342,8.109434,10.356679,
1.131041,1.280212,1.941967,2.324063,3.317366,14.584159,3.016706,5.651648,5.332342,8.109434,10.356679,
1.131041,1.280212,1.941967,2.324063,3.317366,10.269557,3.016706,5.651648,10.976648,8.109434,10.356679,
1.131041,1.280212,1.941967,2.324063,3.317366,10.269557,3.016706,5.651648,10.976648,8.109434,10.356679,
1.131041,1.280212,1.941967,2.324063,3.317366,6.936006,3.016706,5.651648,10.976648,8.109434,10.356679,
1.131041,1.280212,1.941967,2.324063,3.317366,6.936006,3.016706,5.651648,11.010913,8.109434,12.459683,
1.131041,1.280212,1.941967,2.324063,3.317366,6.936006,3.002807,5.651648,5.977763,9.062678,12.459683,
1.131041,1.280212,1.941967,2.324063,3.165923,6.936006,3.002807,5.651648,9.856190,9.062678,12.459683,
1.131041,1.280212,1.941967,3.353929,3.165923,3.122331,3.034978,5.651648,7.309478,9.062678,9.403638,
1.131041,1.280212,2.402580,3.353929,3.165923,3.122331,3.034978,5.330154,7.309478,8.484475,9.403638,
1.131041,1.280212,1.995360,3.353929,3.165923,3.122331,3.034978,5.330154,9.241390,8.484475,9.403638,
1.131041,1.280212,1.895113,3.353929,3.165923,3.122331,3.034978,5.882435,7.755894,8.484475,5.554608,
1.131041,1.280212,1.895113,3.353929,3.165923,3.122331,3.034978,5.882435,7.755894,8.484475,5.554608,
1.131041,1.280212,1.895113,3.353929,3.165923,5.156707,3.034978,5.882435,7.755894,8.484475,5.554608,
1.131041,1.280212,1.895113,3.353929,3.165923,5.156707,3.034978,5.882435,7.755894,8.484475,5.554608,
1.131041,1.280212,1.895113,2.682079,3.165923,5.156707,3.034978,5.882435,4.491685,8.484475,9.913769,
1.131041,1.280212,1.895113,2.682079,3.165923,5.556118,3.034978,5.882435,4.491685,9.221263,7.372304,
1.131041,1.280212,1.895113,2.682079,3.165923,10.154184,3.034978,5.882435,2.667298,9.221263,7.372304,
1.131041,1.280212,1.895113,2.682079,3.165923,10.154184,3.034978,5.882435,4.889746,9.221263,7.372304,
1.131041,1.280212,1.895113,2.682079,3.165923,10.154184,3.034978,5.882435,4.889746,9.221263,7.372304,
1.131041,1.280212,1.895113,2.682079,3.165923,10.154184,3.034978,5.882435,4.889746,9.221263,7.372304,
1.131041,1.280212,1.895113,2.682079,3.165923,10.154184,3.034978,5.882435,4.691032,9.221263,4.840000,
1.131041,1.280212,1.895113,2.682079,3.165923,7.003670,2.992442,5.882435,4.691032,9.221263,10.080381,
1.131041,1.222526,1.895113,2.682079,3.165923,7.003670,2.992442,5.882435,3.537984,9.221263,10.080381,
1.131041,1.222526,1.895113,2.682079,3.456210,7.003670,2.992442,5.882435,3.537984,7.919930,10.080381,
1.131041,1.222526,1.895113,3.153746,3.387467,7.003670,2.992442,5.882435,3.537984,7.919930,10.080381,
1.131041,1.222526,1.895113,3.153746,3.387467,6.093260,2.992442,5.882435,7.035377,7.919930,10.080381,
1.131041,1.222526,1.895113,3.153746,3.387467,6.093260,2.992442,5.882435,1.240372,7.919930,10.080381,
1.131041,1.222526,1.895113,2.444218,3.387467,4.066998,2.992442,5.882435,7.002549,7.919930,5.131771,
1.131041,1.222526,1.895113,2.444218,3.387467,4.066998,2.992442,5.882435,7.002549,7.919930,5.131771,
1.131041,1.222526,1.895113,2.444218,3.387467,5.180837,2.992442,5.882435,7.002549,7.919930,5.131771,
1.131041,1.222526,1.895113,2.444218,3.387467,5.180837,2.992442,5.882435,7.002549,7.919930,5.131771,
1.131041,1.222526,2.155234,2.097989,3.387467,5.180837,2.992442,5.882435,6.003175,7.919930,5.131771,
1.131041,1.222526,2.155234,2.097989,3.387467,5.180837,2.992442,5.882435,7.886116,7.919930,5.131771,
1.131041,1.222526,2.155234,2.479553,3.387467,6.219878,2.992442,5.882435,7.886116,9.100784,5.131771,
1.131041,1.101713,2.155234,2.479553,3.387467,7.699938,2.566737,5.882435,3.709743,9.100784,5.131771,
1.131041,1.101713,2.155234,2.479553,3.387467,7.699938,2.566737,5.882435,3.014763,7.813347,5.131771,
1.131041,1.265101,2.095978,2.989565,3.387467,5.778151,2.566737,5.882435,3.014763,7.813347,5.131771,
1.131041,1.265101,2.095978,2.989565,3.387467,10.182015,2.566737,5.882435,3.014763,7.813347,5.131771,
1.131041,1.265101,2.095978,3.720555,3.387467,10.182015,2.566737,5.882435,5.208846,7.813347,5.131771,
1.131041,1.265101,2.095978,3.720555,2.683235,10.182015,2.566737,5.882435,5.208846,7.813347,5.131771,
1.131041,1.265101,2.095978,3.720555,2.683235,10.182015,2.566737,5.882435,5.208846,7.813347,5.131771,
1.131041,1.265101,2.095978,3.720555,2.683235,10.182015,2.527640,5.882435,5.208846,7.813347,5.131771,
1.131041,1.265101,2.095978,2.951387,2.683235,10.182015,2.692213,5.882435,5.208846,7.813347,5.131771,
1.131041,1.265101,2.095978,2.951387,2.683235,10.182015,2.692213,5.882435,5.208846,8.905215,5.279777,
1.131041,1.265101,2.095978,2.951387,2.683235,13.972534,2.692213,5.882435,4.604828,8.905215,5.279777,
1.131041,1.265101,2.095978,2.951387,2.683235,14.113812,2.692213,5.882435,4.604828,8.905215,5.279777,
1.131041,1.265101,2.774157,2.951387,2.683235,14.113812,2.692213,5.882435,4.604828,8.905215,5.279777,
1.131041,1.265101,2.774157,2.951387,2.683235,14.113812,2.692213,5.882435,4.732471,8.905215,7.598469,
1.131041,1.265101,2.774157,2.951387,2.683235,14.113812,2.692213,5.882435,5.351212,8.905215,7.598469,
1.131041,1.206070,2.774157,2.951387,2.683235,18.521738,2.477305,5.882435,5.351212,8.905215,7.598469,
1.131041,1.206070,2.774157,2.951387,2.683235,16.294348,2.477305,5.882435,5.351212,6.482930,7.598469,
1.131041,1.206070,2.840013,2.951387,2.683235,16.294348,2.477305,5.882435,7.505086,7.715301,9.085536,
1.131041,1.206070,2.840013,2.951387,2.683235,16.294348,2.477305,5.882435,2.746754,7.715301,10.617819,
1.131041,1.206070,2.840013,2.951387,2.683235,10.145902,2.477305,5.882435,2.746754,7.715301,10.617819,
1.131041,1.206070,2.840013,2.951387,2.374893,8.739587,2.477305,5.882435,2.746754,7.715301,10.617819,
1.131041,1.206070,2.840013,2.951387,2.374893,8.739587,2.477305,5.882435,2.746754,7.715301,10.617819,
1.131041,1.206070,2.840013,2.951387,2.374893,8.739587,2.477305,5.882435,2.746754,7.715301,10.617819,
1.131041,1.206070,2.840013,2.951387,2.374893,11.852041,2.477305,5.882435,6.684497,7.715301,10.617819,
1.131041,1.216397,2.840013,2.951387,2.374893,7.645380,2.477305,5.882435,6.684497,6.324277,10.617819,
1.131041,1.216397,2.840013,2.951387,2.374893,6.137349,2.477305,5.882435,6.684497,6.324277,10.617819,
1.131041,1.216397,2.840013,2.573904,2.374893,6.137349,2.477305,5.882435,4.068856,6.324277,10.617819,
1.131041,1.216397,2.579725,2.573904,2.374893,6.137349,2.477305,5.882435,4.068856,6.324277,10.617819,
1.131041,1.216397,2.579725,2.573904,2.374893,8.146464,2.477305,5.882435,4.068856,6.324277,10.617819,
1.131041,1.216397,2.579725,2.573904,2.374893,1.289245,2.477305,5.882435,4.068856,6.324277,10.617819,
1.131041,1.216397,2.579725,2.368495,2.374893,6.330657,2.477305,5.882435,4.068856,6.324277,7.834265,
1.131041,1.216397,2.579725,2.368495,2.374893,8.513736,2.477305,5.882435,3.452544,6.324277,7.834265,
1.131041,1.216397,2.579725,2.368495,2.374893,8.352268,2.477305,5.882435,3.452544,6.324277,7.834265,
1.131041,1.216397,2.579725,2.368495,2.374893,8.352268,2.477305,5.882435,2.288029,6.324277,7.834265,
1.131041,1.958597,2.579725,2.368495,2.374893,4.336717,2.494420,5.882435,2.288029,6.324277,7.834265,
1.131041,1.379193,2.579725,2.368495,2.374893,4.336717,2.494420,5.882435,6.591686,6.324277,7.834265,
1.131041,1.379193,2.579725,2.368495,2.374893,9.324943,2.494420,5.882435,6.591686,6.324277,7.834265,
1.131041,1.379193,2.579725,2.368495,2.374893,5.097508,2.494420,5.882435,8.497047,6.324277,7.834265,
1.131041,1.379193,2.488069,2.368495,2.374893,7.814229,2.494420,5.882435,8.497047,6.324277,7.380752,
1.131041,1.379193,2.488069,2.368495,2.374893,9.292604,2.494420,5.882435,5.855893,6.324277,10.321972,
1.131041,1.184425,2.488069,2.368495,2.374893,9.292604,2.494420,5.882435,6.792164,6.324277,10.321972,
1.131041,1.184425,2.488069,4.353910,2.374893,9.292604,2.494420,5.882435,6.792164,6.324277,10.321972,
1.131041,1.184425,2.488069,4.353910,2.374893,9.292604,2.494420,5.882435,6.792164,6.324277,10.321972,
1.131041,1.184425,2.488069,4.353910,2.374893,9.292604,2.494420,5.882435,6.792164,6.324277,8.570714,
1.131041,0.996129,2.488069,4.353910,2.374893,10.305689,2.494420,5.882435,5.510790,6.324277,10.642336,
1.131041,0.996129,2.488069,4.353910,2.374893,15.925661,2.494420,5.882435,5.510790,6.160020,10.642336,
1.131041,0.996129,2.488069,4.353910,2.374893,18.174206,2.494420,5.882435,3.881179,6.160020,5.741280,
1.131041,0.996129,2.488069,4.353910,2.374893,18.174206,2.494420,5.882435,3.881179,6.160020,5.741280,
1.131041,1.061970,2.488069,2.130040,2.374893,18.174206,2.494420,5.882435,7.867814,6.160020,5.741280,
1.131041,1.061970,2.488069,2.130040,2.374893,18.174206,2.494420,5.882435,9.785276,7.503285,5.741280,
1.131041,1.061970,2.488069,2.863969,2.374893,18.174206,2.494420,5.882435,9.785276,7.503285,8.031943,
1.131041,1.061970,2.488069,2.863969,2.374893,19.665306,2.494420,5.882435,9.785276,7.503285,8.031943,
1.131041,1.061970,2.488069,2.863969,2.374893,19.665306,2.494420,5.882435,9.785276,7.503285,10.181641,
1.131041,1.061970,2.488069,4.412316,2.441354,25.169614,2.494420,5.882435,9.785276,7.503285,10.181641,
1.131041,1.061970,2.488069,4.412316,2.441354,25.169614,2.494420,5.882435,9.785276,7.503285,10.181641,
1.131041,1.061970,2.488069,4.412316,2.441354,25.169614,2.494420,5.882435,9.785276,7.503285,9.073962,
1.131041,1.061970,2.488069,4.412316,2.441354,26.484875,2.494420,5.882435,12.774054,7.503285,9.073962,
1.131041,1.061970,2.488069,4.412316,2.441354,28.568203,2.494420,5.882435,11.017811,7.503285,9.073962,
1.131041,1.061970,2.488069,4.412316,2.441354,23.730772,2.494420,5.882435,8.339534,7.503285,9.073962,
1.131041,1.176205,2.488069,3.801747,2.441354,23.730772,2.494420,5.882435,8.339534,7.503285,9.073962,
1.131041,1.176205,2.488069,3.801747,2.441354,26.701362,2.833614,5.882435,8.339534,7.503285,9.073962,
1.131041,1.176205,2.488069,3.640086,2.143023,32.410078,2.833614,5.882435,8.339534,7.503285,9.073962,
1.131041,1.176205,2.488069,6.279077,2.143023,32.410078,2.833614,5.882435,8.654582,7.503285,9.073962,
1.131041,1.176205,2.488069,5.406254,2.143023,26.831869,2.833614,5.882435,9.040284,7.503285,6.269429,
1.131041,1.176205,2.488069,5.406254,2.143023,15.822624,2.833614,5.882435,9.040284,7.503285,7.826799,
1.131041,1.176205,2.488069,5.406254,2.655649,18.479428,2.833614,5.882435,9.040284,7.503285,7.826799,
1.131041,1.176205,2.488069,4.308514,2.655649,20.589322,2.833614,5.882435,9.040284,7.503285,7.826799,
1.131041,1.176205,2.488069,4.308514,2.655649,20.589322,2.972955,5.882435,2.884591,7.503285,7.826799,
1.131041,1.176205,2.488069,4.185934,2.694367,20.257063,2.106598,5.882435,2.884591,6.564681,5.294160,
1.131041,1.176205,2.488069,2.663959,2.774028,20.257063,2.106598,5.882435,1.283040,7.970038,5.294160,
1.131041,1.176205,2.387305,2.663959,2.774028,17.639136,2.106598,5.882435,4.916073,7.970038,5.294160,
1.131041,1.176205,2.387305,2.663959,2.774028,22.756718,2.106598,5.882435,4.322262,7.970038,5.294160,
1.131041,1.176205,1.912342,2.663959,2.774028,17.553897,2.106598,6.121496,4.322262,7.970038,8.579549,
1.131041,1.176205,1.912342,2.384343,2.774028,12.607203,2.106598,6.121496,4.322262,4.955227,8.579549,
1.131041,2.049703,1.912342,2.384343,2.774028,12.460925,2.106598,6.121496,3.961581,5.846004,8.579549,
1.131041,2.049703,2.405943,2.384343,2.774028,9.415084,2.106598,6.121496,3.961581,6.617302,8.579549,
1.131041,2.049703,2.405943,1.447963,2.774028,8.968307,2.106598,6.121496,6.471985,6.617302,5.996026,
1.131041,2.049703,2.223482,1.447963,2.774028,3.383528,2.106598,5.842084,8.483625,5.423139,8.968314,
1.131041,2.049703,2.223482,1.447963,2.774028,4.188895,2.106598,5.842084,4.923628,5.423139,8.968314,
1.131041,2.049703,2.223482,1.447963,2.774028,10.326474,2.106598,5.842084,4.923628,5.423139,8.968314,
1.131041,1.406431,2.223482,1.447963,2.774028,4.536774,2.106598,5.842084,4.491678,5.423139,8.968314,
1.131041,1.406431,2.223482,1.447963,2.774028,4.431592,2.106598,5.842084,4.491678,5.423139,8.968314,
1.131041,1.181302,2.223482,1.447963,2.774028,4.431592,2.106598,5.842084,4.491678,7.341239,8.968314,
1.131041,2.263411,2.223482,1.447963,2.774028,3.174579,2.106598,5.842084,4.491678,7.341239,11.116754,
1.131041,2.263411,2.223482,1.447963,2.774028,3.151855,2.106598,5.842084,4.491678,7.341239,11.116754,
1.131041,2.263411,2.223482,1.447963,3.551676,3.151855,2.106598,5.842084,4.491678,7.341239,11.116754,
1.131041,2.263411,2.223482,1.447963,3.239436,3.151855,2.106598,5.562850,4.491678,7.341239,11.116754,
1.131041,2.263411,2.223482,1.575446,3.239436,3.151855,2.106598,5.562850,1.240103,7.341239,11.116754,
1.131041,2.263411,2.223482,1.556925,3.239436,6.871929,2.106598,5.562850,4.821533,8.049384,11.116754,
1.131041,2.263411,2.223482,1.556925,3.239436,6.871929,2.106598,5.562850,5.115476,7.894234,11.116754,
1.131041,2.263411,2.223482,1.541798,3.239436,10.713273,2.283604,5.562850,5.115476,7.894234,8.888816,
1.131041,2.263411,2.223482,1.541798,3.239436,10.713273,2.283604,5.562850,8.689349,7.524312,8.888816,
1.131041,2.263411,2.223482,1.541798,3.239436,6.378474,2.600967,5.562850,5.615383,7.524312,8.888816,
1.131041,2.263411,2.223482,1.541798,3.239436,6.054471,2.600967,5.562850,5.615383,7.524312,8.888816,
1.131041,1.686275,2.052894,1.541798,3.239436,6.054471,2.600967,5.562850,5.615383,6.476504,8.888816,
1.131041,1.878157,2.228176,1.541798,3.239436,6.054471,2.600967,5.562850,5.615383,6.476504,8.888816,
1.131041,1.878157,2.228176,1.541798,3.239436,7.228895,2.600967,5.671138,4.689591,7.403305,6.673669,
1.131041,1.878157,2.249377,1.881918,3.239436,6.603735,2.600967,5.671138,4.689591,7.403305,6.673669,
1.131041,1.878157,2.249377,1.881918,3.239436,8.119637,2.600967,5.847492,3.324667,7.403305,8.702736,
1.131041,1.878157,2.249377,1.881918,3.239436,11.055488,2.600967,5.847492,4.234645,8.202407,8.702736,
1.131041,1.878157,2.249377,1.881918,3.239436,11.055488,2.600967,5.847492,4.476314,8.202407,10.899321,
1.131041,1.878157,2.249377,1.881918,3.239436,11.055488,2.600967,5.847492,5.634428,8.202407,10.899321,
1.131041,1.878157,2.249377,1.881918,3.239436,13.868008,2.600967,5.847492,4.654926,7.759338,10.899321,
1.131041,1.623505,2.249377,1.881918,3.239436,13.868008,2.600967,5.847492,4.654926,7.759338,10.899321,
1.130387,1.623505,2.249377,1.881918,3.239436,13.257387,2.600967,5.847492,4.654926,7.759338,10.899321,
1.130387,1.623505,2.249377,1.881918,2.422268,13.257387,2.600967,5.847492,4.654926,6.369549,10.899321,
1.130387,1.623505,2.249377,2.335273,2.422268,13.257387,2.600967,5.847492,4.654926,6.369549,9.607625,
1.130387,1.623505,2.249377,2.335273,2.422268,4.978902,2.600967,5.847492,4.654926,6.369549,9.607625,
1.130387,1.926993,2.249377,2.335273,2.422268,9.726581,2.600967,5.538165,4.654926,6.842507,9.607625,
1.130387,1.926993,2.249377,2.248348,2.422268,11.998041,2.600967,5.538165,4.654926,6.842507,14.114198,
1.130387,1.926993,2.249377,1.718004,2.422268,11.998041,2.600967,5.538165,4.654926,6.842507,13.887089,
1.130387,1.926993,2.249377,1.718004,2.422268,11.998041,2.600967,5.538165,3.038132,6.842507,10.549689,
1.130387,1.926993,2.249377,1.718004,2.422268,15.402861,2.686429,5.140193,1.366080,7.979743,9.378957,
1.130387,1.926993,2.249377,1.718004,2.422268,15.030701,2.686429,5.140193,5.081004,7.361812,9.378957,
1.130387,1.926993,2.249377,1.718004,2.422268,17.324358,2.686429,5.140193,5.081004,7.361812,18.601181,
1.130387,1.926993,2.249377,1.718004,2.422268,17.752188,2.686429,5.140193,4.937667,7.361812,18.601181,
1.130387,1.926993,2.249377,1.718004,2.422268,17.547682,2.686429,5.140193,7.258331,7.361812,18.601181,
1.130387,1.926993,2.249377,1.718004,2.422268,17.547682,2.686429,5.140193,6.353188,7.361812,18.601181,
1.079346,1.926993,2.249377,1.718004,2.422268,13.529450,2.686429,5.140193,3.003119,7.361812,20.315513,
1.079346,1.926993,2.249377,1.718004,2.422268,13.529450,2.686429,5.140193,3.003119,7.433479,17.007639,
1.079346,1.926993,2.249377,1.718004,2.379570,15.339299,2.686429,5.140193,3.644184,7.433479,18.957104,
1.176128,1.926993,2.249377,1.718004,2.379570,15.883540,2.686429,5.140193,3.644184,7.433479,18.957104,
1.157265,1.926993,2.249377,1.718004,2.379570,14.165662,2.686429,5.140193,7.566675,7.433479,18.957104,
1.157265,1.926993,2.249377,1.718004,2.379570,14.165662,2.686429,5.140193,7.566675,7.433479,17.975710,
1.157265,1.926993,2.249377,1.718004,2.379570,14.165662,2.686429,5.140193,7.566675,7.085633,18.861650,
1.157265,1.926993,2.249377,1.718004,2.379570,12.560856,2.686429,5.140193,9.911857,7.085633,14.073787,
1.157265,1.926993,2.249377,1.963052,2.379570,15.221779,2.686429,5.140193,9.911857,7.085633,14.073787,
1.157265,1.926993,2.249377,1.963052,2.379570,15.221779,2.686429,5.140193,5.073714,7.085633,17.290682,
1.157265,1.926993,2.249377,1.963052,2.379570,9.629205,2.686429,5.140193,5.169335,7.085633,17.290682,
1.157265,1.926993,2.249377,1.963052,2.379570,13.784936,2.686429,5.140193,4.348503,6.817119,17.290682,
1.157265,1.592399,2.249377,1.963052,2.379570,15.777920,3.020676,5.438471,4.348503,8.535213,10.002060,
1.157265,1.592399,2.249377,1.963052,3.241272,7.392785,3.020676,5.438471,6.950280,10.224368,10.002060,
1.157265,1.592399,2.249377,1.963052,3.241272,4.878847,3.020676,5.438471,6.950280,10.224368,10.002060,
1.157265,1.758335,2.249377,1.963052,3.241272,4.878847,3.020676,5.438471,6.950280,8.973711,10.002060,
1.157265,1.758335,2.249377,1.963052,3.241272,4.878847,3.020676,5.438471,5.692435,8.973711,10.002060,
1.157265,1.446781,2.249377,1.963052,3.237724,4.883201,3.020676,5.438471,8.502851,8.973711,10.002060,
1.157265,1.446781,2.249377,1.963052,3.237724,5.618130,3.020676,5.438471,4.998692,8.973711,10.002060,
1.157265,1.446781,2.249377,1.963052,3.237724,5.618130,3.020676,5.438471,7.052376,8.973711,10.002060,
1.157265,1.446781,2.249377,1.963052,3.237724,5.618130,3.020676,5.438471,7.052376,8.973711,8.594578,
1.157265,1.446781,2.249377,1.963052,3.237724,7.912058,3.020676,5.438471,7.052376,7.742180,8.594578,
1.157265,1.446781,2.249377,1.963052,3.237724,7.129881,3.020676,5.438471,4.863516,7.742180,9.353378,
1.134526,1.446781,2.249377,1.963052,3.237724,10.709044,3.020676,5.438471,3.724555,7.742180,9.353378,
1.134526,1.446781,2.249377,2.299910,3.237724,10.709044,3.020676,5.438471,3.724555,8.046259,9.353378,
1.134526,1.423826,2.249377,2.299910,3.237724,7.541464,3.100926,5.438471,3.194707,8.817825,9.353378,
1.134526,1.423826,2.249377,2.299910,3.237724,7.402518,3.100926,5.438471,9.771571,8.235122,9.353378,
1.134526,1.423826,2.249377,2.299910,3.237724,9.566805,3.100926,5.438471,5.934661,8.235122,8.823774,
1.134526,1.423826,2.249377,2.299910,3.237724,6.202070,3.100926,5.438471,5.934661,8.235122,6.742452,
1.134526,1.423826,2.249377,2.299910,3.237724,11.226390,3.100926,5.438471,5.934661,8.235122,6.742452,
1.134526,1.423826,2.249377,2.299910,3.119698,8.238218,3.100926,5.438471,5.934661,8.235122,6.742452,
1.134526,1.423826,2.249377,2.299910,3.119698,8.238218,3.100926,5.438471,10.556361,10.305573,6.742452,
1.134526,1.603522,2.249377,1.684915,3.119698,11.204336,3.100926,5.438471,10.556361,10.305573,6.742452,
1.134526,1.603522,2.249377,1.684915,3.119698,7.869931,3.100926,5.438471,7.463743,9.261418,6.742452,
1.134526,1.603522,2.249377,1.684915,3.119698,4.114080,3.100926,5.438471,7.463743,9.261418,8.236158,
1.134526,1.301138,2.249377,1.684915,3.119698,4.114080,3.100926,5.438471,7.463743,9.261418,11.771302,
1.134526,1.301138,2.086252,3.630996,3.119698,5.704380,3.100926,5.438471,1.704054,9.261418,11.771302,
1.134526,1.301138,2.086252,3.630996,3.119698,5.973765,3.100926,5.438471,2.768829,9.261418,11.771302,
1.134526,1.301138,2.086252,3.630996,3.119698,9.688895,3.100926,5.438471,2.768829,9.261418,11.105856,
1.103880,1.301138,2.086252,3.931478,3.119698,1.048928,3.100926,5.438471,2.581722,9.261418,11.105856,
1.103880,1.301138,2.086252,3.931478,3.119698,1.048928,3.100926,5.438471,1.849955,9.261418,11.105856,
1.103880,1.301138,2.086252,3.927387,3.119698,8.319867,3.100926,5.438471,10.331506,9.261418,11.105856,
1.103880,1.301138,2.086252,3.927387,3.119698,8.319867,3.100926,5.438471,10.596458,9.261418,11.105856,
1.103880,1.301138,2.086252,3.927387,3.119698,11.643724,3.100926,5.438471,10.596458,9.261418,13.458650,
1.103880,1.301138,2.086252,3.927387,3.119698,5.113046,3.100926,5.438471,7.807626,9.261418,13.458650,
1.103880,0.979644,2.086252,3.927387,3.119698,7.960844,3.100926,5.438471,10.715850,9.261418,14.290469,
1.103880,0.979644,2.086252,3.927387,3.119698,6.981129,3.100926,5.438471,10.715850,9.261418,13.964766,
1.103880,0.979644,2.086252,4.683464,3.119698,8.249605,3.100926,5.438471,8.604495,9.261418,12.239541,
1.103880,0.979644,2.086252,4.683464,3.119698,6.482820,3.100926,5.438471,8.604495,9.261418,12.239541,
1.103880,0.979644,2.086252,4.683464,3.119698,6.482820,3.100926,5.438471,8.604495,9.261418,12.239541,
1.103880,0.979644,2.086252,7.009978,2.362731,6.482820,3.100926,5.438471,8.604495,9.261418,12.239541,
1.103880,0.979644,2.086252,7.009978,2.362731,6.482820,3.949899,5.438471,8.604495,12.554673,12.239541,
1.103880,0.979644,2.086252,7.009978,2.362731,6.482820,3.949899,5.438471,8.604495,10.851819,18.613794,
1.103880,0.979644,2.086252,8.392077,2.362731,6.482820,3.949899,5.438471,9.934110,10.851819,18.613794,
1.103880,0.979644,2.086252,8.392077,2.362731,11.023881,4.131504,5.438471,9.934110,10.851819,18.613794,
1.103880,0.979644,2.279846,1.922587,2.362731,4.694138,4.131504,5.438471,9.934110,10.682203,16.941249,
1.103880,1.292256,2.279846,1.922587,2.362731,13.107782,4.131504,5.438471,9.934110,10.682203,10.500468,
1.103880,1.292256,2.279846,1.922587,2.362731,15.574019,4.131504,5.438471,10.338645,10.682203,10.500468,
1.103880,1.292256,2.279846,1.922587,2.362731,15.574019,4.131504,5.438471,14.185971,10.682203,10.500468,
1.103880,1.292256,2.279846,1.922587,2.362731,13.959516,4.131504,5.438471,16.648772,11.210776,10.500468,
1.103880,1.292256,2.533261,1.922587,2.566599,13.959516,4.131504,5.438471,16.648772,11.210776,10.500468,
1.103880,1.292256,2.533261,1.922587,2.566599,13.959516,4.131504,5.438471,16.648772,11.210776,9.891556,
1.103880,1.292256,2.179317,1.922587,2.559844,13.959516,4.131504,5.438471,16.648772,11.885980,9.891556,
1.103880,1.292256,2.179317,1.922587,2.559844,13.959516,4.131504,5.438471,14.773662,11.885980,9.891556,
1.103880,1.292256,2.179317,2.906960,2.559844,13.959516,4.131504,5.438471,7.417016,11.989510,9.891556,
1.103880,1.292256,2.179317,2.906960,2.559844,13.959516,4.131504,5.438471,7.417016,11.989510,12.357327,
1.103880,1.292256,2.179317,3.107930,2.455369,13.959516,4.131504,5.438471,8.237796,11.989510,11.799924,
1.103880,1.292256,2.179317,3.107930,2.455369,14.493316,4.131504,5.438471,8.237796,11.989510,12.330024,
1.103880,1.292256,2.458669,5.680118,2.455369,17.829241,4.131504,5.438471,5.753597,11.989510,12.330024,
1.103880,1.292256,2.458669,5.680118,2.455369,17.829241,4.131504,5.438471,8.133776,11.989510,12.330024,
1.103880,1.292256,2.458669,4.108691,2.455369,14.684563,4.131504,5.438471,5.417717,11.989510,12.330024,
1.103880,1.053119,2.458669,4.108691,2.455369,14.684563,4.131504,5.438471,1.553962,11.989510,12.330024,
1.103880,1.053119,2.458669,4.108691,2.455369,14.684563,4.748219,5.438471,7.494415,13.631634,12.330024,
1.103880,1.053119,2.458669,4.108691,2.455369,14.684563,4.748219,5.438471,7.494415,13.420634,12.330024,
1.103880,1.053119,2.458669,4.108691,2.455369,12.322452,4.748219,5.438471,6.516804,13.420634,12.330024,
1.103880,1.125307,2.458669,4.832466,2.455369,13.341529,5.360529,5.438471,6.516804,13.828928,12.330024,
1.103880,1.125307,2.458669,4.832466,2.455369,13.341529,5.360529,5.438471,6.516804,14.506382,12.330024,
1.103880,1.125307,2.458669,4.832466,2.455369,13.341529,5.167157,5.438471,6.516804,14.506382,13.889471,
1.103880,1.125307,2.458669,2.923774,2.455369,13.341529,5.167157,5.438471,6.516804,14.506382,13.889471,
1.103880,1.104042,2.458669,2.923774,2.455369,13.341529,5.167157,5.438471,7.187967,14.506382,13.889471,
1.049240,1.104042,2.458669,2.923774,2.455369,13.125903,5.167157,5.438471,7.187967,14.506382,13.889471,
1.049240,1.401817,2.458669,2.923774,2.455369,15.572358,5.167157,5.438471,7.187967,14.506382,13.889471,
1.049240,1.401817,2.458669,2.923774,2.455369,15.572358,5.167157,5.438471,4.091478,15.411590,13.889471,
1.049240,1.401817,2.458669,2.923774,2.455369,15.572358,5.167157,5.438471,4.091478,15.411590,13.889471,
1.049240,1.401817,2.458669,2.923774,2.455369,16.278775,5.167157,5.438471,5.910487,14.374721,16.005896,
1.049240,1.401817,2.458669,2.923774,2.455369,16.278775,5.167157,5.438471,5.910487,14.374721,16.005896,
1.049240,1.401817,2.458669,2.923774,2.455369,16.278775,5.167157,5.550019,5.910487,14.374721,13.844441,
1.049240,1.401817,2.458669,1.781000,2.455369,13.438722,5.167157,5.550019,5.910487,14.374721,12.491515,
1.049240,1.875947,2.514800,1.781000,2.455369,9.377134,5.167157,5.550019,5.910487,13.867565,12.491515,
1.049240,1.875947,2.514800,2.315616,2.209488,6.391591,5.167157,5.550019,5.910487,13.867565,12.491515,
1.049240,1.875947,2.514800,2.315616,2.209488,4.772897,5.167157,5.550019,8.522126,13.867565,12.651219,
1.049240,1.875947,2.514800,2.315616,2.209488,7.398737,5.167157,5.550019,11.901901,13.867565,12.651219,
1.049240,1.875947,2.514800,1.834288,2.209488,7.398737,5.167157,5.550019,10.795790,13.867565,12.494187,
1.049240,1.875947,2.272604,1.834288,2.209488,7.398737,5.167157,5.550019,10.795790,13.867565,12.494187,
1.049240,1.875947,2.272604,2.242561,2.209488,3.936263,5.167157,5.550019,10.795790,13.867565,12.494187,
1.049240,1.875947,2.272604,1.608707,2.209488,3.936263,5.167157,5.550019,10.795790,13.867565,13.688009,
1.049240,1.875947,2.272604,1.608707,2.209488,6.575198,5.167157,5.550019,13.349912,13.867565,13.085747,
1.049240,1.875947,2.272604,1.608707,2.209488,10.699404,5.167157,5.550019,9.111179,13.867565,13.085747,
1.049240,1.875947,2.272604,1.326962,2.209488,10.699404,5.167157,5.550019,6.691065,13.867565,14.405015,
1.049240,2.626573,2.272604,1.326962,2.209488,10.699404,5.167157,5.550019,2.113029,13.867565,14.405015,
1.049240,2.626573,2.272604,1.326962,2.209488,10.699404,5.167157,5.550019,2.113029,13.867565,14.405015,
1.049240,2.626573,2.272604,1.326962,2.209488,10.699404,5.167157,5.550019,2.113029,16.027961,14.405015,
1.049240,2.626573,2.272604,1.326962,2.209488,15.331598,5.167157,5.550019,2.390686,16.027961,14.405015,
1.049240,2.626573,2.272604,1.326962,2.209488,10.293034,7.510292,5.550019,2.390686,21.588829,14.719394,
1.049240,2.626573,2.272604,1.326962,2.209488,10.293034,7.510292,5.550019,6.597171,21.588829,14.719394,
1.049240,2.626573,2.272604,1.326962,2.209488,10.293034,7.510292,5.550019,6.597171,20.835399,13.654652,
1.049240,2.626573,2.272604,1.326962,2.209488,15.344263,7.510292,5.550019,2.878566,20.835399,12.264468,
1.049240,2.626573,2.272604,1.326962,2.209488,15.344263,7.510292,5.550019,9.466310,20.835399,10.585458,
1.049240,2.626573,2.272604,1.326962,2.209488,16.249686,7.510292,5.550019,9.466310,21.497412,9.916879,
1.049240,2.626573,2.272604,1.326962,2.209488,16.249686,7.510292,5.550019,3.871761,21.497412,12.095733,
1.049240,2.626573,2.083332,1.326962,3.089050,11.248103,7.510292,5.550019,7.172800,21.497412,12.095733,
1.049240,2.626573,2.083332,1.326962,3.089050,15.092671,7.510292,5.550019,7.172800,17.859529,9.241328,
1.049240,2.626573,2.083332,1.326962,2.853172,15.092671,7.510292,5.550019,7.172800,19.458957,9.241328,
1.049240,2.626573,2.083332,1.326962,2.853172,15.092671,7.510292,5.550019,6.004156,20.059672,14.242646,
1.003965,2.626573,2.083332,1.326962,2.853172,15.092671,7.510292,5.550019,6.004156,22.437771,12.159745,
1.003965,2.626573,2.083332,1.326962,2.853172,15.092671,7.510292,5.550019,8.065158,24.347859,12.401786,
1.003965,2.626573,2.083332,1.326962,2.853172,10.418139,7.510292,5.550019,12.387433,25.919792,12.401786,
1.003965,2.626573,2.083332,1.326962,2.853172,10.418139,7.510292,5.550019,12.387433,25.919792,12.401786,
1.003965,2.626573,2.083332,1.326962,2.853172,5.906201,7.510292,5.550019,12.387433,25.919792,12.401786,
1.003965,2.626573,2.083332,1.326962,2.853172,4.898014,7.510292,5.550019,7.846390,25.919792,11.795586,
1.003965,2.626573,2.083332,1.326962,2.853172,4.898014,7.510292,5.550019,7.806986,28.267576,11.795586,
1.003965,2.626573,2.083332,1.326962,2.853172,3.969614,7.510292,5.550019,7.806986,28.267576,11.795586,
1.003965,2.626573,2.083332,1.326962,2.853172,3.666018,7.510292,5.550019,5.149928,28.267576,11.841342,
1.003965,2.000615,2.083332,1.326962,2.617453,11.841394,7.510292,5.550019,4.466665,25.393416,11.841342,
1.003965,2.000615,2.083332,1.150288,2.617453,11.841394,7.510292,5.550019,4.466665,25.393416,11.841342,
1.003965,2.000615,2.083332,1.150288,2.617453,11.841394,7.510292,5.550019,4.466665,25.393416,10.801696,
1.003965,2.000615,2.083332,1.150288,2.617453,7.292186,11.576917,5.550019,8.857145,25.393416,10.801696,
1.003965,2.000615,2.083332,1.150288,2.617453,7.292186,10.648847,5.550019,9.523641,25.393416,10.801696,
1.003965,2.000615,2.083332,1.150288,2.617453,12.568756,10.648847,5.550019,9.523641,25.393416,10.801696,
1.003965,2.000615,2.083332,1.150288,2.617453,12.568756,10.648847,5.550019,9.541480,25.803131,10.801696,
1.003965,2.000615,2.083332,1.150288,2.617453,14.716963,10.648847,5.550019,9.541480,25.803131,10.069819,
1.003965,2.000615,2.083332,1.150288,2.617453,14.716963,11.434045,5.550019,12.716629,25.803131,10.069819,
1.003965,2.000615,2.083332,1.372558,2.617453,14.716963,10.643623,5.550019,12.716629,25.803131,9.441988,
1.003965,2.000615,2.083332,1.372558,2.617453,16.036962,9.633703,5.550019,9.182554,25.803131,8.323095,
1.003965,2.000615,2.083332,1.372558,2.617453,10.445322,8.570531,5.550019,9.182554,25.803131,12.749364,
1.003965,2.000615,2.083332,1.372558,2.617453,10.445322,8.570531,5.550019,3.892382,23.380364,12.749364,
1.003965,2.000615,2.083332,1.372558,2.617453,10.445322,8.570531,5.550019,3.892382,24.154036,12.749364,
1.003965,2.000615,2.083332,1.372558,2.617453,11.845672,8.570531,5.550019,3.892382,26.044692,14.593339,
1.003965,2.000615,2.083332,1.372558,2.617453,6.990025,8.570531,5.550019,3.892382,26.044692,14.593339,
1.003965,2.000615,2.083332,1.372558,2.617453,10.084655,8.570531,5.550019,5.965086,25.612950,15.758585,
1.003965,2.000615,2.083332,1.372558,2.617453,8.136189,8.570531,5.550019,5.965086,25.612950,15.758585,
1.003965,2.000615,2.083332,1.372558,2.617453,4.294998,8.570531,5.550019,5.965086,21.721612,13.855315,
1.003965,2.000615,2.083332,1.202500,2.617453,4.294998,8.570531,5.550019,5.965086,21.721612,13.855315,
1.003965,2.000615,2.083332,1.202500,2.617453,4.294998,8.570531,5.550019,5.965086,21.721612,13.583972,
1.003965,2.000615,2.083332,1.202500,2.617453,3.010527,8.570531,5.550019,4.800987,21.721612,14.410564,
1.003965,2.828017,2.083332,1.202500,2.617453,3.010527,8.570531,5.550019,4.800987,21.721612,14.410564,
1.003965,2.828017,2.083332,1.202500,2.617453,3.010527,8.570531,5.550019,4.800987,21.721612,14.410564,
1.003965,2.828017,2.083332,1.202500,2.617453,3.010527,8.570531,5.550019,4.800987,21.721612,14.410564,
1.003965,2.828017,2.083332,1.202500,2.617453,3.010527,8.570531,5.550019,4.800987,21.721612,14.410564,
1.003965,2.828017,2.083332,1.202500,2.617453,3.010527,8.570531,5.550019,4.800987,21.721612,15.548934,
1.003965,2.828017,2.083332,1.202500,3.057755,4.723781,8.570531,5.550019,3.932135,21.721612,17.296388,
1.003965,2.828017,2.083332,1.202500,3.057755,4.723781,8.570531,5.550019,11.291188,21.721612,15.017173,
1.003965,2.828017,2.083332,1.202500,2.680244,4.723781,8.570531,5.550019,11.868162,20.436706,12.756101,
1.003965,3.303762,2.083332,1.202500,2.680244,4.723781,8.570531,5.550019,11.868162,18.291356,12.756101,
1.003965,3.303762,2.083332,1.202500,2.680244,4.723781,5.732000,5.586278,11.868162,13.173345,12.756101,
1.003965,3.700610,2.083332,1.202500,2.680244,4.695839,5.732000,5.586278,11.868162,22.387887,12.756101,
1.003965,3.700610,2.083332,1.202500,2.680244,4.695839,8.501209,5.586278,11.868162,22.387887,11.870477,
1.003965,2.407805,2.379817,1.202500,2.680244,6.391378,8.501209,5.586278,11.868162,22.387887,13.253199,
1.003965,2.407805,2.379817,1.202500,2.680244,6.391378,8.501209,5.586278,6.974328,22.387887,13.253199,
1.003965,2.407805,2.379817,1.202500,2.680244,6.391378,6.005925,5.586278,2.804798,20.320582,10.189228,
1.003965,2.596397,2.467056,1.202500,2.680244,6.391378,6.005925,5.586278,7.285077,18.626074,10.189228,
1.003965,2.326311,2.467056,1.202500,2.680244,6.391378,6.005925,5.586278,7.285077,18.626074,10.189228,
1.003965,2.326311,2.467056,1.202500,2.680244,6.391378,6.005925,5.586278,5.026458,18.626074,10.189228,
1.003965,2.326311,2.467056,1.202500,2.680244,6.391378,6.005925,5.586278,5.026458,18.626074,15.158676,
1.003965,2.326311,2.467056,1.202500,2.680244,6.402158,6.005925,5.586278,5.026458,18.679028,14.570064,
1.003965,2.326311,2.467056,1.202500,2.680244,4.911848,6.005925,5.586278,5.026458,18.679028,14.570064,
1.003965,2.326311,2.467056,1.202500,2.680244,4.911848,6.005925,5.586278,5.026458,18.679028,14.570064,
1.003965,2.666110,2.413544,1.202500,2.680244,4.911848,5.890247,5.586278,5.026458,18.679028,14.245624,
1.003965,3.822029,1.843388,1.202500,2.680244,4.911848,5.890247,5.586278,4.141099,18.679028,14.245624,
1.003965,3.822029,1.843388,1.202500,2.680244,4.911848,5.890247,5.586278,2.563105,18.679028,14.245624,
1.003965,3.822029,1.843388,1.202500,2.680244,3.059694,5.890247,5.586278,2.563105,18.679028,14.245624,
1.003965,3.822029,1.843388,1.202500,2.680244,3.059694,5.890247,5.586278,6.642810,18.679028,14.245624,
1.003965,3.822029,1.843388,1.202500,2.680244,3.059694,5.890247,5.586278,6.642810,18.679028,14.245624,
1.003965,3.822029,1.843388,1.202500,2.680244,3.059694,5.890247,5.586278,6.642810,18.679028,14.353655,
1.003965,3.822029,1.843388,1.202500,2.680244,3.059694,5.890247,5.586278,4.493344,18.679028,14.353655,
1.003965,1.802050,1.843388,1.202500,2.680244,4.753135,7.451371,5.586278,4.493344,18.679028,14.353655,
1.003965,1.802050,1.843388,1.202500,2.680244,4.753135,7.451371,5.586278,4.493344,18.679028,12.851000,
1.003965,1.802050,1.843388,1.202500,2.793584,4.989247,7.451371,5.586278,4.493344,18.679028,12.851000,
1.003965,1.802050,1.843388,1.202500,2.793584,4.812440,7.451371,5.586278,9.010550,20.558844,16.875339,
1.003965,1.802050,2.270637,1.202500,2.793584,4.812440,7.451371,5.586278,11.678106,23.422123,16.875339,
1.003965,1.802050,2.270637,1.202500,2.793584,4.812440,7.451371,5.586278,9.584355,23.422123,16.875339,
1.003965,1.802050,2.270637,1.202500,2.793584,4.812440,8.924724,5.586278,9.584355,25.515687,15.423725,
1.003965,1.802050,2.270637,1.202500,2.793584,4.812440,8.924724,5.586278,9.584355,25.515687,15.423725,
1.003965,1.802050,2.270637,1.202500,2.793584,6.712659,8.924724,5.586278,9.584355,25.515687,15.423725,
1.003965,1.802050,2.270637,1.202500,2.793584,6.244849,8.282028,5.586278,7.522580,21.923478,15.423725,
1.024521,1.802050,2.270637,1.202500,2.793584,6.637022,7.143419,5.586278,7.522580,21.923478,19.079548,
1.024521,1.802050,1.766915,1.202500,2.793584,6.637022,7.143419,5.586278,7.522580,21.923478,19.079548,
1.024521,1.802050,1.766915,1.202500,2.793584,12.194418,7.143419,5.586278,7.522580,21.923478,19.079548,
1.024521,1.802050,1.766915,1.202500,2.793584,5.979151,7.143419,5.586278,4.301265,21.923478,18.335554,
1.024521,1.802050,1.766915,1.202500,2.793584,5.979151,7.143419,5.586278,4.566129,21.923478,18.335554,
1.024521,1.802050,1.766915,1.202500,2.793584,5.979151,7.143419,5.586278,12.734741,19.025798,18.335554,
1.024521,1.802050,1.766915,1.202500,2.793584,7.509355,7.143419,5.586278,6.916762,19.025798,18.335554,
1.024521,1.802050,1.766915,1.202500,2.793584,7.509355,7.143419,5.586278,6.916762,19.025798,18.335554,
1.024521,1.802050,1.766915,1.202500,2.793584,7.509355,7.143419,5.586278,6.916762,19.025798,18.335554,
1.024521,1.802050,1.766915,1.202500,2.793584,7.509355,7.143419,5.586278,6.916762,19.025798,16.545933,
1.024521,1.802050,1.766915,1.202500,2.793584,7.509355,7.143419,5.586278,6.224637,18.325522,16.545933,
1.024521,1.802050,1.766915,1.202500,2.793584,7.509355,4.992278,5.586278,7.469792,18.325522,12.443064,
1.024521,2.384640,1.766915,1.202500,2.793584,2.366129,4.992278,5.586278,4.513906,18.325522,12.443064,
1.024521,2.384640,1.766915,1.202500,2.793584,9.615548,7.293157,5.586278,4.513906,22.517247,12.443064,
1.024521,2.384640,1.766915,1.202500,2.793584,9.615548,7.293157,5.586278,7.111989,22.517247,12.443064,
1.024521,2.384640,1.766915,1.202500,2.793584,9.615548,7.549127,5.586278,5.146115,22.517247,12.057893,
1.024521,2.384640,1.766915,1.202500,3.113894,11.030289,7.549127,5.586278,10.771686,18.878295,12.057893,
1.024521,2.384640,1.766915,1.202500,3.113894,10.968071,7.549127,5.586278,10.771686,23.788051,12.057893,
1.024521,2.384640,1.766915,1.202500,3.113894,10.968071,7.549127,5.586278,10.771686,23.788051,12.543857,
1.024521,2.384640,1.766915,1.202500,3.538606,10.968071,7.549127,5.586278,10.771686,23.788051,12.543857,
1.024521,2.384640,1.766915,1.202500,3.538606,15.941637,7.549127,5.586278,11.109097,23.788051,12.543857,
1.024521,2.384640,1.766915,1.202500,3.538606,15.941637,7.549127,5.586278,11.744487,23.788051,12.543857,
1.024521,2.384640,1.766915,1.202500,3.538606,15.941637,9.138776,5.586278,11.744487,25.015528,12.543857,
1.024521,2.384640,1.766915,1.202500,3.538606,11.270090,9.138776,5.586278,11.744487,25.015528,12.543857,
1.024521,2.384640,1.766915,1.202500,3.538606,11.270090,9.138776,5.586278,7.005734,25.015528,15.082701,
1.024521,2.384640,1.766915,1.202500,3.038535,11.270090,9.138776,5.586278,7.005734,25.015528,14.080251,
1.024521,2.384640,1.766915,1.202500,3.038535,9.574409,9.138776,5.586278,7.005734,25.015528,14.080251,
1.024521,2.384640,1.766915,1.202500,3.038535,9.574409,9.138776,5.586278,7.005734,25.015528,14.080251,
1.024521,2.384640,1.766915,1.202500,3.038535,9.574409,9.138776,5.586278,7.005734,25.015528,14.080251,
1.024521,2.384640,1.766915,1.202500,3.038535,9.574409,9.138776,5.586278,7.005734,26.854006,14.080251,
1.024521,2.288065,1.766915,1.202500,3.038535,9.574409,9.138776,5.586278,2.847983,26.854006,14.080251,
1.024521,2.288065,1.766915,1.202500,3.038535,9.574409,9.138776,5.586278,9.363713,26.854006,13.685713,
1.024521,2.288065,1.766915,1.367271,3.038535,9.574409,9.138776,5.586278,9.363713,26.854006,13.685713,
1.024521,2.288065,1.766915,1.367271,3.038535,10.499283,9.138776,5.586278,12.678142,26.854006,13.685713,
1.024521,2.288065,1.766915,1.367271,3.038535,9.217885,9.138776,5.586278,13.290093,26.854006,10.550883,
1.024521,2.288065,1.766915,1.367271,3.038535,10.106288,9.138776,5.586278,18.310959,26.854006,11.001292,
1.024521,2.288065,1.766915,1.367271,2.831368,10.106288,9.728553,5.586278,18.310959,27.276361,10.486823,
1.024521,1.709258,1.766915,1.367271,2.831368,9.276758,9.728553,5.586278,13.134682,27.276361,10.486823,
1.024521,1.709258,1.766915,1.367271,2.831368,9.276758,9.728553,5.586278,7.800913,27.063701,13.833165,
1.024521,1.709258,1.766915,1.367271,2.831368,10.199049,9.728553,5.586278,7.800913,27.063701,11.619146,
1.024521,1.709258,1.766915,2.097182,2.831368,4.235801,9.728553,5.586278,11.933641,29.419085,11.619146,
1.024521,1.709258,1.766915,2.097182,2.831368,4.235801,9.728553,5.586278,11.933641,29.419085,11.619146,
1.024521,1.709258,1.766915,2.097182,2.831368,5.542777,9.728553,5.586278,11.933641,31.589104,13.581323,
1.024521,1.709258,1.766915,2.097182,2.831368,5.384912,9.728553,5.586278,11.933641,25.763642,12.295820,
1.024521,1.709258,1.766915,2.097182,2.831368,5.307718,9.728553,5.586278,9.233311,29.495276,9.085408,
1.024521,1.709258,1.766915,2.097182,2.831368,5.307718,9.728553,5.586278,9.233311,25.930247,9.085408,
1.024521,1.195647,1.766915,2.097182,3.019773,5.471487,9.728553,5.586278,9.233311,26.040646,11.203946,
1.024521,1.195647,1.766915,2.097182,3.019773,8.312854,8.765451,5.586278,9.233311,24.152331,10.482829,
1.024521,1.195647,1.766915,2.097182,3.019773,8.312854,8.765451,5.586278,9.233311,22.370624,12.497785,
1.024521,1.195647,1.766915,2.097182,3.019773,11.042260,8.765451,5.586278,8.466550,22.370624,11.310066,
1.024521,1.195647,1.766915,2.097182,3.019773,11.042260,8.765451,5.586278,5.999132,22.553642,11.310066,
1.024521,1.195647,1.766915,2.097182,3.019773,11.042260,8.765451,5.586278,5.999132,22.953195,11.310066,
1.024521,1.195647,1.766915,2.097182,3.019773,11.597626,7.573959,5.586278,5.999132,22.953195,11.310066,
1.024521,1.195647,1.766915,2.097182,3.019773,9.869018,7.573959,5.586278,5.999132,22.953195,10.851040,
1.024521,1.195647,2.213615,3.518941,3.019773,6.444191,7.573959,5.586278,5.004874,22.848408,13.231561,
1.024521,1.195647,2.213615,3.518941,3.019773,10.242700,7.573959,5.586278,5.901400,24.229732,13.231561,
1.024521,1.195647,2.213615,3.518941,3.019773,10.242700,7.573959,5.586278,5.791702,24.229732,12.918571,
0.979503,1.195647,2.213615,3.518941,3.019773,5.529443,7.573959,5.586278,6.346970,24.229732,12.918571,
0.979503,1.195647,2.213615,3.518941,3.019773,5.529443,7.573959,5.586278,6.770283,24.229732,12.918571,
0.979503,1.195647,2.213615,3.518941,3.019773,5.529443,7.573959,5.586278,6.770283,24.229732,12.918571,
0.979503,1.195647,2.213615,3.518941,3.019773,4.757194,7.192642,5.586278,13.826490,23.211873,12.942582,
0.979503,1.195647,2.213615,3.518941,3.003934,4.757194,7.192642,5.586278,13.826490,23.264155,13.830139,
0.979503,1.195647,2.213615,3.518941,3.003934,4.812536,7.192642,5.586278,13.826490,23.264155,13.830139,
0.979503,1.195647,2.213615,3.518941,3.003934,4.812536,7.192642,5.586278,14.242780,23.264155,12.892689,
1.060680,1.195647,2.213615,3.518941,3.003934,10.707221,6.452474,5.586278,16.314070,22.393584,14.231193,
1.060680,1.195647,2.213615,3.518941,3.003934,10.707221,6.073853,5.586278,7.555505,21.129273,13.784191,
1.060680,1.195647,2.213615,3.518941,3.003934,10.707221,6.073853,5.586278,7.555505,21.129273,13.784191,
1.060680,1.195647,2.213615,3.518941,3.003934,10.707221,6.073853,5.586278,7.555505,21.129273,13.784191,
1.060680,1.195647,2.213615,3.518941,3.003934,10.707221,6.073853,5.586278,7.555505,16.717279,13.784191,
1.060680,1.195647,2.213615,3.518941,3.003934,6.814766,6.073853,5.586278,7.560729,16.717279,13.784191,
1.060680,1.195647,2.344143,3.518941,3.003934,5.056234,6.073853,5.586278,7.560729,18.353157,6.990898,
1.060680,1.195647,2.344143,3.518941,2.725718,3.026665,6.073853,5.586278,6.373456,18.353157,7.671654,
1.060680,1.195647,2.344143,3.518941,2.725718,9.595549,6.270469,5.586278,6.373456,18.353157,7.671654,
1.060680,1.195647,2.344143,3.212589,2.725718,4.462377,6.270469,5.586278,6.373456,17.461814,7.671654,
1.060680,1.195647,2.344143,3.212589,2.725718,4.462377,6.270469,5.586278,4.343841,17.461814,7.671654,
1.060680,1.195647,2.344143,3.212589,2.725718,4.462377,6.270469,5.586278,7.419116,17.461814,8.669558,
1.060680,1.195647,2.582100,2.350947,2.725718,3.702201,6.270469,5.586278,6.784110,17.461814,8.669558,
1.060680,1.195647,1.923221,2.350947,2.725718,3.469872,6.270469,5.586278,6.784110,17.461814,8.669558,
1.060680,1.195647,1.923221,2.523001,2.725718,4.898476,6.270469,5.586278,3.561145,19.322707,12.727561,
1.060680,1.195647,1.923221,2.523001,2.725718,7.739705,6.270469,5.586278,3.561145,19.322707,12.727561,
1.060680,1.195647,1.923221,2.523001,2.725718,10.534581,6.270469,5.586278,3.561145,15.244867,12.727561,
1.060680,1.195647,1.923221,3.438891,2.725718,10.534581,6.270469,5.586278,3.561145,15.244867,12.727561,
1.060680,1.195647,1.923221,2.193279,2.725718,10.534581,6.270469,5.586278,2.747898,15.244867,12.727561,
1.060680,1.189138,1.923221,2.193279,2.725718,10.982086,6.701881,5.586278,2.747898,19.860603,17.117120,
1.060680,1.189138,1.923221,2.193279,2.725718,13.150525,6.701881,5.586278,3.592604,19.860603,15.200768,
1.060680,1.189138,1.923221,1.996994,2.725718,9.828846,6.701881,5.586278,3.592604,19.860603,14.433293,
1.060680,1.831084,1.923221,1.996994,2.725718,9.828846,6.701881,5.586278,3.592604,19.860603,14.433293,
1.060680,1.831084,1.923221,1.964298,2.725718,3.943863,6.701881,5.586278,3.544545,19.860603,11.480877,
1.060680,1.831084,1.923221,1.964298,2.725718,3.943863,6.701881,5.586278,3.544545,19.426588,13.121072,
1.060680,1.831084,1.923221,1.964298,2.725718,3.943863,6.701881,5.586278,8.713791,19.426588,13.121072,
1.060680,1.831084,1.923221,1.964298,2.725718,2.546636,6.701881,5.586278,8.713791,19.426588,12.209569,
1.060680,1.831084,1.923221,1.964298,2.725718,3.047074,6.701881,5.586278,3.538465,19.426588,12.209569,
1.060680,1.831084,1.936771,1.964298,2.725718,3.047074,6.701881,5.586278,3.433214,19.426588,12.209569,
1.060680,1.831084,1.936771,1.964298,2.725718,6.935818,6.701881,5.586278,7.330911,19.426588,13.315137,
1.060680,1.831084,1.936771,1.964298,2.725718,9.914967,6.701881,5.586278,5.410572,19.426588,13.315137,
1.060680,1.831084,1.936771,1.964298,2.725718,14.855334,6.701881,5.586278,2.386254,19.426588,14.288884,
1.060680,1.831084,1.936771,1.292473,2.725718,14.855334,6.701881,5.586278,2.386254,20.494262,14.288884,
1.060680,1.631964,1.936771,1.292473,2.737295,14.855334,6.701881,5.586278,2.386254,17.249828,14.288884,
1.060680,1.631964,1.936771,1.292473,2.737295,14.855334,6.701881,5.586278,8.107218,17.249828,14.288884,
1.060680,1.631964,1.936771,1.292473,2.737295,14.855334,6.701881,5.586278,4.450602,17.249828,14.288884,
1.060680,1.631964,1.936771,1.292473,2.958765,14.855334,6.701881,5.477013,8.781139,17.249828,14.288884,
1.060680,1.631964,2.173610,1.292473,2.958765,14.855334,6.701881,5.477013,8.781139,22.832415,14.288884,
1.060680,1.631964,2.173610,1.712977,2.958765,14.855334,6.701881,5.477013,6.872013,20.829377,14.288884,
1.060680,1.631964,2.173610,1.712977,2.958765,14.855334,6.701881,5.477013,6.872013,20.829377,14.288884,
1.060680,1.631964,2.173610,1.712977,2.958765,13.386349,6.701881,5.477013,5.778689,17.086181,14.517420,
1.060680,1.631964,2.286168,1.712977,2.958765,13.386349,6.701881,5.477013,5.778689,19.139107,14.600274,
1.060680,1.067913,2.286168,1.712977,2.958765,13.386349,6.701881,5.477013,5.778689,19.139107,14.600274,
1.060680,1.067913,2.286168,1.712977,2.958765,13.386349,6.701881,5.477013,3.085345,22.168736,14.820524,
1.060680,1.826213,2.286168,1.712977,2.958765,5.636981,6.701881,5.477013,3.085345,16.658990,10.722195,
1.060680,1.826213,2.286168,1.712977,2.958765,5.025860,6.701881,5.477013,3.085345,16.658990,10.722195,
1.060680,1.826213,2.286168,2.096667,2.958765,4.171433,6.701881,5.477013,6.205976,16.658990,8.735798,
1.060680,1.826213,2.286168,2.096667,2.958765,4.171433,6.701881,5.477013,6.205976,16.658990,8.735798,
1.060680,1.826213,2.286168,2.096667,2.958765,4.171433,6.701881,5.477013,6.205976,16.658990,8.735798,
1.060680,1.826213,2.286168,2.096667,2.958765,4.171433,6.701881,5.477013,6.205976,15.373007,8.735798,
1.060680,1.826213,2.286168,2.096667,2.958765,5.361474,6.589903,5.477013,6.205976,15.373007,8.735798,
1.060680,1.826213,2.286168,2.096667,2.958765,4.900171,6.419840,5.477013,6.205976,15.373007,14.818819,
1.060680,1.826213,2.286168,2.096667,2.958765,4.900171,6.419840,5.477013,6.205976,15.373007,14.818819,
1.060680,1.826213,2.286168,2.096667,2.958765,12.583742,6.419840,5.477013,7.970082,15.373007,14.818819,
1.060680,1.826213,2.286168,2.096667,2.958765,12.583742,6.419840,5.477013,9.301633,15.373007,10.162155,
1.060680,1.826213,2.286168,2.096667,2.958765,12.583742,6.419840,5.477013,9.301633,16.217998,10.162155,
1.060680,1.826213,2.286168,2.096667,2.958765,12.583742,6.419840,5.477013,8.071916,16.217998,10.162155,
1.060680,1.826213,2.286168,2.096667,2.788689,8.521346,7.747868,5.477013,8.400277,17.832336,10.162155,
1.060680,1.826213,2.286168,2.002774,2.788689,14.580578,7.747868,5.477013,13.678453,17.832336,10.162155,
1.060680,1.883224,2.286168,2.002774,2.788689,14.580578,7.747868,5.477013,13.801966,17.792346,10.162155,
1.060680,1.674175,2.286168,2.002774,2.788689,14.580578,5.659614,5.477013,13.042008,18.294562,9.449413,
1.060680,1.674175,2.286168,2.002774,2.788689,8.312034,5.659614,5.477013,11.269075,18.294562,9.449413,
1.060680,1.674175,2.286168,2.002774,2.788689,8.312034,5.659614,5.477013,11.269075,18.294562,9.449413,
1.060680,1.674175,2.286168,2.002774,2.788689,8.312034,5.659614,5.477013,11.269075,16.122876,9.449413,
1.060680,1.674175,2.286168,2.220554,2.788689,8.312034,5.659614,5.477013,14.708727,16.122876,9.854473,
1.060680,1.674175,2.286168,2.220554,2.788689,8.445189,5.659614,5.425127,14.708727,16.122876,10.853799,
1.060680,1.613976,2.286168,2.220554,2.788689,3.405164,5.720378,5.425127,14.708727,16.122876,12.117897,
1.060680,1.613976,2.286168,2.220554,2.788689,6.485892,5.720378,5.425127,17.843329,16.234185,13.394559,
1.060680,1.613976,2.286168,2.520150,2.788689,6.485892,5.720378,5.425127,17.843329,16.234185,13.394559,
1.060680,1.613976,2.286168,2.155109,2.788689,6.485892,5.720378,5.425127,18.284915,14.856330,13.394559,
1.060680,1.613976,2.286168,2.155109,2.686950,10.377494,5.720378,5.425127,13.587236,15.265062,12.358315,
1.060680,1.613976,2.286168,2.155109,2.686950,10.377494,5.720378,5.425127,13.587236,15.265062,12.358315,
1.060680,1.613976,2.286168,2.017840,2.686950,10.377494,5.720378,5.425127,13.587236,17.942196,12.358315,
1.060680,1.613976,2.286168,2.017840,2.686950,9.930130,5.720378,5.425127,12.699566,17.942196,11.598021,
1.060680,1.613976,2.286168,2.017840,2.686950,9.930130,5.720378,5.425127,12.699566,17.942196,7.646632,
1.060680,1.613976,2.286168,2.017840,2.686950,9.930130,5.720378,5.425127,12.699566,17.942196,7.646632,
1.060680,1.613976,2.286168,2.017840,2.686950,12.391514,5.720378,5.425127,12.699566,17.942196,9.248870,
1.060680,1.613976,2.286168,1.656441,2.686950,12.391514,5.720378,5.425127,15.638998,17.942196,9.248870,
1.060680,1.613976,2.286168,1.656441,2.686950,12.391514,5.720378,5.425127,15.638998,17.942196,9.248870,
1.060680,1.613976,2.286168,1.684829,2.686950,13.650906,5.720378,5.425127,9.915278,17.942196,9.248870,
1.060680,1.613976,2.286168,1.684829,2.686950,13.650906,5.720378,5.425127,8.695237,17.942196,15.228649,
1.060680,1.613976,2.286168,1.684829,2.839466,13.650906,5.720378,5.425127,6.758015,17.942196,15.228649,
1.060680,1.613976,2.286168,1.684829,2.839466,9.835013,5.720378,5.425127,6.758015,17.942196,11.229401,
1.060680,1.613976,2.286168,1.684829,2.839466,7.659105,5.720378,5.425127,7.277829,17.942196,11.229401,
1.060680,1.613976,2.132197,2.858875,2.839466,7.447602,5.720378,5.425127,7.277829,17.942196,11.229401,
1.060680,1.613976,2.132197,2.858875,2.839466,7.447602,5.720378,5.425127,7.277829,17.942196,11.229401,
1.060680,1.183300,2.132197,2.858875,2.839466,6.329367,5.720378,5.487768,4.948085,17.942196,11.229401,
1.060680,1.183300,2.132197,2.858875,2.839466,6.329367,5.720378,5.487768,4.948085,17.942196,12.279430,
1.060680,1.183300,2.132197,2.858875,2.839466,4.386102,5.720378,5.487768,4.950362,17.942196,13.694396,
1.060680,1.183300,2.132197,2.858875,2.839466,5.104544,5.720378,5.487768,2.243354,19.360465,13.694396,
1.060680,1.183300,2.132197,2.858875,2.839466,5.104544,5.720378,5.487768,5.041975,19.360465,14.849226,
1.060680,1.183300,2.132197,2.858875,2.839466,4.795231,5.720378,5.487768,5.041975,19.360465,12.159659,
1.060680,1.183300,2.132197,2.858875,2.839466,6.674035,5.720378,5.487768,9.449947,19.360465,12.596489,
1.060680,1.183300,2.132197,2.858875,2.996446,6.674035,5.720378,5.487768,9.449947,19.360465,12.596489,
1.060680,1.183300,2.132197,2.858875,2.996446,6.674035,6.754613,5.487768,9.449947,19.360465,12.596489,
1.060680,1.183300,2.132197,2.858875,2.996446,6.674035,6.754613,5.487768,9.449947,19.360465,12.596489,
1.060680,1.183300,2.132197,2.858875,2.996446,2.942966,6.754613,5.487768,8.727361,19.360465,12.596489,
1.060680,1.183300,2.132197,2.858875,2.996446,2.190803,6.754613,5.487768,8.727361,19.360465,12.596489,
1.060680,1.435562,2.132197,2.858875,2.996446,3.075501,6.754613,5.487768,8.727361,19.816200,12.596489,
1.060680,1.435562,2.132197,2.488432,2.996446,3.075501,6.754613,5.487768,8.727361,17.576740,12.799388,
1.060680,1.435562,2.132197,2.488432,2.996446,3.954174,6.754613,5.487768,10.259342,18.432448,11.413786,
1.060680,1.435562,2.239461,2.488432,2.996446,5.279487,6.754613,5.487768,9.949937,18.432448,11.413786,
1.060680,1.435562,2.239461,2.488432,2.996446,6.184474,6.754613,5.487768,6.058579,18.432448,11.413786,
1.060680,1.130268,2.239461,3.562419,2.996446,6.184474,6.754613,5.487768,9.496019,18.432448,11.413786,
1.060680,1.130268,2.239461,3.562419,2.996446,4.513743,6.754613,5.487768,7.464849,21.493711,9.918421,
1.060680,1.130268,2.239461,3.562419,2.468619,4.513743,6.754613,5.487768,9.688474,21.493711,9.918421,
1.060680,1.130268,2.239461,3.562419,2.468619,4.544468,6.754613,5.487768,7.133552,19.196571,13.181145,
1.060680,1.130268,2.239461,3.562419,2.468619,3.889239,6.631052,5.487768,9.407729,19.196571,12.251493,
1.060680,1.130268,2.239461,1.909843,2.468619,8.986300,5.851560,5.487768,9.407729,19.196571,12.251493,
1.060680,1.130268,2.239461,1.909843,2.468619,8.986300,5.851560,5.487768,9.254770,19.196571,14.971273,
1.060680,1.130268,2.239461,1.909843,2.468619,11.293296,5.851560,5.487768,9.254770,19.196571,14.971273,
1.060680,1.130268,2.239461,1.924654,2.468619,6.931162,5.851560,5.487768,9.254770,16.179921,14.971273,
1.060680,1.130268,2.239461,1.924654,2.468619,6.931162,5.922629,5.487768,9.254770,16.179921,14.971273,
1.060680,1.130268,2.239461,1.924654,2.468619,4.778221,5.922629,5.487768,9.254770,16.179921,14.971273,
1.060680,1.130268,2.239461,1.924654,2.468619,4.778221,5.922629,5.487768,9.254770,16.179921,14.625578,
1.091478,1.130268,2.239461,4.249907,2.468619,3.889154,5.922629,5.487768,9.254770,16.179921,14.625578,
1.091478,1.130268,2.239461,2.887824,2.468619,3.889154,5.922629,5.487768,9.254770,16.179921,8.988138,
1.091478,1.130268,2.239461,2.887824,2.468619,7.564286,5.922629,5.487768,7.654809,17.507167,11.068715,
1.091478,1.130268,2.239461,2.887824,2.468619,4.074251,5.408690,5.487768,7.253217,17.507167,11.068715,
1.091478,1.130268,2.239461,2.887824,2.468619,4.074251,5.408690,5.487768,9.923903,13.512492,11.068715,
1.091478,1.130268,2.239461,5.392091,2.468619,3.469378,5.408690,5.487768,9.923903,15.373756,15.108744,
1.092819,1.130268,2.239461,5.392091,2.468619,3.469378,5.408690,5.487768,9.923903,15.373756,10.486358,
1.092819,1.130268,2.239461,5.392091,2.468619,5.805637,5.408690,5.487768,9.923903,15.373756,10.486358,
1.092819,1.130268,2.239461,3.420673,2.468619,8.417078,5.408690,5.487768,10.785017,15.373756,11.838610,
1.092819,1.130268,2.239461,3.420673,2.468619,8.417078,5.408690,5.487768,10.785017,15.373756,13.520911,
1.092819,1.130268,2.239461,3.420673,2.468619,7.381442,5.408690,5.487768,10.785017,15.373756,13.520911,
1.092819,1.130268,2.239461,3.420673,2.468619,7.381442,5.408690,5.487768,7.749830,15.373756,13.520911,
1.092819,1.130268,2.239461,3.420673,2.749790,7.381442,4.564772,5.487768,7.749830,13.015271,13.520911,
1.092819,1.130268,2.239461,3.668612,2.749790,7.381442,4.323810,5.487768,3.435923,12.535926,13.520911,
1.092819,1.130268,2.239461,3.668612,2.749790,5.800715,4.323810,5.487768,8.616517,12.535926,14.219125,
1.092819,1.130268,2.239461,3.668612,2.749790,14.104557,4.323810,5.487768,8.616517,10.735089,15.296065,
1.092819,1.130268,2.239461,3.668612,2.874587,14.104557,4.323810,5.487768,8.616517,11.605365,7.269049,
1.092819,1.130268,2.239461,3.668612,2.874587,12.903345,4.323810,5.487768,8.616517,11.605365,7.269049,
1.092819,1.130268,2.239461,3.668612,2.874587,12.903345,4.323810,5.487768,8.616517,11.605365,7.251388,
1.092819,1.176550,2.053970,3.668612,2.874587,10.392105,4.323810,5.487768,8.616517,11.605365,7.251388,
1.092819,1.176550,2.053970,3.668612,2.874587,10.392105,4.323810,5.487768,4.517788,11.528748,7.251388,
1.092819,1.176550,2.053970,3.668612,2.874587,9.428994,4.323810,5.487768,4.517788,11.528748,7.251388,
1.092819,1.176550,2.053970,3.668612,2.874587,9.428994,4.323810,5.487768,4.517788,11.528748,10.340661,
1.092819,1.160687,2.053970,1.998080,2.934512,9.428994,4.323810,5.487768,4.517788,11.528748,10.340661,
1.092819,1.160687,2.053970,1.998080,2.934512,9.428994,4.323810,5.487768,4.517788,11.528748,10.340661,
1.092819,1.160687,2.053970,1.998080,2.934512,9.428994,4.323810,5.487768,4.517788,11.528748,10.340661,
1.092819,2.036433,2.053970,1.998080,2.934512,9.428994,4.323810,5.487768,4.517788,11.528748,10.340661,
1.092819,1.522878,2.053970,1.998080,2.934512,10.675061,4.323810,5.487768,3.869110,11.528748,11.796820,
1.092819,1.522878,2.053970,1.998080,2.934512,10.771710,4.323810,5.487768,3.869110,11.528748,11.796820,
1.092819,1.522878,2.053970,1.998080,2.934512,7.464932,4.323810,5.487768,2.977969,11.528748,11.796820,
1.092819,1.522878,2.053970,1.998080,2.934512,4.953335,4.323810,5.398631,5.210688,11.528748,11.216479,
1.092819,1.522878,2.053970,1.998080,2.934512,6.543830,4.323810,5.398631,9.295411,11.528748,13.196209,
1.092819,1.522878,2.053970,1.998080,2.934512,9.858949,4.323810,5.398631,9.678432,11.528748,13.196209,
1.092819,1.522878,2.053970,1.998080,2.934512,8.203851,4.323810,5.398631,9.678432,11.528748,13.196209,
1.092819,1.522878,2.053970,1.998080,2.934512,9.686025,4.323810,5.398631,9.678432,11.528748,13.196209,
1.092819,1.522878,2.053970,1.998080,2.934512,9.686025,4.323810,5.398631,11.560529,11.528748,13.914038,
1.092819,1.522878,2.100382,1.998080,2.934512,12.388822,4.323810,5.398631,13.943271,11.528748,11.620380,
1.092819,1.522878,2.100382,1.998080,2.934512,8.584713,3.748729,5.398631,15.296324,11.528748,8.688844,
1.092819,1.522878,2.100382,1.998080,2.934512,8.584713,3.748729,5.398631,16.036674,11.528748,8.279820,
1.092819,1.522878,2.100382,1.878146,2.934512,8.584713,3.748729,6.128483,16.036674,11.528748,11.155737,
1.092819,1.522878,2.100382,1.878146,2.934512,8.584713,3.748729,6.128483,19.369265,10.951791,11.155737,
1.092819,1.522878,2.100382,1.878146,2.934512,8.584713,3.748729,5.118056,19.534042,10.951791,11.155737,
1.092819,1.522878,2.100382,1.878146,2.934512,9.336476,3.748729,5.118056,19.534042,10.951791,15.976933,
1.092819,1.522878,2.100382,1.878146,2.934512,9.336476,3.748729,5.118056,19.534042,10.951791,15.976933,
1.092819,1.522878,1.938718,1.878146,2.934512,9.336476,3.748729,5.118056,19.534042,10.951791,15.976933,
1.092819,1.522878,2.076012,1.878146,2.519828,14.414909,3.748729,5.118056,18.289420,10.951791,15.400777,
1.092819,1.522878,2.076012,1.878146,2.519828,7.877046,3.748729,5.118056,18.289420,10.951791,15.400777,
1.092819,1.522878,2.076012,1.878146,2.519828,7.877046,3.748729,5.118056,18.289420,11.621858,15.400777,
1.092819,1.522878,1.822921,1.878146,2.519828,10.914874,3.748729,5.118056,18.289420,11.621858,15.400777,
1.092819,1.522878,1.822921,1.878146,2.519828,10.914874,3.748729,5.118056,13.271742,11.621858,12.302977,
1.092819,1.522878,1.822921,1.878146,2.519828,10.914874,3.748729,5.118056,14.097880,10.982889,12.302977,
1.092819,1.500747,2.431379,1.878146,3.117738,10.914874,3.748729,5.118056,14.097880,10.982889,12.302977,
1.092819,1.500747,2.431379,1.878146,2.553389,6.705475,3.748729,5.118056,14.097880,11.431367,12.302977,
1.092819,1.500747,2.431379,1.878146,2.553389,6.705475,3.748729,5.118056,21.893638,12.937418,10.847395,
1.092819,1.500747,2.431379,2.648834,2.553389,6.705475,3.748729,5.118056,21.893638,12.937418,10.847395,
1.092819,1.500747,2.431379,2.165612,2.553389,6.705475,3.748729,5.118056,25.895222,12.937418,15.317631,
1.092819,1.500747,2.431379,2.165612,2.553389,6.705475,3.748729,5.118056,24.540668,12.937418,12.647970,
1.092819,1.500747,2.364518,2.165612,2.553389,5.228090,3.748729,5.118056,22.610554,11.652822,13.944208,
1.092819,1.500747,2.364518,2.165612,2.553389,13.817510,3.748729,5.118056,22.465946,11.652822,13.944208,
1.092819,1.500747,2.364518,1.341850,2.553389,13.817510,3.907779,5.118056,22.465946,12.934205,11.941465,
1.092819,1.500747,2.364518,1.341850,2.553389,20.397942,3.907779,5.118056,23.231591,12.934205,11.941465,
1.092819,1.500747,2.364518,1.341850,2.553389,21.913662,3.907779,5.118056,19.673889,12.934205,11.941465,
1.092819,1.500747,2.364518,1.800311,2.553389,23.199220,3.907779,5.118056,19.673889,9.662982,11.941465,
1.092819,1.500747,2.364518,1.800311,2.553389,18.052096,3.907779,5.118056,16.416115,9.662982,15.555451,
1.092819,1.500747,2.364518,1.800311,2.553389,18.052096,3.907779,5.118056,11.495549,9.662982,15.555451,
1.092819,1.500747,2.364518,1.800311,2.553389,18.052096,3.907779,5.118056,11.495549,9.662982,15.555451,
1.092819,1.500747,2.364518,1.800311,2.553389,18.052096,3.907779,5.118056,11.845967,9.662982,15.287406,
1.092819,1.500747,2.364518,1.800311,2.553389,18.052096,3.907779,5.118056,11.845967,9.662982,15.287406,
1.092819,1.500747,2.364518,1.800311,2.553389,18.052096,3.907779,5.118056,11.845967,9.662982,15.287406,
1.092819,1.542268,2.364518,1.800311,2.553389,18.052096,3.907779,5.118056,11.845967,9.662982,15.287406,
1.092819,1.542268,2.364518,1.800311,2.553389,15.102311,3.907779,5.118056,13.047521,9.662982,15.287406,
1.092819,1.542268,2.281634,1.800311,2.553389,9.706665,3.907779,5.118056,13.047521,12.218906,11.836193,
1.092819,1.542268,2.281634,1.800311,2.553389,16.250549,3.907779,5.118056,11.879833,12.218906,11.836193,
1.092819,1.542268,2.281634,2.607277,2.553389,13.231664,3.907779,5.118056,11.879833,12.218906,11.836193,
1.123913,1.542268,2.281634,2.607277,2.553389,13.231664,3.907779,5.118056,11.879833,12.218906,11.836193,
1.123913,1.542268,2.281634,2.607277,2.553389,13.231664,3.907779,5.118056,11.879833,10.066832,11.836193,
1.123913,1.542268,2.281634,2.770357,2.553389,11.112159,3.907779,5.118056,11.879833,10.066832,11.836193,
1.123913,1.542268,2.281634,2.770357,2.553389,11.112159,3.907779,5.118056,11.879833,10.066832,11.836193,
1.123913,1.542268,2.281634,2.770357,2.553389,11.112159,3.907779,5.118056,11.879833,10.066832,11.836193,
1.123913,1.542268,2.273790,2.770357,2.553389,10.681646,3.907779,5.118056,11.879833,10.066832,11.836193,
1.123913,1.542268,2.273790,2.770357,2.553389,10.681646,3.907779,5.727622,11.879833,10.066832,11.836193,
1.123913,1.542268,2.273790,2.770357,2.553389,10.681646,3.907779,5.727622,5.770679,10.066832,11.836193,
1.123913,1.542268,2.273790,2.770357,2.553389,6.114410,3.907779,5.727622,4.117326,10.066832,11.836193,
1.123913,1.542268,2.273790,2.770357,2.553389,12.921828,3.907779,5.727622,2.841670,10.066832,11.836193,
1.123913,1.542268,2.273790,1.336607,2.553389,12.201223,3.907779,5.727622,3.790581,10.066832,15.288317,
1.123913,1.542268,2.273790,1.336607,2.553389,12.201223,3.907779,5.727622,3.790581,10.066832,11.836474,
1.123913,1.542268,2.273790,1.336607,2.553389,12.201223,3.907779,5.727622,3.790581,10.066832,11.836474,
1.123913,1.542268,2.011238,1.336607,2.553389,12.201223,3.907779,5.727622,3.790581,10.066832,11.836474,
1.123913,1.542268,2.011238,1.336607,2.553389,12.201223,3.907779,5.727622,6.028598,10.066832,15.907770,
1.123913,1.542268,2.011238,1.336607,2.553389,12.201223,3.907779,5.727622,6.028598,10.066832,9.888216,
1.123913,1.542268,2.011238,1.336607,2.553389,10.164074,4.070353,5.727622,8.943132,10.066832,11.453922,
1.123913,2.520082,2.011238,1.336607,2.553389,9.063661,4.070353,5.727622,8.943132,10.066832,11.453922,
1.123913,2.520082,2.011238,1.553011,2.553389,9.063661,3.288680,5.727622,9.897615,10.066832,13.293534,
1.123913,2.520082,2.011238,1.553011,2.553389,7.857348,3.288680,5.727622,9.897615,10.066832,11.033240,
1.123913,2.819592,2.011238,1.553011,2.553389,7.857348,3.288680,5.727622,9.897615,10.066832,11.033240,
1.123913,2.191589,2.011238,1.553011,2.553389,7.857348,3.288680,5.727622,5.968781,10.066832,12.380847,
1.123913,2.191589,2.011238,1.941623,2.553389,7.857348,3.288680,5.727622,5.968781,9.822958,12.380847,
1.123913,2.191589,2.011238,1.941623,2.553389,4.252842,3.288680,5.727622,5.968781,9.822958,12.380847,
1.123913,2.191589,2.011238,1.941623,2.553389,4.252842,3.288680,5.727622,5.916901,9.822958,12.380847,
1.123913,2.191589,2.011238,1.941623,2.553389,4.252842,3.288680,5.727622,9.907491,9.822958,4.546898,
1.123913,2.191589,2.011238,1.941623,2.553389,4.252842,3.288680,5.727622,9.907491,9.822958,4.546898,
1.123913,2.191589,2.011238,1.941623,2.553389,4.252842,3.288680,5.727622,9.907491,9.822958,6.373914,
1.123913,2.191589,2.011238,1.941623,2.553389,6.172649,3.288680,5.727622,9.907491,9.822958,8.420572,
1.123913,2.191589,2.011238,1.941623,2.553389,3.291793,4.438769,5.727622,9.907491,12.094440,8.420572,
1.123913,2.191589,2.011238,1.941623,2.553389,8.969528,4.438769,5.727622,8.731019,12.094440,8.420572,
1.123913,2.191589,2.011238,1.941623,2.553389,8.969528,4.438769,5.727622,8.880872,12.094440,8.420572,
1.123913,2.191589,2.011238,1.941623,2.553389,8.969528,4.438769,5.727622,8.880872,12.094440,9.557456,
1.123913,2.191589,2.011238,1.941623,2.553389,6.310836,4.438769,5.727622,8.880872,12.094440,7.233942,
1.123913,2.191589,2.011238,1.941623,2.553389,4.928692,4.438769,5.727622,6.549667,12.094440,9.383610,
1.123913,2.191589,2.011238,1.941623,2.553389,4.928692,4.438769,5.727622,4.596962,12.094440,11.528283,
1.123913,2.191589,2.011238,1.941623,3.253296,5.173029,3.787618,5.727622,4.596962,12.094440,8.372610,
1.123913,2.191589,2.011238,1.941623,3.253296,5.279734,3.787618,5.727622,4.596962,14.009703,8.372610,
1.123913,2.191589,2.011238,1.941623,3.253296,5.279734,3.787618,5.727622,4.596962,14.009703,8.372610,
1.123913,2.191589,2.011238,1.941623,3.253296,5.279734,4.699217,5.745997,4.596962,14.009703,8.372610,
1.123913,2.191589,2.011238,1.941623,3.253296,5.279734,4.699217,5.745997,4.596962,14.009703,8.372610,
1.123913,1.559362,2.223971,1.941623,3.253296,2.424881,4.699217,5.745997,4.596962,14.009703,8.372610,
1.123913,1.559362,2.223971,1.941623,3.253296,2.424881,4.699217,5.745997,4.596962,14.009703,7.943320,
1.123913,1.559362,2.223971,1.941623,3.253296,5.064003,4.699217,5.745997,4.596962,16.600702,9.882991,
1.123913,1.559362,2.223971,1.941623,3.253296,2.855605,4.699217,5.745997,5.069167,15.425383,9.882991,
1.123913,1.559362,2.223971,1.941623,3.253296,6.727272,4.699217,5.745997,8.248322,15.425383,9.882991,
1.123913,1.559362,2.126103,1.941623,3.253296,6.727272,6.455166,5.745997,8.177840,21.755123,9.882991,
1.123913,1.559362,2.126103,1.941623,3.253296,5.342417,6.455166,5.745997,8.177840,21.444071,9.882991,
1.123913,1.559362,2.126103,1.941623,3.253296,5.342417,6.455166,5.745997,8.177840,21.444071,6.764373,
1.123913,1.559362,2.309476,1.941623,3.253296,7.464354,6.455166,5.746994,8.177840,21.444071,6.764373,
1.123913,1.559362,2.309476,2.277907,3.253296,11.299856,6.455166,5.746994,6.910057,21.444071,5.990779,
1.123913,1.559362,2.309476,2.277907,3.253296,11.299856,6.455166,5.746994,3.464369,20.700391,5.990779,
1.123913,1.559362,1.887236,2.277907,3.253296,11.564149,6.455166,5.746994,3.464369,21.516432,5.990779,
1.123913,1.559362,1.887236,2.277907,3.253296,10.348422,6.455166,5.746994,9.938905,21.516432,5.990779,
1.123913,1.559362,1.887236,2.277907,3.253296,9.634461,6.455166,5.746994,8.086265,16.305891,5.990779,
1.123913,1.559362,1.887236,2.277907,3.253296,7.504693,6.455166,5.746994,6.463912,16.305891,5.990779,
1.123913,1.559362,1.887236,2.277907,3.253296,7.504693,6.455166,5.746994,8.107435,16.305891,9.682431,
1.070144,1.559362,1.887236,2.277907,3.253296,7.504693,6.455166,5.746994,6.977728,16.305891,9.682431,
1.070144,1.559362,1.887236,2.277907,3.253296,6.827552,6.455166,5.746994,6.977728,16.305891,9.682431,
1.070144,1.559362,1.887236,2.277907,3.253296,7.434692,4.766987,5.746994,9.291296,11.981618,9.682431,
1.070144,1.559362,1.887236,1.849725,3.253296,7.434692,4.766987,5.746994,8.664604,12.766020,9.682431,
1.070144,1.559362,1.887236,2.828602,3.253296,3.585629,4.766987,5.746994,8.664604,12.766020,9.682431,
1.070144,1.559362,1.887236,2.828602,3.253296,3.585629,4.766987,5.746994,8.664604,12.766020,12.119976,
1.070144,1.559362,1.887236,2.828602,3.253296,3.585629,4.766987,5.746994,3.210844,12.766020,8.998399,
1.070144,1.559362,1.887236,2.828602,3.812818,3.787103,4.766987,5.746994,3.210844,12.766020,10.752229,
1.070144,1.559362,1.887236,2.828602,3.812818,3.787103,4.766987,5.746994,3.210844,12.766020,10.752229,
1.070144,1.559362,1.887236,2.828602,3.399637,3.787103,4.766987,5.746994,5.260042,12.766020,10.752229,
1.070144,1.559362,1.887236,1.440272,3.014222,12.108478,4.766987,5.746994,5.260042,13.598489,9.508182,
1.070144,1.559362,1.872094,1.440272,3.014222,12.158084,4.135871,5.746994,7.868160,13.598489,9.712374,
1.070144,1.559362,1.872094,1.440272,3.014222,12.158084,4.135871,5.746994,7.868160,13.598489,11.403963,
1.070144,1.559362,1.872094,1.440272,3.014222,7.728872,4.135871,5.746994,7.868160,13.598489,10.771254,
1.070144,1.559362,1.872094,1.440272,3.014222,8.489000,5.116503,5.746994,7.868160,16.941395,10.771254,
1.070144,2.705011,1.872094,1.440272,3.014222,8.489000,5.116503,5.746994,7.868160,16.941395,10.771254,
1.070144,2.705011,1.872094,1.440272,3.014222,8.489000,5.116503,5.746994,11.321555,16.941395,7.736172,
1.070144,2.705011,1.872094,1.440272,3.014222,8.489000,5.116503,5.746994,13.211589,15.414528,7.736172,
1.070144,2.705011,1.872094,1.440272,3.014222,8.489000,5.116503,5.746994,13.211589,15.414528,9.298244,
1.070144,2.705011,1.872094,1.440272,3.014222,8.489000,5.116503,5.746994,11.246122,13.056696,8.070715,
1.070144,2.705011,1.872094,1.440272,3.014222,8.489000,5.116503,5.746994,14.493251,13.056696,8.070715,
1.070144,2.705011,1.872094,1.440272,3.014222,6.119690,5.116503,5.746994,16.311774,13.056696,8.070715,
1.070144,2.705011,1.872094,1.550999,3.014222,15.293659,5.116503,5.746994,16.000893,13.056696,8.070715,
1.070144,2.705011,1.872094,1.550999,3.014222,15.293659,4.112520,5.746994,16.000893,13.056696,8.070715,
1.070144,1.848994,2.358522,1.550999,3.014222,16.346796,4.112520,5.746994,16.000893,13.056696,8.070715,
1.070144,1.848994,2.358522,1.550999,2.778236,22.184477,4.112520,5.746994,16.000893,13.056696,8.070715,
1.070144,1.848994,2.358522,1.550999,2.778236,22.847814,4.112520,5.746994,10.853785,13.056696,8.070715,
1.070144,1.848994,2.358522,2.268682,2.778236,20.458103,4.112520,5.746994,10.853785,13.056696,8.070715,
1.070144,1.848994,2.358522,2.268682,2.778236,20.458103,4.112520,5.746994,10.853785,10.858957,8.070715,
1.070144,1.848994,2.358522,2.268682,2.441412,20.458103,4.112520,5.746994,10.853785,10.858957,8.070715,
1.070144,1.848994,2.358522,2.268682,2.441412,15.145631,4.112520,5.746994,15.398923,10.858957,8.070715,
1.070144,1.848994,2.358522,2.268682,2.441412,15.145631,3.621367,5.746994,16.705832,10.858957,10.570937,
1.070144,1.848994,2.358522,2.268682,2.441412,15.145631,3.621367,5.746994,16.705832,9.846977,10.570937,
1.070144,1.848994,2.358522,2.268682,2.441412,15.145631,3.621367,5.746994,16.705832,9.846977,10.570937,
1.070144,1.848994,2.358522,2.670016,2.441412,15.145631,2.762805,5.746994,16.705832,9.846977,10.570937,
1.070144,1.848994,2.358522,2.670016,2.441412,15.145631,2.762805,5.746994,12.796681,6.415086,10.570937,
1.070144,1.848994,2.358522,2.670016,2.441412,15.145631,2.762805,5.746994,11.747507,6.415086,10.570937,
1.070144,1.506387,2.358522,2.670016,3.251639,11.690310,2.762805,5.746994,7.876318,6.415086,10.570937,
1.070144,1.506387,2.358522,2.670016,3.251639,18.132712,2.762805,5.746994,7.876318,6.415086,10.570937,
1.070144,1.506387,2.358522,2.670016,3.251639,15.749525,2.405001,5.746994,7.363861,6.415086,9.798794,
1.070144,1.506387,2.358522,2.670016,3.251639,18.018923,2.405001,5.746994,7.363861,6.415086,9.798794,
1.070144,1.506387,2.358522,2.670016,3.251639,14.379906,2.405001,5.746994,6.769885,6.415086,9.798794,
1.070144,1.506387,2.358522,2.670016,3.251639,14.749815,2.405001,5.746994,7.178371,6.415086,9.798794,
1.070144,1.506387,2.358522,2.177692,3.251639,14.642907,2.405001,5.746994,8.364776,8.523638,9.798794,
1.070144,1.506387,2.358522,2.177692,3.251639,14.642907,3.434105,5.746994,8.364776,9.185681,11.527359,
1.070144,1.506387,2.358522,2.177692,3.251639,5.611078,3.434105,5.746994,8.364776,9.081290,11.527359,
1.070144,1.506387,2.358522,2.177692,3.251639,5.611078,3.434105,5.746994,6.812157,9.081290,11.527359,
1.070144,1.363643,1.674337,2.177692,3.251639,9.788502,3.434105,5.746994,12.156865,7.824409,11.527359,
1.070144,1.363643,1.674337,2.177692,3.251639,11.239249,3.434105,5.746994,12.156865,12.064930,11.527359,
1.070144,1.363643,1.674337,2.070860,3.251639,17.110687,3.434105,5.746994,12.156865,12.064930,11.720479,
1.070144,1.363643,1.674337,2.070860,3.784691,17.110687,3.434105,5.746994,8.643438,12.064930,11.720479,
1.070144,1.363643,1.674337,2.070860,3.784691,17.110687,3.434105,5.746994,8.643438,12.064930,11.720479,
1.070144,1.363643,1.674337,2.070860,3.784691,21.417996,3.434105,5.746994,8.643438,9.901235,14.231308,
1.070144,1.363643,1.674337,2.070860,3.784691,21.417996,3.434105,5.746994,8.038094,9.406012,14.231308,
1.070144,1.363643,1.674337,2.070860,3.784691,21.417996,3.434105,5.746994,8.038094,10.834641,8.992720,
1.070144,1.363643,1.674337,2.070860,4.009937,23.008821,3.434105,5.746994,9.309825,10.834641,9.160951,
1.070144,1.363643,1.674337,2.070860,4.009937,22.677519,3.434105,5.746994,11.176678,10.867996,9.160951,
1.070144,1.363643,1.674337,2.070860,4.009937,22.677519,3.434105,5.746994,12.605522,10.867996,9.160951,
1.070144,1.363643,1.674337,2.070860,4.009937,22.677519,3.332851,5.746994,12.605522,10.867996,12.847817,
1.070144,1.363643,1.674337,1.836681,4.009937,16.510172,3.332851,5.746994,8.196322,10.867996,12.847817,
1.070144,1.363643,1.674337,1.836681,4.009937,16.302753,3.332851,5.746994,8.196322,10.867996,13.964392,
1.070144,1.970933,1.674337,1.836681,4.009937,12.003038,3.332851,5.746994,10.085517,10.867996,13.964392,
