0.000861616207731949,0.000808271247719684,1.09998484161304,-1.63940609564857e-08,0.5
0.000861616207731949,0.000808271247719684,1.09998484161304,-1.63940609564857e-08,0.5
0.00889802841129867,0.00661371561055332,1.101818938866,1.62301930162999e-06,0.5
0.021692931650855,0.0114903125588311,1.10654210346836,7.39942611841486e-06,0.5
0.0387345471872961,0.0167098759946334,1.11286485687654,1.54883892329343e-05,0.5
0.0552387743069277,0.0216515604308545,1.11898283841189,2.35277092203669e-05,0.5
0.0813057953638128,0.0271153074447531,1.12922964801456,3.73800108734375e-05,0.5
0.0963063330245208,0.00852774646879854,1.13711403641347,5.27082647316628e-05,0.5
0.110309733069932,0.0274573953355996,1.1407165382086,5.49719465993473e-05,0.5
0.137943021441752,0.016610008436819,1.15332353824996,7.57566909907842e-05,0.5
0.156911655004979,0.0272529951285729,1.15995815099939,8.45835378223024e-05,0.5
0.171573522747626,0.00462822665320981,1.16811860598293,0.000101198050728315,0.5
0.176490858480873,0.0208892211603101,1.16803850510389,9.92737791724898e-05,0.5
0.207779468003675,0.00822303876804454,1.18244107065394,0.000123553014819748,0.5
0.216358451795665,0.0168442900690982,1.18475726694154,0.000127080439419483,0.5
0.242441469099706,0.0123594786717156,1.19605154771204,0.000145810406054695,0.5
0.253188160692836,0.016113275859622,1.19981417437296,0.00015252405888472,0.5
0.278024284049046,0.0133661144776743,1.21039731051181,0.000170351423384047,0.5
0.295896395939876,0.0167782098128771,1.21731534233936,0.000182297824839353,0.5
0.313867424148519,0.0110811325309287,1.2252103452633,0.000196921758453867,0.5
0.330889893155719,0.00648648685135337,1.23258492518109,0.000210784402282357,0.5
0.336764714173849,0.00862551517492461,1.23439790071445,0.000215216106885577,0.5
0.360722961586234,0.00800265070636751,1.24439512507202,0.000232832831337104,0.5
0.372578013617265,0.00608521787694842,1.2492458089877,0.000242992562116222,0.5
0.382585910543012,0.00383905360525684,1.25332122747871,0.000251709935099975,0.5
0.388106757192536,0.00033703529127736,1.25556824340027,0.000257681592015154,0.5
0.37751632749753,0,1.25111555133349,0.000253017412538874,0.5
0.371647053644776,0,1.24855740742008,0.00025096458270687,0.5
0.367396497994803,0,1.24666384119163,0.000249970937153688,0.5
0.361533978281286,0,1.24408054797355,0.000247739341473509,0.5
0.356082281686875,0,1.24163293645512,0.000245559644547225,0.5
0.351088449365442,0,1.23933618060793,0.000243508935790491,0.5
0.34618912729393,0,1.23707179518186,0.000241385140908268,0.5
0.341316706482704,0,1.23481759639929,0.000239155237192732,0.5
0.336722277173559,0,1.23265531834103,0.000236957470763698,0.5
0.332391435024792,0,1.23058037761651,0.000234796534097158,0.5
0.328386801674101,0,1.228613127664,0.000232708850502036,0.5
0.324226006100064,0,1.22659636680934,0.000230453511934837,0.5
0.320749831675401,0,1.22480382254036,0.000228454511396717,0.5
0.317207826541864,0,1.22299113474463,0.000226352779986624,0.5
0.313920057254038,0,1.22126252050228,0.000224301198656301,0.5
0.310573911495683,0,1.21951644168643,0.000222164717103653,0.5
0.307601338657841,0,1.21789327781934,0.000220146766618471,0.5
0.30483324713703,0,1.2163375956702,0.000218166390593298,0.5
0.302179474067971,0,1.21482071036852,0.000216198920021606,0.5
0.299688307105063,0,1.21335771022406,0.000214253788790315,0.5
0.297179307343731,0,1.2118897433735,0.00021224811710802,0.5
0.294826622547273,0,1.21047418146665,0.000210283379650454,0.5
0.292804371277476,0,1.20916718877848,0.000208432989177899,0.5
0.290930291318256,0,1.20790953463835,0.000206620146484148,0.5
0.289473253960578,0,1.20678818050938,0.000204955864158066,0.5
0.288056734016894,0,1.20568141606665,0.000203297426188553,0.5
0.286617328427105,0,1.20456820219494,0.000201600407641805,0.5
0.285410519563096,0,1.20353160370139,0.000199983806496932,0.5
0.284428031953524,0,1.20256908509969,0.000198453633130524,0.5
0.283711120715902,0,1.20169381235777,0.000197023267696805,0.5
0.282810343912183,0,1.20075980811723,0.00019550146199953,0.5
0.282280126896238,0,1.19994708962418,0.000194121378534074,0.5
0.281769665918538,0,1.19914225723183,0.000192757914028007,0.5
0.2814885728276,0,1.19841269468815,0.000191476579940704,0.5
0.281165295144028,0,1.197670048992,0.000190166151965158,0.5
0.281370922286309,0,1.19710036976093,0.000189080168419178,0.5
0.281622377583222,0,1.19654639879333,0.000188017277770099,0.5
0.281866762695318,0,1.19599117425141,0.000186952248773526,0.5
0.28206918178844,0,1.19542283421603,0.000185860334324078,0.5
0.282325106670353,0,1.19487296273028,0.000184795768604155,0.5
0.282251111212304,0,1.19421613762431,0.000183577278422499,0.5
0.282665497581434,0,1.19371914856476,0.000182566473186494,0.5
0.23362211164172,0,1.19308946566244,0.00018339024364128,0.5
0.263036942353958,0,1.19082089543947,0.000178073775426219,0.5
0.251969726915108,0,1.19004155324172,0.000177020797906076,0.5
0.249952049724892,0,1.18870128887372,0.00017458037569625,0.5
0.24806882457966,0,1.18741211795714,0.000172234120190685,0.5
0.246474050984,0,1.18621706543118,0.000169997960055201,0.5
0.244820012158204,0,1.18500408940379,0.000167740230731041,0.5
0.243720049755054,0,1.18397301390115,0.000165714879193553,0.5
0.242586439746166,0,1.18293167095746,0.00016367452780996,0.5
0.241992627140332,0,1.18206742550283,0.000161860489144221,0.5
0.241210840997526,0,1.18114300171541,0.000159980175156133,0.5
0.240694369167539,0,1.18030657682986,0.000158217690954486,0.5
0.240227101131432,0,1.17948688164375,0.000156480007772293,0.5
0.192429444523867,0,1.17875397977068,0.00015680341924468,0.5
0.220609134101056,0,1.17638091685722,0.000151200529395774,0.5
0.209430274542369,0,1.17542843323577,0.000149655694845037,0.5
0.207024436285455,0,1.17392923065458,0.000146786105909301,0.5
0.205146163595373,0,1.17260935444573,0.000144182735998954,0.5
0.20328785404043,0,1.17129604872066,0.000141586560754864,0.5
0.201454783244783,0,1.1699925869096,0.00013901086238475,0.5
0.199430343170414,0,1.16862827166452,0.000136372484110304,0.5
0.19768176596621,0,1.16735514670224,0.000133845875384307,0.5
0.196366357318446,0,1.166224414608,0.000131497172151808,0.5
0.194941298825098,0,1.16505937430598,0.000129124711337846,0.5
0.193592972406604,0,1.16392088429837,0.000126793399597417,0.5
0.152568389141263,0,1.16280309916563,0.000126122067333216,0.5
0.173442244857956,0,1.15978469600212,0.000119809728602411,0.5
0.162702052239553,0,1.1583817919408,0.000117440129455326,0.5
0.158911897966509,0,1.15639337955685,0.000113805292011068,0.5
0.155935017011205,0,1.15467658478153,0.000110522799508781,0.5
0.152878515253178,0,1.15293504325101,0.000107230693685755,0.5
0.150255178799624,0,1.1513364669426,0.000104104796579134,0.5
0.147722757975087,0,1.1497694505319,0.000101037242172058,0.5
0.145390646795569,0,1.1482692832983,9.80592533708989e-05,0.5
0.14323735852507,0,1.14682913905595,9.51675872819779e-05,0.5
0.0798089166287042,0,1.14544551128659,9.48683694143698e-05,0.5
0.111865032741242,0,1.1410490747859,8.59491993717736e-05,0.5
0.095020190183416,0,1.13914485222663,8.30148828859716e-05,0.5
0.0893532859112982,0,1.13647532777706,7.82779024704258e-05,0.5
0.0840251995830835,0,1.13392669894878,7.37931403669664e-05,0.5
0.079523456471264,0,1.13164829718732,6.95771052930399e-05,0.5
0.074896146555238,0,1.12933126228901,6.53727034942588e-05,0.5
0.0703754932020601,0,1.12705176039018,6.12342718573596e-05,0.5
0.0663272360888027,0,1.12492842349035,5.72777803819109e-05,0.5
0.0626597098762598,0,1.12293045211076,5.3486607889939e-05,0.5
0.0589173385779227,0,1.1209110214613,4.97149526121882e-05,0.5
0.055454981464967,0,1.11898521454169,4.6063486959186e-05,0.5
0.05251785503894,0,1.11723186689805,4.26150363262077e-05,0.5
0.0497277630804987,0,1.11552891202378,3.92527341776836e-05,0.5
0.0112605707714302,0,1.11392937230419,3.74940829759535e-05,0.5
0.0277682194212443,0,1.11022855303701,3.04395852440111e-05,0.5
0.0164505245784354,0,1.1082742674463,2.71616311540853e-05,0.5
0.0114967314748535,0,1.10580709493435,2.27838025028344e-05,0.5
0.0066824165963981,0,1.10339280732555,1.85852598062704e-05,0.5
0.00237909767024165,0,1.10114718236384,1.4547577191935e-05,0.5
0,0,1.09896676940142,1.06215162743713e-05,0.5
0,0,1.09688050889799,7.06653823019006e-06,0.5
0,0,1.09456341509336,2.77808874281784e-06,0.5
0,0,1.09259275362556,1.24065580359578e-06,0.5
0,0,1.08786648238257,-7.41844441166007e-06,0.5
0,0,1.08550044290642,-1.10402549522155e-05,0.5
0,0,1.08247335998706,-1.61356998712937e-05,0.5
0,0,1.07957016243423,-2.09394320933169e-05,0.5
0,0,1.07689821188695,-2.55565283717039e-05,0.5
0,0,1.07433075172729,-3.00102197858528e-05,0.5
0,0,1.07185926827653,-3.43342449084871e-05,0.5
0,0,1.06944641842514,-3.85345433547719e-05,0.5
0,0,1.06718626420044,-4.25737853119418e-05,0.5
0,0,1.06494969336084,-4.58130778598555e-05,0.5
0,0,1.0619897512049,-5.11753263548975e-05,0.5
0,0,1.05976935525386,-5.41063011669855e-05,0.5
0,0,1.05633716801501,-5.99480564634281e-05,0.5
0,0.000591133412860465,1.05398347462329,-6.3805068385359e-05,0.5
0,0.00731819110808185,1.0533175604309,-6.55685318203928e-05,0.5
0,0.0140050464911763,1.05621892339004,-6.25185474201079e-05,0.5
0,0.0204445507401833,1.06107435761343,-5.6796923706527e-05,0.5
0,0.0264650384505576,1.06587997876491,-5.09437188952793e-05,0.5
0,0.0322886561922805,1.07199239581461,-4.32439974434216e-05,0.5
0,0.0379873366417978,1.0789573722145,-3.42626084806289e-05,0.5
0,0.0428961864556503,1.0864588247245,-2.42504976477709e-05,0.5
0,0.0475761980282253,1.09444455643766,-1.34057209361362e-05,0.5
0,0.0516514096652893,1.1028414221185,-1.71719611735555e-06,0.5
0,0.0120428666478597,1.11070974672526,1.8145129098331e-05,0.5
0.00550725792991831,0.0449177543054804,1.11633159037595,1.99140409405542e-05,0.5
0.000227555184314936,0,1.12328626141058,4.78424498370022e-05,0.5
0,0.0120078605941098,1.10892128733055,1.57083200854704e-05,0.5
0.0354915948408639,0,1.13531029238712,5.79435318052968e-05,0.5
0,0,1.1119161597566,2.46524709445959e-05,0.5
0,0,1.11456112914216,2.79607789962244e-05,0.5
0,0,1.1100844639642,2.1870213380705e-05,0.5
0,0,1.10648822164986,1.64758459136431e-05,0.5
0,0.00113916117735464,1.10279886249666,1.10886081526566e-05,0.5
0,0.00502011370744389,1.10791063435968,1.78367019405921e-05,0.5
0,0.00899917755250966,1.11776315892203,3.15137060562135e-05,0.5
0.0160790652190016,0.00912482470719125,1.12717994474109,4.56348346826283e-05,0.5
0.033187836975769,0.0095879870366427,1.1348100812157,5.71822431103338e-05,0.5
0.0518900991264333,0.00731920368881043,1.14341335597816,7.07274956022013e-05,0.5
0.0694591649934868,0.0121255652212342,1.15079560434787,8.13927714753876e-05,0.5
0.0808462714016097,0,1.1586839821248,9.83009401250154e-05,0.5
0.0445429588721353,0,1.14182917162307,7.11320858797008e-05,0.5
0.0462748566868503,0,1.14315094432968,7.42984553887485e-05,0.5
0.0347196750067995,0,1.1384651497142,6.7827441749369e-05,0.5
0.0249276845358403,0,1.13436385578223,6.19815541152626e-05,0.5
0.0152982352021394,0,1.13031798285421,5.61845015911976e-05,0.5
0.00605540881653805,0,1.12640188889376,5.05082191166596e-05,0.5
0,0,1.12252469799391,4.48828535695761e-05,0.5
0,0,1.11895372512917,3.95381785856342e-05,0.5
0,0,1.11561947624474,3.44158081337795e-05,0.5
0,0,1.11240997114604,2.94357743284506e-05,0.5
0,0,1.10929458018985,2.4566423677194e-05,0.5
0,0.000561130736930154,1.10639941711099,1.99004900043498e-05,0.5
0,0.00426610202730167,1.10860624164924,2.24164124579512e-05,0.5
0,0.00823414422093607,1.11595436062447,3.23757904832843e-05,0.5
0.00246720903994541,0.0118458520663788,1.12352841545436,4.29716969033414e-05,0.5
0.0245973817632917,0.015173977128018,1.13292693842035,5.64342019397756e-05,0.5
0.0421568912546121,0.0105507194443189,1.14114154139045,6.98398328959311e-05,0.5
0.0595261159496933,0.0178215237563337,1.14805086947735,7.92405464932966e-05,0.5
0.0730402187179492,0,1.15656501860597,9.67414940470876e-05,0.5
0.0397210823525691,0.00468445915596122,1.14087859663158,7.12767912792596e-05,0.5
0.0817991207473068,0.0059454274952081,1.15917081593182,9.8743805613385e-05,0.5
0.0904874182789059,0.00459027665220524,1.16317644504489,0.000105889280703412,0.5
0.0969275427908005,0.00399927715353767,1.16610438132347,0.000110804049532071,0.5
0.106302337458284,0.00348151574522841,1.17030423072694,0.000117784965019332,0.5
0.113221418811785,0.00217383545617265,1.17351136489499,0.000123435784123106,0.5
0.115993082820365,0.00024267496966255,1.17496500808354,0.000126476914429613,0.5
0.100307418646708,0,1.1686351790022,0.000117885435563266,0.5
0.0889493184402226,0,1.1640114623642,0.000111541626832514,0.5
0.0802607151209147,0,1.16053334547277,0.000106936637155596,0.5
0.0702379886640659,0,1.15639780146751,0.00010116281475301,0.5
0.0601060825445976,0,1.15222963117969,9.53265174414501e-05,0.5
0.0505175930076394,0,1.14824277599701,8.96479725592934e-05,0.5
0.0417455425656735,0,1.1445245122032,8.42337800746873e-05,0.5
0.0334651487149565,0,1.14096996511053,7.89721635741284e-05,0.5
0.0254110527792587,0,1.13749194600976,7.37868566547198e-05,0.5
0.018171247875889,0,1.13428253825387,6.88578284432791e-05,0.5
0.0108602388854613,0,1.13105237527789,6.39307322520609e-05,0.5
0.00429976906042384,0,1.12806993103017,5.92374171562976e-05,0.5
0,0,1.12519767713152,5.46696505087702e-05,0.5
0,0,1.12236388650773,5.0158086761639e-05,0.5
0,0,1.11975154134267,4.58588982087711e-05,0.5
0,0,1.11712967624042,4.1590412073912e-05,0.5
0,0,1.11461340447033,3.74373162952233e-05,0.5
0,0,1.1123129704545,3.35018772234182e-05,0.5
0,0,1.11002810926675,2.96147741593351e-05,0.5
0,0,1.10802100631806,2.59813599842379e-05,0.5
0,0,1.10597792025068,2.23703740718973e-05,0.5
0,0.000804890318266484,1.10406159184744,1.88921969330838e-05,0.5
0,0.00561217081418555,1.10895566368637,2.49171359538549e-05,0.5
0,0.0106899773848635,1.11985380628647,3.97587609191299e-05,0.5
0.0154640339835086,0.00848410628594435,1.1288298139846,5.35967108828669e-05,0.5
0.0355080201114296,0.0165308499778812,1.13663766705141,6.38874125472068e-05,0.5
0.0407953548942537,0,1.1433264317339,8.19186111243775e-05,0.5
0.0209099601324821,0.00216282076082526,1.13148075626756,5.87414304016093e-05,0.5
0.0557716765808179,0,1.14689981924042,8.25490632669583e-05,0.5
0.0266051271466223,0,1.13440946326229,6.48857520859174e-05,0.5
0.030082426579379,0,1.13540762817289,6.56502849590738e-05,0.5
0.0249592207832202,0,1.13292126289174,6.19848856647177e-05,0.5
0.0209231132677778,0.00157651572172986,1.13079515888535,5.85287857366292e-05,0.5
0.0429984036513414,0.00595697241614662,1.13982496216092,7.12175688981591e-05,0.5
0.0704746389456165,0.00986375324441587,1.15127064952326,8.80372857865621e-05,0.5
0.0799868202471853,0,1.15699754136407,0.000100076806039957,0.5
0.0530729377917371,0.00304032954222895,1.14404411863923,7.8911265356254e-05,0.5
0.0960653531540726,0.00609408046941733,1.1623318638722,0.000106072157919842,0.5
0.115104904058624,0.00730775450282709,1.17037295074009,0.00011909508258237,0.5
0.124877708928726,0,1.17632796596585,0.000131569605540469,0.5
0.0959588332215184,0,1.16275873054655,0.000109844484999188,0.5
0.100516868412118,0,1.16483508538465,0.000113750760380326,0.5
0.0928168491749775,0,1.16151434351195,0.000109343617379854,0.5
0.086474369775017,0,1.15864337508296,0.000105293080157352,0.5
0.0799834407132599,0,1.15572550822869,0.000101197802087988,0.5
0.0742440539946473,0,1.15305561248494,9.73220819212873e-05,0.5
0.0687202640995424,0,1.15045785124789,9.35091525708133e-05,0.5
0.063333135890824,0,1.1479075170515,8.97224553588322e-05,0.5
0.0580678024867854,0,1.1453991747837,8.59664619529629e-05,0.5
0.0532772895621635,0,1.14304788359127,8.23577891621888e-05,0.5
0.048953376437126,0,1.14085047991928,7.89016922451587e-05,0.5
0.0445343067819899,0,1.13862447344179,7.54175994450261e-05,0.5
0.0414398330225563,0,1.13683163997503,7.23521513938218e-05,0.5
0.0378818928190223,0,1.13489014533584,6.91638043356375e-05,0.5
0.034955527017507,0,1.13315661032775,6.61685545272502e-05,0.5
0.0320993383687063,0,1.13144780348201,6.32191068763209e-05,0.5
0.0291214686632619,0.000513783444522785,1.12970092120087,6.02535081410285e-05,0.5
0.0391446166024712,0.00389932668358178,1.13347093022572,6.51933928332576e-05,0.5
0.0620609873353827,0.00806588997275197,1.14279553387631,7.84211362099127e-05,0.5
0.086620812204579,0.0115310906822613,1.15291417660345,9.33495244502526e-05,0.5
0.0995513151483154,0,1.1595194459939,0.000105731820826812,0.5
0.0735552748959821,0.00618944118507742,1.14724211466214,8.62158301598246e-05,0.5
0.121589333067647,0.0110268841622259,1.16745503403203,0.000115992558205602,0.5
0.135277234140489,0.00635760733714036,1.17366778689022,0.000127347123376685,0.5
0.1464996736269,0.011266255143485,1.17780481685757,0.000133397480493651,0.5
0.170943385710211,0.00661015673633024,1.18870110777132,0.000151587309594794,0.5
0.181814378403011,0.0106827226788138,1.19278124974396,0.000158314053402748,0.5
0.205506174405113,0.011614201993581,1.20277468337181,0.000174639261694656,0.5
0.224170815795436,0.011909205701043,1.21064842544783,0.000188225579129466,0.5
0.242358214936838,0.0112318392927465,1.21841065310053,0.000201820568333036,0.5
0.255219586890571,0,1.22526110757523,0.00021580456355384,0.5
0.223049776604533,0,1.21099656235273,0.000193980347173326,0.5
0.226142757083775,0,1.21250649690422,0.000197600521490112,0.5
0.216748274940175,0,1.20866056147757,0.000192969024765313,0.5
0.208628759604133,0,1.20523700079461,0.000188583237404761,0.5
0.200169000614156,0,1.20170398903071,0.000184008623718139,0.5
0.192660108264534,0,1.19848363978504,0.000179756892873383,0.5
0.185280130562859,0,1.19530778845736,0.000175488511620226,0.5
0.17787307893456,0,1.19212560412612,0.000171130831236763,0.5
0.170982775882124,0,1.18911421908244,0.0001669292472975,0.5
0.164408539559821,0,1.18620797754601,0.000162804214885468,0.5
0.158127343977527,0,1.18339948150707,0.000158749230992662,0.5
0.152432955215915,0,1.18078425438575,0.000154889943315455,0.5
0.146856876819022,0,1.17821000040296,0.000151044935298862,0.5
0.141607894386313,0,1.1757441875635,0.000147293528379351,0.5
0.136633091460639,0,1.17336977617898,0.000143624650115147,0.5
0.13217011324177,0,1.17116370535142,0.000140129876978158,0.5
0.127930009649748,0,1.16903250176661,0.000136707544409456,0.5
0.123873772970675,0,1.16696294597376,0.00013333901353549,0.5
0.120083291204376,0,1.16498184541063,0.000130060554517209,0.5
0.116672660002899,0,1.16312638931472,0.000126917886360851,0.5
0.113482749056774,0,1.16134433157178,0.000123853539233541,0.5
0.110603323920192,0,1.15966540346953,0.000120902808273203,0.5
0.10779433729559,0,1.1580107222474,0.000117980185105742,0.5
0.105236631026647,0,1.15643981166672,0.000115151503949793,0.5
0.103043242089206,0,1.15498951566967,0.000112460682939183,0.5
0.100877650304038,0,1.15354960850549,0.000109790198850229,0.5
0.0986023282531427,0,1.15207549059704,0.000107090215467331,0.5
0.0967616671137292,0,1.150744974187,0.000104549761882813,0.5
0.095625151687422,0,1.14964541666714,0.000102267777625186,0.5
0.094162498246088,0,1.14844088865892,9.98967619342963e-05,0.5
0.0928429108089145,0,1.14728452452187,9.75840366110305e-05,0.5
0.0917697389133251,0,1.14620993298264,9.53741334481385e-05,0.5
0.0907888376291997,0,1.14516681573897,9.32148418748861e-05,0.5
0.0899385414724096,0,1.1441676809374,9.11174833723636e-05,0.5
0.0888827132595116,0,1.14310285931273,8.89739257589298e-05,0.5
0.0883595184650799,0,1.14221317685787,8.70188168551654e-05,0.5
0.0874182426942315,0,1.14118839137159,8.49571350920685e-05,0.5
0.0870533672716569,0,1.14035303718698,8.30914191717748e-05,0.5
0.0865893838845613,0,1.13948658704323,8.1224472865789e-05,0.5
0.0862846994454682,0,1.13867343809268,7.94249966040981e-05,0.5
0.0862147661002779,0,1.13793786841934,7.77252848778398e-05,0.5
0.0858173534135425,0,1.13709691815235,7.59473397269659e-05,0.5
0.0861318753442354,0,1.13648944821906,7.44060254052373e-05,0.5
0.0860416236860951,0,1.13575110127232,7.27745088254011e-05,0.5
0.0859618018035575,0.00113200837293055,1.13501773901092,7.1157974454682e-05,0.5
0.101532884754972,0.00552133658350965,1.14093753022749,7.91444592771095e-05,0.5
0.12443292790374,0.0101284175054649,1.15004007168091,9.21359762788884e-05,0.5
0.149363859552768,0.014547877973307,1.16005042912564,0.000106863116621981,0.5
0.16439438624521,0.0047360138643972,1.16719915522148,0.000119770756650889,0.5
0.175866703483899,0.0160618538450692,1.17062513167237,0.000123699911868793,0.5
0.204530058882769,0.00984494308396937,1.18335677067966,0.000144678527927226,0.5
0.219362708476358,0.0171154008552817,1.18867700512239,0.000152864583447605,0.5
0.236332848056129,0,1.19763281763438,0.000170204026711188,0.5
0.212885679712157,0.0067461003638111,1.18607583713054,0.000151804133048281,0.5
0.255395772211482,0.00997240695485748,1.20387818191201,0.000179554654625498,0.5
0.268303620456303,0.00984481982451125,1.20912536543025,0.000189500412269007,0.5
0.284722296622001,0.0113714966896717,1.21572212433215,0.000200751810908366,0.5
0.30564051773742,0.0131097238949442,1.22426797220332,0.000215495448790163,0.5
0.325099752089534,0.012446774222887,1.23242634227637,0.000230189981992948,0.5
0.344654804379866,0.0143574748576662,1.24036447390802,0.000244445425855106,0.5
0.360648257150228,0.0137829185219641,1.24700702056397,0.000257076936273551,0.5
0.377655172181275,0.0135100597664791,1.2540611460045,0.000270479067381259,0.5
0.393813436766533,0.0127501924822798,1.26079792708363,0.000283630960349686,0.5
0.403669079433134,0,1.26745185069668,0.000298924567134789,0.5
0.376327587882126,0,1.25443081963216,0.000278779623726577,0.5
0.378716263594974,0,1.25583413805746,0.000283093387508097,0.5
0.37047415550899,0,1.2524236477545,0.00027966679276208,0.5
0.363196296689308,0,1.24933295184864,0.000276272218354121,0.5
0.355980704579258,0,1.24626383113266,0.000272846077689565,0.5
0.348893581551936,0,1.24323909436024,0.000269339559694497,0.5
0.342450610353069,0,1.24042588098114,0.000266046331386716,0.5
0.336122220540792,0,1.23765188554411,0.000262687764947288,0.5
0.330271616933816,0,1.23503549184647,0.000259470644855325,0.5
0.324590739137232,0,1.2324760874766,0.000256232029515615,0.5
0.318925286786268,0,1.22992332104298,0.000252890129936491,0.5
0.313704585973271,0,1.22751702188467,0.000249683839397142,0.5
0.308365013557498,0,1.22507338104981,0.000246317781189322,0.5
0.303624099543321,0,1.22282649291216,0.000243182979359091,0.5
0.298954437126071,0,1.22060440951861,0.000240013899526293,0.5
0.294022665388518,0,1.21829871017336,0.000236641921819889,0.5
0.289821514226124,0,1.2162322918388,0.000233566524512006,0.5
0.285767230894345,0,1.21421540921029,0.000230520322279846,0.5
0.281706465478003,0,1.21219776186129,0.000227409062650125,0.5
0.277873798892487,0,1.21025613822375,0.00022436960436492,0.5
0.274555245501656,0,1.20848315983469,0.000221532723762337,0.5
0.27117412837256,0,1.2066910368175,0.000218624856355452,0.5
0.26806653148606,0,1.20498956327898,0.000215815767751003,0.5
0.265514431176383,0,1.20347001222281,0.000213234677669694,0.5
0.26296429808518,0,1.20195239572724,0.000210632121258814,0.5
0.260705321343211,0,1.20053080521454,0.000208138168980506,0.5
0.258655831756125,0,1.19917859028403,0.000205723064410684,0.5
0.256843061719533,0,1.19790485255483,0.00020340625193966,0.5
0.254936514253355,0,1.19660163170966,0.000201028686614096,0.5
0.25316303330819,0,1.19534297036831,0.000198698088175065,0.5
0.251291805072977,0,1.19405356215116,0.000196310884118148,0.5
0.249767994562281,0,1.19287882261145,0.00019407875428151,0.5
0.248455723548352,0,1.19177421428551,0.000191940646812665,0.5
0.247049168674552,0,1.19064029538678,0.000189761288503692,0.5
0.246001176376602,0,1.1896239029123,0.000187726090609469,0.5
0.245072622754493,0,1.18864751574254,0.000185747743049406,0.5
0.244347139745182,0,1.18773849920381,0.000183861777700527,0.5
0.243669202207438,0,1.18684618047875,0.000182003390089447,0.5
0.243260601066796,0,1.18604254217612,0.000180262862849864,0.5
0.242739859833719,0,1.18520382440977,0.000178489927030499,0.5
0.242271442241819,0,1.18438287667543,0.000176733727873902,0.5
0.241978998424394,0,1.18362038417728,0.000175062853474228,0.5
0.241891252007766,0,1.18292559518208,0.000173488147445911,0.5
0.241903390535942,0,1.18226409863138,0.000171960803684491,0.5
0.242194179355691,0,1.18169409906081,0.000170557253404043,0.5
0.242555407040835,0,1.18114823345166,0.000169202534255152,0.5
0.243218066731493,0,1.18070123247693,0.000167981635158221,0.5
0.243926083932548,0,1.18027004567561,0.000166800014667469,0.5
0.24462364641762,0,1.17983608044883,0.000165621525798185,0.5
0.245562214358482,0,1.17948149441768,0.000164558368914371,0.5
0.246580539689349,0,1.17915364101878,0.00016354502839493,0.5
0.247251331001181,0,1.17871325669243,0.000162397909903269,0.5
0.248126732068743,0,1.17834080422393,0.000161351727478004,0.5
0.248907984622316,0,1.17793830276685,0.000160279628836673,0.5
0.243021138412595,0,1.17758297933855,0.000159556951566028,0.5
0.247452798317412,0,1.17680046422705,0.000157689478714919,0.5
0.209695666723272,0,1.17646936263736,0.000158286208411522,0.5
0.228286019253798,0,1.17325041135711,0.000151747195303685,0.5
0.219239868409295,0,1.17224329409367,0.000150007037438101,0.5
0.216502169536322,0,1.17060646337604,0.00014691442002602,0.5
0.213679027038725,0,1.16894848564769,0.000143821213772233,0.5
0.211155643279323,0,1.16738927383502,0.00014084676618532,0.5
0.20890514926342,0,1.16591980800408,0.000137979920850407,0.5
0.206747989887122,0,1.16448294590387,0.000135166467193357,0.5
0.204485810535983,0,1.16301351942235,0.000132322227923159,0.5
0.190352051696134,0,1.16157499417783,0.000130011061458002,0.5
0.194036361491333,0,1.15927975854051,0.000125554936384858,0.5
0.155858318560711,0,1.15787677283074,0.0001242125642886,0.5
0.168697675332064,0,1.15355169318649,0.000116086117122079,0.5
0.157505689513482,0,1.1514962675303,0.000112550394686644,0.5
0.151529457651368,0,1.14872288653901,0.000107630972352846,0.5
0.146002222045594,0,1.14610298685061,0.00010293328862589,0.5
0.140981060060362,0,1.1436496281705,9.84312367074081e-05,0.5
0.136080339997796,0,1.14123784193449,9.40021253627659e-05,0.5
0.131525769089862,0,1.13894150332533,8.97186786875808e-05,0.5
0.127539447697758,0,1.13683251136974,8.56577270694371e-05,0.5
0.0823443089885598,0,1.13469146946407,8.32810693243336e-05,0.5
0.096253504029499,0,1.12888563978337,7.28809688494456e-05,0.5
0.0817854797127803,0,1.12622989387258,6.84378662354355e-05,0.5
0.0732807980629807,0,1.12254801287762,6.21674994605798e-05,0.5
0.065655547694172,0,1.1191624523919,5.62941797364347e-05,0.5
0.0585276381246584,0,1.11594138203127,5.06157171853207e-05,0.5
0.0516741740665431,0,1.11281305024583,4.50826735027533e-05,0.5
0.0451451815385292,0,1.10979435735112,3.96988903617022e-05,0.5
0.0215863074920642,0,1.10692344638551,3.52238958793801e-05,0.5
0.0240523295042164,0,1.10279494761119,2.78382605264535e-05,0.5
0,0,1.09988682054275,2.33716365778105e-05,0.5
0,0,1.09552778005107,1.58053783315173e-05,0.5
0,0,1.09224019175485,1.02604645501901e-05,0.5
0,0,1.08895074098919,4.4283845822094e-06,0.5
0,0,1.08569326695307,-1.23182666369354e-06,0.5
0,0,1.08262268361352,-4.85272768484999e-06,0.5
0,0,1.07604087396431,-1.59182917192521e-05,0.5
0,0,1.07237014791382,-2.1452144887456e-05,0.5
0,0,1.06783840961397,-2.86181016229217e-05,0.5
0,0,1.06365247021154,-3.52977609030015e-05,0.5
0,0,1.05967222206347,-4.17657304513554e-05,0.5
0,0.00401577558381835,1.05576209066679,-4.80465961975956e-05,0.5
0,0.010627666163382,1.05463209651399,-5.06255534299166e-05,0.5
0,0.0112013045603434,1.05329376875015,-5.30008717381206e-05,0.5
0,0.021234829513023,1.05088749866574,-5.7348159492277e-05,0.5
0,0.0237496201649825,1.05110745963049,-5.77047808787857e-05,0.5
0,0.0317993491207428,1.04979464429965,-6.03003363103848e-05,0.5
0,0.0376334187305681,1.05719830423114,-5.10803163610376e-05,0.5
0,0.0428228534197168,1.06369288368195,-4.26907643526799e-05,0.5
0,0.0479366480869817,1.06968913420873,-3.48965014883455e-05,0.5
0,0.04207520679394,1.08222726976609,-1.56829535104127e-05,0.5
0,0.0491456463736869,1.09054124540165,-4.85359896087722e-06,0.5
0,0.0402878145494889,1.09940390929495,1.01321455841035e-05,0.5
0,0.0339246758863186,1.10817632280859,2.43619753748418e-05,0.5
0,0.0104627315781209,1.1157434800282,4.02126345986861e-05,0.5
0.00647111465471584,0.0321716718432609,1.11901315466582,4.10395376029688e-05,0.5
0.0177336300501929,0,1.12967098279416,6.65556961510234e-05,0.5
0,0.00809914715757898,1.10971033677674,3.15680880409815e-05,0.5
0.0251446906356003,0.00558518687059855,1.13158479913837,6.48283198990875e-05,0.5
0.0138484149639607,0.00244289570210823,1.12754305871702,5.97883605752457e-05,0.5
0.00918909455460989,0.00326178453662559,1.12595228900958,5.72280263696156e-05,0.5
0.015879870538891,0.00428297237296565,1.12929781429346,6.22080994759684e-05,0.5
0.0207327359236382,0.00463999765804827,1.13190342749289,6.62232536921768e-05,0.5
0.0282991180855399,0.00521603402203026,1.1356635115838,7.19344008475925e-05,0.5
0.0283980938276251,0.00477650669859327,1.13625766124087,7.31247119305373e-05,0.5
0.03539958411807,0.00538738156083181,1.13974760909396,7.84305099603272e-05,0.5
0.0416877647035792,0.00519399538198149,1.1430059483424,8.36254989856977e-05,0.5
0.0464439045765411,0.00516040248872568,1.14556628240367,8.77375389892454e-05,0.5
0.0551255247381104,0.00484770173506417,1.14986866336421,9.45589443666042e-05,0.5
0.0599793669633382,0.00418243880543209,1.15252459599216,9.90050687270967e-05,0.5
0.0634077780772616,0.00317680326662767,1.15458555722427,0.000102572614044786,0.5
0.0635042757026439,0.00167675410551209,1.15523341885711,0.000104057847658649,0.5
0.0569558680776917,0,1.15305863808515,0.000101308332143581,0.5
0.0310159324730776,0,1.14259466577726,8.6084723301942e-05,0.5
0.0221300822166385,0,1.13924731111155,8.12847932951037e-05,0.5
0.00750285493044557,0,1.13348014834942,7.29094025957533e-05,0.5
0,0,1.12809385203709,6.49244512487951e-05,0.5
0,0,1.1228272768727,5.70920747936531e-05,0.5
0,0,1.11788688887947,4.95873550325881e-05,0.5
0,0,1.11313634071368,4.23072891896109e-05,0.5
0,0,1.1085527350122,3.52277276934644e-05,0.5
0,0,1.10430356939052,2.84731234092353e-05,0.5
0,0,1.10013852436447,2.18643811346015e-05,0.5
0,0,1.09618102987093,1.54823967798975e-05,0.5
0,2.97619441196339e-05,1.0922642206488,9.21976745323111e-06,0.5
0,0.00349285612897565,1.08969114469106,4.71151583911007e-06,0.5
0,0.00800762939250803,1.09647540327717,1.35476763826842e-05,0.5
0,0.0114586600720839,1.10189571796448,2.08183229190918e-05,0.5
0,0.0151511526261775,1.10888466353643,3.0389655501002e-05,0.5
0,0.0187791886442585,1.11775724539459,4.29149111765309e-05,0.5
0,0.0215487481503042,1.1275603750114,5.72086982922825e-05,0.5
0.0069009277031585,0.0172367287920186,1.13565940946536,7.04603459943772e-05,0.5
0.027264052807739,0.0242391390325139,1.14410171064341,8.22422212383597e-05,0.5
0.0473185320228275,0.0226106513812424,1.15329019257462,9.69868273674231e-05,0.5
0.0663102539198302,0.0252369035282025,1.1615780020076,0.000109762703019109,0.5
0.0837611733525125,0.0211447738926648,1.16987923119562,0.000123840062235136,0.5
0.100932476630494,0.0242263964814061,1.17732131138732,0.000135556130946104,0.5
0.119167245397411,0.0204440809507681,1.18592762919139,0.000150345882246033,0.5
0.134330684481645,0.0153100905504187,1.1933329441541,0.000163563928000425,0.5
0.148043260059885,0.00577231149161205,1.20055314516296,0.000177160991844696,0.5
0.148020089251985,0.00843084254950757,1.20051504780913,0.00017755429054212,0.5
0.167908000289115,0.00545326769978902,1.20974486659952,0.000193473728707786,0.5
0.161739525188318,0,1.2078899818598,0.000192279051953645,0.5
0.128512430205671,0,1.19458042005096,0.000172606839365039,0.5
0.122344837177399,0,1.1924486327319,0.000170125916905441,0.5
0.106225232422274,0,1.18624150168633,0.000161446696948323,0.5
0.0914096817851614,0,1.18046748001649,0.000153138337672275,0.5
0.0770819512531759,0,1.17485592989548,0.000144999738815566,0.5
0.0636583630008927,0,1.16954376909524,0.000137165531025757,0.5
0.0506930980168593,0,1.16438499735691,0.000129473983311239,0.5
0.0383380124671224,0,1.15942891186995,0.000121987579671423,0.5
0.0267256559459258,0,1.15471893606372,0.000114762644361179,0.5
0.0155640726424157,0,1.1501598199399,0.000107696520722,0.5
0.00479933923890613,0,1.14573368873317,0.000100774921982573,0.5
0,0,1.1415224010817,9.40873373376787e-05,0.5
0,0,1.1374624903314,8.75725000737409e-05,0.5
0,0,1.13356392717343,8.12409087449314e-05,0.5
0,0,1.12981922377546,7.50885370694724e-05,0.5
0,0,1.12622295287431,6.91115588827021e-05,0.5
0,0,1.12280027896245,6.33407724617002e-05,0.5
0,0,1.1194333620583,5.76627347360092e-05,0.5
0,0,1.11640076406843,5.2327728037024e-05,0.5
0,0,1.11341171585299,4.70884253937186e-05,0.5
0,0,1.11055061092871,4.20050449635694e-05,0.5
0,0,1.10787379634622,3.71303560542861e-05,0.5
0,0,1.10520343154127,3.23256730969545e-05,0.5
0,0,1.1026421799885,2.76637431331756e-05,0.5
0,0,1.10027335329291,2.32095254259352e-05,0.5
0,0,1.09794557017807,1.8854002667217e-05,0.5
0,0,1.09567158596365,1.46010925665777e-05,0.5
0,0,1.09364270467477,1.05904160456319e-05,0.5
0,0,1.09160691961589,6.64450723278634e-06,0.5
0,0,1.0896874611982,2.8408750245723e-06,0.5
0,0.000479523389432408,1.08784838186106,-8.39004571503773e-07,0.5
0,0.00569600189644554,1.08928114126305,1.22001809847282e-07,0.5
0,0.0113710222429872,1.09776636335352,1.11931513639169e-05,0.5
0,0.0162189749755183,1.10537823150369,2.14973005886898e-05,0.5
0,0.0210647595671166,1.11481772479447,3.45879830858943e-05,0.5
0,0.00933712769054667,1.12325861281531,4.96437042668617e-05,0.5
0,0.0232376784356468,1.1282759900314,5.47546700830943e-05,0.5
0,0,1.13764530815705,7.70863880388554e-05,0.5
0,0.00721055908600609,1.1239802184947,5.14078158539207e-05,0.5
0.0177814540987317,0.00602852432382636,1.14636006035798,8.54685339765922e-05,0.5
0.01877596302741,0.00492405283476067,1.14686738896468,8.74104475944855e-05,0.5
0.0310978159138433,0.00691949154459048,1.15197865704877,9.50036123470434e-05,0.5
0.056297236892343,0.00959471938111407,1.16265241177824,0.00011146280551908,0.5
0.0724302199668908,0.00308603312358734,1.17031050154242,0.000125133207433325,0.5
0.0717708117460902,0.00641625780541703,1.16962067054619,0.000124150577129068,0.5
0.100884704228232,0.00799108061855803,1.18210592368556,0.000143906676599232,0.5
0.118370621501118,0.00728511359196813,1.18976071148043,0.000157158690478273,0.5
0.134062591927116,0.00756003770007317,1.19652313845197,0.000168740948790703,0.5
0.15176821086219,0.00230027700389234,1.20473327151469,0.000183578398721986,0.5
0.146505929243459,0.0010985657270532,1.20249350728499,0.000181225320430149,0.5
0.146864163218773,0,1.20298826780153,0.000183335430790241,0.5
0.125764259345444,0,1.1943999265961,0.000171293618797134,0.5
0.120624020191926,0,1.19235247883208,0.000168969251744592,0.5
0.109859119470926,0,1.18798722449981,0.000163171660869787,0.5
0.100118734417182,0,1.18396108960532,0.000157625590368397,0.5
0.0906479066000813,0,1.1800254087023,0.000152141910978657,0.5
0.0816813781578739,0,1.17625723637148,0.000146789947758032,0.5
0.072850351175513,0,1.17253628480117,0.000141437041665731,0.5
0.0645327628919254,0,1.16898579969223,0.000136235732523864,0.5
0.056433848866232,0,1.16550884713423,0.00013107933173484,0.5
0.0491534708789613,0,1.16230176913886,0.00012619920469641,0.5
0.0422756759457186,0,1.15922841626696,0.000121446736638228,0.5
0.0356159238415415,0,1.15622884143821,0.000116754158224015,0.5
0.0292031826009442,0,1.15331226176785,0.000112137778977795,0.5
0.0232471790392829,0,1.1505471748718,0.000107675813648719,0.5
0.017438237652044,0,1.14783269241935,0.000103263594607699,0.5
0.0120433298234032,0,1.14525548046753,9.89936864563136e-05,0.5
0.00691447348391802,0,1.14276740854822,9.48212077774436e-05,0.5
0.00207884601615374,0,1.14037727156836,9.07552114234925e-05,0.5
0,0,1.13796863946221,8.66836640911458e-05,0.5
0,0,1.13566682423508,8.27305079215329e-05,0.5
0,0,1.13342044622094,7.88482946560849e-05,0.5
0,0,1.13127508570364,7.50832266465033e-05,0.5
0,0,1.1291538556095,7.13618770686601e-05,0.5
0,0,1.12721109906897,6.78264067130037e-05,0.5
0,0,1.12540362436168,6.44430829750553e-05,0.5
0,0,1.12354600912882,6.10454785369609e-05,0.5
0,0,1.12205893146802,5.79976054370168e-05,0.5
0,0,1.12048510546463,5.49292285838761e-05,0.5
0,0,1.11901287613933,5.19671896802354e-05,0.5
0,0,1.11769636033644,4.91875732008258e-05,0.5
0,0,1.11637149481193,4.64347545969533e-05,0.5
0,0,1.11512689276886,4.3785005457543e-05,0.5
0,0,1.11393499059398,4.12186300285655e-05,0.5
0,0.00334794418010211,1.11273863533516,3.86872304308438e-05,0.5
0,0.00917547851899198,1.12158202233545,5.05754852001965e-05,0.5
0,0.0134367357676478,1.12762425534393,5.903049083419e-05,0.5
0.0145182976091446,0.0181409651240295,1.13577367353781,7.05663271244505e-05,0.5
0.0380694317652445,0.0223769491052743,1.14535134484183,8.46453136991508e-05,0.5
0.0493166881049338,0,1.15243062148937,9.99517422418142e-05,0.5
0.0270129645221377,0.0144294237524257,1.14078910855162,7.96432409707196e-05,0.5
0.0775846113798227,0.00113474139932722,1.16395329005399,0.000117302981265311,0.5
0.0568825809675152,0.00789929487573394,1.15395766700615,0.000101807870223325,0.5
0.0974943600992359,0.0110578194349491,1.17108389688251,0.000127631289266993,0.5
0.110729737338937,0.00565442628457745,1.1771585711796,0.000139116308245818,0.5
0.120210143022965,0.00982889678560154,1.18059711301757,0.000144435570478029,0.5
0.14758370349027,0.00974224118862905,1.19229171800938,0.000163578639377783,0.5
0.164000264717384,0.00951474218280622,1.19922334419155,0.000175774272207331,0.5
0.180412038791143,0.00278428115157009,1.2068152408473,0.000189800900938349,0.5
0.17707201184573,0.00402850025084901,1.2049603807836,0.000187768064963353,0.5
0.194617205870413,0.00297186094754276,1.2124567406024,0.000200834286697046,0.5
0.197135981417978,0,1.2136112013271,0.000204368976192703,0.5
0.1747981097531,0,1.20429328634805,0.000191050129894337,0.5
0.174026818396405,0,1.20386974371284,0.000191292421353396,0.5
0.165530651895549,0,1.2003136429084,0.000186885717691751,0.5
0.158290404186715,0,1.19717180172582,0.00018279506678576,0.5
0.151107624556834,0,1.19405038592998,0.000178686189008819,0.5
0.144401960459079,0,1.19108751004978,0.000174701730922314,0.5
0.137845841861373,0,1.18817538676658,0.000170709604209445,0.5
0.131439864351678,0,1.18531454538138,0.000166715155183775,0.5
0.125558169526679,0,1.1826270394822,0.000162886488722323,0.5
0.119563175896717,0,1.17990434153266,0.00015895662730682,0.5
0.114360709936176,0,1.1774418707102,0.000155303807155058,0.5
0.10917198359739,0,1.17498609257595,0.000151623996244278,0.5
0.1043245350198,0,1.17264350035193,0.000148042577389253,0.5
0.0996414147630399,0,1.17035690978637,0.000144502452533726,0.5
0.0952799985400454,0,1.16817675561764,0.000141060806553916,0.5
0.0914271969004838,0,1.16616420983674,0.000137798290947527,0.5
0.0872718030886957,0,1.16405479455529,0.000134404999898936,0.5
0.0834961624429242,0,1.16207104606957,0.000131137984308428,0.5
0.0802632443245585,0,1.16026580923627,0.000128069440489045,0.5
0.0772831546119109,0,1.15854461394175,0.000125091570256589,0.5
0.0743297582064012,0,1.15683360926035,0.000122120473573561,0.5
0.0716641309621824,0,1.15521825904202,0.000119253922353671,0.5
0.0691719398658847,0,1.15366100215487,0.000116454824109678,0.5
0.0662752464718725,0,1.1519738494983,0.000113515193946172,0.5
0.0641907309050747,0,1.15055323497898,0.000110863346992131,0.5
0.0618515118655959,0,1.14905113542047,0.000108138843654252,0.5
0.059676351435263,0,1.14760401977909,0.000105473409845015,0.5
0.0578784287406279,0,1.14628126357297,0.000102951373212994,0.5
0.0561036661577297,0,1.14496769286752,0.000100451642342528,0.5
0.0543874873560608,0,1.14367491918334,9.79827745327153e-05,0.5
0.0530463546197394,0,1.14250550362662,9.56557971370531e-05,0.5
0.0515866752847207,0,1.14129930441291,9.33069506077842e-05,0.5
0.0502369972446786,0,1.14013019474471,9.100856126984e-05,0.5
0.0491100532526261,0,1.13903520052511,8.88011932278772e-05,0.5
0.0481097481308129,0,1.13798315110802,8.66529499173526e-05,0.5
0.0473159012561038,0,1.13699910418802,8.45945329456584e-05,0.5
0.0464476316927984,0,1.13599279942093,8.25295587456151e-05,0.5
0.0459560246551885,0,1.13511016755315,8.06059270065007e-05,0.5
0.0457439776402418,0,1.13431998008994,7.87963053362181e-05,0.5
0.0457548832641702,0,1.13360365009113,7.70820893616313e-05,0.5
0.0458840022602826,0,1.13292725253384,7.54295860416734e-05,0.5
0.0460884703997786,0,1.13227687832439,7.38242118348218e-05,0.5
0.0466996933842992,0.00246299312820389,1.13175996166016,7.23736422434835e-05,0.5
0.0595838463920402,0.00662903962591305,1.1365151616194,7.87272923444376e-05,0.5
0.0714172273456628,0.0103598958270788,1.14085649535331,8.47487734811806e-05,0.5
0.0856515712193101,0.0143973181769115,1.14621268766765,9.23224522107365e-05,0.5
0.101862132944871,0.0178893172677262,1.15249422355874,0.000101560702598274,0.5
0.119506509866239,0.0215366900571574,1.1593843641392,0.000111886553669789,0.5
0.138399965962304,0.024728795117296,1.16687187495073,0.000123396968182559,0.5
0.158165725804291,0.0277645150165167,1.17475793482121,0.00013576995693445,0.5
0.17899522683907,0.023108255693148,1.18390332322351,0.000151447545743864,0.5
0.200088471875532,0.0290072907078657,1.19208793860315,0.000164343237427907,0.5
0.211927646153594,0.00789349543969241,1.19899909271192,0.000179151423949363,0.5
0.223177649918168,0.0221029326427095,1.20203431990884,0.000183015785340594,0.5
0.252019964486172,0.0205326094822442,1.21436894091878,0.000204002636375483,0.5
0.266147148591123,0.0200454757503046,1.22017709147992,0.000214995486928507,0.5
0.28447064558123,0.0204687283516965,1.22772013182613,0.000228478846185035,0.5
0.301215143413627,0.0123535696571253,1.23545436653659,0.000243563433074001,0.5
0.315224421650091,0.016672547566969,1.24072008074964,0.000253415758941082,0.5
0.336701472730487,0.014042404645197,1.24996124341736,0.00027064306662539,0.5
0.349782305599241,0.0126648985090535,1.25541464105415,0.000281848839817592,0.5
0.364312025602965,0.0110009681252674,1.26152249284234,0.000294156795964334,0.5
0.376017039166384,0.0083710283619647,1.26650215334474,0.000304835663876182,0.5
0.389409316660189,0.00622761225841732,1.27216639879988,0.000316710470066322,0.5
0.395823368037285,0.0021638649504026,1.2749824988108,0.000324037440344312,0.5
0.391067577693383,0,1.27317448413372,0.00032351965395659,0.5
0.374441903337234,0,1.26639106345406,0.000314450824558082,0.5
0.370507329470435,0,1.26479909443179,0.000313729170636371,0.5
0.361453444782028,0,1.26111803736029,0.000309571367885568,0.5
0.353297763983332,0,1.25773330426625,0.000305635105984132,0.5
0.345297485557109,0,1.25440077673533,0.000301650976616149,0.5
0.3379420678882,0,1.25128032324182,0.000297880674715521,0.5
0.33075884019821,0,1.24821819081486,0.000294071103343521,0.5
0.323792317198125,0,1.24522827237609,0.000290230485827622,0.5
0.317531007568908,0,1.24247024173364,0.000286682358676237,0.5
0.311461491637175,0,1.23977638798478,0.000283119096890136,0.5
0.305642244052839,0,1.23716579899408,0.000279581482191056,0.5
0.300476511775043,0,1.23477049068367,0.000276336245102144,0.5
0.29560218595329,0,1.23247140988642,0.000273145118520845,0.5
0.290846827427178,0,1.23021272624143,0.000269930531781764,0.5
0.286542790862618,0,1.22810274462695,0.000266885184309481,0.5
0.28250044177073,0,1.22607953155728,0.000263909078754764,0.5
0.278456038146916,0,1.22405704170476,0.000260856310080426,0.5
0.274617085505859,0,1.22210295784401,0.00025784762715617,0.5
0.2710516242099,0,1.22023943057636,0.000254927597213459,0.5
0.267888658810692,0,1.21850804064997,0.000252153836141082,0.5
0.264497528885602,0,1.2167042986658,0.00024923413747151,0.5
0.261797858688128,0,1.21512674680642,0.000246609555732675,0.5
0.258859572299112,0,1.21347283430005,0.000243831154433282,0.5
0.256125444678184,0,1.21188674093337,0.000241112897906097,0.5
0.25347464733108,0,1.21032903614302,0.00023840505299801,0.5
0.250819051542993,0,1.20877144401629,0.000235676061269864,0.5
0.24876467617646,0,1.20741081220704,0.000233216065876009,0.5
0.246581710824434,0,1.20600947197429,0.000230672372613682,0.5
0.244474658696015,0,1.20463407735163,0.000228139243744901,0.5
0.242493024780108,0,1.20330095241886,0.00022565703385785,0.5
0.240677115395834,0,1.20202261699017,0.000223226893162117,0.5
0.238988136760448,0,1.20078699027466,0.000220852015416246,0.5
0.237425316540843,0,1.19959355593566,0.000218523828682638,0.5
0.235689070018507,0,1.1983446593376,0.000216098375464832,0.5
0.234520157827594,0,1.19728118386361,0.000213918197885472,0.5
0.233233133221025,0,1.19618067925924,0.000211694350355599,0.5
0.231972571791748,0,1.19508973888609,0.000209467821432813,0.5
0.231111387692302,0,1.19413028556816,0.000207437051582745,0.5
0.230217090952878,0,1.19316109944876,0.000205392809361156,0.5
0.229152966777654,0,1.19213746619378,0.000203260815922231,0.5
0.227994817218148,0,1.19108448065639,0.000201088778631834,0.5
0.227153982391979,0,1.1901356010576,0.000199053830743652,0.5
0.2263340709868,0,1.18919472374658,0.000197038535451747,0.5
0.225766297531194,0,1.1883370080256,0.000195139111569863,0.5
0.225031352320318,0,1.18742574417559,0.000193167953551662,0.5
0.224666904833516,0,1.18663604993473,0.000191362601142865,0.5
0.224135816990157,0,1.18579332763995,0.000189500313010872,0.5
0.223821697033245,0,1.18502212210705,0.000187733091525199,0.5
0.223435291536332,0,1.18422854290968,0.000185949287141514,0.5
0.223078291116146,0,1.18344535133225,0.000184178948806993,0.5
0.222539818425531,0,1.18260487040615,0.000182355534912857,0.5
0.222307877440381,0,1.18186467007779,0.000180657155458634,0.5
0.221976727583142,0,1.1810936589721,0.000178940225355055,0.5
0.221904603929076,0,1.18040728877196,0.000177324853150271,0.5
0.222116940925396,0,1.17981494214778,0.000175856530145566,0.5
0.222332237512825,0,1.1792241163045,0.000174394043085979,0.5
0.22260027502522,0,1.17865152687769,0.000172967974420708,0.5
0.222837987076597,0,1.17807009751409,0.000171543417643178,0.5
0.22320813201845,0,1.17753234463312,0.000170178997741781,0.5
0.223909604482917,0,1.17710343202201,0.000168971355412804,0.5
0.224361471589431,0,1.17659451855017,0.00016768264403143,0.5
0.225017816116584,0,1.17615278876217,0.000166482330432999,0.5
0.225675210451263,0,1.17571208980457,0.000165297194632898,0.5
0.226411083928934,0,1.17529796795662,0.000164160146356657,0.5
0.227347161165478,0,1.17494987983777,0.00016312151526059,0.5
0.228349003876391,0,1.17462380793084,0.000162123303868881,0.5
0.229217294662415,0,1.17425538187679,0.000161089566774473,0.5
0.23041032540987,0,1.17399343134563,0.000160201101211628,0.5
0.231628238808599,0,1.17374017862623,0.000159340317901881,0.5
0.233090990741887,0,1.17356723673922,0.000158592404052006,0.5
0.23443169725101,0,1.1733555191156,0.000157817736087907,0.5
0.235872259147364,0,1.17317704324833,0.000157096598266526,0.5
0.237600103522156,0,1.17309251658472,0.000156507393784251,0.5
0.238861121938915,0,1.17285686438214,0.000155749117362029,0.5
0.240449145102612,0,1.17272851646229,0.000155133113075218,0.5
0.242268813181648,0,1.17267615916548,0.000154632973067409,0.5
0.243913849458459,0,1.17256776188221,0.000154081203297432,0.5
0.242916654163591,0,1.17248348095957,0.000153679521020768,0.5
0.24553151721964,0,1.1720625467235,0.00015261124375705,0.5
0.176914736935065,0,1.17191872046787,0.0001548918814827,0.5
0.207381915497707,0,1.1650480022734,0.000141886419728402,0.5
0.189693460633459,0,1.16347404908424,0.000139617813251188,0.5
0.181684365411885,0,1.16002347338277,0.000133819299128952,0.5
0.1745009315148,0,1.1568546839321,0.000128416425055045,0.5
0.16788979435452,0,1.1538735181484,0.000123232877410378,0.5
0.161443208411616,0,1.15094866003428,0.000118124480334528,0.5
0.155511009770449,0,1.14819393169099,0.000113219121857176,0.5
0.149498045466806,0,1.14541576005418,0.000108310838913229,0.5
0.144325716519141,0,1.14291359628686,0.000103718423435669,0.5
0.138837379408621,0,1.14031107198746,9.90520750188856e-05,0.5
0.133835887443321,0,1.1378700357615,9.45756723201635e-05,0.5
0.129428049974766,0,1.13562451356387,9.0335592543894e-05,0.5
0.125039010114283,0,1.1333876245205,8.61388429953272e-05,0.5
0.121128967970393,0,1.13130897848636,8.21326603735849e-05,0.5
0.101495256196832,0,1.12933482900653,7.89241867265954e-05,0.5
0.104985261218501,0,1.12595564357217,7.26619195209133e-05,0.5
0.0804128069248854,0,1.12376638650998,6.93650702348473e-05,0.5
0.0833245460486471,0,1.11997068165593,6.24420183195775e-05,0.5
0.0739259511454115,0,1.11725238710261,5.7761772074082e-05,0.5
0.0674737580822753,0,1.1142781227536,5.25220457852246e-05,0.5
0.0613428025296243,0,1.11141360073877,4.74730181905099e-05,0.5
0.04282485243948,0,1.10873949997732,4.31660266342801e-05,0.5
0.0430133043816489,0,1.10493564035995,3.65169104622479e-05,0.5
0.000698725630267114,0,1.10227436512584,3.31977571078932e-05,0.5
0.00932823688987634,0,1.09631118233313,2.30808980915555e-05,0.5
0,0,1.09290440259217,1.76830080328083e-05,0.5
0,0,1.08883595639941,1.10000595449189e-05,0.5
0,0,1.08512339929258,4.75566715910888e-06,0.5
0,0,1.08134699570577,-1.43514700889105e-06,0.5
0,0,1.07784103630126,-7.34326419139003e-06,0.5
0,0,1.07450812614448,-1.29124529982514e-05,0.5
0,0,1.0710101704503,-1.87597491687038e-05,0.5
0,0,1.06775946458433,-2.34855761287507e-05,0.5
0,0.0017740838963291,1.06259612551522,-3.18328474141144e-05,0.5
0,0,1.06171104974317,-3.30410225791709e-05,0.5
0,0.00534371419137509,1.05419218352739,-4.43348623988724e-05,0.5
0,0.00986169359775399,1.05537993695672,-4.349233165815e-05,0.5
0,0.0153478164732302,1.05187379889649,-4.91111602220911e-05,0.5
0,0.0214791330675071,1.05086126352476,-5.12834169117598e-05,0.5
0,0.0273510411120427,1.04993756530327,-5.32814358206579e-05,0.5
0,0.0334968143901872,1.04948511056969,-5.46723190722648e-05,0.5
0,0.0399894985539832,1.05322798595376,-5.04525647814259e-05,0.5
0,0.0455387850017798,1.05484275224162,-4.88328134305658e-05,0.5
0,0.0514688020766624,1.06194107814381,-3.98294909862024e-05,0.5
0,0.0563518477077989,1.07103505275414,-2.76731399648116e-05,0.5
0,0.0609425323640686,1.07831669750088,-1.78048606535057e-05,0.5
0,0.0651543604284904,1.08694977534579,-5.91138376852648e-06,0.5
0,0.0570199505271145,1.09700324646478,1.06608570623147e-05,0.5
0,0.0108259896613309,1.10278135302475,2.84854446509965e-05,0.5
0,0.0505391586364865,1.10367311536494,2.18691891568285e-05,0.5
0.00896886763940061,0.00991005625295887,1.11809489768131,5.14500564348265e-05,0.5
0.0044180188252174,0.032303275811469,1.11437826836154,4.16769584011482e-05,0.5
0.0345496563398729,0.0100308190692392,1.13036601972308,6.98267630500433e-05,0.5
0.0256944711170763,0.0222922571344388,1.1257953922856,6.10148946027713e-05,0.5
0.056677784564132,0.0220098124147365,1.13988634574499,8.2380734309546e-05,0.5
0.0667889283698345,0.0218442900704163,1.14486234948986,9.05162599120841e-05,0.5
0.0821516872324873,0.0228424828759808,1.15199636226766,0.000101499284023177,0.5
0.103073942563148,0.0211154245457454,1.16184033359358,0.0001173374610945,0.5
0.119143251872679,0.0225635140693332,1.16923426516072,0.00012911222164513,0.5
0.131225631254131,0.00759310501848967,1.17656890353129,0.000143328964078643,0.5
0.123652818965235,0.0124617982657587,1.17327284911176,0.000137839975865958,0.5
0.143618979327173,0.00983816081336449,1.18276093666981,0.000153508643715247,0.5
0.142985327228402,0.00586787304009894,1.18339275421312,0.00015572866419146,0.5
0.139564435360887,0.00252127496140217,1.18272236074007,0.000155526503478758,0.5
0.129081054206984,0,1.17913349993319,0.000150921166802508,0.5
0.101423697960709,0,1.16824976486064,0.000134961688732051,0.5
0.0901661487841943,0,1.16407311684459,0.000129004616649597,0.5
0.0728499034318326,0,1.15741633153698,0.000119327915698189,0.5
0.0565137646270927,0,1.15108638277611,0.000109988307158795,0.5
0.0411542799628702,0,1.14507979808145,0.000101016920042329,0.5
0.0261387416459387,0,1.13918933259364,9.21849847415482e-05,0.5
0.0120477953267672,0,1.13360595863265,8.36908536693613e-05,0.5
0,0,1.12828474662272,7.54943519072962e-05,0.5
0,0,1.12313956784314,6.75121661005793e-05,0.5
0,0,1.11821926745378,5.97915449290313e-05,0.5
0,0,1.11343937000021,5.22611746617163e-05,0.5
0,0,1.10889898163484,4.50034375798944e-05,0.5
0,0,1.10452930812838,3.79634846804648e-05,0.5
0,0,1.10044664048463,3.1233526325712e-05,0.5
0,0,1.09645507042362,2.46577228983823e-05,0.5
0,0,1.09265666812178,1.83112348787366e-05,0.5
0,0,1.08895304475465,1.21273690807151e-05,0.5
0,0,1.08544904774797,6.17168842158242e-06,0.5
0,0,1.08195369071323,3.23008288524938e-07,0.5
0,0,1.078742963014,-5.24515959327277e-06,0.5
0,0,1.07547846191491,-1.07446447438297e-05,0.5
0,0.000528178678531891,1.07244315617713,-1.60059238352862e-05,0.5
0,0.00513831620150355,1.07276284235147,-1.65008109941509e-05,0.5
0,0.0101080870651227,1.07780890065232,-1.03460262097419e-05,0.5
0,0.0145167672479901,1.08269219019897,-4.16465537789781e-06,0.5
0,0.0194810010358942,1.09407353778825,1.12756695268072e-05,0.5
0,0.00907625144301139,1.10215024696931,2.54099994024292e-05,0.5
0,0.0221304676632568,1.10846182460521,3.22054126424705e-05,0.5
0,0,1.11774544960952,5.22654929833533e-05,0.5
0,0.0103774168542326,1.10200053039187,2.48166324328132e-05,0.5
0,0.0115029902213261,1.12769758089021,6.272742571177e-05,0.5
0.00122749132809287,0.0112478503485665,1.13140597087089,6.92603568975504e-05,0.5
0.0208506081677066,0.0138356391237931,1.13989268246673,8.17081806007987e-05,0.5
0.0378958208675457,0.00698056502760773,1.1482281487699,9.60719036747935e-05,0.5
0.0459590153265853,0.0124244358432596,1.15137376288153,0.000100384772462801,0.5
0.0723756858369748,0.00887326145730191,1.16345719458947,0.000120001309184137,0.5
0.0764029950632111,0.00942448080434002,1.16534204027378,0.00012356232972719,0.5
0.092850085258675,0.00886618489699949,1.17275378031093,0.000135638832865498,0.5
0.103476247332549,0.00753025000688069,1.17770444761371,0.00014432015243337,0.5
0.111423290832062,0.00560233536708991,1.18154085812817,0.000151269570576959,0.5
0.115459579978936,0.00309563702938202,1.18372118512165,0.000155717173645314,0.5
0.112933584529584,0,1.18311989781749,0.000155840955831546,0.5
0.0860819340093252,0,1.17228189254515,0.000140095560208268,0.5
0.0802951761798097,0,1.17009826097131,0.00013728174854777,0.5
0.0666940619620092,0,1.16474303205281,0.000129783201939423,0.5
0.0547093613172197,0,1.15992098841728,0.000122794184017728,0.5
0.0428063869783806,0,1.15512889810848,0.000115827316703221,0.5
0.0316906059009632,0,1.1505978039491,0.000109114586652116,0.5
0.0211576096356257,0,1.1462598446221,0.000102600173765884,0.5
0.0108848588717144,0,1.1420104712863,9.61703641267807e-05,0.5
0.00140409724458383,0,1.13802268589641,9.00118407771435e-05,0.5
0,0,1.13414600276048,8.39747351239631e-05,0.5
0,0,1.13043493357085,7.81135063656585e-05,0.5
0,0,1.12686976501203,7.24141631075186e-05,0.5
0,0,1.12344645850836,6.68736559303676e-05,0.5
0,0,1.12021730521142,6.15405767958411e-05,0.5
0,0,1.11707524576672,5.63228275359616e-05,0.5
0,0,1.11407416628422,5.12655199705813e-05,0.5
0,0,1.11119273871828,4.6354155456867e-05,0.5
0,0,1.10842811435082,4.15855393454041e-05,0.5
0,0,1.10583430771232,3.70031939508927e-05,0.5
0,0,1.10330387239096,3.25247445591648e-05,0.5
0,0,1.10095139982759,2.82343530344606e-05,0.5
0,0,1.09871124288158,2.40871947249358e-05,0.5
0,0,1.09647790725924,2.00028829753683e-05,0.5
0,0.000222206514504016,1.09445449461157,1.61245872083362e-05,0.5
0,0.00448018014036487,1.09496051169215,1.59201748087064e-05,0.5
0,0.00960101559933554,1.10378001111145,2.77410925417695e-05,0.5
0,0.0139259977940215,1.11173443815986,3.88097522769412e-05,0.5
0,0.00237170327920603,1.1209401848057,5.48296735035026e-05,0.5
0,0.0144758468977638,1.11824633868002,4.86986351983008e-05,0.5
0.000199676033520282,0,1.13454223381306,7.59930185365999e-05,0.5
0,0.00785042801685406,1.11821422856699,5.00390882769109e-05,0.5
0.0208885733633136,0.012923239766771,1.14200532966987,8.47681174523971e-05,0.5
0.0269429517659995,0,1.14593673224144,9.40933978797741e-05,0.5
0,0.00560911270286746,1.13156653095309,7.10349291543795e-05,0.5
0.0435454692243585,0.010293304840658,1.1519489149335,0.000101375535074527,0.5
0.0552487577678386,0,1.15811091041331,0.000113665280843597,0.5
0.0208117014244231,0.00241386980546456,1.14267538441623,8.94313992957709e-05,0.5
0.0568110785613411,0.0060248663479324,1.15792829847758,0.000112466259753374,0.5
0.0741993399996783,0.00632584883193133,1.16541844632798,0.000124882580922907,0.5
0.084436306622878,0.00699668036967763,1.16972908865365,0.000132091067708726,0.5
0.102534867165688,0.00821077683297522,1.17741928198606,0.000144572626594786,0.5
0.121955517129361,0.00921249451411276,1.18570977855841,0.000158350817695947,0.5
0.141512267137795,0.00959853209000412,1.19412234733835,0.0001726085645829,0.5
0.158795286688157,0.00778993605660058,1.20176759451706,0.000186139642749246,0.5
0.173558059110229,0.00842231280743554,1.20806074430639,0.000197296658071813,0.5
0.19218680237039,0.00748873579426931,1.21620459344444,0.000211772602607395,0.5
0.204927603086655,0.00556749074803193,1.2218786218762,0.000222593602521706,0.5
0.213097338590068,0.00281192436838731,1.22563654460376,0.000230366297091678,0.5
0.212100490287529,0,1.22558740640803,0.000232068414881881,0.5
0.186356374009842,0,1.21516682295045,0.000216959999088666,0.5
0.182774671302144,0,1.21380820274469,0.000215917547565865,0.5
0.170684467431037,0,1.20901869379584,0.0002095926360902,0.5
0.160101949832412,0,1.20472621723436,0.00020370704292348,0.5
0.149274957515131,0,1.20035658433643,0.000197637442262384,0.5
0.139465589809464,0,1.19632194047247,0.000191929800867115,0.5
0.12991662802526,0,1.19237527401816,0.000186256807643711,0.5
0.120831717295927,0,1.18858259457818,0.000180705593976982,0.5
0.112301737367374,0,1.18497345699542,0.000175329526649647,0.5
0.104126057561312,0,1.18148299336417,0.000170051578016243,0.5
0.0964728375051285,0,1.17816502919907,0.000164939050096393,0.5
0.0891103071335368,0,1.17494462173756,0.000159908223163116,0.5
0.0819786063935614,0,1.17180188148713,0.000154933886427898,0.5
0.0754451203793975,0,1.16885649243005,0.000150172581758333,0.5
0.0690199696846956,0,1.16594947931373,0.000145437548742574,0.5
0.0627311481733095,0,1.16308906182358,0.000140733446619085,0.5
0.0566572490727694,0,1.16030124020692,0.000136101058601252,0.5
0.050872545239871,0,1.15760987621073,0.000131570274053772,0.5
0.0452396575872442,0,1.15496999448494,0.000127092162433384,0.5
0.0397174915581308,0,1.15236887841879,0.000122655458194261,0.5
0.0346872088909102,0,1.14993046920089,0.000118401377520247,0.5
0.0298344714564696,0,1.14755190501694,0.00011422039380631,0.5
0.0249325550010927,0,1.1451593986125,0.00011003093437988,0.5
0.020870698222619,0,1.14304313990754,0.000106146582434215,0.5
0.0170242145160767,0,1.14099876384079,0.000102359658545038,0.5
0.0132864482883482,0,1.13899201256635,9.86264201354129e-05,0.5
0.0101832929770982,0,1.13719421640484,9.51275126614838e-05,0.5
0.00687434431769884,0,1.13533105935923,9.15901507977144e-05,0.5
0.00399041381107472,0,1.13360850950115,8.82118533293063e-05,0.5
0.00109093874294786,0,1.131882657532,8.48608395028099e-05,0.5
0,0,1.13026617554244,8.16399771924715e-05,0.5
0,0,1.12881001785661,7.86042332856612e-05,0.5
0,0,1.12733373551174,7.55825644234086e-05,0.5
0,0,1.12594508057037,7.26708565485039e-05,0.5
0,0,1.12461119608005,6.98447282201403e-05,0.5
0,0,1.12333289443243,6.7102126692113e-05,0.5
0,0,1.12220780555182,6.45358215967784e-05,0.5
0,0,1.12105839053836,6.19842993049316e-05,0.5
0,0,1.12002827154441,5.9574864779063e-05,0.5
0,0,1.11905393857968,5.72559952512317e-05,0.5
0,0,1.11814743877972,5.50347783863998e-05,0.5
0,0,1.11740699615446,5.30023200713493e-05,0.5
0,0,1.11660683422218,5.09574352299093e-05,0.5
0,0,1.11582509768587,4.89632986928165e-05,0.5
0,0.00403488996970412,1.11511961912679,4.70722001437681e-05,0.5
0.0104063238840817,0.0101841395176938,1.12525454172167,6.09884877051988e-05,0.5
0.0317499257718048,0.0147247968940949,1.13377477958795,7.33228102619199e-05,0.5
0.0552599071245168,0.0183874119013716,1.14332897761064,8.74858964331682e-05,0.5
0.0731789232299599,0.0134530382085062,1.15132626353094,0.000101028074761443,0.5
0.0968552550782258,0.0234466461327358,1.16031190627506,0.000113688248619544,0.5
0.115464212161246,0.0156222375925056,1.16891033203686,0.000129022678010527,0.5
0.135283323930342,0.0241684367077231,1.17636305871801,0.000140091404933092,0.5
0.154347738631986,0.0144521285581527,1.18535876041885,0.000156594609597968,0.5
0.171477038998218,0.0228546491120268,1.19165451606347,0.000166381907917038,0.5
0.191797016415168,0.014500804234056,1.20106035373008,0.000183627105405354,0.5
0.200797607243573,0.0195632232327069,1.20415053020135,0.000189221627337126,0.5
0.223119261321228,0.0196996378051794,1.21355912940028,0.000205536795152305,0.5
0.242269234696504,0.0171766738097228,1.2218654255082,0.000220903567570113,0.5
0.259603918739012,0.0191938822356582,1.22891310710592,0.000233779396096296,0.5
0.277701919615783,0.0160553429746343,1.23682458376409,0.000248823221337184,0.5
0.293286377570825,0.0165023566245969,1.24327404755684,0.000261290059730838,0.5
0.309979461417887,0.00843294164623048,1.2510819238607,0.000276955044270815,0.5
0.316873468962189,0.00927946711620427,1.25369950595454,0.000283284783447533,0.5
0.332511777951126,0.00644488976753587,1.26050663196954,0.000296898121523786,0.5
0.336606838610232,0.00200736108966015,1.26244129274402,0.000302753199997113,0.5
0.33030335544602,0,1.2600209066516,0.00030112311472258,0.5
0.313376117611424,0,1.25316195962499,0.000291904155299197,0.5
0.30862197860858,0,1.25124727949107,0.000290604242150005,0.5
0.298832663511458,0,1.24728751651036,0.000285935069263583,0.5
0.289881577353091,0,1.24360464478716,0.000281433286465475,0.5
0.280941269138932,0,1.23992711480049,0.000276794720179757,0.5
0.272696407817466,0,1.23647824944004,0.000272376214744846,0.5
0.26469024712716,0,1.23310966033557,0.000267954454496027,0.5
0.257102803088325,0,1.22987990588914,0.000263631425976994,0.5
0.249951851779356,0,1.22679412995632,0.000259411908792383,0.5
0.243056675843998,0,1.22379396384978,0.000255221932012926,0.5
0.236062097510075,0,1.22076315808529,0.00025086099296872,0.5
0.229442713957619,0,1.21785693637408,0.000246610472104154,0.5
0.223598462812266,0,1.21520481432158,0.000242668911549493,0.5
0.21781909072091,0,1.21257572852569,0.000238684127336816,0.5
0.212483877802381,0,1.21009340741719,0.000234856248767411,0.5
0.207327684360493,0,1.20767111677806,0.000231053208585114,0.5
0.202315144472395,0,1.2052973708218,0.000227260723853672,0.5
0.197631699089309,0,1.20303239917996,0.00022357340585639,0.5
0.193053381004124,0,1.20080374898323,0.000219901180592861,0.5
0.188916559386509,0,1.1987202681972,0.000216390249411658,0.5
0.184914935704454,0,1.19668289946931,0.00021292138149809,0.5
0.181295266089062,0,1.19477145534479,0.000209596205053609,0.5
0.177775565611739,0,1.19289415465793,0.000206292690246395,0.5
0.174248647771477,0,1.19101648237471,0.000202968850144998,0.5
0.171098924636759,0,1.18926299443529,0.000199791105088853,0.5
0.168231258141047,0,1.18760303526058,0.000196731774242711,0.5
0.165591033255318,0,1.18601867058128,0.000193761947294575,0.5
0.163049243807884,0,1.18446779595482,0.00019082506813465,0.5
0.160557477812985,0,1.18293461401462,0.000187900282567611,0.5
0.158187474686928,0,1.18144251184867,0.000185022254762525,0.5
0.155928356572906,0,1.17998816288829,0.000182193090370387,0.5
0.15400840715741,0,1.17864535614406,0.000179503043187567,0.5
0.152242608058627,0,1.17735408592266,0.000176882446773982,0.5
0.150405496207883,0,1.17604096063878,0.000174232947834151,0.5
0.148855538659212,0,1.1748227323245,0.000171707987043886,0.5
0.147400902665147,0,1.17363682843653,0.000169231040829615,0.5
0.146082219816016,0,1.17249651351596,0.000166817062597125,0.5
0.144891438858368,0,1.17139913636301,0.000164465153042785,0.5
0.143697458934665,0,1.17030217155465,0.000162123845572071,0.5
0.142720078774666,0,1.16927689510199,0.000159878644146329,0.5
0.141985526380037,0,1.16833203664431,0.000157747782542227,0.5
0.1413781199197,0,1.16742956031753,0.000155679413634475,0.5
0.140635798691662,0,1.16648417137804,0.000153567937440851,0.5
0.14032674264722,0,1.1656813625984,0.000151646121815134,0.5
0.140210962533225,0,1.16494213416925,0.000149816809207929,0.5
0.139912453940237,0,1.16414500586712,0.000147936834504794,0.5
0.140025222460994,0,1.16348285566762,0.000146231929954265,0.5
0.140070905228941,0,1.16279992988416,0.000144524057249411,0.5
0.140536178384817,0,1.16225468581185,0.000142995767147548,0.5
0.140993003526841,0,1.16170763078248,0.00014148884129206,0.5
0.141662906785868,0,1.16123123089761,0.0001400850402492,0.5
0.142501592153167,0,1.16081106118771,0.000138772971223169,0.5
0.143305304811414,0,1.16038033585235,0.000137468487130099,0.5
0.144085985280653,0,1.15994341748475,0.000136177538324095,0.5
0.144732139665304,0,1.1594637296389,0.000134854850320006,0.5
0.145625716346224,0,1.15906563129931,0.000133644666789765,0.5
0.146348964685562,0,1.15861303201167,0.000132392294278315,0.5
0.147522303307221,0,1.15830773875186,0.000131325417078631,0.5
0.148676730123557,0,1.15799754417621,0.0001302808742008,0.5
0.150102669005611,0,1.15777628451255,0.000129355160162483,0.5
0.151255479321996,0,1.15746724186553,0.000128353243259996,0.5
0.152057744422352,0,1.15704528804824,0.000127234439320742,0.5
0.152983452487379,0,1.15666426167039,0.000126174440992586,0.5
0.154086102234385,0,1.15634223157895,0.000125202496058751,0.5
0.154991670236973,0,1.15595674087354,0.000124173336815193,0.5
0.156083989843861,0,1.15563319387137,0.000123227015083511,0.5
0.157537907193571,0,1.15542871725143,0.00012243685645818,0.5
0.158335250223757,0,1.15501116493457,0.000121422145475178,0.5
0.159478977901862,0,1.15470771417807,0.000120541283997092,0.5
0.160623032818108,0,1.15440492328381,0.000119681755374789,0.5
0.161816958581123,0.00192523348548638,1.15411957239349,0.000118854134888115,0.5
0.169794206835987,0.00535682548658849,1.15672063154286,0.000122384702158636,0.5
0.177220755971143,0.00839356974540076,1.15912327044317,0.000125798567474889,0.5
0.185482617391756,0.0112072665986278,1.16191547816237,0.000129873244282905,0.5
0.200470247417189,0.0148176370134752,1.16756331213868,0.000138353574456656,0.5
0.21342812461304,0.0176718878773152,1.17240594378934,0.000145922059213966,0.5
0.228239444274633,0.0208562155594848,1.17802231131617,0.00015473463398711,0.5
0.244205348697093,0.0238834587979867,1.18416117704193,0.000164585908614105,0.5
0.260906939636755,0.0268028986862643,1.19063373234387,0.000175164862730449,0.5
0.277707431920895,0.0289693582469648,1.19723443599859,0.000186213944001709,0.5
0.29497277341022,0.0311741034376774,1.20403385796922,0.000197775774560646,0.5
0.312600023472581,0.0330341490363531,1.21103054180334,0.000209896350492299,0.5
0.330321437885982,0.0345869449805538,1.21810298373971,0.00022238350980346,0.5
0.340911710567135,0.00311072860998116,1.22545289238287,0.000238975009741414,0.5
0.343155690178896,0.0231334893488482,1.22387814684153,0.000235658742738054,0.5
0.372494149605547,0.00456192988651017,1.23808996057429,0.000261957585159145,0.5
0.369341790725914,0.0112311758285084,1.235537891877,0.000259090487914282,0.5
0.397112018015248,0.0108522488121249,1.24720172519792,0.000279598934529258,0.5
0.408533941036349,0.00922542425788218,1.2518710044067,0.000289665014464076,0.5
0.421222887531666,0.00835469980950559,1.2570081907544,0.000300075846411185,0.5
0.43357224772284,0.00694988572676414,1.2620569382031,0.000310626046123247,0.5
0.443073878636194,0.00479873750273628,1.2659395832873,0.000319353283702882,0.5
0.448491803345542,0.00160235052302918,1.26814690137768,0.000325311498350403,0.5
0.445537506262717,0,1.26685768864184,0.000325400469716564,0.5
0.43380150379836,0,1.26188341044777,0.000319112006986344,0.5
0.431320795750966,0,1.26070771187032,0.000318906602489545,0.5
0.425103784883228,0,1.25799854111975,0.000316187515249002,0.5
0.419672566336561,0,1.25554778414191,0.000313674339101201,0.5
0.414229133806603,0,1.25309419917857,0.000311027633986312,0.5
0.409017826994552,0,1.25071812014201,0.000308389365474448,0.5
0.403873025625307,0,1.24836514104291,0.000305653792637669,0.5
0.399125442583566,0,1.24614300375969,0.000303034100649845,0.5
0.394297292913631,0,1.24389617665545,0.00030025257734958,0.5
0.390022076161098,0,1.24183088490916,0.000297693178768644,0.5
0.385771674402645,0,1.23977477282683,0.000295035313055507,0.5
0.381649186895386,0,1.23776180524315,0.000292360543638921,0.5
0.377544167609481,0,1.23575572935458,0.000289598918590873,0.5
0.373949038709567,0,1.23391717235137,0.000287060565666571,0.5
0.370286559093784,0,1.23205824791099,0.000284421966700601,0.5
0.367028014282056,0,1.23033173369753,0.000281920855449704,0.5
0.363838157228712,0,1.22862898346234,0.000279405760146871,0.5
0.360736242603732,0,1.22695621915583,0.000276881979255102,0.5
0.357768867490703,0,1.2253285054223,0.000274378633642263,0.5
0.355136033973646,0,1.22381065768621,0.000271998885851665,0.5
0.35254722551352,0,1.22230841494979,0.000269603589978005,0.5
0.350398290665971,0,1.22095039899328,0.000267399685888417,0.5
0.348200754738944,0,1.21957769049187,0.000265134572443765,0.5
0.346584807663475,0,1.21839515845585,0.000263135943399544,0.5
0.34524602969896,0,1.21730421184608,0.000261278842826294,0.5
0.343783468378107,0,1.21617358712959,0.000259305237744107,0.5
0.342556811368265,0,1.21512097434423,0.000257440434714651,0.5
0.341118255215655,0,1.21399997165314,0.000255421277974937,0.5
0.340285452586968,0,1.2130773148461,0.000253708413366761,0.5
0.339260252478291,0,1.21209270862994,0.000251869873288537,0.5
0.338281591412811,0,1.21112430605912,0.000250037693119999,0.5
0.337233666078892,0,1.21013438384859,0.000248158020541621,0.5
0.336469131276173,0,1.2092377998908,0.000246417077087222,0.5
0.335983416342722,0,1.20843265147019,0.000244801888423628,0.5
0.335427296677079,0,1.20760579490087,0.000243156251357388,0.5
0.335007014134066,0,1.20682389751762,0.000241561469612948,0.5
0.334818182687725,0,1.20611831042596,0.000240085639015898,0.5
0.334772575035072,0,1.20546042127358,0.0002386890109594,0.5
0.33508123880962,0,1.20491805279601,0.000237442901349016,0.5
0.335351467008475,0,1.20436419097503,0.000236190968658983,0.5
0.335587938728136,0,1.20380054669338,0.000234934403806978,0.5
0.335694466545931,0,1.20319502711932,0.000233593644791416,0.5
0.336324039070635,0,1.20276063480941,0.000232520089900221,0.5
0.33645024323166,0,1.20216307853041,0.000231197288611625,0.5
0.336926187438876,0,1.2016802772234,0.000230045952966956,0.5
0.337382214315282,0,1.20119171306535,0.000228892058166788,0.5
0.337902000911212,0,1.2007246982392,0.000227770697234915,0.5
0.338476932490711,0,1.20027640218783,0.000226681100303304,0.5
0.323701913407648,0,1.19988663078069,0.000226312699332647,0.5
0.330391696837285,0,1.19781798341148,0.000221978070593533,0.5
0.325350091817197,0,1.19706478021546,0.000220492309143291,0.5
0.324379475706707,0,1.19574851002764,0.000217823742168949,0.5
0.317935002720436,0,1.19468580041207,0.000215806407431048,0.5
0.318655947490368,0,1.19308227213378,0.000212493021003425,0.5
0.275003899531416,0,1.19196089151406,0.000211838661434436,0.5
0.288613663954696,0,1.18608895245035,0.000200202770449007,0.5
0.275270099050207,0,1.18390504252951,0.000196294572878115,0.5
0.267300273176521,0,1.18048227717444,0.000189925104252199,0.5
0.260059270662615,0,1.17730568725804,0.000183924210343811,0.5
0.252981618109592,0,1.17418375624687,0.000177998968938612,0.5
0.246342085439279,0,1.1712072928665,0.000172281546147927,0.5
0.23983175328698,0,1.16827537551983,0.000166635994945498,0.5
0.233764460962445,0,1.1654903893707,0.00016120088803942,0.5
0.223155701240498,0,1.16280556069732,0.000156120121114737,0.5
0.219267086780284,0,1.15960610323384,0.000149894344839898,0.5
0.140556260785688,0,1.15702354345578,0.000147734574688647,0.5
0.159745326634989,0,1.14559847174512,0.000126693530748081,0.5
0.133622022311263,0,1.14127159135185,0.000119615091964285,0.5
0.116573226533168,0,1.13465647151359,0.000108150767448415,0.5
0.100915097221084,0,1.12851187095786,9.75291439319519e-05,0.5
0.0859738197975127,0,1.12260436056675,8.7243965200564e-05,0.5
0.0717231525545046,0,1.11692722452016,7.73321199564254e-05,0.5
0.0578066737186115,0,1.11136397575068,6.76730218450909e-05,0.5
0.0450562885310883,0,1.10618655789403,5.8512267072694e-05,0.5
0.0328265948818485,0,1.10118305830765,4.96583252405587e-05,0.5
0.0213202682746051,0,1.09642023268756,4.11566136845223e-05,0.5
0.0103286182181313,0,1.09182994979565,3.2947309063766e-05,0.5
0,0,1.08732111158919,2.49583847008682e-05,0.5
0,0,1.08308761624882,1.7898273541871e-05,0.5
0,0,1.07749504114284,8.13322898116658e-06,0.5
0,0,1.07335333705882,2.48993606979098e-06,0.5
0,0,1.06444376544654,-1.2065593654839e-05,0.5
0,0,1.05943426217192,-1.99932093790458e-05,0.5
0,0,1.05323893251261,-2.98049313670556e-05,0.5
0,0,1.04759633461016,-3.88800159355532e-05,0.5
0,0,1.04204961150215,-4.77014286379747e-05,0.5
0,0,1.0369383667239,-5.60732555311405e-05,0.5
0,0,1.03195341953101,-6.39025382164333e-05,0.5
0,0,1.02657435565488,-7.25014797709562e-05,0.5
0,0,1.02187959161532,-7.74858695526533e-05,0.5
0,0,1.01139726852962,-9.31960074926114e-05,0.5
0,0,1.0059742036343,-0.000100532507061188,0.5
0,0,0.999151337869826,-0.000110417510225318,0.5
0,0,0.992821798832633,-0.000119411800417383,0.5
0,0,0.986767700571206,-0.000128088127322432,0.5
0,0,0.980958999857773,-0.000136380255144522,0.5
0,0.0092979015893193,0.975488721395076,-0.000144304515056489,0.5
0,0.0172437697371243,0.970201483171003,-0.000151593247219465,0.5
0,0.0325395373473713,0.964733734911131,-0.000159548191739356,0.5
0,0.0121451570435763,0.959852491756276,-0.00016417517289888,0.5
0,0.0448087316688106,0.950430428209539,-0.000176869621634185,0.5
0,0.0506853948136687,0.952982947804052,-0.00017339041120685,0.5
0,0.0613418295541612,0.948729234691125,-0.000178764385071674,0.5
0,0.0719240387551591,0.951856390589533,-0.000174667417903762,0.5
0,0.0805697815261627,0.957044854353267,-0.000167921481075189,0.5
0,0.0879672630460165,0.965505556278955,-0.000156824987288961,0.5
0,0.0933892618405004,0.977198916330239,-0.000141192168532281,0.5
0,0.0990537086594287,0.986613252974853,-0.000128476201587432,0.5
0,0.0573221472329483,0.994753333738936,-0.000105556923853014,0.5
0,0.0738793494594284,1.00588475097453,-9.44920803425421e-05,0.5
0,0.0188982553446053,1.01248002691914,-7.1031931060609e-05,0.5
0,0.0623799921990478,1.01575497208483,-7.74946677046468e-05,0.5
0,0.0036212609851816,1.02854656911535,-4.47830846382272e-05,0.5
0,0.0410340518757283,1.01293122236496,-7.71698025976579e-05,0.5
0,0.00519272179759003,1.03877363656544,-3.12360558919249e-05,0.5
0,0.0265496917115554,1.02451428789498,-5.79446191460886e-05,0.5
0,0.0141304431039331,1.04718923921982,-2.22181047218839e-05,0.5
0,0.0211077928861298,1.04470239427014,-2.80732399329425e-05,0.5
0,0.0212722581385317,1.0584663152588,-8.31597817038106e-06,0.5
0,0.0210301292905366,1.06557313184397,1.77803822095872e-06,0.5
0,0.021278982861761,1.07399729188748,1.37137493092967e-05,0.5
0,0.0205974263725616,1.08254853879173,2.61388911695854e-05,0.5
0,0.019474292435906,1.09026294644255,3.74322575005635e-05,0.5
0,0.0176798094647247,1.09730370112812,4.78776378946401e-05,0.5
0,0.0150927194542371,1.10044058383757,5.24583210312738e-05,0.5
0,0.0123092226830466,1.10409638079584,5.78719029597095e-05,0.5
0,0.00875339194371119,1.10556343546076,6.00379462807558e-05,0.5
0,0.00486982838245746,1.10449769651078,5.83013001476115e-05,0.5
0,0.000409472952394634,1.10016668189163,5.16134815630447e-05,0.5
0,0,1.08755779761502,3.22841484597064e-05,0.5
0,0,1.07783614987003,1.75079458511379e-05,0.5
0,0,1.06906791153526,4.16319400362065e-06,0.5
0,0,1.05972893900476,-1.00684457233794e-05,0.5
0,0,1.05084388260482,-2.35922097631037e-05,0.5
0,0,1.04234701745884,-3.65350917475498e-05,0.5
0,0,1.03423973806763,-4.88944121563975e-05,0.5
0,0,1.02650392044411,-6.07027696027039e-05,0.5
0,0,1.01898341358245,-7.20243751195995e-05,0.5
0,0.00180530175613393,1.01191494217848,-8.28203704205229e-05,0.5
0,0.00643965464770037,1.01434508694253,-8.02182411682929e-05,0.5
0,0.00991447869030306,1.01664216069517,-7.76913748953806e-05,0.5
0,0.0135556090310853,1.02028970608348,-7.3206613575453e-05,0.5
0,0.0165782430135229,1.02592819203209,-6.57545039677257e-05,0.5
0,0.0192259882867619,1.03245600300707,-5.69417956352674e-05,0.5
0,0.0217491489967871,1.04276478184127,-4.2657435658628e-05,0.5
0,0.0121949922204182,1.05120958360765,-2.81568003204265e-05,0.5
0,0.0209799988501454,1.0545759500783,-2.54349063134009e-05,0.5
0,0.0105903398529448,1.06710017506387,-4.71429827980773e-06,0.5
0,0.0163068190275588,1.06730949867087,-5.97033103115174e-06,0.5
0,0.0152288659449179,1.07750402491059,9.33526381411893e-06,0.5
0,0.0146595308379305,1.08488328898731,2.03601866133184e-05,0.5
0,0.0136900832583871,1.09130588952122,3.00627527342998e-05,0.5
0,0.0122470661994605,1.09736413100564,3.93252988697646e-05,0.5
0,0.0103151588551423,1.10234654034952,4.70473163602395e-05,0.5
0,0.00780978634537553,1.10585009665188,5.25858053936476e-05,0.5
0,0.00453699740209538,1.10717358943383,5.48578108252267e-05,0.5
0,0.000256454179937042,1.10354855990133,4.95428585787543e-05,0.5
0,0,1.09208389835632,3.22165746481782e-05,0.5
0,0,1.08457911378364,2.08367404243729e-05,0.5
0,0,1.0772113155779,9.57358264072766e-06,0.5
0,0,1.06934376259734,-2.44147870110648e-06,0.5
0,0,1.06187160001853,-1.39282332123961e-05,0.5
0,0,1.05471212427444,-2.49766726844824e-05,0.5
0,0,1.04780075414249,-3.56161142134858e-05,0.5
0,0,1.04131364785995,-4.57868778458754e-05,0.5
0,0,1.03497458353921,-5.56050841536074e-05,0.5
0,0,1.02891956929608,-6.50379094172819e-05,0.5
0,0,1.02316395553329,-7.40884494201439e-05,0.5
0,0.00395766183595151,1.01764886339122,-8.27882105700542e-05,0.5
0,0.00831641021832423,1.02481905725905,-7.34906058159384e-05,0.5
0,0.011430690452216,1.0285172983966,-6.88952269194867e-05,0.5
0,0.0148613842737346,1.03217837699919,-6.43252583926728e-05,0.5
0,0.0175186383830732,1.03885928991132,-5.5218057788288e-05,0.5
0,0.0199458447875069,1.04837374658498,-4.19212763880986e-05,0.5
0,0.0148014768145021,1.05743574328526,-2.73679495617329e-05,0.5
0,0.020679508916658,1.06370411655925,-1.94671481264722e-05,0.5
0,0.0102446565628939,1.07343592661049,-2.63657889427076e-06,0.5
0,0.0161446585610893,1.0749675426014,-1.79079097142127e-06,0.5
0,0.0150910944270693,1.08749163204214,1.72613850883924e-05,0.5
0,0.0136845221555425,1.09300914066616,2.59905442810488e-05,0.5
0,0.0130900354698926,1.10177665788579,3.94249435259303e-05,0.5
0,0.0114054021869639,1.10866936021995,5.03863779516221e-05,0.5
0,0.00992847332639689,1.11663680889662,6.29859429969892e-05,0.5
0,0.00779763486188714,1.12421033704598,7.52310496330094e-05,0.5
0,0.00431988192443935,1.12817411256478,8.20481893497594e-05,0.5
0,0,1.12751441759055,8.17354067621215e-05,0.5
0,0,1.11068198811725,5.63261049255792e-05,0.5
0,0,1.10780502845208,5.2211831514525e-05,0.5
0,0,1.09987152805472,4.04092006747228e-05,0.5
0,0,1.09266062252209,2.95409032779211e-05,0.5
0,0,1.08565859010707,1.89458941518597e-05,0.5
0,0,1.07895910006385,8.7379702442783e-06,0.5
0,0,1.07247264477895,-1.14499667908358e-06,0.5
0,0,1.06630699764599,-1.06481510966441e-05,0.5
0,0,1.06031683763079,-1.98531267790084e-05,0.5
0,0,1.05476227377045,-2.86444228728368e-05,0.5
0,0,1.04932629432817,-3.71705376666562e-05,0.5
0,0,1.04409129558022,-4.54078889565125e-05,0.5
0,0,1.03912410126067,-5.33315958348703e-05,0.5
0,0,1.03435164103066,-6.09772914463542e-05,0.5
0,0,1.02978502025924,-6.83501294096053e-05,0.5
0,0,1.02534656411137,-7.54783223950906e-05,0.5
0,0,1.02114948470143,-8.23392547999763e-05,0.5
0,0,1.01711589496438,-8.89566862085063e-05,0.5
0,0,1.01319170009118,-9.53522867675344e-05,0.5
0,0,1.00942083440257,-0.000101522722788965,0.5
0,0.0042265893524595,1.00589757561863,-0.000107438525342625,0.5
0,0.00969740671192291,1.01806874380743,-9.17629518508297e-05,0.5
0,0.0133134631840494,1.02682582466618,-8.00581091949279e-05,0.5
0,0.0115717004481251,1.03568933349214,-6.68101019744576e-05,0.5
0,0.0191869828651411,1.04476003456991,-5.54996904820229e-05,0.5
0,0,1.05226908132987,-3.82678510940931e-05,0.5
0,0.0122826278615382,1.03600489827646,-6.70294721551879e-05,0.5
0,0.0105442832346822,1.06419917401416,-2.5476893424856e-05,0.5
0,0.0120787874457049,1.06580606618104,-2.29268716592029e-05,0.5
0,0.0119459499302945,1.07577909493789,-8.2588916292708e-06,0.5
0,0.00431007877054695,1.08367737730428,5.41397389062906e-06,0.5
0,0.010788112812873,1.08393520032865,4.25552754192795e-06,0.5
0,0.00540360129476023,1.09853878189138,2.75933532986218e-05,0.5
0,0.00747286731140975,1.09838304943754,2.70385807338032e-05,0.5
0,0.00769518043837954,1.10866596634782,4.27401660000379e-05,0.5
0,0.00681960842145464,1.1148808328509,5.27478870308613e-05,0.5
0,0.00583659740179216,1.12025720755834,6.13816065992584e-05,0.5
0,0.0044280744428738,1.12491474012082,6.90311196049003e-05,0.5
0,0.00194007511555746,1.12751039581624,7.36430958985304e-05,0.5
0,0,1.12534392433677,7.08292837790233e-05,0.5
0,0,1.11452393971226,5.45956698653455e-05,0.5
0,0,1.11176532879971,5.05244978809178e-05,0.5
0,0,1.10599914453323,4.19411711827663e-05,0.5
0,0,1.10062185776533,3.37897615227294e-05,0.5
0,0,1.09545193108749,2.58676424683813e-05,0.5
0,0,1.09041713101969,1.81339350773272e-05,0.5
0,0,1.08567934832904,1.07038733855815e-05,0.5
0,0,1.08108459641902,3.46547559283027e-06,0.5
0,0,1.07681979092196,-3.46642052409639e-06,0.5
0,0,1.07269872723614,-1.01990321502558e-05,0.5
0,0,1.06879904353438,-1.66972570698956e-05,0.5
0,0,1.06489666486347,-2.30751212041549e-05,0.5
0,0,1.06120259364211,-2.92336126520068e-05,0.5
0,0,1.05754375616399,-3.525023616727e-05,0.5
0,0,1.05418472323235,-4.1014802168412e-05,0.5
0,0,1.05081923449007,-4.66544675274024e-05,0.5
0,0,1.04772911000065,-5.20659505254692e-05,0.5
0,0,1.044767665562,-5.72987370532714e-05,0.5
0,0.00229636581063233,1.0419694704628,-6.23510219025903e-05,0.5
0,0.00735477496077586,1.049186001031,-5.31759847973868e-05,0.5
0,0.0114197874086221,1.05699339799407,-4.27410604393628e-05,0.5
0,0.0157665315182472,1.06809848893956,-2.73616819818833e-05,0.5
0,0.00318303092225924,1.0749007981901,-1.41690973378957e-05,0.5
0,0.0156806973208796,1.07342170949114,-1.93818006397347e-05,0.5
0,0.0011706188781399,1.08956165726991,8.12096856608692e-06,0.5
0,0.0105070451374503,1.07982091487381,-8.68882767115337e-06,0.5
0,0.0135798452456514,1.10027613277253,2.14788925341502e-05,0.5
0,0.0041814616362954,1.10484829815052,3.11078815642224e-05,0.5
0,0.0107696648916981,1.10450437680716,2.90322526508005e-05,0.5
0,0.0051464908469166,1.1193984025846,5.33685920876194e-05,0.5
0,0.00834147858013517,1.11965012795915,5.34935824419805e-05,0.5
0,0.00902956377465082,1.13147555140678,7.19840640731311e-05,0.5
0,0.00877774763742634,1.13894218915079,8.43726146196201e-05,0.5
0,0.00848009962719206,1.14650699914637,9.68457770094849e-05,0.5
0,0.00715226348018421,1.15193648766802,0.000106253010001575,0.5
0,0.00558794237687056,1.15713552643227,0.000115334357781714,0.5
0,0.00299316735199435,1.16051972518974,0.000121723104751286,0.5
0,0,1.16147479095961,0.000124256192678485,0.5
0,0,1.1494733361405,0.000106349956950908,0.5
0,0,1.14791347257356,0.000104402051925676,0.5
0,0,1.14263924922341,9.68743762612176e-05,0.5
0,0,1.13773921094969,8.96800927971101e-05,0.5
0,0,1.13316278358135,8.2805749222929e-05,0.5
0,0,1.12865351557,7.60005889316751e-05,0.5
0,0,1.12441294056045,6.94495060592304e-05,0.5
0,0,1.12023020413167,6.29784872543395e-05,0.5
0,0,1.11621071253886,5.66740979231137e-05,0.5
0,0,1.11231482489884,5.05111429076002e-05,0.5
0,0,1.10866331536581,4.45835452884636e-05,0.5
0,0,1.10515739511185,3.88185999463878e-05,0.5
0,0,1.10168347305188,3.31375752401992e-05,0.5
0,0,1.09835669471766,2.76122024859863e-05,0.5
0,0,1.09523069637084,2.22994791143132e-05,0.5
0,0,1.09218227224733,1.70977029789639e-05,0.5
0,0,1.08926817021998,1.20504412870856e-05,0.5
0,0,1.08670342100419,7.30563463370113e-06,0.5
0,0,1.08413550769338,2.62942010607053e-06,0.5
0,0,1.08175006563789,-1.8668638583025e-06,0.5
0,0,1.07949119465939,-6.20927346498007e-06,0.5
0,0,1.07721686588755,-1.04762434807607e-05,0.5
0,0,1.07492075044056,-1.46922886613825e-05,0.5
0,0,1.07277381627997,-1.87517251415325e-05,0.5
0,0,1.07065258968181,-2.2721316404291e-05,0.5
0,0,1.06865419710141,-2.65568293913759e-05,0.5
0,0,1.06672467098292,-3.02819534313987e-05,0.5
0,0,1.06487892711121,-3.38935111900918e-05,0.5
0,0,1.06304900724269,-3.7424297673464e-05,0.5
0,0.00012466723023879,1.06128139532604,-4.08558702721812e-05,0.5
0,0.00411921527507834,1.06150350335778,-4.14862978586146e-05,0.5
0,0.00907628205679831,1.06930556022861,-3.12486810550969e-05,0.5
0,0.0130578477011995,1.07625911679211,-2.17603907960805e-05,0.5
0,0.0170910945805776,1.08467408709522,-1.00253802756741e-05,0.5
0,0.0208826685622092,1.09462522063534,4.27669650132977e-06,0.5
0,0.0152952658062504,1.10248815291873,1.77357799062025e-05,0.5
0,0.0239754186131077,1.1108404719166,2.88522943977833e-05,0.5
0,0,1.11830537700011,4.63294767117932e-05,0.5
0,0.0117188313912521,1.10523304863625,2.31114114654111e-05,0.5
0,0.0134601961191961,1.12646051122521,5.56057839969566e-05,0.5
0,0.0123396576926141,1.12985810597048,6.20508193248495e-05,0.5
0,0.0143993495708777,1.13868109614827,7.57062152853332e-05,0.5
0,0.0114172996151022,1.14670731454351,8.96165950857753e-05,0.5
0,0.0142631709662176,1.15352474038619,0.000100529380117547,0.5
0,0.00102049011549514,1.16162892405936,0.000116608944030807,0.5
0,0.003528110116913,1.15376103228529,0.000103988081399013,0.5
0,0.00279576983884704,1.16351141493714,0.000120211358183632,0.5
0,0,1.16324737443797,0.000121261781521311,0.5
0,0,1.15361328426699,0.000107160392558209,0.5
0,0,1.15269795228322,0.000106316220332446,0.5
0,0,1.14873453530891,0.000100976747825054,0.5
0,0,1.14510923762597,9.58852009262535e-05,0.5
0,0,1.14154472559171,9.08469687582897e-05,0.5
0,0,1.13814943939858,8.59429650509332e-05,0.5
0,0,1.13491134184523,8.11794240148682e-05,0.5
0,0,1.13176757564535,7.64908318982715e-05,0.5
0,0,1.12875484216405,7.19185084155284e-05,0.5
0,0,1.12585709258736,6.74514323018093e-05,0.5
0,0,1.12307111078204,6.3088748815806e-05,0.5
0,0,1.12027478952136,5.87297633525192e-05,0.5
0,0,1.11767183206798,5.45438272847577e-05,0.5
0,0,1.11513947664087,5.04385696349348e-05,0.5
0,0,1.11276692405082,4.64810930022661e-05,0.5
0,0,1.1103248793416,4.24974688646834e-05,0.5
0,0,1.10813867630572,3.87326478487825e-05,0.5
0,0,1.1059043170476,3.49693599163639e-05,0.5
0,0,1.10381883894748,3.13419435210969e-05,0.5
0,0,1.10179882013294,2.78006514835049e-05,0.5
0,0,1.09980102472963,2.43094582346023e-05,0.5
0,0,1.09803023882514,2.10213402340081e-05,0.5
0,0,1.09612027666079,1.76759429780963e-05,0.5
0,0,1.09452185882563,1.4574591146155e-05,0.5
0,0,1.09292886002669,1.15297174748352e-05,0.5
0,0,1.09133157124515,8.51876473557711e-06,0.5
0,0,1.08973627218545,5.55073165722355e-06,0.5
0,0,1.08826365441151,2.71070483987345e-06,0.5
0,0,1.08677408648647,-1.01350619965872e-07,0.5
0,0,1.0853890629097,-2.80773412847098e-06,0.5
0,0,1.08404721660437,-5.44242005951857e-06,0.5
0,0,1.08293054209696,-7.88996387026307e-06,0.5
0,0,1.08174208720367,-1.03354960600661e-05,0.5
0,0,1.08083106226936,-1.25771915661505e-05,0.5
0,0,1.07982674357755,-1.48153655228566e-05,0.5
0,0.00226430468168215,1.07897750049828,-1.69265378826294e-05,0.5
0,0.00674355836461801,1.08322005259272,-1.17081234020183e-05,0.5
0,0.0106376781818349,1.0874213643896,-6.28096688916524e-06,0.5
0,0.0147798134313933,1.092451471218,3.79670143194434e-07,0.5
0,0.0188599054012287,1.09860426155574,8.85273394027767e-06,0.5
0,0.0226451719926837,1.10542119372107,1.8538327044295e-05,0.5
0,0.0263850613768554,1.11285210123076,2.93187378336185e-05,0.5
0,0.0297707048362754,1.1207993589965,4.11466874850823e-05,0.5
0,0.032898218376247,1.12913571852719,5.38243771022905e-05,0.5
0,0.0109473431793639,1.13679177957726,7.05916837971625e-05,0.5
0,0.0292193301206407,1.14171056091244,7.51305914863045e-05,0.5
0,0.00754793561331313,1.15182797765535,9.58311615343799e-05,0.5
0,0.0203632648189074,1.15464101988593,9.85377264670691e-05,0.5
0,0.00410069677626657,1.16568399063195,0.000119746644365755,0.5
0,0.0114366199481028,1.1636327162671,0.000115986609300381,0.5
0,0.0117467260564271,1.1768210319347,0.000137721552973984,0.5
0,0.0109567072774445,1.18235501512986,0.00014810128628388,0.5
0,0.0108579179988961,1.18887542071561,0.000159668478017591,0.5
0,0.0105327043504892,1.19571381157536,0.000172075471871663,0.5
0,0.00961623031496275,1.2020366837773,0.000183861777405085,0.5
0,0.00812705471694033,1.20760513827024,0.000194591668819046,0.5
0,0.00591766850837443,1.21212997273521,0.000203761544494108,0.5
0,0.00361862878270295,1.21677875649195,0.000213194662335545,0.5
0,0,1.2179672880496,0.000217112754301807,0.5
0,0,1.2086120462701,0.000203686256144371,0.5
0,0,1.20801764090019,0.000204015766523506,0.5
0,0,1.20436251460425,0.0001996080995121,0.5
0,0,1.20093777856949,0.00019524672486413,0.5
0,0,1.19764352843994,0.000190998895458945,0.5
0,0,1.19440574582226,0.000186720095412,0.5
0,0,1.19127041472801,0.000182487108557342,0.5
0,0,1.18816627824699,0.000178212634645269,0.5
0,0,1.18518497613233,0.000174022557412867,0.5
0,0,1.18226959236557,0.00016985148113828,0.5
0,0,1.17937807846368,0.000165649449057686,0.5
0,0,1.17660055667279,0.00016153594728746,0.5
0,0,1.17393466370409,0.000157514623601091,0.5
0,0,1.17124411116127,0.000153422114277478,0.5
0,0,1.1687814583423,0.000149565224340462,0.5
0,0,1.16632681802551,0.00014569309568062,0.5
0,0,1.1639849810475,0.000141923520570093,0.5
0,0,1.16165409898584,0.000138149165373262,0.5
0,0,1.15945593262694,0.000134506547044213,0.5
0,0,1.1573737678201,0.000130984385182481,0.5
0,0,1.15536951475618,0.000127541758694592,0.5
0,0,1.15342119059853,0.000124154483712962,0.5
0,0,1.15149790030596,0.000120792491920472,0.5
0,0,1.14973829330648,0.000117605394199037,0.5
0,0,1.14798941630288,0.000114436864376171,0.5
0,0,1.14637437010639,0.000111411527529499,0.5
0,0,1.14477769994977,0.00010841718834982,0.5
0,0,1.14330952083106,0.000105562827074282,0.5
0,0,1.1417996139227,0.000102682202190076,0.5
0,0,1.14040024185401,9.9922233877819e-05,0.5
0,0,1.13892746384339,9.71081757807071e-05,0.5
0,0,1.13759117546005,9.4438824172787e-05,0.5
0,0,1.13622150783493,9.17587682022947e-05,0.5
0,0,1.13494560630172,8.91825095962335e-05,0.5
0,0,1.13375928339635,8.67135335727981e-05,0.5
0,0,1.13263509935776,8.43246259352332e-05,0.5
0,0,1.13152809888741,8.19739164258454e-05,0.5
0,0,1.1304774922726,7.96971227583762e-05,0.5
0,0,1.12945479192365,7.74739580196658e-05,0.5
0,0,1.12837048983704,7.52145210335778e-05,0.5
0,0,1.12746256603084,7.31352509659163e-05,0.5
0,0,1.12657902069057,7.11085726321006e-05,0.5
0,0,1.12570732945787,6.91151409945954e-05,0.5
0,0,1.12488436769268,6.71897946265392e-05,0.5
0,0,1.1240390612404,6.5271131959803e-05,0.5
0,0,1.12310184557011,6.3294642977473e-05,0.5
0,0,1.12231061871463,6.14638239823674e-05,0.5
0,0,1.1215113271147,5.96556696361304e-05,0.5
0,0,1.12069273932801,5.78515454554539e-05,0.5
0,0,1.1197808466131,5.59902187405271e-05,0.5
0,0,1.11890250482463,5.41742501400815e-05,0.5
0,0,1.11821174516362,5.25371378105981e-05,0.5
0,0,1.11744488762188,5.08652917400617e-05,0.5
0,0,1.11668478727522,4.92152165221681e-05,0.5
0,0,1.11605157593865,4.76918221796015e-05,0.5
0,0,1.1154488862711,4.62203621583693e-05,0.5
0,0,1.11490468476991,4.48189789063447e-05,0.5
0,0,1.11441497346458,4.34875841510537e-05,0.5
0,0,1.11392234256836,4.21798095201597e-05,0.5
0,0,1.11352403980179,4.09709729876032e-05,0.5
0,0,1.11310564557198,3.97752559227538e-05,0.5
0,0,1.11272412689886,3.86313051178712e-05,0.5
0,0,1.1124191667538,3.75743340340495e-05,0.5
0,0,1.11209233619913,3.65280457161177e-05,0.5
0,0,1.11179944475505,3.55311349509598e-05,0.5
0,0,1.11146769847942,3.45300594589105e-05,0.5
0,0,1.11125354849228,3.36415156772989e-05,0.5
0,0,1.11100024503708,3.27522646881669e-05,0.5
0,0,1.11061077169071,3.17775584987694e-05,0.5
0,0,1.11042115482709,3.0972000883703e-05,0.5
0,0,1.11010719138511,3.01027993500781e-05,0.5
0,0,1.10985885134429,2.93021073613711e-05,0.5
0,0,1.1096774259165,2.85723278964441e-05,0.5
0,0,1.10941241774385,2.78028646959639e-05,0.5
0,0,1.10922090043981,2.71037215310671e-05,0.5
0,0,1.10908627874899,2.64712789900441e-05,0.5
0,0.00139686414015818,1.10892618491975,2.58408035375676e-05,0.5
0,0.00484272799187812,1.1120176914928,2.98968320042266e-05,0.5
0,0.00795329639890814,1.11549994723418,3.47137371692409e-05,0.5
0,0.0109764324239676,1.11938428996687,4.02052483041718e-05,0.5
0,0.0138850250569963,1.123953485191,4.68283974242335e-05,0.5
0,0.0167258403412952,1.12902301876975,5.43204882941709e-05,0.5
0,0.0193777380937934,1.13449805536812,6.25752539211701e-05,0.5
0,0.0218353910989794,1.14029046682095,7.14725158767795e-05,0.5
0,0.0255141933156661,1.14978291459107,8.59352526758651e-05,0.5
0,0.0193165991108648,1.15800965236162,0.00010059482239085,0.5
0,0.0265457497323122,1.16318986263464,0.000108226154889076,0.5
0,0.00514475100771801,1.17233929247974,0.000127032556889697,0.5
0,0.0187010330489332,1.17305786389415,0.000126818966784267,0.5
0.0157820355958414,0.00903012192389868,1.18595246443189,0.000149674484604346,0.5
0.0236468970864191,0.0128920400741183,1.18841005967322,0.000154335846315553,0.5
0.0471437561744654,0.0125641674054917,1.19811871138095,0.000170956910216926,0.5
0.0623888881125928,0.0115212295607605,1.20430835317258,0.000182570838316054,0.5
0.0657817283529843,0.00834221553720355,1.20553377970046,0.000186299239573344,0.5
0.0798338790654531,0.00749585489802951,1.21117503708815,0.000196814384285764,0.5
0.0878836790226998,0.00479018327862939,1.21439145194107,0.000203883264067878,0.5
0.0908845844269143,0.000768996096923091,1.21553941590566,0.000207566630328255,0.5
0.083559889513819,0,1.21237622581848,0.000204298967813309,0.5
0.0760395687651789,0,1.20906995532444,0.000200560914575362,0.5
0.0718897296022453,0,1.20718300613925,0.000199016546818349,0.5
0.0661237331975682,0,1.20458301442466,0.00019623798713796,0.5
0.0604168806881892,0,1.20200412093631,0.000193357615437075,0.5
0.0551273539940099,0,1.19956316799411,0.00019058397990193,0.5
0.0496068395380792,0,1.19704818379034,0.000187617729441788,0.5
0.0449204023699313,0,1.19480664106777,0.000184941163470512,0.5
0.04031972043869,0,1.19259461082249,0.000182235878773083,0.5
0.0359086524220699,0,1.19044575769996,0.000179542014839878,0.5
0.0319018773048215,0,1.18843020740003,0.000176963829637025,0.5
0.0278379056976341,0,1.18639719290304,0.000174304813896523,0.5
0.0239767085327532,0,1.18443164380741,0.000171677742668236,0.5
0.0203853216128264,0,1.18255539970792,0.000169118890187872,0.5
0.0168320762592763,0,1.18069305577826,0.000166534169864335,0.5
0.0138261599658466,0,1.17901014878548,0.000164135116121521,0.5
0.0110400814869381,0,1.17740009146594,0.000161796113729109,0.5
0.0082920988593258,0,1.17580371298108,0.000159441238112987,0.5
0.00608026311364264,0,1.17438342174269,0.000157276794003325,0.5
0.00425529072715861,0,1.17309044357191,0.000155250105171763,0.5
0.00230840407531534,0,1.17175868610463,0.000153155345875392,0.5
0.00104630951722384,0,1.17065124111629,0.000151313453479321,0.5
0,0,1.16943949362733,0.000149338098420635,0.5
0,0,1.16828417291272,0.000147409806929435,0.5
0,0,1.16729647678821,0.000145674900122066,0.5
0,0,1.1662082727066,0.000143814912925244,0.5
0,0,1.16527315139011,0.000142123289403301,0.5
0,0,1.16430963597715,0.000140398416217702,0.5
0,0,1.16340314249029,0.00013873300751885,0.5
0,0,1.16247476601519,0.000137041000379864,0.5
0,0,1.16156640400517,0.00013536786158699,0.5
0,0,1.16071532837556,0.000133760033113687,0.5
0,0,1.15993499477583,0.000132234634917449,0.5
0,0,1.15923949408524,0.000130809380750923,0.5
0,0,1.15856850735422,0.000129417581707799,0.5
0,0,1.15800109512399,0.000128148030151795,0.5
0,0,1.15739053346962,0.000126839999095346,0.5
0,0,1.15667952083561,0.000125422122105623,0.5
0,0,1.15615564022503,0.000124216337004954,0.5
0,0,1.15547423978889,0.000122849596909226,0.5
0,0,1.15490939460007,0.000121609688118966,0.5
0,0,1.15428834753323,0.000120320757347062,0.5
0,0,1.15378278888137,0.000119161697193158,0.5
0,0,1.15324752046694,0.000117983020538798,0.5
0,0,1.15278908468508,0.000116894433228566,0.5
0,0,1.15241266949329,0.000115908425789514,0.5
0,0,1.152048730885,0.000114948619702475,0.5
0,0,1.15179097994329,0.000114115498519117,0.5
0,0,1.15148329774399,0.000113245769420853,0.5
0.00023349430893092,0,1.15126884164619,0.00011248637536077,0.5
0.00155241586616318,0,1.15102763567389,0.000111716739568227,0.5
0.00279166444438707,0,1.15076117757975,0.000110931049205328,0.5
0.00418538322643375,0,1.15054584216395,0.000110212539480469,0.5
0.00573662248566618,0,1.15038259466693,0.00010956534266776,0.5
0.00704678951493523,0,1.15014140123538,0.000108849866836042,0.5
0.00839188063722375,0,1.14991234302096,0.00010815590773251,0.5
0.0101684121547123,0,1.14982473368348,0.000107626408241068,0.5
0.0118625625060796,0,1.14971090068771,0.000107088581133533,0.5
0.0137117256787271,0,1.14964834203973,0.000106616545384144,0.5
0.0155027677411676,0,1.14956748578971,0.000106142528696002,0.5
0.0173582379558663,0,1.14950833519924,0.000105704288749844,0.5
0.0193958384979991,0,1.14950925987309,0.000105345313836294,0.5
0.0208548361434584,0,1.14932209964858,0.000104803766343955,0.5
0.022737910496202,0,1.14927402047611,0.000104412117136693,0.5
0.0247117109391449,0,1.14925640674017,0.000104072148781193,0.5
0.026446932839277,0,1.14916171835823,0.000103662360846333,0.5
0.0286384723850387,0,1.14921619790757,0.000103420631261019,0.5
0.030599156367159,0,1.14919620979973,0.000103119972833608,0.5
0.0324958983718663,0,1.14915600396286,0.000102805579771258,0.5
0.0340465226264543,0,1.149003559003,0.000102384397171494,0.5
0.0359380384699107,0,1.14896302195567,0.000102085267497165,0.5
0.0378942906566058,0,1.14894422641629,0.000101824880552709,0.5
0.0397634421385963,0,1.1488976836381,0.000101544750797491,0.5
0.04156558677551,0,1.14883020617126,0.000101249439332444,0.5
0.0434837959251179,0,1.14880107895619,0.000101003925878248,0.5
0.0454230056766356,0,1.14877975207569,0.000100775659727304,0.5
0.0470454227422783,0,1.14865557423619,0.000100449167474923,0.5
0.0489664068144489,0,1.14862978759493,0.000100226681797551,0.5
0.0508067480717886,0,1.14857814001727,9.99915847050627e-05,0.5
0.0527147910003775,0,1.14854955195372,9.97837831635021e-05,0.5
0.0546513372560518,0,1.1485309759348,9.9595415856312e-05,0.5
0.05691225044284,0,1.14861872175539,9.95275082076362e-05,0.5
0.0590910766861296,0,1.14868009630403,9.94476331378271e-05,0.5
0.0612699716425908,0,1.14874230877959,9.93748714774986e-05,0.5
0.0634899863876661,0,1.14881849883108,9.93273904278979e-05,0.5
0.065563154741769,0,1.14884741297272,9.92402313043223e-05,0.5
0.0678975356674738,0,1.14896191570322,9.92507915515856e-05,0.5
0.0702374699944577,0.00205060084917511,1.14907873931712,9.92781331304623e-05,0.5
0.0794973531065443,0.00482989458972119,1.1521493832438,0.000103725877037755,0.5
0.0872276597232807,0.00708328389097333,1.15460882752787,0.00010744894576132,0.5
0.0961910499227189,0.00951041020206687,1.15758857664879,0.000111959918345416,0.5
0.106070843820633,0.0116968673540848,1.16099680364814,0.000117253665633614,0.5
0.116672441220332,0.0139833394459036,1.16470974971635,0.000123086785644721,0.5
0.127808099234743,0.0160336309831963,1.16868334695337,0.000129447295724598,0.5
0.145969955017263,0.0188144912779755,1.17565505297395,0.000140461808481683,0.5
0.160616971501288,0.0206923549571361,1.18118821415388,0.000149646627345685,0.5
0.176730210390304,0.0226452568249992,1.18735604562875,0.000159874953872627,0.5
0.193458868807073,0.0244386846240739,1.19381201255764,0.000170790986000361,0.5
0.210212866214433,0.0257732037531455,1.20033178983662,0.000182036743247459,0.5
0.227081837482072,0.0269393750304717,1.2069215686184,0.000193596202818773,0.5
0.250477563983793,0.026775491305967,1.21650349221218,0.00021032896056188,0.5
0.263749762821038,0.0146521299955004,1.22289616457884,0.000223678816990949,0.5
0.282136629871942,0.0116272767805647,1.23059232246424,0.000237997526564998,0.5
0.301946967614759,0.012842741279855,1.23847880436185,0.000252566496727115,0.5
0.317712115224352,0.00477873795742426,1.24555776354654,0.000266943917307262,0.5
0.324825782238557,0.00671642852130676,1.24783297695203,0.000272437430653445,0.5
0.340046191815394,0.00410058501174942,1.25411466481552,0.000284980177771481,0.5
0.3443426784231,0.000504776387264735,1.25573111027392,0.000290080546547394,0.5
0.337298956402387,0,1.25261984397754,0.0002871120168314,0.5
0.332362606390119,0,1.25029045075403,0.000285230115476848,0.5
0.32952751442463,0,1.24888592059304,0.000284788044395618,0.5
0.325175681431493,0,1.24681110683444,0.000283173460433452,0.5
0.320885742226796,0,1.24475759203447,0.000281410167184848,0.5
0.316723969660033,0,1.2427467896685,0.00027960086550398,0.5
0.313131898643312,0,1.24092313458604,0.000278011476884146,0.5
0.309097302162362,0,1.23895627855187,0.000276052601932768,0.5
0.305526486963068,0,1.23714212660536,0.000274260245972102,0.5
0.302208310946562,0,1.2354108951902,0.00027249939557655,0.5
0.299081796017469,0,1.23374320906057,0.000270753965172385,0.5
0.295929695228194,0,1.23206824898551,0.000268906206596824,0.5
0.292930341645637,0,1.23044403509424,0.000267057051962279,0.5
0.29004450645833,0,1.22885801121788,0.000265200634125095,0.5
0.287111708341038,0,1.22725765678108,0.000263242818934301,0.5
0.284238200168163,0,1.22567767937575,0.000261248949107674,0.5
0.281665068694153,0,1.22419670472052,0.000259359599663446,0.5
0.279297362445821,0,1.22278349857741,0.000257518827383427,0.5
0.277116160068237,0,1.22143202984468,0.000255724314223872,0.5
0.275112828215478,0,1.22013919541091,0.000253965558687694,0.5
0.273300555960839,0,1.2189094300168,0.000252259416995961,0.5
0.271553061166395,0,1.21770170006215,0.000250546051773377,0.5
0.270065052325927,0,1.21657913179285,0.000248919827543993,0.5
0.268603384099114,0,1.21546607117905,0.000247275408643575,0.5
0.26727931025642,0,1.21439861182971,0.00024566438113772,0.5
0.266058030249713,0,1.21336542524867,0.000244074859973704,0.5
0.265054137193972,0,1.21240365666954,0.000242561637786297,0.5
0.264061646051999,0,1.21144647609002,0.000241032470352961,0.5
0.263334182184658,0,1.2105763978787,0.000239613283335613,0.5
0.262589061281552,0,1.20970125320374,0.000238163150785596,0.5
0.262369054132944,0,1.20899781938883,0.000236956715703327,0.5
0.261928960218319,0,1.2082234146483,0.000235627863085708,0.5
0.262046851908074,0,1.20763116172313,0.000234550256072234,0.5
0.261541427804503,0,1.20683680586334,0.000233161371054326,0.5
0.261359185929471,0,1.20614829822616,0.00023190538018626,0.5
0.261243825502885,0,1.2054822596084,0.000230678725552376,0.5
0.261286309560974,0,1.20486812056853,0.000229512399871585,0.5
0.261544718851184,0,1.20432472332536,0.000228438978948607,0.5
0.26198193607478,0,1.20384026231156,0.000227452200770676,0.5
0.262218659305071,0,1.20329130868677,0.000226367536054098,0.5
0.262805894293144,0,1.20285705643704,0.000225444670764358,0.5
0.26344877891345,0,1.20244155584609,0.000224552836314386,0.5
0.263926737900853,0,1.20197288761125,0.000223573863753256,0.5
0.264592795498091,0,1.20156613870083,0.000222684444285813,0.5
0.265411697928014,0,1.20120977907205,0.000221872608423018,0.5
0.266049234910071,0,1.20079507708398,0.000220976854115382,0.5
0.26687939738001,0,1.2004438214061,0.000220175054607412,0.5
0.267700226163001,0,1.20008997569875,0.000219368078934396,0.5
0.268424926937854,0,1.19970541361391,0.000218513788131299,0.5
0.269707357943786,0,1.1995030108394,0.000217928705135368,0.5
0.270540084378399,0,1.19915467497784,0.000217135648935408,0.5
0.271742511801959,0,1.19892719000032,0.000216510925512532,0.5
0.272723774414133,0,1.19862847292708,0.000215798401670098,0.5
0.273886309969385,0,1.19838943177262,0.000215172975540469,0.5
0.275296392109767,0,1.19823128883557,0.00021466663285787,0.5
0.27654642673323,0,1.19802168290736,0.000214095079869478,0.5
0.277744492840891,0,1.19779564309723,0.000213497607945973,0.5
0.279049058173226,0,1.19760463911195,0.000212950275483364,0.5
0.280217045460204,0,1.19736978187443,0.000212346553771693,0.5
0.281419784269001,0,1.19714716073994,0.000211772414563408,0.5
0.283000642296351,0,1.19704821848087,0.000211384880767904,0.5
0.284351754308924,0,1.1968748318054,0.000210893776411156,0.5
0.285976791374238,0,1.19679150814207,0.000210544609857125,0.5
0.287614592988518,0,1.19671248168838,0.000210201537757621,0.5
0.289347197065304,0,1.19666483924911,0.000209910468623201,0.5
0.291034368728998,0,1.19660297786233,0.000209608972971489,0.5
0.292743094762261,0,1.19654839756169,0.00020931643035269,0.5
0.294337014763924,0,1.19645703569019,0.000208980442140444,0.5
0.296049645704587,0,1.19640482548489,0.0002087052514683,0.5
0.297741914191805,0,1.19634646263097,0.000208429021534224,0.5
0.299720887372965,0,1.19638182718835,0.000208291865639987,0.5
0.301660353146814,0,1.19640491418309,0.000208152608146634,0.5
0.303570354341012,0,1.1964188459124,0.000208004193693234,0.5
0.305645700589669,0,1.19648693608522,0.000207938364019979,0.5
0.307636749706893,0,1.19652815494358,0.000207847691881554,0.5
0.309813575726955,0,1.19663035073971,0.000207852648969732,0.5
0.312009105000959,0,1.19673888949368,0.000207873396077999,0.5
0.314154898303621,0,1.19683182562219,0.000207883975945582,0.5
0.316086632676919,0,1.19685583500752,0.00020780981479404,0.5
0.318474612490841,0,1.19702852243663,0.000207947426870041,0.5
0.320481086335995,0,1.19707773716134,0.000207930425187323,0.5
0.321999378523504,0,1.19721413733749,0.000208056390455086,0.5
0.302734056021283,0,1.19720587076899,0.000208815193783076,0.5
0.31377603905776,0,1.19523840095531,0.000204816576827912,0.5
0.309917702923582,0,1.19488176873978,0.000204241349929281,0.5
0.309111999952791,0,1.19395792488209,0.000202558251055021,0.5
0.308294014935369,0,1.19303380469501,0.00020085052346018,0.5
0.307785898300386,0,1.19221146891841,0.000199291577624975,0.5
0.269104453599758,0,1.19148891568362,0.000199439950182393,0.5
0.285397964463713,0,1.18722266054263,0.000191029495551695,0.5
0.274545305524701,0,1.18571112662618,0.000188566416157579,0.5
0.269677126526687,0,1.18337066356754,0.000184354391069306,0.5
0.265298218312482,0,1.18119620245956,0.000180358712289141,0.5
0.260756473470889,0,1.17896997510006,0.00017628974274454,0.5
0.256738688844097,0,1.17691664783418,0.000172449061208964,0.5
0.253001031733256,0,1.17495625105429,0.000168729482115233,0.5
0.249379984000561,0,1.17303568873872,0.000165061966292456,0.5
0.235820155547148,0,1.17123976696183,0.000161977176077734,0.5
0.236928960017821,0,1.16846767640928,0.000156628715813754,0.5
0.203390514042414,0,1.16656476564132,0.000154143968245124,0.5
0.210708553235751,0,1.16173954496512,0.000145043269980775,0.5
0.19937287655102,0,1.15921543337351,0.000140542032777112,0.5
0.19202822486599,0,1.1559852589586,0.000134679658502317,0.5
0.185491673513212,0,1.15302520515043,0.000129187292259879,0.5
0.179384031374736,0,1.1502064576206,0.000123880828677318,0.5
0.173588916773298,0,1.14749230453758,0.000118725778073824,0.5
0.154322897024597,0,1.14491549790979,0.00011432486166614,0.5
0.154490432582049,0,1.14091606383056,0.000106855933612367,0.5
0.110912372140756,0,1.13818823378013,0.000103213767477791,0.5
0.117581612099945,0,1.13140785380564,9.10811626235081e-05,0.5
0.101800904694359,0,1.12782272457657,8.49388111614296e-05,0.5
0.090961203217749,0,1.12333016806653,7.71061648159547e-05,0.5
0.0807517570899479,0,1.11905222316426,6.96374600602322e-05,0.5
0.0712959218355109,0,1.11502295159484,6.2474946172274e-05,0.5
0.0621877700197616,0,1.11111105462672,5.55112651150608e-05,0.5
0.0532374663180212,0,1.10725431539668,4.86901314165401e-05,0.5
0.0221056598160325,0,1.1036401091256,4.31044075528509e-05,0.5
0.0235355408860952,0,1.09784620421654,3.30385505174551e-05,0.5
0.00397269689544588,0,1.09410900075097,2.68553496914674e-05,0.5
0,0,1.08921473013394,1.85351804356842e-05,0.5
0,0,1.08514575510762,1.15133822869913e-05,0.5
0,0,1.08105767858425,4.65694738700051e-06,0.5
0,0,1.07667914600848,-2.94010384624662e-06,0.5
0,0,1.07290577642784,-8.58475692218671e-06,0.5
0,0,1.06685063529238,-1.86326944360445e-05,0.5
0,0,1.06277378730739,-2.47627043235561e-05,0.5
0,0,1.05721723773854,-3.39066170185113e-05,0.5
0,0,1.05277939096255,-4.1050116773138e-05,0.5
0,0,1.04827522808292,-4.84322718310097e-05,0.5
0,0,1.04381939022343,-5.52216476792893e-05,0.5
0,0,1.0387667175041,-6.34592959514043e-05,0.5
0,0,1.03473794052836,-6.953226925832e-05,0.5
0,0,1.02933064902262,-7.81287942527543e-05,0.5
0,0,1.02524853823045,-8.41696014777272e-05,0.5
0,0.0086325447815003,1.01979208668639,-9.27130481371889e-05,0.5
0,0.00916963637981938,1.019135104233,-9.40280158361348e-05,0.5
0,0.0223682476083361,1.01472312111459,-0.000101021152009744,0.5
0,0.0283525027400239,1.01429604425726,-0.000102344282799658,0.5
0,0.0379277158413048,1.01560434772586,-0.000101391271020374,0.5
0,0.0456945501751835,1.01638619714481,-0.000100999301247814,0.5
0,0.0527602243911911,1.02626457873542,-8.84409285360647e-05,0.5
0,0.0585945069798735,1.03556974331079,-7.61623994677314e-05,0.5
0,0.0559807217172486,1.04623296776321,-6.00180673444922e-05,0.5
0,0.0605607414453826,1.05553011788552,-4.73808168536108e-05,0.5
0,0.0379890509900928,1.06395787103189,-2.98388146857843e-05,0.5
0,0.0468446726795553,1.07412968976463,-1.71535342482334e-05,0.5
0,0.00853362499242627,1.08113709186719,1.54339973504645e-06,0.5
0,0.0382609941904435,1.08132309273005,-4.55157716104733e-06,0.5
0,0.00237799128312135,1.09620167319037,2.49341058402321e-05,0.5
0,0.0215392527496606,1.08206717868409,7.97337901568668e-09,0.5
0,0.0207742441201762,1.10546994755854,3.47085451195751e-05,0.5
0,0.0197767714419237,1.10826896675162,3.95370868659937e-05,0.5
0,0.0214890464241651,1.11596225356497,5.0677486105557e-05,0.5
0,0.0216196256057887,1.12474071975557,6.40710468992363e-05,0.5
0,0.0143777019735162,1.13314449297667,7.82906793534114e-05,0.5
0.00580658416998519,0.0177891856954879,1.13734257597083,8.42204575448073e-05,0.5
0.0261849046987504,0.00926153213004489,1.14804014772073,0.00010226119142359,0.5
0.0237529498786127,0.0101683069434418,1.14780325535403,0.000101910823908848,0.5
0.0374462242045246,0.00750405990107611,1.15495694457809,0.000113525586492987,0.5
0.0358325292986438,0.00343948196617897,1.15556591160824,0.000115305888121541,0.5
0.0243037446281237,0,1.15189516721414,0.000110337704964957,0.5
0,0,1.13718306530508,8.85505827823498e-05,0.5
0,0,1.13259619513034,8.19522066704972e-05,0.5
0,0,1.12429059784443,6.9781538272927e-05,0.5
0,0,1.1166067466707,5.83911928528362e-05,0.5
0,0,1.10927039104797,4.74068125517673e-05,0.5
0,0,1.10219693099704,3.67771239964787e-05,0.5
0,0,1.09555474497693,2.66331895431401e-05,0.5
0,0,1.08911791701827,1.67946859918064e-05,0.5
0,0,1.08292554621041,7.29139391763468e-06,0.5
0,0,1.07698209059091,-1.87662207725257e-06,0.5
0,0,1.07132808561549,-1.06927472454875e-05,0.5
0,0,1.06590487420566,-1.91964778738834e-05,0.5
0,0,1.06063830055727,-2.74204059305622e-05,0.5
0,0,1.05559754968733,-3.53548505938912e-05,0.5
0,0,1.05080435609116,-4.29837315635871e-05,0.5
0,0.00247450130109334,1.04627287054687,-5.03136019995343e-05,0.5
0,0.00790455807810475,1.05288697080638,-4.20643927758178e-05,0.5
0,0.0119768116452313,1.0600868349017,-3.26083262409283e-05,0.5
0,0.0162798817553475,1.06830591280011,-2.16124837682453e-05,0.5
0,0.0189203192000771,1.07873537639964,-6.94474981927254e-06,0.5
0,0.013288130753174,1.0868273521013,6.24935262689479e-06,0.5
0,0.0219973838285453,1.09419779481719,1.53754731554963e-05,0.5
0,0.0147820794352933,1.10447069551834,3.2262760516011e-05,0.5
0,0.0211594365639561,1.1099170358208,3.93148411369447e-05,0.5
0,0.0148840590078719,1.12060870203711,5.67919132347922e-05,0.5
0,0.0192157355368094,1.12569791006333,6.39540695598135e-05,0.5
0,0.0169999159556806,1.13626899993616,8.07211483638519e-05,0.5
0,0.0120773633727442,1.14359228711444,9.3230266172644e-05,0.5
0,0.0144459146026099,1.14894074386176,0.000101367236479036,0.5
0,0.0057010857501395,1.15862523573265,0.000118270183461826,0.5
0,0.00589589723036805,1.15637635270428,0.00011500626826655,0.5
7.85085150764739e-05,0.00306816738110596,1.16194391910839,0.000124407559546392,0.5
0,0,1.15898184543211,0.000120875559039038,0.5
0,0,1.14574901967885,0.000101191451889843,0.5
0,0,1.14239148554408,9.64417519629023e-05,0.5
0,0,1.13546747968355,8.63201727244458e-05,0.5
0,0,1.12910018167855,7.68232530908294e-05,0.5
0,0,1.12299153493382,6.76199920958016e-05,0.5
0,0,1.1170810953901,5.86637161924209e-05,0.5
0,0,1.11138093718656,4.99630561656747e-05,0.5
0,0,1.10595632836093,4.15765154652277e-05,0.5
0,0,1.10080350454996,3.34965341442474e-05,0.5
0,0,1.09582100029087,2.56451718308373e-05,0.5
0,0,1.09099980057058,1.80158615963989e-05,0.5
0,0,1.08636172605914,1.06241814155574e-05,0.5
0,0,1.08199426032887,3.53254302558493e-06,0.5
0,0,1.07769814348715,-3.39969405549041e-06,0.5
0,0,1.07370579178268,-1.00319174639335e-05,0.5
0,0,1.06981782768219,-1.64768725886398e-05,0.5
0,0,1.06605000984552,-2.2734479459913e-05,0.5
0,0,1.06248740247982,-2.87598335624789e-05,0.5
0,0,1.05906087387158,-3.45899105525063e-05,0.5
0,0.00394238035154025,1.0558472617753,-4.01945650684214e-05,0.5
0,0.00951603470544867,1.06676177465412,-2.58624333852697e-05,0.5
0,0.0134776898858773,1.07520002685314,-1.43696812096867e-05,0.5
0,0.0153437705869599,1.08473418430091,-7.42834985628447e-07,0.5
0,0.0114348375683286,1.09289949622734,1.22579624301197e-05,0.5
0,0.0200611341805589,1.10125538492617,2.29888386308589e-05,0.5
0,0,1.10952571957225,4.02825429713046e-05,0.5
0,0.0101738291089931,1.09289503604719,1.24258507487292e-05,0.5
0,0.0130998240595316,1.11829134424045,4.98349469792093e-05,0.5
0,0.0100075750281521,1.12245759764497,5.75648994779716e-05,0.5
0,0.0133459948895458,1.12838849229297,6.60195322170762e-05,0.5
0,0.0107692022489638,1.13863083194957,8.25548336161371e-05,0.5
0,0.0119371431734905,1.14657786202019,9.50945988703559e-05,0.5
0,0,1.15393412333956,0.000109492798960027,0.5
0,0,1.13589053494831,8.09198159754269e-05,0.5
0,0,1.1369982399903,8.33244408884193e-05,0.5
0,0,1.13166681784011,7.56371503021814e-05,0.5
0,0,1.12701659945984,6.86671418075684e-05,0.5
0,0,1.12236144156739,6.17149008946312e-05,0.5
0,0,1.11794932905339,5.50024544400946e-05,0.5
0,0,1.11364971717994,4.84240404153195e-05,0.5
0,0,1.10968910717647,4.21647704226379e-05,0.5
0,0,1.10578672885138,3.60070989170738e-05,0.5
0,0,1.10207778769202,3.00491812007772e-05,0.5
0,0,1.09850355274338,2.42622652835514e-05,0.5
0,0,1.09490522866343,1.85180590023415e-05,0.5
0,0,1.09146339356231,1.29493773971332e-05,0.5
0,0.000717763661664314,1.08814485077046,7.5365997519704e-06,0.5
0,0.00428090562096154,1.09126079524138,1.13228625819917e-05,0.5
0,0.00769272282684658,1.09875108934555,2.17165385632664e-05,0.5
0,0.0106276633950243,1.10637673174381,3.26348878663053e-05,0.5
0,0.0137774332366914,1.11591998023534,4.65282254195129e-05,0.5
0,0,1.12302924037637,6.07847999725457e-05,0.5
0,0.00593562808428914,1.10749869407081,3.52879857969044e-05,0.5
0,0.00951140624269684,1.13104123874618,7.02771421447186e-05,0.5
0,0,1.13534865282984,7.95339930032694e-05,0.5
0,0.000620954889832192,1.11862777132734,5.33883086242818e-05,0.5
0,0.00296843497952345,1.1276668325679,6.69258925174496e-05,0.5
0,0.00311533965712562,1.13364788552669,7.63190611238304e-05,0.5
0,0.00311930854099378,1.13601687002799,8.02089052459828e-05,0.5
0,0.00328610385214822,1.13878630817696,8.46455400406797e-05,0.5
0,0.00305472975457794,1.14149977926293,8.91247766777273e-05,0.5
0,0.00268313990886992,1.14404819128715,9.33866249143102e-05,0.5
0,0.00180881891946996,1.14583209336449,9.65619153451388e-05,0.5
0,0.000284527754949054,1.14581677814468,9.70216525513763e-05,0.5
0,0,1.14099510156214,9.0128401647657e-05,0.5
0,0,1.13621884957078,8.31269225312263e-05,0.5
0,0,1.13319271721921,7.86486179414492e-05,0.5
0,0,1.12920726085762,7.27574462045544e-05,0.5
0,0,1.12549952144139,6.71226139774206e-05,0.5
0,0,1.12184863189546,6.15615972419234e-05,0.5
0,0,1.11844753788393,5.62348017404435e-05,0.5
0,0,1.11500586683753,5.09058135174571e-05,0.5
0,0,1.11180377212356,4.58004176912356e-05,0.5
0,0,1.10874246258306,4.08552368114186e-05,0.5
0,0,1.1058936726249,3.61101925119918e-05,0.5
0,0,1.10314412663052,3.14891448066696e-05,0.5
0,0,1.10061265193085,2.70762349375264e-05,0.5
0,0,1.09811106779349,2.27392827189432e-05,0.5
0,0.00281514503537204,1.09586330032852,1.86321621330975e-05,0.5
0,0.0076291426496204,1.10488704430078,3.09854557864711e-05,0.5
0,0.0112949852001539,1.11301644436603,4.26068101933315e-05,0.5
0,0.00808310430105013,1.12231852738126,5.74563959279468e-05,0.5
0,0.0154257133818142,1.1289398214812,6.64033913339203e-05,0.5
0,0,1.13764842500281,8.37846065558653e-05,0.5
0,0.0058781738807888,1.12345413731978,5.98602241073753e-05,0.5
0,0.00849676963562033,1.14406736002097,9.11092373677214e-05,0.5
0,0.00766336530716002,1.1474155491568,9.73233573883832e-05,0.5
0,0.00887661330572784,1.15312865984236,0.000106219255819052,0.5
0,0.00980928173101834,1.16108591502877,0.000119049674286181,0.5
0,0.00839696106734407,1.17009191021294,0.000134123603078516,0.5
0.00608209087540005,0.00974215025802171,1.17664525061113,0.000145063611505269,0.5
0.0254242662741686,0.00719827357708623,1.1852473918728,0.000159967858154558,0.5
0.0368495438966937,0.00697504588426232,1.19015595454066,0.000168788270738376,0.5
0.0516885060023405,0.00514904391197738,1.19671743621727,0.000180495735693894,0.5
0.0583058344893575,0.00204315627761534,1.19981782995037,0.000186916322141326,0.5
0.0534893931998597,0,1.19813266349031,0.000185643138966659,0.5
0.0310756907840257,0,1.18905180399538,0.000172456163958226,0.5
0.0260977031632651,0,1.1871192454234,0.000170291844574048,0.5
0.0145098056808509,0,1.1824730489357,0.000163927667365681,0.5
0.00387174571799475,0,1.17814165749904,0.000157804261714674,0.5
0,0,1.17377931978084,0.00015159556521755,0.5
0,0,1.16979491683769,0.000145787114733092,0.5
0,0,1.165903957534,0.000140045012845776,0.5
0,0,1.16214574143691,0.000134414254668453,0.5
0,0,1.15859453809746,0.000128991586549386,0.5
0,0,1.15508087714881,0.000123587294519847,0.5
0,0,1.15175292880016,0.00011836941542226,0.5
0,0,1.14859034494009,0.000113322524917826,0.5
0,0,1.14550790359197,0.000108355537265311,0.5
0,0,1.14255549161248,0.000103523747389668,0.5
0,0,1.13976959704686,9.88690718250351e-05,0.5
0,0,1.13704915202337,9.42909886686498e-05,0.5
0,0,1.13444641656757,8.9841629506505e-05,0.5
0,0,1.1317170946721,8.52875943451332e-05,0.5
0,0,1.12922786260529,8.09830710846809e-05,0.5
0,0,1.12673958817713,7.67041287519263e-05,0.5
0,0,1.12444109788099,7.26217312129517e-05,0.5
0,0,1.12211860021109,6.8549641093725e-05,0.5
0,0,1.11988540292781,6.45825499116954e-05,0.5
0,0,1.11776365615834,6.07464490842634e-05,0.5
0,0,1.11576795493266,5.70527304875692e-05,0.5
0,0,1.1138667849567,5.34756205949491e-05,0.5
0,0,1.11218489609517,5.011867771367e-05,0.5
0,0,1.11051670955851,4.68177460627384e-05,0.5
0,0,1.10891716896661,4.36101454426201e-05,0.5
0,0,1.10733669162054,4.04611008042508e-05,0.5
0,0,1.10591974258697,3.74812813891802e-05,0.5
0,0,1.10456293555362,3.45956199452401e-05,0.5
0,0,1.1032820942354,3.1816951287921e-05,0.5
0,0,1.10203647936645,2.91061840743394e-05,0.5
0,0,1.10091307956249,2.65323602570335e-05,0.5
0,0,1.09979617922647,2.40115228435042e-05,0.5
0,0,1.09874374078454,2.15804523329697e-05,0.5
0,0,1.09773736920542,1.92291029528178e-05,0.5
0,0,1.09683541939666,1.69970789564931e-05,0.5
0,0,1.09593328563151,1.48124788086377e-05,0.5
0,0.001042206243918,1.09497191173832,1.26282206015215e-05,0.5
0,0.0061658481620955,1.09968570757296,1.84873812691661e-05,0.5
0,0.0112907669789927,1.10978919450835,3.25021076628471e-05,0.5
0,0.0158286854588973,1.1195831619333,4.65797124954861e-05,0.5
0,0.0165923319045905,1.12760741302431,5.89323051350365e-05,0.5
0,0.017450383861087,1.13654101998505,7.27291185932913e-05,0.5
0,0.0161744391757206,1.14518336488456,8.67270740978731e-05,0.5
0,0.0186022046017264,1.15402270975434,0.000100552444597939,0.5
0,0.00191659529341997,1.16134814236665,0.000115510571091991,0.5
0,0.0125607544211062,1.15805446346718,0.00010916027264384,0.5
0.0349693457226829,0.00993776627581958,1.17514971552677,0.00013690772914767,0.5
0.0458006312084052,0.0118744414820678,1.1793584045386,0.000144637827066173,0.5
0.067057384989213,0.0106663728830588,1.18843167874806,0.000160072954137882,0.5
0.0849236428717109,0.0121914366600649,1.195753176171,0.000172814024782079,0.5
0.103324440244939,0.00881744719071516,1.20380882146007,0.000187513818985966,0.5
0.116752800536201,0.00981832133407991,1.20924662319494,0.000197549620409691,0.5
0.137496671410467,0.00605883552432873,1.21836860024041,0.000214299859204087,0.5
0.140798156967315,0.00426381566234153,1.21967420041404,0.000218219606604442,0.5
0.148002672400429,0.000789498822935298,1.22284908475256,0.000225148818246297,0.5
0.137204138679086,0,1.21851037853244,0.00022010597639292,0.5
0.124843658941387,0,1.2134365333471,0.000213456781390978,0.5
0.118859731457275,0,1.21097776552413,0.000210931316339258,0.5
0.109855668578117,0,1.20725085951247,0.000206288225809164,0.5
0.101266796487156,0,1.20366290140342,0.000201679499438957,0.5
0.0933159843605556,0,1.2002853798079,0.00019728012727534,0.5
0.0854467716416512,0,1.19693669529481,0.000192817213147293,0.5
0.07768021461184,0,1.19362403412753,0.000188311797302692,0.5
0.0704766397409834,0,1.19049781577331,0.000183985506963837,0.5
0.0637014197618008,0,1.18751295890529,0.000179774316356703,0.5
0.0571660421123982,0,1.18460881404676,0.000175606405229932,0.5
0.050796793347852,0,1.18176061166496,0.000171448979585457,0.5
0.0448529608899055,0,1.1790532646501,0.000167422979288357,0.5
0.0391965661937202,0,1.17644186419399,0.000163476270945859,0.5
0.0336385266716213,0,1.17386416711282,0.000159528369653747,0.5
0.0286018699943287,0,1.17145827297482,0.000155759435460575,0.5
0.0235363908213027,0,1.16904485354321,0.000151952917816442,0.5
0.01887790328,0,1.16676599544295,0.00014828210503207,0.5
0.0145459754953215,0,1.1645951218036,0.000144722244073213,0.5
0.0105222085697286,0,1.16252668240152,0.000141268379729597,0.5
0.00711961410365015,0,1.16066256111948,0.000138044011257881,0.5
0.00361123714142025,0,1.15876542914878,0.00013477490913631,0.5
0.000591049025474224,0,1.15702924132167,0.000131682508531966,0.5
0,0,1.15526368670654,0.000128557836401656,0.5
0,0,1.15366814498579,0.00012562188939884,0.5
0,0,1.1520795464257,0.000122700688435784,0.5
0,0,1.15063661504036,0.000119944095149431,0.5
0,0,1.14914187912589,0.000117140877434288,0.5
0,0,1.14765382580765,0.00011434887421755,0.5
0,0,1.14636789895384,0.00011178659076193,0.5
0,0,1.14509876180587,0.000109258563349127,0.5
0,0,1.14380907336385,0.000106719530856613,0.5
0,0,1.14267314957138,0.000104355285394411,0.5
0,0,1.14157148368519,0.0001020488582749,0.5
0,0,1.14038994236512,9.96743636353917e-05,0.5
0,0,1.1393846734801,9.74961222546272e-05,0.5
0,0,1.13846958428759,9.54339497140161e-05,0.5
0,0,1.13751566929049,9.33551659445415e-05,0.5
0,0,1.13668944480784,9.14211770001891e-05,0.5
0,0,1.13595199601804,8.96051685308487e-05,0.5
0,0,1.13519072637442,8.77885473757416e-05,0.5
0,0,1.13448635515587,8.60496300303014e-05,0.5
0,0,1.13375752624232,8.43125053243114e-05,0.5
0,0,1.1331554824458,8.27198404437534e-05,0.5
0,0,1.13258301903302,8.11850860492957e-05,0.5
0,0,1.13206796466987,7.97295873116382e-05,0.5
0,0,1.13166123503618,7.84055421588603e-05,0.5
0,0,1.13121048746414,7.70696974725465e-05,0.5
0,0,1.13081066305578,7.58051316072192e-05,0.5
0,0,1.13048637276061,7.46411374080291e-05,0.5
0,0,1.13014266199159,7.34877356156293e-05,0.5
0,0,1.12983358074428,7.23912109149161e-05,0.5
0,0,1.1295431984114,7.13398531902877e-05,0.5
0,0,1.12921720806621,7.02807205082545e-05,0.5
0,0,1.12900654056407,6.93516350544462e-05,0.5
0,0,1.12863774536931,6.83091083832429e-05,0.5
0,0,1.12844866952366,6.74444547085253e-05,0.5
0,0.00205766647379512,1.12820387480031,6.65627778920995e-05,0.5
0.00309862890410739,0.00627165634816908,1.13281471264376,7.28732605087518e-05,0.5
0.0201172238993735,0.010601067334365,1.1392795002056,8.21809358291131e-05,0.5
0.0378536456134585,0.0147605505527201,1.14607654122326,9.22263540727086e-05,0.5
0.0584234983645165,0.0187233952197089,1.15413613164031,0.00010441706783609,0.5
0.0770933805125923,0.00616801309052511,1.16306507893315,0.000120881770524212,0.5
0.0893911349672952,0.0191376008295349,1.16659540411345,0.000124988225110371,0.5
0.104348963567458,0,1.17645980410578,0.000146862417608213,0.5
0.0862032821551728,0.0031721980698264,1.16582728315202,0.000127393244939537,0.5
0.12249024618429,0.00161292461909925,1.18131290613856,0.000152407110528489,0.5
0.116754883529694,0,1.17856914776648,0.000149663983530662,0.5
0.107802098868591,0,1.17427587622151,0.000143453535145448,0.5
0.110064052080993,0,1.17470766902537,0.000144640518527011,0.5
0.10784702912127,0,1.17327450140751,0.000143051459455867,0.5
0.10600577453057,0,1.17196631768156,0.000141491005081747,0.5
0.104279862790536,0,1.17069681718446,0.000139962423788501,0.5
0.102553446984136,0,1.16942845079877,0.000138394169909043,0.5
0.10096667424869,0,1.16820718988387,0.000136847642489571,0.5
0.0995781273400881,0,1.16705167427243,0.000135349016935959,0.5
0.0982684095926746,0,1.16592290052027,0.000133854370078028,0.5
0.097152310846493,0,1.16485896100197,0.000132410212468516,0.5
0.0958174104056359,0,1.16372458139905,0.0001308601078317,0.5
0.0948563332610719,0,1.16271345416157,0.000129428849048134,0.5
0.0937804018177467,0,1.16166598952057,0.000127939937574593,0.5
0.0931413706114686,0,1.16076251702313,0.000126596889244082,0.5
0.0925637786473986,0.000695252790911905,1.15987974650861,0.000125268393961155,0.5
0.100211129065314,0.00248819683715601,1.16249171100556,0.000129252334648793,0.5
0.109075853191905,0.00407095125963936,1.16565932552981,0.000134264688785235,0.5
0.118961354351634,0.00575473260140051,1.16926187523824,0.000140001392067405,0.5
0.131098028454173,0.00762369147250464,1.17382890061511,0.000147325736576527,0.5
0.144922945381986,0.00949983235237419,1.17913426162839,0.000155953438250932,0.5
0.159908485725743,0.0112099772331814,1.18496638986145,0.000165586643748633,0.5
0.181684617229011,0.0138067094177275,1.19367538503416,0.00017987035303849,0.5
0.202158011047643,0.0157526639884018,1.20188704011442,0.000193815646792423,0.5
0.221490854548443,0.0150245205574498,1.20987915455744,0.000207920058275855,0.5
0.237757276433553,0.007538866653488,1.21723081256417,0.000221962340534329,0.5
0.251337746432687,0.0131518005751279,1.22206658270455,0.000230501315611578,0.5
0.273752047016458,0.00725576131802062,1.2319441039024,0.000248746351502784,0.5
0.287301121199569,0.00937024019533474,1.23713611382808,0.000258801562012819,0.5
0.30799207755953,0.00679191544965126,1.24592561142031,0.000275286642712085,0.5
0.319429706791402,0.00573785328347223,1.25052574622908,0.000284988929665949,0.5
0.331913392153099,0.00329151936368228,1.25572393431845,0.000295716075457439,0.5
0.332417814451456,0,1.25593755934013,0.000298339039323012,0.5
0.314890243064216,0,1.2486326247073,0.000288170917726585,0.5
0.313983405504531,0,1.24815280700895,0.000288971920072736,0.5
0.306723096281403,0,1.2450834937978,0.000285650473070246,0.5
0.300334813518651,0,1.24230181241649,0.000282513331927379,0.5
0.293875592871957,0,1.23949807213342,0.000279235007389571,0.5
0.287987826205272,0,1.23688238826872,0.000276149554453339,0.5
0.282338020022424,0,1.23434553218977,0.000273070476750341,0.5
0.276731206680221,0,1.23182403676972,0.000269891816495114,0.5
0.271640330224956,0,1.22947219626679,0.000266895767362896,0.5
0.266491122399371,0,1.22710251123899,0.000263759698788088,0.5
0.261878293454303,0,1.22490933562612,0.000260834105180718,0.5
0.257424071057803,0,1.22276864976767,0.000257893726826877,0.5
0.253163784910707,0,1.22069285261369,0.000254989598896345,0.5
0.249016574057168,0,1.21865533010502,0.000252075462754654,0.5
0.245040954673871,0,1.21667509715057,0.000249186485519585,0.5
0.241433637693732,0,1.21481588833395,0.000246421703860686,0.5
0.237903859791234,0,1.21298335468172,0.000243647459942471,0.5
0.234849500567501,0,1.21130681095563,0.000241062073505338,0.5
0.231920455704242,0,1.20967241359854,0.000238501833766917,0.5
0.229145926367093,0,1.20808972361015,0.00023598130097249,0.5
0.226279782186417,0,1.20647831053208,0.000233373128208264,0.5
0.223624981414949,0,1.20493682983313,0.000230830648078721,0.5
0.221282742776675,0,1.20349818372183,0.000228410366724145,0.5
0.219087462868741,0,1.20210843657813,0.000226032942782636,0.5
0.217244319361779,0,1.20083445602185,0.000223802643847822,0.5
0.215367238937183,0,1.19955050341467,0.000221536184188089,0.5
0.21368574303149,0,1.19833130322082,0.000219342052825566,0.5
0.211977753422154,0,1.19710443204161,0.000217116845633538,0.5
0.210798152409222,0,1.19605087281243,0.000215134478025168,0.5
0.209599295271311,0,1.19499171184956,0.000213126659609435,0.5
0.208350556331152,0,1.19391739478261,0.000211084186221379,0.5
0.207344993828106,0,1.19292326941812,0.00020914705521472,0.5
0.206554504267426,0,1.19200017948176,0.000207307495331619,0.5
0.205784272261524,0,1.19108481353244,0.000205477476096906,0.5
0.205127439414296,0,1.19020716672101,0.000203690813350985,0.5
0.204717657036094,0,1.18941100193222,0.000202020299967995,0.5
0.203987529712392,0,1.18851123203718,0.000200196917622756,0.5
0.204122294746076,0,1.18789370734209,0.000198758351294387,0.5
0.203877172772964,0,1.18715353917176,0.000197165995576306,0.5
0.203777918020788,0,1.18646235359448,0.000195647094253435,0.5
0.203699743221285,0,1.1857788308874,0.000194142254919134,0.5
0.203601558418921,0,1.18508944905011,0.000192625717358267,0.5
0.203568368111817,0,1.18442262798137,0.000191154114290989,0.5
0.203519946658769,0,1.18375156919314,0.00018967580374295,0.5
0.203612305634232,0,1.18312717132501,0.000188263235543732,0.5
0.203894889502693,0,1.18256563658256,0.000186943971176234,0.5
0.204409346290266,0,1.1820802572273,0.000185731877357747,0.5
0.204971608012774,0,1.18161137801702,0.000184553929446421,0.5
0.205823156959482,0,1.18123730990623,0.000183508176246948,0.5
0.206485938495359,0,1.18080324494668,0.000182407804396296,0.5
0.207322123385029,0,1.18042598315548,0.000181378661570981,0.5
0.208034328624131,0,1.18000917336753,0.000180310047023702,0.5
0.209310828944258,0,1.17977664135288,0.000179490942682249,0.5
0.210046025062216,0,1.17936906597072,0.000178465173665363,0.5
0.211241162748447,0,1.17911160446235,0.000177630705685469,0.5
0.212163964639266,0,1.17876627874231,0.000176700475101684,0.5
0.213279016529189,0,1.17848433849993,0.000175858093848603,0.5
0.214394090515131,0,1.17820309869042,0.00017503009172361,0.5
0.215578891304802,0,1.17794552606496,0.00017424635045444,0.5
0.217034100541963,0,1.17777621336191,0.000173582017773883,0.5
0.218319697698242,0,1.17755241673451,0.000172861710803183,0.5
0.21974804329004,0,1.17737614292863,0.000172217197234405,0.5
0.221331076864608,0,1.17725076388849,0.000171651275199317,0.5
0.222839793459291,0,1.17710187799002,0.000171067987649426,0.5
0.224441160326053,0,1.17698409666257,0.000170539828116624,0.5
0.226301660834863,0,1.17695085834083,0.000170128340001832,0.5
0.228031646627744,0,1.17687628100427,0.000169687784578633,0.5
0.229525527174556,0,1.17672518584114,0.000169149505730863,0.5
0.230894064379707,0,1.17653461450835,0.000168577879566123,0.5
0.232619558518178,0,1.17646041316857,0.000168157865253862,0.5
0.234465948576942,0,1.17642631863886,0.000167808782999939,0.5
0.235890875896779,0,1.17625582621899,0.000167293800581668,0.5
0.237437625955763,0,1.17612533641937,0.000166827713685522,0.5
0.238942037210779,0,1.17598210211764,0.000166363461609872,0.5
0.240956373450902,0,1.17600533642739,0.000166120216116881,0.5
0.242621704065768,0,1.17591539432292,0.000165744713596728,0.5
0.24428743046843,0,1.17582637843596,0.000165374226095951,0.5
0.245822900715515,0,1.17569593089824,0.000164964912707949,0.5
0.247231901871783,0,1.17552463457169,0.000164501396928464,0.5
0.248855519515926,0,1.17542426908796,0.000164141772385439,0.5
0.250415514543296,0,1.17530365217144,0.000163762451438455,0.5
0.252289306065446,0,1.17528580973958,0.000163521436529651,0.5
0.253856167278308,0,1.17516889878234,0.000163167709967889,0.5
0.255485098860522,0,1.17507291938809,0.000162842513283766,0.5
0.257169383619481,0,1.1749952980521,0.000162545419116585,0.5
0.25914355772348,0,1.17501277800233,0.000162380814968077,0.5
0.26092976461199,0,1.1749696974225,0.000162149813365601,0.5
0.243246081294493,0,1.17485853196449,0.00016261849624371,0.5
0.254586179685892,0,1.17348673974228,0.000159737843223579,0.5
0.251446748265608,0,1.1731871318454,0.000159240727730571,0.5
0.251358963039205,0,1.17249602295977,0.000157966573223449,0.5
0.251642028852565,0,1.17192908197063,0.000156851652666718,0.5
0.243385265866806,0,1.1713469107167,0.000156069138679869,0.5
0.247733245231229,0,1.17014606591325,0.000153726192724097,0.5
0.189022265632075,0,1.16949031979104,0.000154849316436107,0.5
0.216599662297887,0,1.16467801179563,0.000145431641235936,0.5
0.20141368149811,0,1.16303791545228,0.00014308502429393,0.5
0.19527451618761,0,1.16025031926182,0.000138401653590524,0.5
0.190265750054135,0,1.15784061275246,0.000134215277491372,0.5
0.185443194450303,0,1.1554923411766,0.000130098573046348,0.5
0.180971355841149,0,1.15326111892319,0.000126122942299536,0.5
0.176671624177053,0,1.1510877786472,0.000122219080659649,0.5
0.17305782505822,0,1.14913950730354,0.000118578903866599,0.5
0.169383670964851,0,1.14717398700076,0.000114939074132812,0.5
0.16616937605334,0,1.14536003343282,0.000111477723149105,0.5
0.163033345820366,0,1.14357338937047,0.000108068204432943,0.5
0.160032548032978,0,1.14183314040478,0.000104727315811008,0.5
0.157784601540061,0,1.14033980995451,0.000101673294178757,0.5
0.130079100762063,0,1.13878732241686,9.96184824701541e-05,0.5
0.139102096564445,0,1.13511378608743,9.27019374318858e-05,0.5
0.130517793279192,0,1.13332190198359,8.94278469564179e-05,0.5
0.125686137639504,0,1.13092877474335,8.50651306649847e-05,0.5
0.121391718565203,0,1.12871679851527,8.09423836608857e-05,0.5
0.117314958321799,0,1.12657756528251,7.69231517351536e-05,0.5
0.0594206801227268,0,1.1245822373808,7.52940422663555e-05,0.5
0.0793759386378118,0,1.11769653199979,6.30509451871496e-05,0.5
0.0613879802585697,0,1.11480938927998,5.8501301716391e-05,0.5
0.0516965367767628,0,1.1107058749467,5.16332394268253e-05,0.5
0.0428024161414025,0,1.1068737623194,4.51943162743616e-05,0.5
0.034350041840306,0,1.10318842175165,3.8926968127886e-05,0.5
0.0263894364187541,0,1.09966740234552,3.28689768384116e-05,0.5
0.0188378239949651,0,1.09628313644462,2.70026198935094e-05,0.5
0.0115370488311124,0,1.09298423990471,2.12840589065531e-05,0.5
0.00463725577243866,0,1.08981993064552,1.57428141009973e-05,0.5
0,0.00403149369545811,1.08686663522198,1.04426740391547e-05,0.5
0,0,1.08533545454433,1.01475772574279e-05,0.5
0,0,1.07529613332402,-6.32135473854908e-06,0.5
0,0,1.07184907925561,-1.13198425610117e-05,0.5
0,0,1.06629721003265,-1.98793946393078e-05,0.5
0,0,1.06127861993894,-2.76761759403936e-05,0.5
0,0.00414994260314189,1.05634024936356,-3.5306109000273e-05,0.5
0,0.00960205255533968,1.05297907223122,-4.08356083720714e-05,0.5
0,0.0153683950810575,1.04954397899648,-4.64964619630003e-05,0.5
0,0.0210353215284116,1.04645978441622,-5.15299740730109e-05,0.5
0,0.0270271680081873,1.0524349821996,-4.42275016071407e-05,0.5
0,0.0316398659605763,1.05988086163714,-3.44768164325377e-05,0.5
0,0.0361334705346318,1.06527741813762,-2.74215533733227e-05,0.5
0,0.0402534254586683,1.07270029273901,-1.74327444544388e-05,0.5
0,0.0439149757300545,1.08461885433537,-8.70537134005646e-07,0.5
0,0.0419890461847286,1.09260031629315,1.15245296270862e-05,0.5
0,0.0453894245683734,1.10203025846306,2.48592288410063e-05,0.5
0,0.00955551385956629,1.10876565382149,4.19996599444753e-05,0.5
0,0.0363436249001315,1.10884930424212,3.69221840126989e-05,0.5
0.0197238939497505,0.0065885744108202,1.12334727409782,6.44143130712913e-05,0.5
0.0068844461594638,0.0212814826058188,1.11686764035172,5.20397727010871e-05,0.5
0.0446092928000494,0.0199563959419236,1.13409005829147,7.82868100383472e-05,0.5
0.055801066131547,0.0158972755799605,1.14002121462799,8.8548782727461e-05,0.5
0.0688617686630374,0.0178868750656008,1.14613176736211,9.7726278773681e-05,0.5
0.0865915198219895,0.00900079590265086,1.1553936909162,0.000113751847010675,0.5
0.0883225619923429,0.0118175061925264,1.15646293385793,0.00011528011029793,0.5
0.113728150786908,0.0105221452447078,1.1682838819889,0.00013412397107523,0.5
0.12719368660107,0.0084722123635759,1.17496929606946,0.00014551815482266,0.5
0.135362045417956,0.00560235717209987,1.1794152422707,0.000153372689769122,0.5
0.13322524075064,0.00133692844680032,1.17949109057548,0.000154518739715624,0.5
0.114076891521988,0,1.17238895513381,0.000144486616910987,0.5
0.0900329809020365,0,1.16307211804628,0.000130839427702662,0.5
0.0762249771207445,0,1.15798313743935,0.000123583307936627,0.5
0.0576713037346887,0,1.15089952178233,0.000113237120812562,0.5
0.0405863800020484,0,1.14430304537791,0.000103442281274224,0.5
0.0243718813105086,0,1.13799445139486,9.39795714914281e-05,0.5
0.00890376530001528,0,1.13193473226496,8.48024924495371e-05,0.5
0,0,1.12609729917412,7.58936239432032e-05,0.5
0,0,1.120564693946,6.73325564341623e-05,0.5
0,0,1.11516354100998,5.89580855226997e-05,0.5
0,0,1.11014529263281,5.09953678398216e-05,0.5
0,0,1.10518122362848,4.31614290169084e-05,0.5
0,0,1.10037501004741,3.55425754206886e-05,0.5
0,0,1.0958376899327,2.82275309469238e-05,0.5
0,0,1.0914444553059,2.11265638725602e-05,0.5
0,0,1.08724767153355,1.42615730624778e-05,0.5
0,0,1.08326818641833,7.66123036774875e-06,0.5
0,0,1.07929970020365,1.17362270420956e-06,0.5
0,0,1.07564706890127,-4.99825322658624e-06,0.5
0,0,1.07201959347469,-1.10424351085272e-05,0.5
0,0,1.06865423548375,-1.68153904055364e-05,0.5
0,0,1.0653653930013,-2.24232808398748e-05,0.5
0,0.00275152137064517,1.06224275238294,-2.78362118527148e-05,0.5
0,0.00795058677536681,1.06660993205596,-2.26641556449343e-05,0.5
0,0.0124740433912039,1.07080948374946,-1.7529833405267e-05,0.5
0,0.0172439039441802,1.07853157739205,-7.36445041645704e-06,0.5
0,0.0213565938393304,1.0865734493052,3.61028378924869e-06,0.5
0,0.0254088772337287,1.09598105499645,1.67051465502207e-05,0.5
0,0.0254382683940111,1.10522764222314,3.0585252243297e-05,0.5
0,0.015087117186674,1.11327448362719,4.47764912888093e-05,0.5
0,0.0272010101828888,1.12048953853137,5.34893785100667e-05,0.5
0,0,1.12805000103554,7.35222005641627e-05,0.5
0,0.00836825697224184,1.11194565871199,4.39929689349502e-05,0.5
0.00317141270382358,0.00593746398626458,1.1347368942271,7.90885931008531e-05,0.5
0,0.00335893849540774,1.13240992502649,7.6683571703203e-05,0.5
0.00179014449550928,0.00415767020255529,1.13480210674366,8.01698039650387e-05,0.5
0.0167839999668286,0.00496256252119317,1.14150121432995,9.05758984604695e-05,0.5
0.0287489686691481,0.00518404231434857,1.14693277434005,9.92689896842565e-05,0.5
0.0404152836246411,0.00515260581602743,1.15225516303979,0.000107871441449034,0.5
0.0593652371071162,0.00576766664856016,1.16068964397749,0.000121301530333912,0.5
0.0761491596468923,0.00558015473659344,1.16825981777975,0.000133769787669066,0.5
0.0910665701455823,0.0049003065315531,1.17506119017909,0.000145191708002075,0.5
0.103217518077007,0.00339741767750182,1.18073638448348,0.00015504661005515,0.5
0.105186397991423,0.00029521568067085,1.1821206727069,0.000158333628940839,0.5
0.0841737166400873,0,1.1738132768551,0.000146463787684025,0.5
0.0707383292473982,0,1.16854509113671,0.000138997352544786,0.5
0.0595747198139297,0,1.16423643754782,0.000133029656134875,0.5
0.0460042989855001,0,1.15887798913402,0.000125321980444249,0.5
0.0331531768019934,0,1.15375877855457,0.000117849413439485,0.5
0.0211067841099154,0,1.14890598453488,0.000110653774118058,0.5
0.00964554041109698,0,1.1442478891559,0.000103654159379347,0.5
0,0,1.1398040850631,9.68756504862113e-05,0.5
0,0,1.13550767376641,9.02536829394756e-05,0.5
0,0,1.13139490922606,8.38276075104645e-05,0.5
0,0,1.12744414890703,7.75798520067445e-05,0.5
0,0,1.1236504451504,7.15070338713179e-05,0.5
0,0,1.11994986052959,6.55528122299314e-05,0.5
0,0,1.11643863652082,5.98048616899598e-05,0.5
0,0,1.11305273039652,5.42100352906815e-05,0.5
0,0,1.10993748671166,4.89038472810501e-05,0.5
0,0,1.10689555082678,4.37069201666931e-05,0.5
0,0,1.10392002800644,3.86147797004381e-05,0.5
0,0,1.1011171668627,3.37155864644454e-05,0.5
0,0,1.0985046757082,2.90348880353704e-05,0.5
0,0,1.0959809838876,2.44803430278269e-05,0.5
0,0,1.09347894824505,2.00086229917132e-05,0.5
0,0,1.09107141823524,1.56700098751814e-05,0.5
0,0,1.08879857656954,1.14870518306379e-05,0.5
0,0.000901082533469788,1.08660435771877,7.42562379285599e-06,0.5
0,0.00552899578347517,1.08889736335979,9.77730515671454e-06,0.5
0,0.0100832482400232,1.09447111881298,1.70133379700599e-05,0.5
0,0.0145714863327283,1.0982745574116,2.18147945203997e-05,0.5
0,0.0188453422499381,1.10467932268757,3.05298281070376e-05,0.5
0,0.0239187427185527,1.11750878336778,4.87934828963803e-05,0.5
0,0.0165241584259393,1.12429666888991,6.0886570185788e-05,0.5
0,0.0227456234325331,1.13373895817259,7.42367096873911e-05,0.5
0.00505078490860881,0,1.14069347477328,9.01958148879122e-05,0.5
0,0.012339716465037,1.12713491361091,6.64506307736135e-05,0.5
0.0335158517260557,0.00413427988520674,1.15212679868203,0.000106241481388493,0.5
0.023100678403394,0.00768751814894325,1.14719054882862,9.9075292245916e-05,0.5
0.0516431637619709,0.00969694624895181,1.15939647866196,0.000117718533614432,0.5
0.0710139506735958,0.0104438024992767,1.16774401764098,0.000131562954819548,0.5
0.0882807882905699,0.00836773981543835,1.17545330443529,0.00014474203611748,0.5
0.104777988300191,0.0110026758505933,1.1823450861804,0.000156087564772356,0.5
0.123652322962108,0.00504795689854604,1.19115446500652,0.000171907241836618,0.5
0.12702971675665,0.00648154294409573,1.19243858893239,0.000174748477355551,0.5
0.146276441891233,0.0056200426419571,1.20088125299221,0.000189308696795181,0.5
0.150228524394414,0.0026871289739318,1.20285941270227,0.000194076647130941,0.5
0.147970229913026,0,1.2022279538026,0.000194416985864177,0.5
0.125067831933178,0,1.19287278125914,0.000180871762117183,0.5
0.120551454566734,0,1.19111950973524,0.000178974824410779,0.5
0.109287226792419,0,1.18658422223247,0.000172826848430907,0.5
0.0988646671396602,0,1.18232840053718,0.000166846128736486,0.5
0.0892130306250829,0,1.17832663542425,0.000161149942171309,0.5
0.0799492192995949,0,1.17445452972464,0.000155542701355038,0.5
0.0710843877717472,0,1.17071540793045,0.000150039597563424,0.5
0.0626859181447709,0,1.16713127931725,0.000144676321404407,0.5
0.0545314241714467,0,1.16362944308632,0.000139368814661117,0.5
0.0467336770745339,0,1.16024671133201,0.00013416664808914,0.5
0.0397004062601944,0,1.15711586195417,0.000129233023790656,0.5
0.0324768664239054,0,1.15392581064175,0.000124210215819583,0.5
0.0259517577465587,0,1.15096637218176,0.000119428612187024,0.5
0.0195661879336247,0,1.148055282438,0.000114694430253508,0.5
0.0136001993284034,0,1.14528323416756,0.000110104981075972,0.5
0.00738491255931056,0,1.14243192829526,0.000105432286264065,0.5
0.00176329543178061,0,1.13977733909362,0.000100965347805599,0.5
0,0,1.13725322570179,9.66488549678345e-05,0.5
0,0,1.13483157649171,9.24482226850449e-05,0.5
0,0,1.13248395169458,8.83366491212958e-05,0.5
0,0,1.13023809856801,8.43443710500833e-05,0.5
0,0,1.12817933979228,8.05588496965679e-05,0.5
0,0,1.12613035255769,7.68082822133015e-05,0.5
0,0,1.12424452581532,7.32359260390284e-05,0.5
0,0,1.12243609375968,6.9771753306469e-05,0.5
0,0,1.1206838373898,6.63869674114123e-05,0.5
0,0,1.11900111279841,6.31019237999837e-05,0.5
0,0,1.11745261700955,5.99682456782612e-05,0.5
0,0,1.11585561270018,5.68344774626798e-05,0.5
0,0,1.11449185509126,5.39359116620161e-05,0.5
0,0,1.11297949701091,5.09528802486401e-05,0.5
0,0,1.11169869604782,4.8194505973201e-05,0.5
0,0.000306657729513857,1.11034324910336,4.54211653362427e-05,0.5
0,0.00425765817274243,1.11203466754322,4.70978956485933e-05,0.5
0,0.00907697601676541,1.11971877555722,5.76790175069933e-05,0.5
0,0.013033469142044,1.12722810129545,6.84756247152102e-05,0.5
0.0163096653388768,0.0170740488013639,1.13612172221636,8.15041831108097e-05,0.5
0.0335978423965242,0.00687218118100658,1.14445984511549,9.63974545529132e-05,0.5
0.0459344405709015,0.0182415263321896,1.14842401420617,0.000100943612219346,0.5
0.0684727885015665,0.00195889057279934,1.15968070632893,0.000121456482025371,0.5
0.060381344377314,0.0117050202553658,1.15489135138885,0.000112971766036633,0.5
0.102259809662381,0.0142765607095763,1.17265059713347,0.000140567205479686,0.5
0.112700936237486,0.00727845471585399,1.17768259714188,0.000150829042016937,0.5
0.123366944011159,0.012019785490149,1.18159866001436,0.000156909095989813,0.5
0.150205885042894,0.0120784165621811,1.19306210226291,0.00017602568573121,0.5
0.166388801497244,0.0114071604555514,1.19995220777617,0.000188426221135438,0.5
0.184759420858565,0.0120549143884023,1.20765956921437,0.000201895940537656,0.5
0.203037677769751,0.0104483155079152,1.21556070328443,0.00021625915721033,0.5
0.218269547895685,0.0100303463065727,1.22201039191962,0.000228267187540896,0.5
0.234012814699273,0.00850511032199376,1.22879671469935,0.000241067271277447,0.5
0.245183896725355,0.00573928086330136,1.23371751263042,0.000251041771096654,0.5
0.250632278496492,0.00191451694565027,1.23624271467438,0.000257138642476032,0.5
0.244528494703283,0,1.23396623431528,0.000255341462028334,0.5
0.225981716171962,0,1.22646957202077,0.000244769158520935,0.5
0.220926789248978,0,1.22446924015241,0.000242915622553299,0.5
0.210532309394208,0,1.22028515343112,0.000237541973797056,0.5
0.201084021275452,0,1.21641363958012,0.000232413095618681,0.5
0.192033912099102,0,1.2126741556014,0.000227392908390123,0.5
0.18317192557088,0,1.20899836498797,0.000222338945332808,0.5
0.174697578928868,0,1.20545138345771,0.000217371850705283,0.5
0.166369209003495,0,1.20195422185078,0.000212376597535707,0.5
0.158447760084352,0,1.19859208892522,0.000207491623011561,0.5
0.150650204583546,0,1.19527276112383,0.00020259027662438,0.5
0.143522251238939,0,1.19217397064314,0.000197934391243662,0.5
0.136787807939404,0,1.18920514417537,0.000193394416874402,0.5
0.130120704925507,0,1.18626091892736,0.000188838300724218,0.5
0.124032394398166,0,1.18350703970065,0.000184488399881072,0.5
0.118240694359387,0,1.18085182735029,0.000180232975642994,0.5
0.112713825716697,0,1.17828533141236,0.00017606339617557,0.5
0.107466251735447,0,1.17581158498846,0.000171981889860669,0.5
0.102649531486529,0,1.173480325345,0.000168063291517409,0.5
0.0980048860053502,0,1.17120723836634,0.000164201271791504,0.5
0.0936216171613155,0,1.1690210169873,0.000160429458000268,0.5
0.0896398157520946,0,1.16696757649139,0.000156814520566927,0.5
0.0858008462454086,0,1.1649626669136,0.00015325317469175,0.5
0.0821969424171775,0,1.1630359422974,0.000149778891267783,0.5
0.0786834337617567,0,1.16114065540576,0.000146341974975229,0.5
0.0755959572276647,0,1.15938555886115,0.000143070346839557,0.5
0.0725792067017991,0,1.15765532545866,0.000139834156640465,0.5
0.0697880760525119,0,1.15600022690037,0.000136688690631367,0.5
0.0673388258812204,0,1.15445820026247,0.000133684171877628,0.5
0.0649472561139843,0,1.15293647961638,0.000130712833690909,0.5
0.0629283653442055,0,1.1515378522594,0.000127892859562755,0.5
0.0612727497400615,0,1.15025916990671,0.000125225916072867,0.5
0.0595724295554136,0,1.14896731338916,0.000122559658054609,0.5
0.0583932753648369,0,1.14784665358208,0.000120099733281553,0.5
0.0571300058722557,0,1.14670006702323,0.000117634234018086,0.5
0.0560777298312101,0,1.1456236591116,0.000115261258392359,0.5
0.0551491788673787,0,1.14458894752368,0.000112956164552188,0.5
0.0545104772560405,0,1.14365012367685,0.000110776092835978,0.5
0.053542144224076,0,1.14260507708331,0.000108504117381228,0.5
0.053305744619746,0,1.14180015265491,0.000106506386754357,0.5
0.0526859009090198,0,1.1408713580309,0.000104408206742758,0.5
0.052655158949681,0,1.14013556233264,0.000102530528227639,0.5
0.0521827973060401,0,1.13925752663078,0.000100533140933606,0.5
0.052241344272024,0,1.13855345341861,9.87341924545972e-05,0.5
0.0522168724036507,0,1.13782371112374,9.69397040942258e-05,0.5
0.0523293627966912,0,1.13713985464012,9.52126245135221e-05,0.5
0.0525305965544589,0,1.13648615294751,9.35425368502259e-05,0.5
0.0527199192605724,0,1.13583029383865,9.18913036867471e-05,0.5
0.0529087029252835,0,1.13517512046869,9.02652618772141e-05,0.5
0.0534147591083096,0,1.13462449164319,8.87689339210643e-05,0.5
0.0536994564607855,0,1.13400299977457,8.72271629906592e-05,0.5
0.0544951233270407,0,1.13354881819011,8.58758793817016e-05,0.5
0.0551230900665258,0,1.13304139633285,8.45004561791309e-05,0.5
0.0557335945891841,0,1.13252936659668,8.31401126579229e-05,0.5
0.0562365688678556,0,1.13198367886943,8.17675250430256e-05,0.5
0.0569651391852707,0,1.13151231022814,8.04917721841238e-05,0.5
0.0582132450794454,0,1.13121173477111,7.94069958415899e-05,0.5
0.0594563535209469,4.92374231291108e-05,1.13091027318545,7.83544019183229e-05,0.5
0.0631436274639515,0.00378998897756142,1.13165817442874,7.88804177423841e-05,0.5
0.0843532778280678,0.00911975174057914,1.13989740904041,9.05497183347024e-05,0.5
0.0990367073874798,0.0130925445749689,1.14543001164673,9.87453932121227e-05,0.5
0.11871111517564,0.0175562859654977,1.15309174741524,0.000110119059517434,0.5
0.140763432491733,0.021631752936728,1.16183794348287,0.000123550120529289,0.5
0.163858399188935,0.0250634796821848,1.17111351107982,0.000138163720427493,0.5
0.183278423538475,0.0234346257609605,1.17930157796605,0.00015210978935213,0.5
0.205128505534887,0.0269443090517825,1.18802909826302,0.000166316890854887,0.5
0.223484891169002,0.022242830280681,1.19607704955199,0.000180875241927983,0.5
0.245599447482904,0.0278486167712097,1.20471217055936,0.000195169010788976,0.5
0.257092127536041,0.00678265541375844,1.21144677454024,0.000210010893008064,0.5
0.270268883640205,0.0203278064192371,1.21537061807612,0.000216045158257041,0.5
0.285128008632378,0,1.22473324170549,0.000236395532783043,0.5
0.260345217464331,0,1.21226183695057,0.000216036489513546,0.5
0.264156185908662,0,1.21417087891443,0.000220819429802175,0.5
0.258199829493104,0,1.21151132286725,0.000218070150194941,0.5
0.253165494959081,0,1.20915752936557,0.000215435033699526,0.5
0.248458673174654,0,1.20691157681903,0.000212930295491483,0.5
0.243873533898543,0,1.20470693792876,0.000210378388764718,0.5
0.239566631338682,0,1.20259464567265,0.000207875523718558,0.5
0.235340322425198,0,1.200510161139,0.000205328834260091,0.5
0.231450680806051,0,1.19853703759503,0.000202869026010665,0.5
0.227890803143263,0,1.19667295920434,0.000200500320920139,0.5
0.224551245365773,0,1.19488193882609,0.000198168534647596,0.5
0.221360067801011,0,1.19314089907171,0.000195851311699718,0.5
0.218389177823684,0,1.19147305525826,0.000193582624998438,0.5
0.215845082845218,0,1.18994530617131,0.00019145791117136,0.5
0.213449570098298,0,1.18846765918068,0.000189366952981319,0.5
0.211171505830297,0,1.18702952168167,0.000187286613302284,0.5
0.209118709200346,0,1.1856663818705,0.000185278255722525,0.5
0.207350269552773,0,1.1843970706929,0.000183365331864932,0.5
0.205472136542375,0,1.18309325105486,0.000181374654883642,0.5
0.204013366103823,0,1.18192721489614,0.000179540614955677,0.5
0.202406376975119,0,1.18071416281763,0.000177622904348509,0.5
0.201110977206223,0,1.17960413583361,0.000175822275309494,0.5
0.199786678712552,0,1.17848613048048,0.000173997738869071,0.5
0.198698698721665,0,1.17744632479996,0.000172257419756348,0.5
0.197618265183991,0,1.1764107406436,0.000170517627267092,0.5
0.19684045907311,0,1.17547431144085,0.00016888461201707,0.5
0.196190571783847,0,1.17458075645008,0.00016730160562483,0.5
0.19543595302185,0,1.1736542504768,0.000165665227124629,0.5
0.194958347893523,0,1.17281935586268,0.000164141394499666,0.5
0.194493246743731,0,1.17198918597511,0.000162614200781377,0.5
0.194283941212215,0,1.17124346847392,0.000161190639532749,0.5
0.193913817892232,0,1.1704464403718,0.000159699793144991,0.5
0.193755479662545,0,1.16971924662949,0.000158289329997194,0.5
0.193358699596199,0,1.16891546474607,0.000156782158012621,0.5
0.193276722643948,0,1.16821533694402,0.000155401318657316,0.5
0.193078540400806,0,1.16747852385435,0.000153979248061456,0.5
0.193318426517386,0,1.16688495359516,0.00015272964026642,0.5
0.193420128216228,0,1.16624763389508,0.000151436138005063,0.5
0.193387430839703,0,1.16556762823502,0.000150087303033725,0.5
0.193818694141451,0,1.16503995556723,0.000148932650333773,0.5
0.193993519419445,0,1.16442970087418,0.000147684311657801,0.5
0.194414925590208,0,1.16390095742229,0.000146537299758045,0.5
0.194697234101978,0,1.1633276673613,0.00014534171488154,0.5
0.195301236138334,0,1.16286004759089,0.000144277420661376,0.5
0.195838812723657,0,1.16237182054465,0.000143199205395378,0.5
0.196477187621501,0,1.16191734478353,0.000142165642560607,0.5
0.197330474174634,0,1.16153383444514,0.000141227982778327,0.5
0.198284216445883,0.000357458562055465,1.16118395226689,0.000140341678546316,0.5
0.203797961471276,0.00263876836138625,1.16280607069148,0.000142517751577667,0.5
0.214465314855832,0.0056452737867163,1.16660305410643,0.000148105787146105,0.5
0.226021695292582,0.00832216380005891,1.17082554342755,0.000154546302387223,0.5
0.239387092439469,0.0112854514991168,1.1758073091584,0.000162260344101137,0.5
0.25458229767168,0.0140181400672365,1.18161617919443,0.000171470652564888,0.5
0.277112052318804,0.0174692122014188,1.19055818266017,0.000185764640396235,0.5
0.290626332557472,0.0191379193026542,1.19574980621855,0.000194668194865694,0.5
0.309804657073499,0.0216851490843881,1.20332402572332,0.000207258974816999,0.5
0.328934668223065,0.0236257200037408,1.21094609473629,0.000220374630313811,0.5
0.3484308701262,0.0255692822721229,1.21872824285462,0.000233969671895878,0.5
0.357637622729681,0,1.22541615013409,0.000249232774749323,0.5
0.339431228444466,0.0104129357423668,1.21529789882032,0.000232145636751832,0.5
0.389426292048973,0.0113008872481716,1.2365051689426,0.000267574336292725,0.5
0.393661714259965,0.00858927676880297,1.23812298721978,0.000272896355728411,0.5
0.406882458285995,0.00872447251049801,1.24335521620009,0.0002827457917158,0.5
0.422221140179278,0.00844768984115629,1.24956476794274,0.0002948645057672,0.5
0.435363559848939,0.00756363451173935,1.25487930171831,0.000305654727388591,0.5
0.446814323912641,0.00618349882049188,1.25950717375064,0.000315409801959654,0.5
0.455957024552519,0.00416447683183088,1.26319390567762,0.000323697087415373,0.5
0.45796761166713,0.000965403378010952,1.26388207403743,0.000327038283681794,0.5
0.4523289298823,0,1.26140065350583,0.000324876955280468,0.5
0.445533028343878,0,1.25839112992568,0.000321640193107501,0.5
0.442270245927343,0,1.25683303969515,0.000320716060138485,0.5
0.43752250860364,0,1.25461687166755,0.000318658179626609,0.5
0.432985362030867,0,1.25247121077767,0.000316537162655811,0.5
0.428526240816667,0,1.25035238998031,0.000314347500148245,0.5
0.424514528072766,0,1.24838042746489,0.000312294150717721,0.5
0.420628483207289,0,1.24645109263431,0.000310219506674701,0.5
0.416706962605248,0,1.24451145577878,0.000307999071094785,0.5
0.413059724406679,0,1.24266259502444,0.000305847099437455,0.5
0.409789017745627,0,1.24093780307126,0.00030383668532988,0.5
0.406950791312987,0,1.23935486473799,0.000301986080088456,0.5
0.404040632404684,0,1.23774978180192,0.000300009927401542,0.5
0.401254326421655,0,1.23618617084024,0.000298019039861907,0.5
0.398958673560756,0,1.2347832008597,0.000296232746023305,0.5
0.396218349768311,0,1.23323680753329,0.000294125257908523,0.5
0.393866244471732,0,1.23181805182185,0.000292176843973947,0.5
0.391644603766058,0,1.23044274789879,0.000290241454422673,0.5
0.389544782590181,0,1.22910822922843,0.000288319327951501,0.5
0.387701105928464,0,1.22785801283405,0.000286483809012301,0.5
0.385952382227434,0,1.22664026444869,0.000284683345340225,0.5
0.384326912589308,0,1.2254633518858,0.000282886757359155,0.5
0.382834825322836,0,1.22433095359725,0.000281129851199048,0.5
0.381462123739748,0,1.22323841103149,0.00027940043789569,0.5
0.380345964679218,0,1.22223040691999,0.000277783257679539,0.5
0.379354397541337,0,1.2212637120793,0.000276193932757995,0.5
0.378416166338058,0,1.22031543182261,0.000274610418862634,0.5
0.377725787152352,0,1.21944857308291,0.000273127400234492,0.5
0.377162064070552,0,1.21862378275701,0.000271690221249712,0.5
0.376513262797098,0,1.21777241198179,0.000270194204490708,0.5
0.376070531504928,0,1.21698887666304,0.000268781605286972,0.5
0.375540430527345,0,1.21617773632576,0.000267302582926546,0.5
0.375202852059173,0,1.21543017627718,0.000265911370448837,0.5
0.374769435140916,0,1.21465219515074,0.000264449456435723,0.5
0.374787272304368,0,1.21402188871919,0.000263215112126178,0.5
0.374509186686372,0,1.21329605594904,0.000261811678422342,0.5
0.374337516379814,0,1.21260568480256,0.000260446596544271,0.5
0.374424859184372,0,1.21200029327825,0.000259207801838447,0.5
0.374461806945365,0,1.21137937527815,0.000257939958541303,0.5
0.374742850275153,0,1.21083872857958,0.000256795228447015,0.5
0.374694826366651,0,1.21019160286685,0.000255462458233089,0.5
0.374719358785092,0,1.20956929217195,0.000254176605246159,0.5
0.335946162486274,0,1.20895625661406,0.000254471510337868,0.5
0.351025152860952,0,1.20420361413668,0.000244615712672209,0.5
0.339964900512454,0,1.20266364058694,0.000241900985751516,0.5
0.334219169666189,0,1.20004356073469,0.000236916568259169,0.5
0.328955645415174,0,1.19758752359358,0.000232156388961643,0.5
0.324108800023709,0,1.19526838058109,0.000227606887990884,0.5
0.31951754506992,0,1.19303435085842,0.000223174035621046,0.5
0.315214008009543,0,1.19089565859266,0.000218869012566482,0.5
0.310930980575899,0,1.18876552368525,0.000214574327084752,0.5
0.307133433790417,0,1.18679512542934,0.00021050834656427,0.5
0.242156665301999,0,1.18485270800067,0.000208993780464779,0.5
0.261492960676182,0,1.17614670949091,0.000191646368682545,0.5
0.240598963548361,0,1.17285537232783,0.00018587756233431,0.5
0.227551745058331,0,1.16767939119686,0.000176318482904252,0.5
0.21593071697098,0,1.1629807889939,0.00016752744739266,0.5
0.204475490165303,0,1.15833870626109,0.000158851842318153,0.5
0.193910730102202,0,1.15399003288032,0.00015059214210818,0.5
0.18390527417966,0,1.14982735185684,0.00014263008304017,0.5
0.17419028746463,0,1.1457625764208,0.000134842420079476,0.5
0.165462491149992,0,1.14202279091365,0.000127505832971144,0.5
0.15683294952612,0,1.13831848127611,0.000120284782653527,0.5
0.148705790326054,0,1.13478090693442,0.000113317674279573,0.5
0.141135556963336,0,1.13142800997628,0.000106632688120028,0.5
0.0911367941509068,0,1.12821440759232,0.000101924792892304,0.5
0.0993982059503417,0,1.12001800127494,8.68569273325447e-05,0.5
0.0810574574704467,0,1.11612877075019,7.98407898196876e-05,0.5
0.0680396756077316,0,1.11086309889863,7.03977172980212e-05,0.5
0.0562466544719316,0,1.10600828886703,6.15922254856351e-05,0.5
0.0449717562233398,0,1.10132616533536,5.3058243580584e-05,0.5
0.0344030440145132,0,1.09687837381021,4.48726976871019e-05,0.5
0.0244329408875885,0,1.0926301353812,3.6996779586391e-05,0.5
0,0,1.08853604746658,3.11541454442669e-05,0.5
0,0,1.07965983425621,1.58908703218669e-05,0.5
0,0,1.07496991392679,8.06928159788059e-06,0.5
0,0,1.06889953897704,-1.98325329114087e-06,0.5
0,0,1.06347287342696,-1.12068429367329e-05,0.5
0,0,1.05807457766559,-2.02321011599593e-05,0.5
0,0,1.05299847966862,-2.8851286893776e-05,0.5
0,0,1.04812725886056,-3.6404725069144e-05,0.5
0,0,1.04143446911093,-4.73136220104427e-05,0.5
0,0,1.03661906463103,-5.38193547156358e-05,0.5
0,0,1.02800193393764,-6.72792973596527e-05,0.5
0,0,1.02253568797244,-7.5550450957763e-05,0.5
0,0,1.0161894654197,-8.51734548437391e-05,0.5
0,0,1.01035275249565,-9.41287962140457e-05,0.5
0,0,1.00474343145189,-0.000102754296030643,0.5
0,0,0.999272772202639,-0.000110148443880686,0.5
0,0.00398802697457067,0.991995978771562,-0.000120883442910304,0.5
0,0,0.989033012290936,-0.000124140788947794,0.5
0,0.0157250272574577,0.978562339758719,-0.000138751854078139,0.5
0,0.0224266154799139,0.980135030029213,-0.000136559990070798,0.5
0,0.0307707558081547,0.979214122158663,-0.00013796647121105,0.5
0,0.0390395843634207,0.98244420826758,-0.000133759576411554,0.5
0,0.0458841668995964,0.988536287950715,-0.000125690054629726,0.5
0,0.0521881449538194,0.993433065219991,-0.000119035537488628,0.5
0,0.0571289910303647,1.00417602129323,-0.000104489677083918,0.5
0,0.0617412317962681,1.01241740900987,-9.30955960797724e-05,0.5
0,0.0654616077912123,1.02209462299226,-7.95933129214671e-05,0.5
0,0.0520222000073509,1.03164680354992,-6.22523856738599e-05,0.5
0,0.0318703744337696,1.03970492388925,-4.59061000273144e-05,0.5
0,0.0543110566501826,1.05023524916568,-3.57479876097073e-05,0.5
0,0.00898305317337297,1.05700137675229,-1.54358504716641e-05,0.5
0,0.0374171826834837,1.05107718978012,-3.08174185473039e-05,0.5
0,0.0198124713406872,1.07119939547494,2.75899695838696e-06,0.5
0,0.0261721386097094,1.06627335703198,-6.07722483826288e-06,0.5
0,0.025420590483345,1.07642205191775,9.09068328905293e-06,0.5
0,0.0244308929467191,1.08058450954794,1.53490683385032e-05,0.5
0,0.023884934143303,1.0855168512916,2.26722020465965e-05,0.5
0,0.0228817767138624,1.09034196058919,2.99337774817723e-05,0.5
0,0.0220837910941506,1.09782827002631,4.1170626018534e-05,0.5
0,0.0203651200648405,1.10277241389619,4.88001900844285e-05,0.5
0,0.0182918793150433,1.10738210646736,5.59585374569803e-05,0.5
0,0.0160179990453299,1.11119611932069,6.1930333127707e-05,0.5
0,0.0134395316782989,1.11654821810721,7.03445456434384e-05,0.5
0,0.0104959250456241,1.12093748901168,7.73515802606444e-05,0.5
0,0.00696369329854679,1.12419313699585,8.26933486664768e-05,0.5
0,0.00228364110165865,1.12133374739335,7.86155790325188e-05,0.5
0,0,1.11416310874488,6.78717711852214e-05,0.5
0,0,1.09998371591611,4.64280746868683e-05,0.5
0,0,1.0931874896302,3.62200915131505e-05,0.5
0,0,1.08375634540976,2.18925263179185e-05,0.5
0,0,1.07484000496916,8.41837461324748e-06,0.5
0,0,1.06639109792437,-4.47843910201582e-06,0.5
0,0,1.05834426444101,-1.68176485266173e-05,0.5
0,0,1.05069605968933,-2.86188373053346e-05,0.5
0,0,1.04315656566853,-4.00260354453969e-05,0.5
0,0,1.03618272313264,-5.08494068821727e-05,0.5
0,0,1.02943344728511,-6.12581987737671e-05,0.5
0,0.00434044850717576,1.02301514322607,-7.12254913480928e-05,0.5
0,0.00969086532157149,1.02730376230223,-6.6080656693262e-05,0.5
0,0.0134165334259287,1.02898117709825,-6.43216303099731e-05,0.5
0,0.0174898932107471,1.03228349633836,-6.02520546967499e-05,0.5
0,0.0212342725211482,1.03735194350875,-5.36135439312128e-05,0.5
0,0.0243036740161992,1.04609588056316,-4.15312374463326e-05,0.5
0,0.0267769602199815,1.05356652139936,-3.10213960007188e-05,0.5
0,0.0123127048222751,1.0631925293548,-1.36284050129223e-05,0.5
0,0.0247916260063891,1.0651601411195,-1.35362052888115e-05,0.5
0,0.0109735809448391,1.07841042553471,9.17995144117444e-06,0.5
0,0.0189046285255599,1.07774041118009,6.35094434456072e-06,0.5
0,0.0111993019183761,1.09214615959405,2.95736565687714e-05,0.5
0,0.0146286841021832,1.09326687330567,3.05071422282744e-05,0.5
0,0.0119841589585601,1.10591543279164,5.0213112813467e-05,0.5
0,0.0120088568723848,1.11284347072788,6.09027647711069e-05,0.5
0,0.0103295466795598,1.12115190784041,7.40209766388053e-05,0.5
0,0.00818093483201688,1.12692997651862,8.33759238787961e-05,0.5
0,0.00527490315286175,1.13092628666343,9.00298911986571e-05,0.5
0,0.00110907391349755,1.13125683224188,9.10741390848674e-05,0.5
0,0,1.12261242795732,7.82008053218878e-05,0.5
0,0,1.11165000958876,6.16096278550357e-05,0.5
0,0,1.10556706797319,5.25039039367923e-05,0.5
0,0,1.09734548372066,4.00508038889507e-05,0.5
0,0,1.08962769207509,2.82816801959276e-05,0.5
0,0,1.0822648441568,1.69452300422552e-05,0.5
0,0,1.07517551492334,6.01036533825254e-06,0.5
0,0,1.06840940393671,-4.50238763711533e-06,0.5
0,0,1.06180201641635,-1.46903840066222e-05,0.5
0,0,1.05562757185031,-2.44080968748632e-05,0.5
0,0,1.04969918872786,-3.37641945868087e-05,0.5
0,0,1.04380915464444,-4.28705507099753e-05,0.5
0,0,1.03833685872753,-5.15675398742859e-05,0.5
0,0,1.03311691449824,-5.99283402479333e-05,0.5
0,0,1.02794728689329,-6.80359568312112e-05,0.5
0,0,1.02310537137015,-7.57944402587986e-05,0.5
0,0.00410885431436268,1.01852188706623,-8.32569141533457e-05,0.5
0,0.00945749020822764,1.02811637446123,-7.08041845726144e-05,0.5
0,0.0128730681305547,1.03653109465741,-5.94174827550683e-05,0.5
0,0.0166639943408135,1.04564266872959,-4.69769069666837e-05,0.5
0,0.00920403790864343,1.0540867343243,-3.27968684664308e-05,0.5
0,0.0189047078867474,1.06050307615545,-2.55751599949722e-05,0.5
0,0,1.06985698345715,-5.18816799100718e-06,0.5
0,0.00828140074122354,1.05048117969723,-3.86673679872905e-05,0.5
0,0.00843520930377808,1.07779011857227,1.92905652002247e-06,0.5
0,0.00702949281246634,1.07932129948855,4.89524226285858e-06,0.5
0,0.00840691162264886,1.08497794203842,1.29276278933983e-05,0.5
0,0.0092745864835468,1.09430319951183,2.6916693697646e-05,0.5
0,0.00448091278116619,1.10297163898201,4.12191225756303e-05,0.5
0,0.00639204609268292,1.10335134470745,4.13640979693959e-05,0.5
0,0.00630401698924716,1.1154356662291,6.00145475755365e-05,0.5
0,0.00420997279217112,1.11937124246451,6.6727444671098e-05,0.5
0,0.00201786156849009,1.12138659652902,7.02080403567728e-05,0.5
0,0,1.1195929935368,6.7995643258544e-05,0.5
0,0,1.10686662749206,4.88690580585873e-05,0.5
0,0,1.10390573669523,4.43795309103854e-05,0.5
0,0,1.09727225395877,3.44911975407628e-05,0.5
0,0,1.09117650920987,2.52241843528571e-05,0.5
0,0,1.08536824427364,1.62721121997699e-05,0.5
0,0,1.07981179710847,7.62321045501226e-06,0.5
0,0,1.07437455489805,-7.96203168026849e-07,0.5
0,0,1.06924229001037,-8.8960965438337e-06,0.5
0,0,1.06436778032152,-1.66955671575496e-05,0.5
0,0,1.05963567072475,-2.42543178697981e-05,0.5
0,0,1.05513431803461,-3.15521046618191e-05,0.5
0,0,1.05081777170347,-3.86004442070543e-05,0.5
0,0,1.04668633489649,-4.5409619934237e-05,0.5
0,0,1.04259942489392,-5.20398052671784e-05,0.5
0,0.00358242273484625,1.03885186148118,-5.83834031513858e-05,0.5
0,0.00815217606824386,1.04730521910661,-4.72201061609363e-05,0.5
0,0.0113111479068345,1.05307456566703,-3.94755346242222e-05,0.5
0,0.0144752272992488,1.05833696494691,-3.23995918386724e-05,0.5
0,0.0178372599091541,1.06918427039681,-1.71441938987619e-05,0.5
0,0.00534895630866828,1.07689321615011,-2.7097279602623e-06,0.5
0,0.0163136204050336,1.07655030710889,-5.707685325882e-06,0.5
0,0.00612148864920656,1.09158840945729,1.91475650505627e-05,0.5
0,0.0126251011435317,1.09008866594302,1.56331991898147e-05,0.5
0,0.00665785784797767,1.10440854999128,3.86674989970055e-05,0.5
0,0.00986991005139419,1.10527562262598,3.95902104179563e-05,0.5
0,0.00771684442577529,1.11789303742974,5.95253820156355e-05,0.5
0,0.00846219905729337,1.1225608508174,6.69918776318814e-05,0.5
0,0.0080887971177888,1.13140490895857,8.10686210164008e-05,0.5
0,0.00616922050983552,1.13962129607322,9.47482258128043e-05,0.5
0,0.00466987532946457,1.14260131057243,0.000100026580465603,0.5
0,0.00198055365518459,1.1461501617909,0.000106344819630392,0.5
0,0,1.14268306845506,0.000101788508673914,0.5
0,0,1.13230402552193,8.62955822733886e-05,0.5
0,0,1.12920544754498,8.18765338333747e-05,0.5
0,0,1.12327019276353,7.31286914574593e-05,0.5
0,0,1.11776921053054,6.48465626358009e-05,0.5
0,0,1.11243931389418,5.67623942762757e-05,0.5
0,0,1.10732794447819,4.89186448820884e-05,0.5
0,0,1.10242063882814,4.13078999612517e-05,0.5
0,0,1.09771068230491,3.39243627371617e-05,0.5
0,0,1.093190326731,2.67624847265817e-05,0.5
0,0,1.08878988873142,1.97735169218867e-05,0.5
0,0,1.08455036645328,1.29848180044243e-05,0.5
0,0,1.08051192688542,6.42261182843524e-06,0.5
0,0,1.07662250968859,5.25952399827239e-08,0.5
0,0,1.07282958074153,-6.15860437195223e-06,0.5
0,0,1.06928367507526,-1.21158740673512e-05,0.5
0,0,1.0658965044792,-1.78855918899274e-05,0.5
0,0,1.06255252749069,-2.35237327725683e-05,0.5
0,0,1.05934517277736,-2.8987584415528e-05,0.5
0,0,1.05636360556118,-3.42325799186413e-05,0.5
0,0,1.05344506949244,-3.93376296529453e-05,0.5
0,0,1.05066711838915,-4.4274399556989e-05,0.5
0,0,1.04800481285739,-4.90515593485033e-05,0.5
0,0,1.04545623838953,-5.36744907243945e-05,0.5
0,0.00198605734692826,1.04308125257614,-5.81211160556547e-05,0.5
0,0.00733432890345371,1.04998184371191,-4.94586779144181e-05,0.5
0,0.0118867271959253,1.0620790598029,-3.29209827325592e-05,0.5
0,0.00375474322364809,1.06940503120892,-2.00411187914681e-05,0.5
0,0.0145661726790437,1.07026005747063,-2.12221215168372e-05,0.5
0,0,1.08391988111923,3.80526580800648e-06,0.5
0,0.00722243101195186,1.06787763410915,-2.33848554478468e-05,0.5
0,0.0101832043832667,1.09191562427787,1.17509544322289e-05,0.5
0,0.00458840558747391,1.09642452467422,2.04510255797196e-05,0.5
0,0.00971948414830147,1.09701322555153,2.01919945235398e-05,0.5
0,0.00813370442948078,1.11145090047454,4.26703176809901e-05,0.5
0,0.0113487461972297,1.11556439571063,4.8863867057582e-05,0.5
0,0.00903052034724889,1.12601690132252,6.57397278271422e-05,0.5
0,0.0104771618016694,1.13378313624262,7.80978548161859e-05,0.5
0,0.00272824452747811,1.14147703448024,9.21223145383953e-05,0.5
0,0.00470730184832762,1.13905190364054,8.82303026098982e-05,0.5
0,0.00387592550478563,1.14839908370759,0.0001035253031603,0.5
0,0.00149421899714324,1.15036264030301,0.000107657184312184,0.5
0,0,1.1473775940393,0.000103794486147006,0.5
0,0,1.1397621160003,9.25715568668473e-05,0.5
0,0,1.13766565388353,8.96736569747558e-05,0.5
0,0,1.13330166495922,8.33630314723678e-05,0.5
0,0,1.12927487063894,7.73481750759097e-05,0.5
0,0,1.12524936932051,7.13494491129239e-05,0.5
0,0,1.12141328744531,6.55241303454426e-05,0.5
0,0,1.11774019656271,5.98605007112609e-05,0.5
0,0,1.11419917091189,5.43308429738753e-05,0.5
0,0,1.11091914443756,4.90437220816095e-05,0.5
0,0,1.10768156604894,4.38276397021488e-05,0.5
0,0,1.10460398338089,3.87710801093322e-05,0.5
0,0,1.10170755212818,3.38970208419498e-05,0.5
0,0,1.09882305440635,2.90784609761903e-05,0.5
0,0,1.09599279847679,2.4344162441004e-05,0.5
0,0,1.09328732463932,1.97484233310025e-05,0.5
0,0,1.09082772580373,1.53753211149555e-05,0.5
0,0,1.08824366145792,1.09768715189369e-05,0.5
0,0,1.08582511773945,6.73468389382978e-06,0.5
0,0,1.08351563306946,2.62502178314171e-06,0.5
0,0,1.08128868598538,-1.37567559455875e-06,0.5
0,0,1.07920070572468,-5.22246098846415e-06,0.5
0,0,1.07722786309653,-8.944841131158e-06,0.5
0,0.0010637276143099,1.07530518881326,-1.25731065017608e-05,0.5
0,0.0051792031015573,1.08032401518681,-6.10844526028416e-06,0.5
0,0.00890727746743755,1.08856342535766,5.40712073232736e-06,0.5
0,0.0120040463612526,1.09514670521641,1.48104754358292e-05,0.5
0,0.0121120004330811,1.10557633693291,3.07170216783724e-05,0.5
0,0.0171882556303775,1.11271686291812,4.09271360216529e-05,0.5
0,0.00842301202858415,1.12157293798256,5.66116460762049e-05,0.5
0,0.0164836210924171,1.12589225146139,6.20391187512794e-05,0.5
0,0,1.13549911947911,8.2864955232678e-05,0.5
0,0.00156195213707694,1.12120992320189,5.77992219615529e-05,0.5
0,0,1.1318763946191,7.51281491876673e-05,0.5
0,0,1.12186762556146,6.06966233398138e-05,0.5
0,0,1.12110017445919,5.93740461300438e-05,0.5
0,0,1.11788926827855,5.47985458087272e-05,0.5
0,0,1.11491875924336,5.03828409741076e-05,0.5
0,0,1.11197812939668,4.60196214329124e-05,0.5
0,0,1.10921380637249,4.18052801724588e-05,0.5
0,0,1.10664725794605,3.77666356864304e-05,0.5
0,0,1.10409880117801,3.37656938883616e-05,0.5
0,0,1.10168131812987,2.98853272167633e-05,0.5
0,0,1.09929880076258,2.60616315800646e-05,0.5
0,0,1.09693676292283,2.22811427883507e-05,0.5
0,0,1.09479931312964,1.86902346185907e-05,0.5
0,0,1.09267579764424,1.51487143917833e-05,0.5
0,0,1.09059620167962,1.1669468938191e-05,0.5
0,0,1.08858306865255,8.27246624984206e-06,0.5
0,0,1.08673983420286,5.02544564547534e-06,0.5
0,0.000404554748754571,1.08491508556499,1.83414140544257e-06,0.5
0,0.00328313069088222,1.08750672162609,4.99830308053319e-06,0.5
0,0.0065735632530404,1.09488925378606,1.53242913171426e-05,0.5
0,0.00973390628474692,1.1026954653963,2.65542591780893e-05,0.5
0,0.0129716648842513,1.11236753114019,4.07729234452665e-05,0.5
0,0.00389858374837778,1.11957023350396,5.39474086029952e-05,0.5
0,0.0114450831301219,1.12069605608115,5.4365215228471e-05,0.5
0,0.00682853781539272,1.13450430228849,7.6834323412397e-05,0.5
0,0.010488701758151,1.13777663469252,8.18914601642157e-05,0.5
0,0.00840492442612513,1.14843265604353,9.93399955859946e-05,0.5
0,0.0101534579502145,1.15441622387497,0.000109211945985862,0.5
0,0.00838570586949506,1.16341196827204,0.000124450965855785,0.5
0,0.00905328620304049,1.16966028357173,0.000135174373417184,0.5
0,0.00867502407750043,1.17796189351353,0.00014944040891897,0.5
0,0.00767705169727309,1.18476681761669,0.000161644305502298,0.5
0,0.00618104371677207,1.19074812100843,0.000172637683056526,0.5
0,0.00373320352141952,1.19530485218346,0.000181508801046937,0.5
0,0,1.196877640074,0.000185647310555999,0.5
0,0,1.18649824815707,0.000170483585021637,0.5
0,0,1.18586296719169,0.000170474757410376,0.5
0,0,1.18185501098761,0.000165273203467497,0.5
0,0,1.17812848952143,0.000160224983878598,0.5
0,0,1.17451376798883,0.000155272567062436,0.5
0,0,1.17103429050548,0.000150410792885754,0.5
0,0,1.16757258021642,0.000145510607930475,0.5
0,0,1.16431558480606,0.000140799626002224,0.5
0,0,1.16114993849853,0.000136152971622227,0.5
0,0,1.15810161871823,0.000131601369730388,0.5
0,0,1.15516405240069,0.000127144139926362,0.5
0,0,1.1523747060535,0.000122828191355555,0.5
0,0,1.14960291895753,0.000118511492687147,0.5
0,0,1.14698272317174,0.000114341526050263,0.5
0,0,1.14449934175315,0.000110309053740532,0.5
0,0,1.14212407014414,0.000106384300577911,0.5
0,0,1.13985213716333,0.00010256749908428,0.5
0,0,1.13753597135027,9.87072363575475e-05,0.5
0,0,1.13545193153608,9.50813039007634e-05,0.5
0,0,1.13332071747782,9.14236811480651e-05,0.5
0,0,1.13132585141987,8.79037516171936e-05,0.5
0,0,1.12933411848114,8.44043539378868e-05,0.5
0,0,1.12734703776133,8.09219316470482e-05,0.5
0,0,1.1255010711577,7.75867987842022e-05,0.5
0,0,1.123641324731,7.42609191052743e-05,0.5
0,0,1.12189417034499,7.10537342624207e-05,0.5
0,0,1.1201986144827,6.79174290453834e-05,0.5
0,0,1.11851256827845,6.48120435203058e-05,0.5
0,0,1.11687514561208,6.17721473774967e-05,0.5
0,0,1.11527069995502,5.87862417647442e-05,0.5
0,0,1.11379833167934,5.59425068994754e-05,0.5
0,0,1.11233860489329,5.31361027362498e-05,0.5
0,0,1.11094751554728,5.04138475856367e-05,0.5
0,0,1.10955357181945,4.77197596584691e-05,0.5
0,0,1.10825571870146,4.51306543247844e-05,0.5
0,0,1.10705172985862,4.26491127844991e-05,0.5
0,0,1.10591306097868,4.02515650313243e-05,0.5
0,0,1.10479393492601,3.79019351282335e-05,0.5
0,0,1.1037911587289,3.56740882297695e-05,0.5
0,0,1.102788466258,3.34830249900244e-05,0.5
0,0,1.1018429052213,3.13665014876915e-05,0.5
0,0,1.10093679477964,2.93147998817905e-05,0.5
0,0,1.10005728223403,2.73230617006167e-05,0.5
0,0,1.09928305016937,2.54375263653761e-05,0.5
0,0,1.09844184636005,2.35415486400172e-05,0.5
0,0,1.0976946663078,2.1742160264326e-05,0.5
0,0,1.09690897249072,1.99519218080608e-05,0.5
0,0,1.09625936388471,1.82876396454143e-05,0.5
0,0,1.09552735604794,1.66028191070194e-05,0.5
0,0,1.09498880466265,1.50878633459222e-05,0.5
0,0,1.0944456874102,1.3605724360696e-05,0.5
0,0,1.09391635503782,1.21647085962277e-05,0.5
0,0,1.09342734918775,1.07845359731517e-05,0.5
0,0,1.09279199928876,9.33635045003374e-06,0.5
0,0,1.09231387319469,8.01806098956142e-06,0.5
0,0,1.09176069483824,6.68597213828284e-06,0.5
0,0,1.09133899553293,5.46507344525681e-06,0.5
0,0.00263493443119134,1.09082737016804,4.21879918319481e-06,0.5
0,0.00703704334866999,1.09700840925394,1.24615097628351e-05,0.5
0,0.0105675760289555,1.10252528117259,2.01569405184231e-05,0.5
0,0.0142501844161978,1.108992985061,2.92982667988595e-05,0.5
0,0.0178380572572223,1.11669570758828,4.04788586530375e-05,0.5
0,0.0185520935786828,1.12692499815467,5.62346801881083e-05,0.5
0,0.0186716239646267,1.13472282362519,6.87277855720076e-05,0.5
0,0.0085495197251161,1.14258862725586,8.32696077457708e-05,0.5
0,0.0198833768286667,1.14869518237747,9.13041748567397e-05,0.5
0,0,1.15727011173134,0.000110659492050902,0.5
0,0.00468064859692607,1.14620940728526,9.12513881969394e-05,0.5
0,0.00502934701727325,1.1627815778518,0.000117600989669842,0.5
0,0.0037583510438816,1.16516109396094,0.000122810388651665,0.5
0,0.0037357070172127,1.16861365333894,0.000128895314729231,0.5
0,0.00374360163139928,1.17334830649344,0.00013727009833457,0.5
0,0.00320200619550688,1.17756517661588,0.000144988687050116,0.5
0,0.00229485241549286,1.18082213253025,0.000151265120412437,0.5
0,0.000505307956716606,1.182809539477,0.00015562829827471,0.5
0,0,1.18055456249977,0.000153344797422994,0.5
0,0,1.17710512279902,0.000148980572655884,0.5
0,0,1.17589085857613,0.000147999561425844,0.5
0,0,1.17361841730028,0.000145363767594821,0.5
0,0,1.17149271559098,0.000142804743308036,0.5
0,0,1.16948284428268,0.000140338735881311,0.5
0,0,1.16751128966497,0.000137863278651624,0.5
0,0,1.16546807498167,0.000135252067750165,0.5
0,0,1.16356053734882,0.000132750982028174,0.5
0,0,1.16177462586343,0.00013035363620217,0.5
0,0,1.16011201646116,0.000128062350947706,0.5
0,0,1.15839607842542,0.000125679478448745,0.5
0,0,1.15680754977062,0.000123408074740646,0.5
0,0,1.155263695331,0.000121165428652914,0.5
0,0,1.15377907919174,0.000118965323374424,0.5
0,0,1.15229710990011,0.000116749581826007,0.5
0,0,1.15085612303212,0.000114560269926624,0.5
0,0,1.14954728795529,0.000112500364675154,0.5
0,0,1.1483438723032,0.000110545607511731,0.5
0,0,1.14712408580112,0.000108566264649732,0.5
0,0,1.14587041564048,0.000106541957867334,0.5
0,0,1.14468686453381,0.000104584365443199,0.5
0,0,1.14361417675324,0.000102740670508724,0.5
0,0,1.14262823746114,0.000100989798810461,0.5
0,0,1.14162682919993,9.92233290439515e-05,0.5
0,0,1.14068794411416,9.75214061069238e-05,0.5
0,0,1.13989259374462,9.59713205769748e-05,0.5
0,0,1.13910693599338,9.44410297928372e-05,0.5
0,0,1.13828857533692,9.28830787809756e-05,0.5
0,0,1.13760856512092,9.14697948663549e-05,0.5
0,0,1.13690515772227,9.00475823130677e-05,0.5
0,0,1.13630068506666,8.87301920103152e-05,0.5
0,0,1.13568325519222,8.74151537633734e-05,0.5
0,0,1.13510737045353,8.6150225465307e-05,0.5
0,0,1.13455690099303,8.49238574482545e-05,0.5
0,0,1.1340322730164,8.37352125318285e-05,0.5
0,0,1.13353243259729,8.25839191353991e-05,0.5
0,0,1.13305664849712,8.14694305253863e-05,0.5
0,0,1.13271237671411,8.04958723465009e-05,0.5
0,0,1.13230892546572,7.94856753729748e-05,0.5
0,0,1.13195394842864,7.85326530408929e-05,0.5
0,0,1.13161670417625,7.76147019583434e-05,0.5
0,0,1.13119077785935,7.66271320482114e-05,0.5
0,0,1.13085383936905,7.57370972166783e-05,0.5
0,0.000185478699992613,1.13046288909857,7.48119547637096e-05,0.5
0,0.00276341676443215,1.13168819952257,7.62378855901284e-05,0.5
0,0.00560064264335681,1.13595661601496,8.23611565016498e-05,0.5
0,0.00822877282824315,1.13997078844179,8.82744385993066e-05,0.5
0,0.0109451923208993,1.14490550154925,9.56615896910853e-05,0.5
0,0.0138512292319971,1.15067560821248,0.000104462144923296,0.5
0.0177974552656643,0.0174613471814518,1.15972374495091,0.00011842961947053,0.5
0.0387488325079699,0.0202471138811857,1.16798872258261,0.000131682340695484,0.5
0.0558754932792613,0.0108461522396413,1.17583619222199,0.000146322508477268,0.5
0.07454179284493,0.0208282695273796,1.182368182174,0.00015603408966156,0.5
0.0804556030918815,0,1.18907804857308,0.000174433534862596,0.5
0.0667179179786138,0.000689360355137566,1.17983374603289,0.000156268894182219,0.5
0.0837943075336014,0,1.18744352868951,0.000170243533551213,0.5
0.0712075290905176,0,1.1817871201956,0.000162506038637237,0.5
0.0723773079368722,0,1.18173487018672,0.00016288516628815,0.5
0.0701641951941671,0,1.18031314394723,0.000161394622652794,0.5
0.0677986063548828,0,1.17884399579918,0.000159689559835373,0.5
0.0659206676029951,0,1.17753484166383,0.000158160921552942,0.5
0.0642415508279297,0,1.17629174323682,0.000156674776606985,0.5
0.0627548906578703,0,1.17511256534459,0.000155229042782591,0.5
0.0612052606268715,0,1.17391418220937,0.000153723264228049,0.5
0.0597943819863985,0,1.17276225629026,0.000152239377970689,0.5
0.0588509364671174,0,1.17176354437454,0.000150916124988322,0.5
0.0577945931784638,0,1.1707292316082,0.000149525186975976,0.5
0.0567730607449389,0,1.16970727580973,0.000148119703217808,0.5
0.0561341171792831,0,1.1688111800549,0.00014684645960515,0.5
0.0553260130065078,0,1.16786111060023,0.000145490093292146,0.5
0.0548846906493705,0,1.16703130257731,0.00014425648266474,0.5
0.0542618395663674,0,1.16614343433494,0.000142940556385476,0.5
0.0534847475166855,0,1.16520669216071,0.000141545498152261,0.5
0.0528788111572087,0,1.16432616346593,0.000140200183273628,0.5
0.0527252812461524,0,1.16359448357369,0.000139022178659596,0.5
0.0525502850061364,0,1.16285663801771,0.000137829715047616,0.5
0.0525563541034157,0,1.16217854893854,0.000136696486200911,0.5
0.0521499202293314,0,1.16136719987246,0.000135399809141414,0.5
0.0523108638046604,0,1.16074143827348,0.00013430766773652,0.5
0.0521914514743326,0,1.16002527286728,0.000133111653896318,0.5
0.0524669571227374,0,1.15943883278616,0.000132055676667292,0.5
0.0528173083695355,0,1.15887763913454,0.000131031789106818,0.5
0.0532945858579261,0,1.15835846722596,0.000130053608548757,0.5
0.0534699777307722,0,1.1577418280331,0.000128962552590019,0.5
0.0539787836880771,0,1.15723479364177,0.00012799223039796,0.5
0.0544736941568401,0,1.15672403067989,0.000127022653138863,0.5
0.0548836613003107,0,1.15618640551906,0.000126020419889719,0.5
0.0555055966731738,0,1.1557190243879,0.000125097898135547,0.5
0.0562854389407848,0,1.15530378147907,0.000124239396565784,0.5
0.0572379659486798,0,1.15494622279508,0.00012345001272496,0.5
0.0581230221255538,0,1.154567091157,0.000122642159591625,0.5
0.0590842099103254,0,1.15421345748923,0.000121866175972248,0.5
0.0602737939004368,0,1.1539352732351,0.000121181648731381,0.5
0.0617033641895623,0,1.15373606208197,0.000120595431072359,0.5
0.0630126080409201,0,1.15349858835511,0.000119975937591099,0.5
0.0642900461106963,0,1.1532515866402,0.000119350781232962,0.5
0.0659911341914065,0.00108552914887855,1.15314314697987,0.000118890004880399,0.5
0.0759576449813428,0.00371194368533437,1.15657545740909,0.000123885055392432,0.5
0.087212350575893,0.00647131483370871,1.16055625665752,0.000129889405562425,0.5
0.0999801198820347,0.00908646628389877,1.16521615003892,0.000137073336542055,0.5
0.114445778849492,0.0117095783127251,1.17061892160521,0.000145569591958701,0.5
0.130230302966536,0.0141009106613272,1.17662585228111,0.00015521736976397,0.5
0.14691264658572,0.0162929023278812,1.18304904711941,0.000165733253423219,0.5
0.171230506348869,0.0192831793226369,1.19273054420655,0.000181562511120775,0.5
0.190404601481602,0.0190200495661024,1.20050711398902,0.000195170965320813,0.5
0.210461694675861,0.0203350245560233,1.2085097881467,0.000209037651705367,0.5
0.229600766012496,0.0186011902061009,1.21642737484346,0.000223422558181516,0.5
0.250012145423672,0.0208099784792776,1.22450080102772,0.000237824001721062,0.5
0.26777148805978,0.0167426366286912,1.23206284369238,0.000252339024314851,0.5
0.286726942369671,0.0198416974137124,1.23941381062097,0.000265945521519645,0.5
0.304995656145848,0.0157946383191523,1.24720560116914,0.000281216292853267,0.5
0.321024042946684,0.0167734376498778,1.25350580892341,0.000293726690404933,0.5
0.338158261730994,0.00828860529631967,1.26126127611959,0.000309646115595106,0.5
0.356984786813812,0.0112763089138885,1.26858538379835,0.000324175952961971,0.5
0.366738213478666,0,1.27445853005011,0.000338149442479895,0.5
0.342421161471085,0,1.26307079033819,0.000320628605844921,0.5
0.345840361903868,0,1.26466689327691,0.000325417870558655,0.5
0.339189353084698,0,1.26181938097539,0.000322930308064178,0.5
0.333359723015395,0,1.25924363105376,0.000320409084254809,0.5
0.327647296932637,0,1.25670690477788,0.000317896718110461,0.5
0.322296987365732,0,1.25429012688143,0.000315462121975885,0.5
0.317085821216231,0,1.2519194115205,0.000312944315030874,0.5
0.311872897342227,0,1.24954958160001,0.000310291302504527,0.5
0.306916996014074,0,1.24726453651695,0.000307653946549171,0.5
0.301963806027365,0,1.2449816800909,0.000304898915518216,0.5
0.297147174133792,0,1.24274470919343,0.000302115541034206,0.5
0.292577084267963,0,1.24058959992113,0.000299386125725739,0.5
0.288353439360384,0,1.2385483580756,0.000296754445200444,0.5
0.284211318392739,0,1.23653487000303,0.000294079529511571,0.5
0.280434959673298,0,1.23464177355267,0.000291534201726282,0.5
0.276795128952796,0,1.2327946749461,0.00028900592215526,0.5
0.273578222025864,0,1.23108602524124,0.00028662716803567,0.5
0.270497793180392,0,1.2294231048999,0.000284269483892183,0.5
0.267539927570389,0,1.22780108536061,0.000281911297469031,0.5
0.264630001084434,0,1.22619564931302,0.000279517289707505,0.5
0.261973378773844,0,1.2246737720847,0.000277210512381353,0.5
0.259770110075019,0,1.22330000921011,0.000275085183989392,0.5
0.257457638057487,0,1.22189195174634,0.000272868943746326,0.5
0.255364820609137,0,1.2205562916115,0.000270721303044217,0.5
0.253793874876041,0,1.21939145554526,0.000268821388481995,0.5
0.252053264660297,0,1.21817225417926,0.000266796348945835,0.5
0.250272055268911,0,1.21694083956079,0.000264714812560072,0.5
0.248930978514063,0,1.21585362743174,0.000262839513398,0.5
0.247532719781459,0,1.21474859647596,0.000260907532236208,0.5
0.246422874363872,0,1.21373842156908,0.000259104142192027,0.5
0.245449978157205,0,1.21277366388566,0.000257353655711345,0.5
0.244622964177248,0,1.21185702658807,0.000255651707090674,0.5
0.244096741984195,0,1.21103914298471,0.000254092483616495,0.5
0.243323961352442,0,1.21014148966337,0.000252379929897938,0.5
0.242420442044443,0,1.20920228699656,0.000250588510257629,0.5
0.242023422861013,0,1.20842898594381,0.00024905354752933,0.5
0.241368745152193,0,1.20757248000355,0.000247376139116767,0.5
0.241335668210566,0,1.20691906412326,0.000246000730134191,0.5
0.240901650510912,0,1.20613578147347,0.000244418106469121,0.5
0.240751930633332,0,1.20544588063341,0.000242967193593411,0.5
0.240774421362372,0,1.20481278272599,0.000241604476549263,0.5
0.240643090800813,0,1.20413042685373,0.000240162626355781,0.5
0.240439136212854,0,1.20342515665976,0.000238675957436124,0.5
0.240582638632341,0,1.20283352852387,0.000237353151908947,0.5
0.240663866751475,0,1.20222263942949,0.00023601298403631,0.5
0.240823156619761,0,1.20163768527565,0.00023469955917567,0.5
0.241165803812908,0,1.20111298650372,0.000233474350579115,0.5
0.241477930818516,0,1.20057911986054,0.000232239331998784,0.5
0.241611991003436,0,1.19998802379724,0.000230916268894609,0.5
0.241995102963177,0,1.19947862654534,0.000229712339942119,0.5
0.242511446951024,0,1.1990133189988,0.000228581833445273,0.5
0.243097976709358,0,1.19857130768407,0.000227481204818982,0.5
0.243680842669363,0,1.19812886440208,0.000226386733343164,0.5
0.244339653338351,0,1.19771175223005,0.000225331053171529,0.5
0.245018657377781,0,1.19730162404107,0.000224282662835988,0.5
0.245760936009831,0,1.19691287280782,0.000223274921699393,0.5
0.246540855158611,0,1.19653694812333,0.000222288915963861,0.5
0.247921116366364,0,1.19635708401394,0.000221602319648186,0.5
0.248925696129629,0,1.19605545092186,0.000220747967235076,0.5
0.249934856166205,0,1.19575568659569,0.000219886983645071,0.5
0.251240248286748,0,1.19555318240965,0.000219187946841878,0.5
0.252307037620233,0,1.19527362661214,0.000218386345267874,0.5
0.253389155308201,0,1.19499952556254,0.000217590099825697,0.5
0.254577555918897,0,1.19476067683018,0.000216856397809164,0.5
0.25576368700535,0,1.19452165409002,0.000216129494555431,0.5
0.257152711036419,0,1.19434953069572,0.000215516350346769,0.5
0.258299194483784,0,1.19409876805928,0.000214788829550662,0.5
0.259625160573376,0,1.1939071319077,0.000214154599962417,0.5
0.261354086281549,0,1.19384715557534,0.000213723400784588,0.5
0.262657688715213,0,1.19364922769774,0.000213101873439011,0.5
0.264197050126211,0,1.19352868140736,0.000212595606279254,0.5
0.265691875883569,0,1.1933939371138,0.000212074966400524,0.5
0.267352866369826,0,1.19331383590754,0.000211641164352028,0.5
0.268669108404821,0,1.19312220980458,0.00021105951368267,0.5
0.270237700367841,0,1.19301321686612,0.000210597389265529,0.5
0.272027145487161,0,1.19297655065161,0.000210252005372859,0.5
0.273911845781199,0,1.19297138156202,0.00020996300298993,0.5
0.275680225698796,0,1.19292892278989,0.000209631534968362,0.5
0.277527136356759,0,1.19291254590246,0.000209345241188245,0.5
0.279384376292054,0,1.19290004690061,0.000209075954957667,0.5
0.280986451395205,0,1.19280512098514,0.000208697850130936,0.5
0.282925807158902,0,1.19282031221868,0.000208478368842732,0.5
0.284767844768352,0,1.19280485910271,0.000208245366346617,0.5
0.286332328984069,0,1.19269917832953,0.000207871624876689,0.5
0.288038730883653,0,1.19264077490382,0.000207586834147377,0.5
0.289761562181465,0,1.19258796089262,0.000207310217261735,0.5
0.291481208995691,0,1.19253472170932,0.000207041643293586,0.5
0.293364206924205,0,1.19253523638621,0.000206859173510497,0.5
0.295008873503087,0,1.19245859359937,0.000206570226751327,0.5
0.29666835296932,0,1.19238732278544,0.000206290665145494,0.5
0.298267832233682,0,1.192297017761,0.000205988729254535,0.5
0.29993553308984,0,1.19222927688254,0.000205717867283587,0.5
0.301482312826911,0,1.19212298530539,0.000205405198307582,0.5
0.303134498177859,0,1.19205140006714,0.000205140047809024,0.5
0.305041753925414,0,1.19206328617435,0.000205001466858987,0.5
0.30677002365479,0,1.19201747941259,0.000204789578027395,0.5
0.308702745548903,0,1.19203858579448,0.000204671933604601,0.5
0.310577291420062,0,1.19204155314186,0.000204547391857755,0.5
0.312211953311788,0,1.19196688951888,0.000204310704035886,0.5
0.314062000238214,0,1.19196284366582,0.000204177911393158,0.5
0.315714291785344,0,1.19189488848963,0.000203959565469508,0.5
0.294300153954074,0,1.19195551560095,0.000204885780357939,0.5
0.306861466140769,0,1.19001217710762,0.00020083534651344,0.5
0.302132916053164,0,1.18950148552521,0.000200028986700987,0.5
0.301654827198309,0,1.1886830916304,0.000198456500544266,0.5
0.301182995966909,0,1.1878706961918,0.000196888616982261,0.5
0.300911029382842,0,1.18712383050484,0.000195404120688695,0.5
0.299833106362543,0,1.18643486000369,0.000194043885330948,0.5
0.270940957847385,0,1.1855632667916,0.000193513423190424,0.5
0.282766678393313,0,1.18211453783956,0.000186713667693753,0.5
0.274561519329669,0,1.18079537153802,0.000184449864238679,0.5
0.270199364634451,0,1.17863793608888,0.000180578229524284,0.5
0.266591400063508,0,1.17673180122928,0.000177041063233298,0.5
0.263066409248136,0,1.17485402317231,0.000173547338466788,0.5
0.259863995521871,0,1.17308273534211,0.000170179818019221,0.5
0.221734904734238,0,1.17150926209358,0.00016854138102788,0.5
0.234059739613346,0,1.1665546491074,0.000158996202425498,0.5
0.221692470825235,0,1.16427299355555,0.000155046411986818,0.5
0.214728592130593,0,1.1611845252372,0.000149445491116049,0.5
0.208194371623246,0,1.15824348486774,0.000144067436833363,0.5
0.202046980634179,0,1.15543032454678,0.000138858478731702,0.5
0.196180755291134,0,1.15271129535141,0.000133781579078886,0.5
0.190753846397772,0,1.15013769757266,0.000128896461929577,0.5
0.168220611702851,0,1.14771609807338,0.000124930701416806,0.5
0.17068540018158,0,1.1436392643346,0.000117246890598947,0.5
0.15848177817204,0,1.1409617525622,0.000112456466522661,0.5
0.153088165463573,0,1.13773417915274,0.000106447142694333,0.5
0.139498059806755,0,1.13478923135135,0.000101262994860509,0.5
0.135990821280036,0,1.13127803069111,9.47460849808554e-05,0.5
0.0621756392659593,0,1.12832776292907,9.20218084267167e-05,0.5
0.083328284801639,0,1.11904746177749,7.54113613235021e-05,0.5
0.0593625187095111,0,1.11497144360109,6.9003415272445e-05,0.5
0.0447371517666697,0,1.10916918192892,5.93682068033453e-05,0.5
0.0316407771726896,0,1.10388087173085,5.05110732145256e-05,0.5
0.0193499445796156,0,1.09885841231178,4.19712095699561e-05,0.5
0.00726433117538915,0,1.09390757842968,3.36299901708183e-05,0.5
0,0,1.08929656627943,2.56871761101624e-05,0.5
0,0,1.08481598314103,1.79866123820216e-05,0.5
0,0,1.08075724850566,1.07336542326882e-05,0.5
0,0,1.07671004441745,3.62943577938879e-06,0.5
0,0,1.07295346235764,-3.14586720351615e-06,0.5
0,0,1.0691840441805,-9.49021271196845e-06,0.5
0,0,1.06505005755735,-1.67777869518574e-05,0.5
0,0,1.06154649106406,-1.88315885609805e-05,0.5
0,0,1.04995142885347,-3.79961629717579e-05,0.5
0,0,1.04525595727725,-4.43430422866287e-05,0.5
0,0,1.0381539724282,-5.49286492422066e-05,0.5
0,0,1.03175152449304,-6.43954338506956e-05,0.5
0,0,1.02559500866449,-7.36064633316336e-05,0.5
0,0,1.01972021970861,-8.24190387177394e-05,0.5
0,0,1.01417338300775,-9.08390738116337e-05,0.5
0,0,1.00871464014738,-9.89543561864657e-05,0.5
0,0,1.00375063218891,-0.000106674119953894,0.5
0,0,0.998893997048201,-0.0001140997701076,0.5
0,0,0.994307853659249,-0.00012121581467033,0.5
0,0.00716566344496077,0.989868108521135,-0.000128040405736497,0.5
0,0.0179239726521639,0.987280967895268,-0.00013248644040748,0.5
0,0.028023959442964,0.987017610650107,-0.000133770749673413,0.5
0,0.0374316563527567,0.989088465074401,-0.000131927645231049,0.5
0,0.0460639945684781,0.993921404047649,-0.00012639955401933,0.5
0,0.053906172921903,1.00176376246437,-0.000116812850325333,0.5
0,0.0601605768021192,1.01254641972913,-0.000102921886731828,0.5
0,0.0662535848915525,1.02174332378671,-9.09178623537321e-05,0.5
0,0.071564163515255,1.0324833982895,-7.66331318878121e-05,0.5
0,0.05260631692005,1.04104793802629,-5.95361766709593e-05,0.5
0,0.0352350346024549,1.04976692314792,-4.31846312631879e-05,0.5
0,0.0491409724601622,1.06025483258547,-3.12145789226826e-05,0.5
0,0.00112235869830414,1.06668870865468,-1.111087893349e-05,0.5
0,0.0358076386567079,1.05420125449008,-3.70472114005648e-05,0.5
0,0,1.07705106567946,9.43458894999604e-06,0.5
0,0.0120283080271786,1.05208962904594,-3.59460721674774e-05,0.5
0,0.00739055562810009,1.0774395955615,2.46269903072761e-06,0.5
0,0.00685932790049683,1.07228662449609,-5.02911004105432e-06,0.5
0,0.0105977277491139,1.07681705604391,6.6707547835652e-07,0.5
0,0.0125524054096427,1.08456614992195,1.1626237222327e-05,0.5
0,0.014201753479887,1.09102751493174,2.08408662065982e-05,0.5
0,0.0157177020113598,1.09863147329329,3.1835174086625e-05,0.5
0,0.0166347019418793,1.10678765072132,4.38957025008047e-05,0.5
0,0.0173739243847823,1.11511159409148,5.63562261632022e-05,0.5
0,0.0175935891092818,1.12367519123499,6.94040394222273e-05,0.5
0,0.0176332300654096,1.13213994607358,8.24663404376999e-05,0.5
0,0.0166569731686466,1.14035262753882,9.54441685170486e-05,0.5
0.00624314046624234,0.00852162963604688,1.14799089534098,0.00010882770318445,0.5
0.00686815547313615,0.010123614020013,1.1488868385245,0.000110012645410683,0.5
0.0177473993357799,0.0069579823741143,1.15473657523985,0.00011977888290346,0.5
0.0148795702371002,0.00297029693972568,1.15466072940051,0.000120394715708454,0.5
0.00294054232946382,0,1.15067496731138,0.000114805930590561,0.5
0,0,1.1376817256932,9.52945320075761e-05,0.5
0,0,1.13315067245312,8.85814799491694e-05,0.5
0,0,1.12554303819174,7.71852253124735e-05,0.5
0,0,1.11861232386569,6.65776483988244e-05,0.5
0,0,1.11176323927142,5.61349519774739e-05,0.5
0,0,1.1052888930586,4.61241715094049e-05,0.5
0,0,1.09894335248928,3.63488093101345e-05,0.5
0,0,1.09289885339781,2.69375453064393e-05,0.5
0,0,1.08704393846781,1.78174585717327e-05,0.5
0,0,1.08148377166064,9.04076587995716e-06,0.5
0,0,1.07607681847378,5.22009329515311e-07,0.5
0,0,1.07094961560974,-7.6698865420661e-06,0.5
0,0,1.06596090679513,-1.56172648589909e-05,0.5
0,0,1.06117133762496,-2.32939245329479e-05,0.5
0,0,1.05661787852553,-3.06833204840276e-05,0.5
0,0,1.0521815081845,-3.78484024998761e-05,0.5
0,0.00452901539645943,1.04803496764014,-4.47055405048584e-05,0.5
0,0.00991838723748986,1.05762707942344,-3.2202974558976e-05,0.5
0,0.0132407986912956,1.06565154424056,-2.12425083251458e-05,0.5
0,0.0169208072265797,1.07428567356363,-9.36903757380284e-06,0.5
0,0.0133159222903366,1.08328964277831,4.71693913761027e-06,0.5
0,0.020618866735641,1.09118470492502,1.4967767882438e-05,0.5
0,0,1.09769999784122,3.48921124226637e-05,0.5
0,0.00303238781644763,1.08066435398151,2.03986480975024e-06,0.5
0,0,1.09761830041704,2.88875297369534e-05,0.5
0,0,1.0801923921844,3.39357531767158e-06,0.5
0,0,1.07957698641073,1.76501476182068e-06,0.5
0,0,1.07451476548576,-5.89936152175421e-06,0.5
0,0.0014491391209045,1.07024702593307,-1.28327445836878e-05,0.5
0,0.00507115966993744,1.07613165134175,-4.99957005431664e-06,0.5
0,0.00771933833649666,1.08345397077947,5.21882710940066e-06,0.5
0,0.0103271054855382,1.0912825706727,1.63616267359126e-05,0.5
0,0.00310467685895492,1.10032851181351,3.14063501298931e-05,0.5
0,0.00991576977476577,1.09828200703751,2.70342813738244e-05,0.5
0,0,1.11377906952826,5.30531495614726e-05,0.5
0,0.00139431522091668,1.09315752700432,2.06579973980808e-05,0.5
0,0.003701753275298,1.10590098309656,3.95195947155929e-05,0.5
0,0.00314091765477219,1.11051038105647,4.66908210883665e-05,0.5
0,0.00332541920211753,1.11176218295743,4.86143153247866e-05,0.5
0,0.00389441345897252,1.11599546889305,5.49890746054902e-05,0.5
0,0.00401274202624052,1.12082761987201,6.24620163242862e-05,0.5
0,0.00383977474933467,1.12503251477688,6.90726162505519e-05,0.5
0,0.00351038364427218,1.12893437162817,7.52743107287613e-05,0.5
0,0.00282417166487295,1.13112570234735,7.89231804343827e-05,0.5
0,0.00144513595516864,1.13280480484337,8.18866751489752e-05,0.5
0,0,1.13101187464951,7.95689561768014e-05,0.5
0,0,1.12122096611872,6.50347481767501e-05,0.5
0,0,1.11851091980053,6.10135299859618e-05,0.5
0,0,1.1133035770746,5.32870494849473e-05,0.5
0,0,1.1084123208931,4.5904591170814e-05,0.5
0,0,1.10378136528156,3.87889427856993e-05,0.5
0,0,1.09928413879872,3.18439850883788e-05,0.5
0,0,1.09504824225593,2.516461944502e-05,0.5
0,0,1.09100143695055,1.87010341754033e-05,0.5
0,0,1.08703174892046,1.23729981356576e-05,0.5
0,0,1.0834085174831,6.35902791893801e-06,0.5
0,0,1.07964371778264,3.50083770221815e-07,0.5
0,0.00142808773147466,1.07614301107596,-5.41341576221481e-06,0.5
0,0.00542389612784105,1.08302359452655,3.77139215659308e-06,0.5
0,0.00854619539184958,1.09212376585824,1.66087279413298e-05,0.5
0,0.00401822620446164,1.10108055418674,3.1017851527908e-05,0.5
0,0.0103070657102367,1.10288351573266,3.25653930075741e-05,0.5
0,0,1.11474203355234,5.49788099382284e-05,0.5
0,0.000219200302420345,1.09758543192181,2.61363066971478e-05,0.5
0,0,1.10414174843466,3.64756739777935e-05,0.5
0,0,1.09635762862726,2.49423141551653e-05,0.5
0,0,1.09387751433655,2.08090556770549e-05,0.5
0,0,1.09014260635745,1.49898823548347e-05,0.5
0,0.00149398035369722,1.0866716347269,9.42784653409454e-06,0.5
0,0.00540594561084609,1.09560058321649,2.18130611680615e-05,0.5
0,0.00814563865152189,1.10508258078509,3.55962947844936e-05,0.5
0,0.00970143209387546,1.11333954998952,4.79803189961092e-05,0.5
0,0.00283686213152039,1.12090360295512,6.09985266639376e-05,0.5
0,0.00786609388441411,1.11984181967381,5.85537692343976e-05,0.5
0,0.00965074397316229,1.13558294849462,8.24663113989477e-05,0.5
0,0,1.140890118523,9.31482193512107e-05,0.5
0,0,1.1242153667369,6.71324857454594e-05,0.5
0,0,1.12576300936543,6.9873860148694e-05,0.5
0,0,1.12110937915799,6.32141044333177e-05,0.5
0,0,1.11705695054492,5.71576098261761e-05,0.5
0,0,1.11300909410723,5.11340171449894e-05,0.5
0,0,1.10923426275257,4.53602116235603e-05,0.5
0,0,1.10555032377818,3.97019671639217e-05,0.5
0,0,1.10209002157673,3.42576505031031e-05,0.5
0,0,1.09866478018533,2.88905135713259e-05,0.5
0,0,1.09549605711287,2.37596107863709e-05,0.5
0,0,1.09239554684635,1.87367132056286e-05,0.5
0,0,1.08937828046085,1.38261724837708e-05,0.5
0,0,1.08646602456441,9.04686069818066e-06,0.5
0,0.00222300630457189,1.08376119290524,4.46552419377611e-06,0.5
0,0.00675987154614007,1.09409612536098,1.86926356615976e-05,0.5
0,0.0100888901572707,1.10463304331481,3.39088285211133e-05,0.5
0,0,1.11097068869402,4.61254190229626e-05,0.5
0,0.00572637998158137,1.09677814098093,2.28800964524163e-05,0.5
0,0.0102742039258508,1.12030267442627,5.73150041043608e-05,0.5
0,0,1.12302100132543,6.82117623842438e-05,0.5
0,0,1.10921262027371,4.28651332687995e-05,0.5
0,0,1.11117969463787,4.69301830725722e-05,0.5
0,0,1.10782877107814,4.17059038252877e-05,0.5
0,0,1.1048794298344,3.70151176831701e-05,0.5
0,0,1.10207432810743,3.24439103863626e-05,0.5
0,0,1.09931750390009,2.79571206165179e-05,0.5
0,0,1.09663906572381,2.35629541305712e-05,0.5
0,2.63204244697429e-05,1.09410746135907,1.93214349937533e-05,0.5
0,0.0026550858567458,1.09318734527683,1.7338753927944e-05,0.5
0,0.00695043389622137,1.1039815711664,3.251672151277e-05,0.5
0,0.00929814840396883,1.11431431216786,4.78730091723009e-05,0.5
0,0,1.11993472044131,6.0183651829448e-05,0.5
0,0.0023406107591999,1.10661443440299,3.75084473875533e-05,0.5
0,0.00410519068638134,1.1235963176094,6.30041600112332e-05,0.5
0,0.00458205886800927,1.12924397772799,7.20936405335042e-05,0.5
0,0.00635000524840004,1.13625526466642,8.27896910892989e-05,0.5
0,0.00385154023528354,1.14546275349501,9.7927257806007e-05,0.5
0,0.00634002190628638,1.14930351812792,0.000103985731826081,0.5
0,0.00266746323702626,1.16018633411849,0.000122118756096197,0.5
0,0.00289826008525614,1.16005980848692,0.000122542958068918,0.5
0,0.0020813934365802,1.16673803656558,0.000133648812650785,0.5
0,0,1.16845779638041,0.000137429317436723,0.5
0,0,1.1577016825392,0.000121634465180832,0.5
0,0,1.15717185966816,0.000121264001760583,0.5
0,0,1.15308889162199,0.000115658398053262,0.5
0,0,1.14939136311884,0.000110358859867332,0.5
0,0,1.14582061398118,0.000105193843173414,0.5
0,0,1.142347694869,0.000100102184221061,0.5
0,0,1.13902713008975,9.51500155810528e-05,0.5
0,0,1.13582933849138,9.03128583160143e-05,0.5
0,0,1.1327545467304,8.55925622834173e-05,0.5
0,0,1.12985400321831,8.10422315021811e-05,0.5
0,0,1.12712368079809,7.66646024872352e-05,0.5
0,0,1.12438518795056,7.22884330420456e-05,0.5
0,0,1.1217615433233,6.80297651744338e-05,0.5
0,0,1.1193081050598,6.39480991309265e-05,0.5
0,0,1.11696346979262,5.99820240266919e-05,0.5
0,0,1.11468152197835,5.60955685285518e-05,0.5
0,0,1.11250322513735,5.23237260740072e-05,0.5
0,0,1.11046782534782,4.87019267645798e-05,0.5
0,0,1.10847252685067,4.51466429312536e-05,0.5
0,0,1.10651462368269,4.16534361815514e-05,0.5
0,0,1.10461879789573,3.82439904825144e-05,0.5
0,0,1.10288464656494,3.49970342416779e-05,0.5
0,0,1.10110839108599,3.17580784554076e-05,0.5
0,0,1.09946246942188,2.86513056074612e-05,0.5
0,0,1.09786846584404,2.56261988382932e-05,0.5
0,0,1.09634236281337,2.26894352047358e-05,0.5
0,0.00044133276605002,1.09493801803578,1.98822364014743e-05,0.5
0,0.00405320874675978,1.09797346927967,2.35801108586534e-05,0.5
0,0.00830296680903046,1.10684332474262,3.59404520790986e-05,0.5
0,0.0119874966076719,1.1160065676092,4.92029385282876e-05,0.5
0,0.0074438508891758,1.12413782552144,6.26618555119011e-05,0.5
0,0.0156699479742021,1.13227380487147,7.38235961318561e-05,0.5
0,0,1.13953099914358,9.0534685381121e-05,0.5
0,0.00358503032252823,1.12767889029811,6.92370794006107e-05,0.5
0,0.0034235462384211,1.14331659501778,9.35750114265647e-05,0.5
0,0.00220850800625236,1.14400251837114,9.5533356666669e-05,0.5
0,0.00287763924576352,1.14677613810587,9.99194779001739e-05,0.5
0,0.00398324528827442,1.15205505486907,0.000108394155921054,0.5
0,0.0048373453108186,1.1580327033384,0.000118138078024351,0.5
0,0.00513442754196041,1.16272958090674,0.000126075835052705,0.5
0.0117940142077129,0.00549225196748032,1.16831664040465,0.000135457734303015,0.5
0.0255780367629465,0.00558315930426627,1.17402974401155,0.000145232086067587,0.5
0.0387526002284007,0.00532945903676313,1.17951188040284,0.000154795793358731,0.5
0.0507956375536869,0.00465250480857321,1.18454289720553,0.000163791094353315,0.5
0.0607064605785765,0.00340115786253565,1.18870079555994,0.000171528719706742,0.5
0.066629028495445,0.00130162043035817,1.19120202347435,0.000176721569983367,0.5
0.0635836636047658,0,1.18993474080853,0.00017593534009185,0.5
0.0482610882200883,0,1.1834942409941,0.000166811418440306,0.5
0.0449807985475245,0,1.1820289593492,0.00016531101119451,0.5
0.037413574742272,0,1.17876162354773,0.000161011078018888,0.5
0.0306093997206594,0,1.17574672146871,0.000156891508007931,0.5
0.0240274312103725,0,1.17280590529079,0.000152819673001895,0.5
0.0180571699505854,0,1.17006686825083,0.000148936942274546,0.5
0.0120489887635494,0,1.16731754146556,0.000144992331471097,0.5
0.00670335845260037,0,1.16478654200907,0.000141264794495007,0.5
0.00115062544173814,0,1.16218977720432,0.000137422868319085,0.5
0,0,1.15976980302922,0.000133751551430325,0.5
0,0,1.15742167665281,0.00013013965438815,0.5
0,0,1.15505310339387,0.000126478188921633,0.5
0,0,1.15285082267666,0.000122984174052829,0.5
0,0,1.15065031517217,0.000119479798541804,0.5
0,0,1.14857339127807,0.000116097253159463,0.5
0,0,1.14660245642392,0.000112826145547139,0.5
0,0,1.14467719729162,0.000109599161274268,0.5
0,0,1.14272691089442,0.000106343052311871,0.5
0,0,1.14102477335204,0.000103349125853765,0.5
0,0,1.13929118607066,0.000100331743274851,0.5
0,0,1.13765062739163,9.74117606745752e-05,0.5
0,0,1.13607139566355,9.45655858932928e-05,0.5
0,0,1.13444482970235,9.16815416731649e-05,0.5
0,0,1.13296038788294,8.89476463519615e-05,0.5
0,0,1.13139711664796,8.61530810495482e-05,0.5
0,0,1.12986662447284,8.33986340874134e-05,0.5
0,0,1.12844660244201,8.07665450292386e-05,0.5
0,0,1.12705675635405,7.81809914117161e-05,0.5
0,0,1.12565644162828,7.560429963151e-05,0.5
0,0,1.12441414802273,7.3189522675411e-05,0.5
0,0,1.12316514138953,7.07932601147128e-05,0.5
0,0,1.1219815371468,6.84740796475441e-05,0.5
0,0,1.12068016063421,6.60705354383822e-05,0.5
0,0,1.11949565931895,6.37866860889188e-05,0.5
0,0,1.11835710753965,6.15692293195118e-05,0.5
0,0,1.11730913955799,5.94522877475536e-05,0.5
0,0,1.11625328427278,5.73573109426453e-05,0.5
0,0,1.11520895964907,5.52900406744392e-05,0.5
0,0,1.11429909722256,5.33625760793433e-05,0.5
0,0,1.11343013720634,5.14981382962916e-05,0.5
0,0,1.11257408020059,4.96687797727142e-05,0.5
0,0,1.11171322692135,4.78600145492359e-05,0.5
0,0.000787630344768076,1.11092953116334,4.61394997119954e-05,0.5
0,0.00396439917070531,1.11210377827339,4.72135524655326e-05,0.5
0,0.0069093107088426,1.11413469275704,4.96839525688195e-05,0.5
0,0.00982864639415289,1.11628532537964,5.23834135315503e-05,0.5
0,0.0124568269771239,1.11892604258499,5.59257066852162e-05,0.5
0,0.0155034873581831,1.12205401428754,6.017688335694e-05,0.5
0,0.0180110739866911,1.12547750265542,6.50537998272444e-05,0.5
0,0.0205303567265268,1.12911786106333,7.03203570668377e-05,0.5
0,0.0228681539980151,1.1330152204635,7.60870854059622e-05,0.5
0,0.025315972537057,1.13717905355096,8.23222651491711e-05,0.5
0.0101930009471299,0.0276619944751825,1.14157694259936,8.9026549286469e-05,0.5
0.0214697743575193,0.0290788748918433,1.14588577194546,9.5838021361355e-05,0.5
0.0334191132879289,0.0310267312180388,1.15042761231451,0.000103000941801641,0.5
0.0639363685578788,0.0348200680094248,1.16289933080189,0.000122265763999888,0.5
0.063086650286242,0,1.16657078346635,0.000135885493481367,0.5
0.0484315090769031,0.0172797237081864,1.15699169421748,0.000116744300176325,0.5
0.0953292991594956,0.0033486234672261,1.17842631545116,0.000153132325005339,0.5
0.0838790790265501,0.00650008012767361,1.17265272664794,0.000144699918051265,0.5
0.107626129212368,0.00716261392013891,1.18247855662329,0.00016053152918369,0.5
0.115431859899861,0.00600481632059652,1.18554595360575,0.000166688461127417,0.5
0.125354552517396,0.00572135528539137,1.18944071425763,0.000173715508141482,0.5
0.135248737715179,0.00492564096735474,1.19337970309806,0.000181060798216831,0.5
0.138983737941073,0.00300017777559825,1.19474269057566,0.000184412300095083,0.5
0.141736885682747,0.000977798251479708,1.19568442951386,0.000187013792507561,0.5
0.138726207493065,0,1.19423066412337,0.00018584593964462,0.5
0.129677781104987,0,1.19024545958507,0.000180547352468125,0.5
0.126785333985226,0,1.18878461730522,0.000179071329871441,0.5
0.121548961401819,0,1.18634981368383,0.000176066690157003,0.5
0.116861983891218,0,1.18409650541267,0.000173192244059477,0.5
0.112572657215888,0,1.18197441401206,0.000170443416888229,0.5
0.10817946219207,0,1.17981990822768,0.000167588400753214,0.5
0.10451125411323,0,1.17790360038453,0.000164992261300648,0.5
0.10097521969946,0,1.17603208759163,0.000162412449442583,0.5
0.0972783606253586,0,1.1741093278159,0.000159716527034735,0.5
0.0940540759241079,0,1.17234231775256,0.000157179196491409,0.5
0.0909431910345657,0,1.1706136629329,0.000154657949652886,0.5
0.0878709383455255,0,1.16889898611504,0.000152119385708403,0.5
0.0849402889530108,0,1.16723187776412,0.000149610152218217,0.5
0.0822966724013426,0,1.16566003663635,0.000147194681160136,0.5
0.0797642810040773,0,1.16412559921852,0.000144802352913462,0.5
0.0774093364251553,0,1.16265041840126,0.000142461819787366,0.5
0.0753379781392477,0,1.16126878167735,0.000140217340786808,0.5
0.073206373659432,0,1.15986915118057,0.000137939362944332,0.5
0.0712246369866625,0,1.15851970092047,0.000135706223672434,0.5
0.0692003240170706,0,1.15715795805573,0.000133449687485032,0.5
0.0677863891209628,0,1.15599631201208,0.000131417383262229,0.5
0.0663732789543723,0,1.15483616196805,0.000129386811545492,0.5
0.0649024238842004,0,1.15365835375486,0.000127328282579093,0.5
0.0640841238439893,0,1.15269385614368,0.000125511781919499,0.5
0.0633490903869926,0,1.15175785478913,0.000123735680486704,0.5
0.0627731843997387,0,1.15087489099169,0.000122020218726132,0.5
0.0622512524254948,0,1.15001055007387,0.000120331343068882,0.5
0.0616145412453238,0,1.14911034622498,0.000118606327750333,0.5
0.0616116986837457,0,1.14841791314042,0.000117117552007925,0.5
0.0610647564923334,0,1.14754888837754,0.000115446678872711,0.5
0.0612254642154072,0,1.14691163981376,0.000114030644394039,0.5
0.0609850688637943,0,1.14614439868972,0.000112490886288105,0.5
0.0612424305312839,0,1.14554099144101,0.00011113070273699,0.5
0.0617042201091039,0,1.14500496770611,0.000109862972116827,0.5
0.0620598706590714,0,1.14443535150058,0.000108570434486174,0.5
0.0627252022255216,0,1.14396773697544,0.000107398712202524,0.5
0.063207328777779,0,1.14344153747003,0.000106180362156634,0.5
0.0635766915717145,0,1.14287937098162,0.000104932393811301,0.5
0.0642455705190482,0,1.14241617152957,0.000103800592428294,0.5
0.0652971684181952,0,1.14207804054315,0.000102821674782539,0.5
0.0664327074980503,0,1.14176857291484,0.00010189019798947,0.5
0.0677813728882793,0,1.14152916231875,0.000101050457066087,0.5
0.0689077802408281,0,1.14121855493821,0.000100153048823718,0.5
0.0702492063830879,0,1.1409787670201,9.93438145370809e-05,0.5
0.0717295408108982,0.000951713234413708,1.14078493938831,9.86044237416587e-05,0.5
0.0831011717410294,0.00489337824665712,1.14476460172183,0.00010409396629121,0.5
0.0989517354511004,0.0084675271702354,1.15074621497144,0.000112930828550875,0.5
0.115162473959263,0.011965882705642,1.15689367131434,0.000122225243190123,0.5
0.134315981484873,0.0155121485146405,1.16432436839391,0.00013367545441057,0.5
0.159592187773056,0.0173208992391805,1.1746112130133,0.00015013068742764,0.5
0.177906465830493,0.015741610307843,1.18220993163301,0.000163215166975401,0.5
0.200160375093965,0.0194954392985077,1.19098379684978,0.00017749668026361,0.5
0.217910780208353,0.0123509602442815,1.19891250034302,0.000192226992791263,0.5
0.232131361738042,0.0194861307042296,1.20383870171461,0.000200392730819656,0.5
0.254564207095777,0.00973072511951861,1.21408590255671,0.000219370184953276,0.5
0.267273552341774,0.0163835443093697,1.21841128581044,0.000227184040769088,0.5
0.29058922905352,0.0119825665198975,1.22849931830987,0.000245634992454513,0.5
0.305580684455364,0.0146290106264515,1.23423812486616,0.000256694894642311,0.5
0.323248782704835,0.00453689719605036,1.24245377144694,0.000273030518189506,0.5
0.326647708325274,0.00752779305092879,1.24310207184182,0.000275719601245872,0.5
0.348476554890429,0.00614480445300505,1.25224425630125,0.000292865557460647,0.5
0.356231724721493,0.00300113868008061,1.25543087540658,0.000300701609873654,0.5
0.35825927474236,0,1.25618962066907,0.000304147815459475,0.5
0.341590462306098,0,1.24919000207702,0.000294562000880086,0.5
0.340968030587714,0,1.2487918990184,0.000295551362296646,0.5
0.334555195451566,0,1.24601109188144,0.000292773499648181,0.5
0.328820412836076,0,1.24345449874723,0.000290070549269829,0.5
0.323148229267651,0,1.24091914483407,0.000287297174912935,0.5
0.31760757671664,0,1.23842900571374,0.000284486429727639,0.5
0.3125883140451,0,1.23610983788588,0.000281840809475422,0.5
0.307941606732114,0,1.23391369357913,0.000279304787830889,0.5
0.303468870167649,0,1.2317753672203,0.000276747866785968,0.5
0.299343254358997,0,1.22975172555415,0.000274295624311352,0.5
0.295349075267715,0,1.22777214241202,0.000271819507938121,0.5
0.291592457943719,0,1.22587128004914,0.000269388265247855,0.5
0.287915360576431,0,1.22399777217551,0.000266925142308476,0.5
0.284398101275798,0,1.22217765354501,0.000264473810000889,0.5
0.281033616977261,0,1.22040886475731,0.000262046682638664,0.5
0.278115114050457,0,1.2187859697745,0.000259774593639074,0.5
0.275579860498958,0,1.21728934121505,0.000257664267673779,0.5
0.272307093213624,0,1.21555373968234,0.000255099654491457,0.5
0.269806723551622,0,1.21407107103154,0.000252894080859662,0.5
0.26706563479873,0,1.21251149530985,0.00025053385259018,0.5
0.264646518969531,0,1.21105760258669,0.000248278138312246,0.5
0.262204966538744,0,1.20959776071609,0.000245982039668879,0.5
0.259970516798145,0,1.20820612115355,0.00024373884461646,0.5
0.257955716355638,0,1.20688686171669,0.000241568893014158,0.5
0.256004835131215,0,1.20558967950288,0.000239407772354639,0.5
0.254207269137068,0,1.2043433725944,0.000237291130517207,0.5
0.252822412944168,0,1.2032325919701,0.000235364250169439,0.5
0.251344871942516,0,1.2020924959329,0.000233365508176167,0.5
0.250199442271595,0,1.20106163051188,0.000231513828259426,0.5
0.249197351596549,0,1.20007837992317,0.000229719295517963,0.5
0.247966079311626,0,1.19902151096348,0.000227794962910971,0.5
0.24721171773799,0,1.19812089658805,0.000226089862572231,0.5
0.24652580111989,0,1.19724347146564,0.000224412471810325,0.5
0.245748290041324,0,1.19633726297446,0.000222680966980162,0.5
0.245184428988327,0,1.19550142208113,0.000221039404605415,0.5
0.24467748378024,0,1.19468500567444,0.000219420721690209,0.5
0.243874427091571,0,1.19377331451593,0.000217657302752985,0.5
0.243467689640058,0,1.19299160842336,0.000216075836299941,0.5
0.242765608591749,0,1.19211456068228,0.00021435010302865,0.5
0.242356526823338,0,1.19133379156682,0.000212753357563222,0.5
0.241647256544457,0,1.19045577567273,0.000211001720308576,0.5
0.241284129144427,0,1.18969181442578,0.000209420610472077,0.5
0.240998104579642,0,1.18895314261937,0.000207858151886969,0.5
0.240612894040103,0,1.18818348158487,0.000206261170956478,0.5
0.240536001230878,0,1.18751468479705,0.000204795252345947,0.5
0.240558345610614,0,1.18687917726582,0.000203386760512396,0.5
0.240747208305,0,1.18629888159164,0.000202062748033273,0.5
0.240764924059357,0,1.18566339295647,0.000200655546549204,0.5
0.240996572826353,0,1.1850984581666,0.000199351114115201,0.5
0.241252371696964,0,1.18454211948594,0.000198063748952512,0.5
0.241718435998607,0,1.18405506155685,0.000196878615862209,0.5
0.242280599072145,0,1.18360003599807,0.000195745822902921,0.5
0.242655479235029,0,1.18308447153894,0.000194524723732991,0.5
0.243489018652418,0,1.18271887023001,0.0001935149164631,0.5
0.244270208950028,0,1.18233689824636,0.000192495501863143,0.5
0.245196019981008,0,1.18200261993806,0.000191544836451355,0.5
0.245807683656735,0,1.18156672015974,0.000190461431758562,0.5
0.246540650642035,0,1.18117082762213,0.000189430458468437,0.5
0.247345658564926,0,1.18079902557344,0.00018844199007633,0.5
0.248029716173066,0,1.18038858453988,0.00018740789416598,0.5
0.24901109146629,0,1.18007570798432,0.000186515507636488,0.5
0.249768359321192,0,1.17969064121767,0.000185537526804024,0.5
0.250699394119982,0,1.17936277409895,0.000184639093045026,0.5
0.251761467554479,0,1.17907810491455,0.000183808392513033,0.5
0.252923377718115,0,1.17882677689712,0.00018303689066554,0.5
0.254069181268806,0,1.17857101184169,0.000182272164540546,0.5
0.255538707209413,0,1.17842105749437,0.000181655670618819,0.5
0.25672090498676,0,1.17817846278399,0.000180933768918083,0.5
0.258242395090635,0,1.17804693527771,0.000180366099894399,0.5
0.259944055953266,0,1.17797476020825,0.000179898819539932,0.5
0.261616519189459,0,1.17789347432168,0.000179426897310621,0.5
0.263689586246344,0,1.17794308764564,0.00017914267906104,0.5
0.265512642690705,0,1.17791202653623,0.000178772085936616,0.5
0.267600643146823,0,1.17796784479035,0.000178528101243504,0.5
0.27000990240634,0,1.17812869884648,0.000178445196493944,0.5
0.272428515254204,0,1.17829308472904,0.000178386176808319,0.5
0.274601889769808,0,1.17837822896251,0.000178235464880947,0.5
0.277231187825984,0,1.17861227739351,0.00017829809229226,0.5
0.279869369550273,0,1.17884946116211,0.000178385075138231,0.5
0.282415572570237,0,1.17905767664152,0.000178457705161804,0.5
0.257465505567203,0,1.17918887133533,0.000179551565521448,0.5
0.271515140059348,0,1.17682379325321,0.000174710359982237,0.5
0.266538752878494,0,1.17647877067316,0.000174084896703823,0.5
0.265118620913074,0,1.17532323163651,0.000171970059033956,0.5
0.264129536201224,0,1.17431300009436,0.000170036387702813,0.5
0.263223473848747,0,1.17333023368968,0.00016813940790468,0.5
0.262552489854319,0,1.17242526383282,0.00016634122207899,0.5
0.240865843388634,0,1.1715758104825,0.000165485850585715,0.5
0.248961813310979,0,1.16861003353426,0.000159797443913695,0.5
0.242542633852008,0,1.16730782782545,0.000157496224021806,0.5
0.239449785535537,0,1.16555825687548,0.000154273087740988,0.5
0.236290594575556,0,1.16379182267193,0.00015103301714913,0.5
0.21686316729581,0,1.16216151213424,0.000148642390725338,0.5
0.221290152448317,0,1.15899545019075,0.000142673971259073,0.5
0.212456528600164,0,1.15712967491564,0.000139403484491035,0.5
0.20855536484552,0,1.15466274985794,0.000134924292274091,0.5
0.197156419274534,0,1.15256334721851,0.000131302810786068,0.5
0.195829679706656,0,1.1497393629137,0.000126082759006279,0.5
0.133675334195692,0,1.14752064560193,0.000124327567967949,0.5
0.152828276459257,0,1.13991556257038,0.000110409461419182,0.5
0.1333705663696,0,1.13669912559326,0.000105260345114014,0.5
0.121982355222085,0,1.13204625950711,9.73602651650007e-05,0.5
0.111360365950526,0,1.12765524748118,8.9896771048366e-05,0.5
0.101531277904008,0,1.12352516062816,8.27425420224665e-05,0.5
0.0920577803038257,0,1.11951520778393,7.57740666335894e-05,0.5
0.0830771154946735,0,1.11566941977906,6.90313252318368e-05,0.5
0.0744257447963848,0,1.11193494010236,6.2464937430006e-05,0.5
0.0667782620119295,0,1.10853074601574,5.62782750047607e-05,0.5
0.0591773341782554,0,1.10514544451548,5.0187488186896e-05,0.5
0.0519313524049139,0,1.10187922756279,4.42771296801883e-05,0.5
0,0,1.09877286113286,4.05452624018262e-05,0.5
0.0114173380231626,0,1.09136335868676,2.76521367534812e-05,0.5
0,0,1.08771577740363,2.17345876806963e-05,0.5
0,0,1.08279849006036,1.36576776806985e-05,0.5
0,0,1.07832693653089,6.1773591010392e-06,0.5
0,0,1.0740502845137,-1.05925433243249e-06,0.5
0,0,1.06979511527687,-8.13462596942479e-06,0.5
0,0,1.06593901478629,-1.48227052313358e-05,0.5
0,0,1.06218363593083,-2.12981162438414e-05,0.5
0,0,1.05863808857195,-2.61358277835512e-05,0.5
0,0,1.05211054761385,-3.68692922835389e-05,0.5
0,0,1.04814468171901,-4.30107399056952e-05,0.5
0,0,1.04339716527883,-5.04559623699934e-05,0.5
0,0.00570372643311544,1.03904644979417,-5.74009252406002e-05,0.5
0,0.0104362992163027,1.03780959235841,-5.99047579486716e-05,0.5
0,0.018488448298607,1.03521366883083,-6.43982264524183e-05,0.5
0,0.015408121065871,1.03432585134832,-6.58261479091595e-05,0.5
0,0.0279869374128373,1.03321320132935,-6.83355462808659e-05,0.5
0,0.0328842036896152,1.03478631129704,-6.68536024062323e-05,0.5
0,0.039165038477674,1.03540887610402,-6.66678338640961e-05,0.5
0,0.04566630644892,1.03712494641586,-6.49982615843495e-05,0.5
0,0.0510759996995102,1.04751339354081,-5.13042205895092e-05,0.5
0,0.0480266441453811,1.05899401524412,-3.40133069247979e-05,0.5
0,0.036882519120728,1.06615408960927,-2.09661984863689e-05,0.5
0,0.0344140169061957,1.07561123368876,-6.76050111078104e-06,0.5
0,0.031173729671633,1.0847668346884,7.43236525262918e-06,0.5
0,0.0306268952883427,1.09396437256905,2.11853541414982e-05,0.5
0,0.0273402385557386,1.10287199761386,3.51907095119467e-05,0.5
0,0.00585535527578193,1.11045639597112,5.06563084904688e-05,0.5
0,0.0221313257361755,1.10770915312934,4.3458743484759e-05,0.5
0.015576537318281,0.00515131793287122,1.12444873984696,7.18427265436171e-05,0.5
0,0.0116616105922859,1.11682130263945,5.92470957450792e-05,0.5
0.0265735342465125,0.0112071162193032,1.13013728260015,7.95013617100638e-05,0.5
0.0371299277061049,0.00993850721998497,1.13562918056101,8.84269293727443e-05,0.5
0.0463596412752954,0.00924375185185278,1.14046378258108,9.60888566694725e-05,0.5
0.051980187522007,0.00800165509111526,1.14376800386508,0.000101563825508276,0.5
0.0575694941679838,0.00630038940356506,1.14709985743263,0.000107139527193673,0.5
0.0585919780296841,0.0040284914779548,1.14848457863203,0.000109804672392922,0.5
0.0539191115197915,0.00114920625353199,1.14743226243611,0.0001087269133004,0.5
0.0380801627448815,0,1.14157698936133,0.000100253569691842,0.5
0.013769679117539,0,1.13202109549402,8.60569409308865e-05,0.5
0.000744049236511919,0,1.1271194067444,7.87406967897317e-05,0.5
0,0,1.12041689711712,6.87113309656437e-05,0.5
0,0,1.11414281100242,5.91791511310919e-05,0.5
0,0,1.10791453318505,4.97746608321067e-05,0.5
0,0,1.10194916010892,4.06958544586e-05,0.5
0,0,1.09628854565952,3.19672120419766e-05,0.5
0,0,1.09077407243902,2.3467590101797e-05,0.5
0,0,1.08554093502683,1.52918398374559e-05,0.5
0,0,1.08051324184994,7.38716908392616e-06,0.5
0,0,1.07570138758947,-2.45321043451893e-07,0.5
0,0,1.07115717045524,-7.57636299817439e-06,0.5
0,0.00237397685352051,1.06682467690639,-1.46437084989727e-05,0.5
0,0.0067779464829764,1.07152238640181,-8.76846208733875e-06,0.5
0,0.0102478240236733,1.07588874127464,-3.12975595124582e-06,0.5
0,0.0140384364456576,1.08150041289084,4.32388312231584e-06,0.5
0,0.0172827873526956,1.0890208271726,1.47856319288348e-05,0.5
0,0.0201156199513654,1.09735389386466,2.66695487831772e-05,0.5
0,0.0226915335291619,1.10655018584271,4.00384066142982e-05,0.5
0,0.0217653611409763,1.11540181703139,5.37421231877971e-05,0.5
0,0.0241803289977904,1.12414869066516,6.67763191599501e-05,0.5
0,0.00684026884723462,1.13160371596681,8.15395362908345e-05,0.5
0,0.0180556921518188,1.13244719489067,8.09551788057042e-05,0.5
0.0202138494236989,0.00290808895088161,1.14585069419018,0.000104481002289808,0.5
0.000734709784119429,0.00716018106941065,1.13734790566253,9.08069672297744e-05,0.5
0.0301334817060801,0.00694135721326996,1.15063033147621,0.00011154263897457,0.5
0.0342456168965657,0.00440291515958289,1.15311807996734,0.000116371503243894,0.5
0.0343660486988493,0.00235175095769576,1.15379239588493,0.000117925485589086,0.5
0.0301654453717809,0,1.15266922632992,0.000116840183336574,0.5
0.00181408020319897,0,1.1412282880945,9.98194164126189e-05,0.5
0,0,1.13842533158807,9.57237860457264e-05,0.5
0,0,1.13262436709747,8.71344465602804e-05,0.5
0,0,1.12728791460281,7.90289977794032e-05,0.5
0,0,1.1220939412911,7.11015306717991e-05,0.5
0,0,1.11707319436969,6.3374990418106e-05,0.5
0,0,1.11234524470145,5.59677714807249e-05,0.5
0,0,1.10764425968491,4.8643311230178e-05,0.5
0,0,1.10317769044822,4.15787115680955e-05,0.5
0,0,1.09895246183697,3.47882370968623e-05,0.5
0,0,1.09485660758621,2.81707873559431e-05,0.5
0,0,1.09094352588867,2.17715143980258e-05,0.5
0,0,1.08719240668672,1.55751615409879e-05,0.5
0,0,1.08359857809894,9.57631075343342e-06,0.5
0,0.0020926980993202,1.08009429159,3.72930144377806e-06,0.5
0,0.00662233757116735,1.08443731552694,9.09171218481885e-06,0.5
0,0.0100936657788243,1.0890648789598,1.5212404289899e-05,0.5
0,0.0133859772144252,1.09434477677619,2.24122036192413e-05,0.5
0,0.0167586369384825,1.10122953189766,3.20683371955578e-05,0.5
0,0.0197719108610998,1.10919219932136,4.35647121753782e-05,0.5
0,0.0223391899669198,1.11781793156261,5.63170942103727e-05,0.5
0,0.0138033124145795,1.12640062491193,7.12123512371174e-05,0.5
0,0.0221785705392626,1.13222722183553,7.88808847048291e-05,0.5
0,0.0218353239986634,1.14281505709643,9.56351195365155e-05,0.5
0.01488087155015,0.022271687675432,1.15038182347784,0.000107865210797476,0.5
0.0337291163163751,0.0223555011554457,1.15880728254254,0.00012153255119785,0.5
0.0473790461682072,0.0107057940386522,1.16616214373277,0.000135587436764987,0.5
0.0604465662507263,0.0173677818581344,1.17138431984696,0.000143359356798491,0.5
0.0786309901626868,0.00468559333085223,1.18081920921014,0.000161009611330398,0.5
0.0663423015828988,0.00573523883539493,1.17553349967226,0.000152963196156861,0.5
0.0782797910742583,0.00271092039906513,1.18123073205682,0.000162977030144914,0.5
0.0688808107088303,0,1.17787447936258,0.00015896282700835,0.5
0.0440304910378088,0,1.16791215740712,0.000144179024534755,0.5
0.0359761122585039,0,1.16487216468607,0.000140041387604937,0.5
0.0220208960715276,0,1.15938408320543,0.000132108331945829,0.5
0.00909558596860273,0,1.15423791781956,0.000124504856153545,0.5
0,0,1.14932113185203,0.000117151161808415,0.5
0,0,1.14471442969086,0.000110124372688828,0.5
0,0,1.14018976554941,0.000103180290722586,0.5
0,0,1.13608235723053,9.66805857370336e-05,0.5
0,0,1.13204694666852,9.02672827076323e-05,0.5
0,0,1.12800831548852,8.38670254220168e-05,0.5
0,0,1.12444065994109,7.79485850827561e-05,0.5
0,0,1.12072748119758,7.19311478939343e-05,0.5
0,0,1.11729561851875,6.61995341481093e-05,0.5
0,0,1.11395246622215,6.06000545585196e-05,0.5
0,0,1.11081587307583,5.52194773134931e-05,0.5
0,0,1.10786265529631,5.00524030487114e-05,0.5
0,0,1.10496926525996,4.49842150227987e-05,0.5
0,0,1.10221931112127,4.0087063212693e-05,0.5
0,0,1.0994021096536,3.51962188103133e-05,0.5
0,0,1.0968304662367,3.05488113696836e-05,0.5
0,0,1.09436449059177,2.6054037366044e-05,0.5
0,0,1.09197136640274,2.16679179033734e-05,0.5
0,0,1.0896889652393,1.74262490348934e-05,0.5
0,0,1.08768169803427,1.34435662208023e-05,0.5
0,0.00300955398466098,1.08556874275297,9.45959822698191e-06,0.5
0,0.00804036122349708,1.09045813422308,1.55615487445106e-05,0.5
0,0.0123665524580235,1.09472766986661,2.10538761553436e-05,0.5
0,0.017110967606403,1.10249445636947,3.17119728637316e-05,0.5
0,0.0214480414795596,1.11307013940387,4.69174797040359e-05,0.5
0,0.00812768926960436,1.12050592853873,6.10174910869834e-05,0.5
0,0.0221143495303808,1.12434185106647,6.44226532930841e-05,0.5
0,0.00401091955337433,1.13624625807241,8.62444831704811e-05,0.5
0,0.0161571469287323,1.13336831478721,8.00240493622413e-05,0.5
0.00642787323168184,0.0125431483621352,1.14972197321614,0.000106148814249973,0.5
0.0176186311327816,0.0155719482896611,1.15425132724239,0.000113610168694732,0.5
0.0350648276946335,0.00373074762661254,1.16302401876837,0.000129750782219878,0.5
0.0323939620851763,0.00991766793853951,1.16116454548735,0.000126430477109233,0.5
0.0645149794880784,0.0104949692268358,1.17506743388984,0.000148847681349305,0.5
0.0776330396722359,0.00938363704335931,1.18085789791074,0.000159377125638663,0.5
0.0919574790116763,0.00903068729503498,1.18708516464117,0.000170202496707471,0.5
0.106953576635855,0.00809553041600595,1.19366918070345,0.000181914704178989,0.5
0.11878217090558,0.00623364168374975,1.1989648001475,0.000191765093415656,0.5
0.126234141619565,0.00356557509668263,1.20242693468398,0.000198758585949746,0.5
0.126554367488174,0,1.20291193256889,0.00020100750743352,0.5
0.0999106759940894,0,1.19209574040137,0.000185068191916825,0.5
0.0960999905410361,0,1.19065914061757,0.000183673658218953,0.5
0.0839333247526496,0,1.18582651990309,0.000177068240720335,0.5
0.0728952629618195,0,1.1813675190488,0.000170752443826856,0.5
0.0624497442251901,0,1.17710456624153,0.000164653351963198,0.5
0.0518952667860171,0,1.17280910872802,0.000158428861885127,0.5
0.0421862849031838,0,1.16879250755079,0.000152499967310606,0.5
0.0331002121256748,0,1.16498180641485,0.000146779939791496,0.5
0.0247390188760367,0,1.16141072866773,0.000141311077573759,0.5
0.0163283902772501,0,1.15782596058246,0.000135790015798734,0.5
0.00856241183279886,0,1.15445434960568,0.00013049207165808,0.5
0.00129479648774751,0,1.15124794210028,0.000125369384067263,0.5
0,0,1.14807040873873,0.000120264906166615,0.5
0,0,1.14523023337295,0.000115528556087046,0.5
0,0,1.14236454475111,0.000110767129136589,0.5
0,0,1.13970626929366,0.000106226712652067,0.5
0,0,1.13730325139885,0.000101971880713856,0.5
0,0,1.13486605980981,9.76938710604252e-05,0.5
0,0,1.13251671328258,9.35175193725122e-05,0.5
0,0,1.13033940602505,8.95377585343993e-05,0.5
0,0,1.12820294990356,8.56208584527223e-05,0.5
0,0,1.12620664512329,8.18661080661161e-05,0.5
0,0,1.1242570316333,7.81837958707189e-05,0.5
0,0,1.12239678241,7.46140045518492e-05,0.5
0,0,1.12055407547723,7.10920656899933e-05,0.5
0,0,1.11882695025813,6.77064905341869e-05,0.5
0,0,1.11725687513879,6.45028906335192e-05,0.5
0,0,1.11562263359857,6.12761881613457e-05,0.5
0,0,1.11406585343514,5.81492504115092e-05,0.5
0,0,1.11259861544024,5.51390428622957e-05,0.5
0,0,1.11122492326386,5.22514503379893e-05,0.5
0,0,1.10989871302728,4.94538599308485e-05,0.5
0,0,1.10862601869823,4.6730215021089e-05,0.5
0,0,1.10747047100335,4.41471537148724e-05,0.5
0,0,1.10632444229419,4.16139573961672e-05,0.5
0,0.00215150415900254,1.10524449664968,3.91724429861424e-05,0.5
0,0.00660262387305027,1.10903102318527,4.3945736904993e-05,0.5
0,0.0103993172200895,1.11287374165049,4.90762746728488e-05,0.5
0,0.0145626781508012,1.1175060921488,5.53857543850385e-05,0.5
0,0.0184456818756807,1.12324705868627,6.35565877438173e-05,0.5
0,0.0226654218735835,1.13249414004849,7.71470471761135e-05,0.5
0.00823392917424863,0.00988045711570161,1.14131734131947,9.34010886443521e-05,0.5
0.0238875918564217,0.0238945650466303,1.14642494464867,9.93271298407711e-05,0.5
0.043982869337279,0.00517691729739491,1.15682290762283,0.000119177502507718,0.5
0.0515241980652062,0.0190278077061638,1.1584073765087,0.000120039849246749,0.5
0.0799139517678657,0.00961247132769226,1.17147521315573,0.000142689319186336,0.5
0.089393427910947,0.0163247895937586,1.17464225351547,0.000147737410511963,0.5
0.114990307277746,0.0134861187927541,1.1858194931849,0.000166751100435318,0.5
0.131669904988236,0.0167627205151333,1.1924851490224,0.000178259532741315,0.5
0.150495466241947,0.0119196401012806,1.20091805807288,0.000193683298981465,0.5
0.165710488410618,0.0152183960458402,1.20694232723701,0.000204385248203006,0.5
0.18335197072519,0.00383220986617603,1.2155325418125,0.000221216595386848,0.5
0.18101491750436,0.00694325575266944,1.21391238487507,0.000219581695393726,0.5
0.203142047117255,0.00564799232815212,1.22342080438562,0.000236632225977799,0.5
0.208119563901595,0.0022346322861616,1.2256672444026,0.000242452289206877,0.5
0.205213275560683,0,1.22453056793929,0.000242331435735419,0.5
0.187182794436154,0,1.2170874972834,0.000231843003292888,0.5
0.18391693426943,0,1.21570968476392,0.000230881702055432,0.5
0.174722809999616,0,1.21192086210005,0.000226118867798038,0.5
0.166531651875204,0,1.2084629881193,0.000221604102646222,0.5
0.158739465034172,0,1.20513757140149,0.00021721587542504,0.5
0.151345839345014,0,1.20194425152788,0.000212903750236824,0.5
0.144117249532858,0,1.19880722294002,0.000208576603624607,0.5
0.137476288865024,0,1.19586365483565,0.000204436091116989,0.5
0.130920350700874,0,1.19295033646095,0.000200262175413586,0.5
0.124804399293769,0,1.19018240462827,0.000196215584908559,0.5
0.118682024994193,0,1.18741461415496,0.000192103729902613,0.5
0.113065549453951,0,1.184813719021,0.000188160693092159,0.5
0.107698419532677,0,1.18229638172354,0.000184284712439482,0.5
0.102587671360344,0,1.1798643822427,0.000180472290567193,0.5
0.0978752555497631,0,1.17756398703194,0.000176793977634301,0.5
0.0930447657558947,0,1.1752272588379,0.000173032733951784,0.5
0.0885471312764497,0,1.1730007122749,0.000169378438209899,0.5
0.0838618439484187,0,1.17071468127581,0.000165617977241892,0.5
0.0796990920003165,0,1.16860068470759,0.000162050518691628,0.5
0.0756747914645533,0,1.16653369930478,0.000158527721466619,0.5
0.0719089779249811,0,1.16455295205128,0.000155096359319668,0.5
0.0683352936334978,0,1.16263634138069,0.000151731105449059,0.5
0.0648220157149811,0,1.16074110992427,0.00014838182903217,0.5
0.06163108502028,0,1.15895267263465,0.000145155512985204,0.5
0.0584716221541405,0,1.15717631358742,0.000141941885777616,0.5
0.0551580503218589,0,1.15535131408458,0.000138664404639195,0.5
0.0524589869968801,0,1.15372802505114,0.000135623368829101,0.5
0.0499935556711444,0,1.15218213723391,0.000132680343661999,0.5
0.0476839688045985,0,1.15068863166398,0.00012980238367265,0.5
0.0456381857718254,0,1.14928246661979,0.000127032453121089,0.5
0.0437841422694144,0,1.14793988456324,0.000124345647049981,0.5
0.0420450914724611,0,1.14663654083709,0.000121715563381415,0.5
0.0403490433684071,0,1.14534877682965,0.000119115187323607,0.5
0.0388935672835186,0,1.14414071412256,0.000116616616113562,0.5
0.0378703860351826,0,1.14307509155945,0.000114292813982309,0.5
0.0367418630725638,0,1.14197640695012,0.000111952419668495,0.5
0.0356624279922432,0,1.14089509860309,0.00010964487811896,0.5
0.034986160474051,0,1.13994663069242,0.000107499933125016,0.5
0.0342684502889967,0,1.13898590227743,0.000105364702705615,0.5
0.0335488861154081,0,1.13802587951518,0.000103247037018527,0.5
0.0328663279037454,0,1.13707895442011,0.00010116357002798,0.5
0.0326949339378872,0,1.13629997315802,9.92770455539887e-05,0.5
0.0323638217329639,0,1.135470206618,9.73636186667104e-05,0.5
0.0319198809628532,0,1.13460511733629,9.54290260158143e-05,0.5
0.0316606956878632,0,1.13380162660369,9.35772438083382e-05,0.5
0.0316576484154608,0,1.13308251631766,9.1837012294722e-05,0.5
0.0314623712610867,0,1.13230213123012,9.00560042978447e-05,0.5
0.0315203619022383,0,1.13160554990384,8.83774653581077e-05,0.5
0.0313003018853781,0,1.13081943680318,8.6633306572892e-05,0.5
0.0314216638328586,0,1.13014594429303,8.50169358427691e-05,0.5
0.031681982108593,0,1.12951866162292,8.34743908880393e-05,0.5
0.0319704430780309,0,1.12890216734836,8.1959828748617e-05,0.5
0.032321616078583,0,1.12830680035868,8.04913478078857e-05,0.5
0.0331130046111144,0,1.12785640654701,7.91848345574568e-05,0.5
0.034025852500805,0.000529260343862656,1.12744638852214,7.79491734155722e-05,0.5
0.0418682015968542,0.00423799536369548,1.13000301771592,8.11561419709951e-05,0.5
0.054131457874718,0.00816704888383566,1.1344678783848,8.73641967977427e-05,0.5
0.0674674330723885,0.0119646164300925,1.139415524587,9.44735978434289e-05,0.5
0.083062361417774,0.0158119692842444,1.14534516441453,0.000103212583651914,0.5
0.10027497079111,0.0192898365944254,1.15202356293395,0.000113347863765466,0.5
0.118615941056826,0.0225371972946634,1.1592210351413,0.000124517554473634,0.5
0.144279553221397,0.0249350619296854,1.16970837627756,0.000141171470220353,0.5
0.162360173063244,0.0235317287875423,1.17727687874802,0.000154217576161958,0.5
0.179383327938007,0.0147113381677714,1.1851470501555,0.000168769786379512,0.5
0.202014436993418,0.0253508791420134,1.19347617239745,0.00018161955589582,0.5
0.215590107966652,0.00634535545751754,1.20089105351053,0.000197231557623947,0.5
0.222454858377906,0.0168354221861425,1.20235424401176,0.000199374436612114,0.5
0.252556733051619,0.0140760905715829,1.21532118834087,0.000221935200060687,0.5
0.265905634633004,0.0148834945225638,1.22061801288673,0.000232303735067708,0.5
0.285610390673254,0.0149625645175502,1.22876082092671,0.000247160029413094,0.5
0.303374515098512,0.0145299093683993,1.23611616768666,0.000261201667661366,0.5
0.320251558038678,0.0136097313145332,1.24313702718521,0.000274841196273897,0.5
0.337142836446261,0.00818335166086847,1.25062876871731,0.000289861410512769,0.5
0.342014718855917,0.00744483168595619,1.25238922781553,0.000294975092134138,0.5
0.358459343753036,0.0051921732487757,1.25935894719227,0.000308864830635099,0.5
0.366797935297335,0.00155999232969163,1.26293636862999,0.000317479576905216,0.5
0.358255689274167,0,1.25950433573823,0.000314101603182282,0.5
0.345025727698955,0,1.25406171879265,0.000306974132057907,0.5
0.340862091034685,0,1.2523412038336,0.000305969374794138,0.5
0.332694903224664,0,1.24896017095023,0.000302159719999812,0.5
0.32503807341959,0,1.24574824585598,0.000298375501304122,0.5
0.317534662823331,0,1.24258788890243,0.000294548290301506,0.5
0.310489354391494,0,1.23957899932981,0.000290850813957015,0.5
0.303695257030751,0,1.23665354905477,0.000287152534128722,0.5
0.297209064752968,0,1.23383024287444,0.000283504215450943,0.5
0.291009701179456,0,1.23110210621957,0.000279899521043898,0.5
0.285311370419057,0,1.22853853480048,0.00027645751921826,0.5
0.279714509525392,0,1.22600987604875,0.000272977783325175,0.5
0.274287978931582,0,1.22353817583365,0.000269488342877502,0.5
0.269352933036358,0,1.22122828817135,0.000266190756113648,0.5
0.264630795479745,0,1.21898902107331,0.000262920173743147,0.5
0.260206309048984,0,1.21684817713388,0.000259735465034699,0.5
0.256087281856453,0,1.2148084421941,0.000256653937691356,0.5
0.25195657808699,0,1.21276616592161,0.000253495485756077,0.5
0.24817107838217,0,1.21083782418704,0.0002504646811225,0.5
0.244400450437224,0,1.20891560033217,0.000247385998317065,0.5
0.240814718076003,0,1.20705519920741,0.000244361470481606,0.5
0.237348461688002,0,1.20523508329,0.00024135539517446,0.5
0.234268075539172,0,1.20354195538797,0.000238507559192687,0.5
0.231255813555534,0,1.20187250820421,0.000235666956296904,0.5
0.228195426150692,0,1.20018885967088,0.000232771724124455,0.5
0.22547813475813,0,1.19861803951035,0.000230012062229109,0.5
0.222834527433903,0,1.19707225995589,0.000227259127434163,0.5
0.220872623170937,0,1.19574943443781,0.000224812970901298,0.5
0.218770849184343,0,1.19438201978525,0.000222278258298682,0.5
0.216721122649596,0,1.19303287163309,0.000219751477374689,0.5
0.214783919906901,0,1.19172140298195,0.000217261904170239,0.5
0.213051137126346,0,1.1904776661583,0.000214860175130147,0.5
0.211412711816224,0,1.1892657465254,0.000212493489970382,0.5
0.210196589959686,0,1.1881925775737,0.000210324514802659,0.5
0.208880290316869,0,1.18708773300843,0.000208101786690446,0.5
0.208022950047996,0,1.18613334881427,0.000206087462612327,0.5
0.20706877965868,0,1.18514849614128,0.000204032324514379,0.5
0.20628783726272,0,1.18422108014853,0.000202053448350117,0.5
0.205453383664484,0,1.18327717136532,0.00020005025801536,0.5
0.204828315468922,0,1.1824025071335,0.000198145023728312,0.5
0.204260886202948,0,1.18154757031339,0.000196270431103386,0.5
0.203911538765014,0,1.18076445875179,0.000194494684466137,0.5
0.203832681908159,0,1.18007037567396,0.000192850516173175,0.5
0.203666187752766,0,1.17934871944845,0.00019117581788521,0.5
0.203673330149867,0,1.1786847628925,0.000189590038977042,0.5
0.203884232750439,0,1.17808795719483,0.000188104083108462,0.5
0.204038147039972,0,1.17747326953197,0.000186597896529096,0.5
0.204444375655396,0,1.17694165316022,0.000185213571743566,0.5
0.204816423602762,0,1.17639983781553,0.000183829354238148,0.5
0.205286059014762,0,1.17589065454735,0.000182497024254854,0.5
0.205967486218676,0,1.17545135042697,0.00018127313724167,0.5
0.206320368672935,0,1.1749059890012,0.000179918951380004,0.5
0.20700247014662,0,1.17446889176222,0.000178719852247103,0.5
0.20782796861865,0,1.17407944503563,0.000177604201182568,0.5
0.208563598356312,0,1.17366120112345,0.000176453487741916,0.5
0.209415287898504,0,1.17328181564572,0.000175369614718643,0.5
0.210713367753554,0,1.17304825079459,0.000174488804419377,0.5
0.211963002546211,0,1.17280037627041,0.00017362191976911,0.5
0.213181237061811,0,1.17254245763744,0.000172740383416769,0.5
0.214477601333392,0,1.17231081025721,0.000171909775060621,0.5
0.215671092500835,0,1.17204650457031,0.0001710513327122,0.5
0.217011246128762,0,1.17183074297951,0.000170268780805961,0.5
0.218503764327239,0,1.17166539526151,0.000169569992416163,0.5
0.22004906799024,0,1.17151778540317,0.00016890661766192,0.5
0.221546338661066,0,1.17135520562383,0.000168236660694632,0.5
0.223303173548342,0,1.17127829810754,0.000167700529650316,0.5
0.225076958446254,0,1.17120721694402,0.000167183667470373,0.5
0.226829230648655,0,1.17113005747651,0.000166676761683657,0.5
0.228483569613662,0,1.17102166743172,0.000166141403352173,0.5
0.230301585515684,0,1.17096757803618,0.000165694784609311,0.5
0.23208787779502,0,1.17090371064698,0.000165248977965095,0.5
0.233755364225421,0,1.17080190219661,0.000164765624110293,0.5
0.235408467060135,0,1.17069614461202,0.000164287728994241,0.5
0.237035935454585,0,1.17058297526125,0.000163815080271047,0.5
0.239181964572176,0,1.17063917989352,0.000163572903683796,0.5
0.240390507506901,0,1.17039070178416,0.000162948789300008,0.5
0.242343486037372,0,1.1703856367256,0.000162641139082126,0.5
0.244199578968125,0,1.1703496167372,0.0001623181345458,0.5
0.245916399844988,0,1.17026937552928,0.000161948838764676,0.5
0.247463486989171,0,1.17013424442844,0.000161510393106585,0.5
0.249260146107974,0,1.17008149115867,0.000161192809393639,0.5
0.250989848782261,0,1.1700074559174,0.000160857413019443,0.5
0.252756936697722,0,1.16994637539214,0.000160546670801732,0.5
0.254548163184719,0,1.16989386458318,0.00016025678691859,0.5
0.256212976320027,0,1.16980085937838,0.000159921841932951,0.5
0.258015632837027,0,1.16975349863653,0.000159653074645388,0.5
0.25998127381053,0,1.16976015135843,0.00015946941984087,0.5
0.206747731984978,0,1.16973305297184,0.000161500120365745,0.5
0.233958253710826,0,1.16522225823717,0.000152607096771962,0.5
0.220982079393639,0,1.16420563757817,0.00015124394244668,0.5
0.216849686936188,0,1.16209684878451,0.000147609203773329,0.5
0.213403179564729,0,1.16022087679401,0.000144289537836932,0.5
0.209791371979051,0,1.15829171876008,0.000140895451133711,0.5
0.206433300164099,0,1.15644715928742,0.000137596301210315,0.5
0.203777492201039,0,1.15483293424801,0.000134576374759929,0.5
0.20065300678182,0,1.15306790202759,0.000131381782150395,0.5
0.198394460938601,0,1.151587020593,0.000128523644782119,0.5
0.195962147433087,0,1.15005082705026,0.000125613918829735,0.5
0.194115762701604,0,1.14870739106777,0.00012293349475926,0.5
0.192235722416558,0,1.14735493037067,0.000120262147384808,0.5
0.170094642484608,0,1.14612829158815,0.000118587233310288,0.5
0.177752330392916,0,1.14309969749736,0.000112769883178014,0.5
0.171028388550234,0,1.14161024327832,0.000109996398703529,0.5
0.167244596175299,0,1.13958872079865,0.000106266610342829,0.5
0.163849136828413,0,1.13769868581489,0.00010271150902072,0.5
0.128428846842019,0,1.13584378514858,0.000100526793753279,0.5
0.139533277859,0,1.1312411090045,9.21041447342666e-05,0.5
0.127913614532755,0,1.12891678425619,8.81996588972121e-05,0.5
0.121175447006797,0,1.12586516294092,8.29239557140407e-05,0.5
0.115301172133269,0,1.12310251742417,7.80152637437263e-05,0.5
0.109715764441384,0.00175937479686163,1.12043613449951,7.32328757078738e-05,0.5
0.110767315771638,0.00526171533689504,1.1205787957064,7.25619617224045e-05,0.5
0.110767364109831,0.00766066599993001,1.12056484818395,7.18749065801827e-05,0.5
0.110901546955134,0.0100647340135804,1.12083587185308,7.15862950593383e-05,0.5
0.114163214975829,0.0136365377618586,1.12160415341233,7.20064381742269e-05,0.5
0.108581055939568,0.0109568410137468,1.12305544982321,7.39489132528602e-05,0.5
0.11349214189362,0.0165271694354457,1.12238200038066,7.22384102742784e-05,0.5
0.123518356119315,0.0187592083175842,1.12735356575329,7.91168004365741e-05,0.5
0.128512689789665,0.0205990379775785,1.12944048946355,8.19979075760464e-05,0.5
0.136361900011095,0.0230964227966072,1.13269833895561,8.65000645059928e-05,0.5
0.144760851238942,0.0250365906699079,1.13625312596096,9.16502561479828e-05,0.5
0.153491339151305,0.0269155458141089,1.13995372334861,9.70895685001085e-05,0.5
0.162681158437437,0.0285844283319916,1.14387301757208,0.000102966669068529,0.5
0.172155286214719,0.0300534634146632,1.14793347786113,0.000109164396897759,0.5
0.181842692623217,0.0312964669278779,1.15210682962277,0.000115644753595487,0.5
0.191526517733334,0.0321742318158627,1.15631403460406,0.000122304136188191,0.5
0.192451635926573,0.0322732191676718,1.1567660525826,0.000123352918795525,0.5
0.20866485880526,0.0337907937494708,1.16375023561661,0.000134214713621333,0.5
0.226146882438533,0.0347975714384631,1.17134303801649,0.000146435916640548,0.5
0.238957259294836,0.0350452502106609,1.1769698078527,0.000155826168205298,0.5
0.243796026145031,0.0341168261053235,1.17922970473754,0.00016011344922048,0.5
0.273081367353337,0.0351348618316126,1.1919728458864,0.000180630372769929,0.5
0.287020268064051,0.0333145193471897,1.19829772145735,0.00019207062291277,0.5
0.305959131629927,0.034722635540996,1.20647193440432,0.000205867116385058,0.5
0.317630585801867,0.0181465437613223,1.21331827950991,0.00021990832180933,0.5
0.331448852031306,0.0271848690010655,1.21847351426617,0.000228308253349376,0.5
0.351376436729022,0.0189979026662064,1.22805799065173,0.000246045152488631,0.5
0.361246971645977,0.019733007519612,1.23233874389997,0.000254436318990963,0.5
0.36910566010008,0.0158305280006896,1.236208763277,0.000262495118210103,0.5
0.375642108346071,0.0125905613558294,1.23943043871108,0.000269496629329471,0.5
0.379149061359981,0.00841863161552866,1.24142359122136,0.000274518286073621,0.5
0.378238255008129,0.00366578987129453,1.24153869371963,0.000276449701511426,0.5
0.370669700193853,0,1.23886782842982,0.000273713972874953,0.5
0.349378593462164,0,1.23038607991156,0.000261316032489304,0.5
0.341232501936194,0,1.22729042079118,0.000257396016904338,0.5
0.328479437551732,0,1.22228543417683,0.000250404405553561,0.5
0.316751559902713,0,1.21761952921347,0.000243705988836679,0.5
0.305226787628398,0,1.21302261831443,0.000237000413712434,0.5
0.294221510938898,0,1.20859832534464,0.000230437314526631,0.5
0.283473322313372,0,1.20426084459534,0.000223891682046248,0.5
0.273122517134878,0,1.20005623254933,0.000217455804096802,0.5
0.263639866157129,0,1.19613737050762,0.000211364796842158,0.5
0.254210746022978,0,1.19223916791959,0.000205230458523928,0.5
0.245254623879839,0,1.18849811227789,0.000199257737860832,0.5
0.236455024176156,0,1.18481063709754,0.000193298044735383,0.5
0.228544005240565,0,1.18141559297303,0.000187709416054816,0.5
0.220733153271219,0,1.17805589063758,0.000182129556478845,0.5
0.213214807842751,0,1.17479412493812,0.000176644913694736,0.5
0.206201064487591,0,1.17169974016499,0.000171368400465663,0.5
0.199471563584864,0,1.16870031254731,0.000166193241690089,0.5
0.193088719773601,0,1.16581642989547,0.000161155068705219,0.5
0.187028358422692,0,1.16304008913681,0.000156246049016469,0.5
0.180992439843582,0,1.16027427264087,0.000151345695728809,0.5
0.175474909724785,0,1.15767970379044,0.000146656797990367,0.5
0.17011324225334,0,1.15513771099582,0.000142031922961925,0.5
0.165219080255141,0,1.15275055149006,0.000137604189108793,0.5
0.160646825383693,0,1.15047059285432,0.000133318414308649,0.5
0.155765457941638,0,1.14809185281431,0.000128924533507036,0.5
0.151543982813906,0,1.14593055823444,0.000124799365483543,0.5
0.147313521874754,0,1.14376858731775,0.000120697478405216,0.5
0.143565522712427,0,1.14176564963332,0.000116791279811983,0.5
0.140081393413375,0,1.13985097947886,0.000113012205366467,0.5
0.137033721247547,0,1.13808032972791,0.00010941645470752,0.5
0.134017570737593,0,1.13632204029751,0.000105864025694341,0.5
0.13111685607253,0,1.13460328601057,0.000102380259216397,0.5
0.128667576887905,0,1.13303340561371,9.90862489844667e-05,0.5
0.126434297399934,0,1.13153596510168,9.59031442950742e-05,0.5
0.124299127106909,0,1.13007229501665,9.27869164215569e-05,0.5
0.121780495828428,0,1.12848589654594,8.95742595768566e-05,0.5
0.119586030158871,0,1.12700700783375,8.64985795073037e-05,0.5
0.117666599708954,0,1.12561976821875,8.35509570522234e-05,0.5
0.115695276031254,0,1.12421750456528,8.06201013176676e-05,0.5
0.114168990308879,0,1.12296205164455,7.7865642579605e-05,0.5
0.112643651219526,0,1.12170864533686,7.5150831493978e-05,0.5
0.111184960952271,0,1.12047897488435,7.24884258335718e-05,0.5
0.110246036356397,0,1.11941982501576,7.00293425019236e-05,0.5
0.0916345219019146,0,1.11837667475094,6.83482574611761e-05,0.5
0.0981296589926117,0.00179588941778562,1.11562971852737,6.31094437106044e-05,0.5
0.103298610392403,0.00457204392292523,1.11888064833473,6.71326073628283e-05,0.5
0.109042456401272,0.00798978864006567,1.12092757564879,6.95675515336157e-05,0.5
0.118465857793046,0.0119606603447288,1.12452116474435,7.42461445231159e-05,0.5
0.130202685972831,0.0158370175148911,1.12913214994605,8.05978188877914e-05,0.5
0.131263375199871,0.0188356052966225,1.12916359687247,8.03048977943842e-05,0.5
0.1411004402383,0.0225971205430345,1.13294634635613,8.54609824384021e-05,0.5
0.164137423743197,0.0267422320245948,1.14246007232742,9.94120096431694e-05,0.5
0.178446604396173,0.0295918806153882,1.14829502227494,0.000108363894849009,0.5
0.196327569460539,0.0327376946616304,1.15565625068628,0.000119574546706798,0.5
0.219573172583352,0.0315930105927734,1.16580737030255,0.000135981216501064,0.5
0.238519002972787,0.0337610701143533,1.17373936986999,0.000148791997460499,0.5
0.257227159712226,0.0311461641764755,1.18205816302546,0.000162980876472184,0.5
0.277540772442139,0.0334436473694677,1.19057507068035,0.000177047431835331,0.5
0.284849661749293,0.0024623648282334,1.1968272849366,0.000191887087238331,0.5
0.281568371628283,0.0207072827717332,1.19340327969118,0.000184965921909002,0.5
0.312408205732285,0,1.20910171421316,0.000213686280780425,0.5
0.273487012361444,0.00148557898370012,1.19160049863788,0.000186214512588344,0.5
0.295771608109152,0.000686195090418934,1.20126608968174,0.000202242496691446,0.5
0.285132443131764,0,1.19696537160044,0.000196987288357577,0.5
0.272072042274999,0,1.19145848410339,0.000188997760394674,0.5
0.266989165226829,0,1.18927358787131,0.000186255204702757,0.5
0.259176381032041,0,1.1859359481257,0.000181671232101186,0.5
0.251884762339147,0,1.18277178927555,0.00017719826680553,0.5
0.244803172956022,0,1.17967857255904,0.000172767010052044,0.5
0.238257229991692,0,1.17676182174565,0.000168499836542264,0.5
0.231947204358706,0,1.17392473645411,0.000164289758794459,0.5
0.226111734927884,0,1.17124439306192,0.000160232041622968,0.5
0.220207886115117,0,1.16854435462602,0.000156108098021113,0.5
0.214848671381578,0,1.16602400834302,0.000152174878421139,0.5
0.209704877020098,0,1.16357609337662,0.000148305356968514,0.5
0.204689038321995,0,1.16117203542383,0.000144460845608234,0.5
0.200030420970121,0,1.15888634508021,0.00014073925995712,0.5
0.195649171572126,0,1.15669359057095,0.000137119633643939,0.5
0.191621129243115,0,1.15461756648406,0.000133624117544309,0.5
0.187780203611998,0,1.15260500995563,0.000130199894227035,0.5
0.184151710908896,0,1.15066319901177,0.000126848894611107,0.5
0.18080886950119,0,1.14881694388583,0.000123611193743022,0.5
0.17778258311868,0,1.14707531431552,0.000120493284368759,0.5
0.175037971021824,0,1.14542760349534,0.000117489082715882,0.5
0.172405499217404,0,1.1438182027799,0.000114533923668593,0.5
0.170490574233816,0,1.14244459988898,0.000111853893511639,0.5
0.168227769936139,0,1.14095919784113,0.000109064235532935,0.5
0.16638699741639,0.000362461857143207,1.13961322558681,0.000106434481284368,0.5
0.169442193027657,0.00350968919585752,1.14035173499628,0.000106947133664676,0.5
0.178679064501479,0.0066330467665378,1.14379575703524,0.000111680794754518,0.5
0.187485945399933,0.00966831150734352,1.14705782711875,0.000116274662110857,0.5
0.198697052289148,0.0127409850593079,1.1513651657126,0.00012253540319014,0.5
0.211522511021033,0.0156528261997494,1.1563942746854,0.000130072814396171,0.5
0.225529433334628,0.0183932681487583,1.16195708169389,0.000138598985392709,0.5
0.254289389484129,0.0222660662616047,1.17385260842983,0.000157006924477844,0.5
0.26166968595451,0,1.1794557197566,0.000169987395602802,0.5
0.240078937330906,0.0124108665430521,1.16811136342527,0.000150255752120403,0.5
0.294086557347051,0.0112825014071734,1.19153129703343,0.000187498338237328,0.5
0.303052761756511,0.0126587866885804,1.19505311592796,0.000194587528194464,0.5
0.3219285924161,0.0097792846685849,1.20331929555225,0.000208750492907873,0.5
0.339310304033908,0.0132997772340344,1.21028733000748,0.000220744332309865,0.5
0.358170520118275,0.00702770821546026,1.21890400274499,0.000236546573932604,0.5
0.36726004752752,0.0098848155212613,1.2223210277094,0.000243167093898958,0.5
0.390052268278924,0.00947622434817453,1.23205543641441,0.000260407639429971,0.5
0.403903205828608,0.00827840274790068,1.23797081661784,0.000271982775551934,0.5
0.422026178674616,0.00778142361067296,1.2456787714438,0.000286387951477615,0.5
0.43922733216193,0.0048444950955817,1.25323673928857,0.000301084586754306,0.5
0.446439900738535,0.00286007482190096,1.25633603130877,0.000308331311233309,0.5
0.450293052285971,0,1.25821011490066,0.000313536634668862,0.5
0.425734693690807,0,1.24819340220402,0.00029889394910753,0.5
0.424035020759171,0,1.24755260291362,0.000299275418009019,0.5
0.414029957726673,0,1.24354021777082,0.00029431446209338,0.5
0.405199134438793,0,1.23991519662861,0.000289640032271881,0.5
0.396521089170414,0,1.23634181793562,0.000284960469248476,0.5
0.388378702872984,0,1.23294513009599,0.00028042531582656,0.5
0.38051413250061,0,1.22964130586918,0.000275918187406727,0.5
0.372916766734454,0,1.22642689091466,0.000271438055050847,0.5
0.365597683256094,0,1.22330510373829,0.000266987727682467,0.5
0.358684292945572,0,1.22031768562938,0.000262662268933562,0.5
0.352197849914272,0,1.21747146193643,0.000258478036355769,0.5
0.345767724817132,0,1.21464547084825,0.000254224732762547,0.5
0.339658539724699,0,1.21192626855209,0.000250072246766703,0.5
0.333998786162906,0,1.20935508429895,0.00024607539819384,0.5
0.328618483229239,0,1.20687678419882,0.000242159664853421,0.5
0.323474467756392,0,1.2044776270892,0.000238318329512595,0.5
0.319003738903179,0,1.20229932969296,0.000234765802684849,0.5
0.314475762574138,0,1.20010418592705,0.000231137582706408,0.5
0.309990135681917,0,1.19792447718744,0.000227475832839678,0.5
0.305794408556878,0,1.19584093394642,0.000223923500430584,0.5
0.301734754168627,0,1.19380357314385,0.000220411043597568,0.5
0.298066585645629,0,1.19189507231982,0.000217050813899595,0.5
0.294486815699174,0,1.19001711804287,0.000213714253780322,0.5
0.291287720113606,0,1.1882647744183,0.000210540275003157,0.5
0.288046101828208,0,1.18650025482982,0.000207330793914764,0.5
0.285241258506499,0,1.18487926857903,0.000204303777315489,0.5
0.282613759835792,0,1.18331749408812,0.000201351331165482,0.5
0.280100704392281,0,1.18179456266617,0.000198443808454517,0.5
0.277412280255453,0,1.18021647697034,0.000195458484532225,0.5
0.275582668380647,0,1.17891912770897,0.000192853415004076,0.5
0.273376226997309,0,1.1775007181226,0.000190086625020066,0.5
0.27180149681704,0,1.17628924595772,0.00018759405963764,0.5
0.270099108353962,0,1.17503739011158,0.000185047996348376,0.5
0.268627956795099,0,1.17386236328678,0.000182608475449947,0.5
0.267555127886603,0,1.17281818081107,0.000180351081522985,0.5
0.266404221377627,0,1.17174993295443,0.000178069332902428,0.5
0.265293265473868,0,1.17069593692671,0.000175807221530456,0.5
0.264408877270483,0,1.1697170334237,0.000173655283904744,0.5
0.263881124547184,0,1.16885536680785,0.000171668599409707,0.5
0.235579275883834,0,1.16806360118074,0.000170936209024442,0.5
0.247425905897899,0,1.1647460321,0.000164155098103552,0.5
0.239139365805381,0,1.16330733147707,0.000161476782814597,0.5
0.235574611771162,0,1.16138603173067,0.000157714164553449,0.5
0.232337417297226,0,1.15957681571021,0.0001541162117618,0.5
0.229374232960168,0,1.15785834215724,0.000150646349857931,0.5
0.226368476961788,0,1.1561277253446,0.00014717047881518,0.5
0.182359588624231,0,1.15447123384639,0.000145487136073293,0.5
0.19786246597488,0,1.14922126498629,0.000135286002302379,0.5
0.184308746812003,0,1.14693068900754,0.000131261069142246,0.5
0.176884708628853,0,1.14366158844027,0.00012531739630289,0.5
0.169942730315161,0,1.14055803469434,0.000119637010690764,0.5
0.163474135491821,0,1.13761065862082,0.000114160283438612,0.5
0.157114455367026,0,1.13470153427102,0.000108760548942928,0.5
0.151347379931122,0,1.13198814483704,0.000103610732835876,0.5
0.145622174242188,0,1.1292914030826,9.85219262181437e-05,0.5
0.071960752770064,0,1.12664563704888,9.63065193650929e-05,0.5
0.0979645530151556,0,1.1185358300089,8.12754171242816e-05,0.5
0.0751665402802512,0,1.1150345246639,7.57216538625694e-05,0.5
0.0624520346258873,0,1.10990623744457,6.7080026497189e-05,0.5
0.0515662431931983,0,1.10538895760179,5.92750135869923e-05,0.5
0.0406111441982673,0,1.10085167194336,5.15201854923065e-05,0.5
0.0302437730515159,0,1.09651023639602,4.40410083634166e-05,0.5
0.0204864974643469,0,1.09237195345599,3.68409801216053e-05,0.5
0.0113725241030907,0,1.08844752875182,2.99221364930287e-05,0.5
0.00279180858338396,0,1.08470093728274,2.3252845565282e-05,0.5
0,0,1.08113972750864,1.68346859224688e-05,0.5
0,0,1.0775794777771,1.05347143241114e-05,0.5
0,0,1.07437347036694,4.59695514570963e-06,0.5
0,0,1.07128644505162,8.21372428808376e-07,0.5
0,0,1.06451694943034,-1.09614093749857e-05,0.5
0,0,1.06101617863944,-1.66236659692628e-05,0.5
0,0,1.05654476838099,-2.40814144687713e-05,0.5
0,0,1.05239823309808,-3.10264935316886e-05,0.5
0,0,1.0483488874667,-3.77907065010312e-05,0.5
0,0,1.0445266261122,-4.42798297681832e-05,0.5
0,0,1.04090559436786,-5.05013415112415e-05,0.5
0,0,1.0374115415057,-5.63811434049902e-05,0.5
0,0.00480395298079578,1.03381478720848,-6.2574255575788e-05,0.5
0,0,1.03611830605218,-5.57341264228358e-05,0.5
0,0,1.01902875380065,-8.17153122935132e-05,0.5
0,0,1.01591246919891,-8.52731712056053e-05,0.5
0,0,1.00829936366215,-9.60175169572327e-05,0.5
0,0,1.00167717769448,-0.000105262693758998,0.5
0,0.00781295046638462,0.995231445648238,-0.000114317453905319,0.5
0,0.0159678398726628,0.99578602688172,-0.000113936887337509,0.5
0,0.0237922403574763,0.99441153050454,-0.000116193894628376,0.5
0,0.0318485456700947,0.994838094609665,-0.000116006178410085,0.5
0,0.0392524733897655,0.996157912837958,-0.000114517569139035,0.5
0,0.0457091896344515,1.00189696817918,-0.00010701935911699,0.5
0,0.0510244914396501,1.00545914572192,-0.00010209093925503,0.5
0,0.0553424434345608,1.01910265676108,-8.35836647960545e-05,0.5
0,0.0452018405808042,1.02719440585144,-6.88860135613706e-05,0.5
0,0.0262186128192666,1.03530980082074,-5.2609233689961e-05,0.5
0,0.048917735797242,1.04194914392004,-4.80113917489755e-05,0.5
0,0.0210925003278787,1.05279990030759,-2.55841268592269e-05,0.5
0,0.0395323398947648,1.05805738482169,-2.20856940774802e-05,0.5
0,0,1.06777775285968,1.42403564726862e-06,0.5
0,0.0246267685593806,1.04415046686599,-3.98343730503129e-05,0.5
0,0.015875410245298,1.0768705117082,1.05038445880661e-05,0.5
0,0.0178133496890183,1.07536542179249,8.04291330318272e-06,0.5
0,0.0184573302902751,1.0831206735235,1.93248718442498e-05,0.5
0,0.0187034762832305,1.09370803177443,3.51651074761203e-05,0.5
0,0.0182133189210076,1.09913614643889,4.34824890359823e-05,0.5
0,0.01751304887515,1.10391229246088,5.07668987571151e-05,0.5
0,0.0167042659583601,1.11243675151694,6.38739620363069e-05,0.5
0,0.0147793508840253,1.1178088936364,7.24558202406194e-05,0.5
0,0.0126921644488704,1.1224270614189,7.9855257506435e-05,0.5
0,0.00988940996552222,1.12592669380706,8.56580961245717e-05,0.5
0,0.00658598109022927,1.12740071150487,8.83523251935059e-05,0.5
0,0.00294323891986422,1.12801146002413,8.9724957489818e-05,0.5
0,0,1.12279215081981,8.21280028972516e-05,0.5
0,0,1.10823888367529,6.00848871203711e-05,0.5
0,0,1.10278639283582,5.19634229594907e-05,0.5
0,0,1.09409527644836,3.88398685602664e-05,0.5
0,0,1.08621250168055,2.67418950452907e-05,0.5
0,0,1.07848200403274,1.49320645622759e-05,0.5
0,0,1.07125749588124,3.70917248810424e-06,0.5
0,0,1.06424465518815,-7.13308082491135e-06,0.5
0,0,1.05758735021397,-1.7530968493449e-05,0.5
0,0,1.0510840374861,-2.75877828638127e-05,0.5
0,0,1.04501801592788,-3.716980785803e-05,0.5
0,0,1.03915013617343,-4.64147926165911e-05,0.5
0,0.0026144525575748,1.03349431000671,-5.53178548683215e-05,0.5
0,0.00765102477616268,1.03834145047297,-4.93395409127112e-05,0.5
0,0.0111625464801344,1.0411298389185,-4.59662351214499e-05,0.5
0,0.0151594212920377,1.04578722568273,-3.99733909424393e-05,0.5
0,0.0185030272996799,1.0548031859888,-2.748904347139e-05,0.5
0,0.0209140838347329,1.06294464577286,-1.58912139593491e-05,0.5
0,0.0232816734004386,1.0722574119173,-2.50750802669434e-06,0.5
0,0.0208953520633121,1.08098522944786,1.1162898683217e-05,0.5
0,0.0247676769631813,1.08950616606098,2.3257694899891e-05,0.5
0,0.0163777393721927,1.09800157578074,3.79659301247472e-05,0.5
0,0.0219346834396367,1.10574654709745,4.87162994573229e-05,0.5
0,0.0183337357133183,1.11480598495687,6.353097720837e-05,0.5
0,0.0182249461277902,1.11808197833163,6.87112384047767e-05,0.5
0,0.0176923733908485,1.12786081083816,8.41017796953072e-05,0.5
0,0.0147279797760354,1.13615600816986,9.7891533596413e-05,0.5
0,0.0138537303831106,1.14162685614957,0.000106849425402959,0.5
0,0.0124060855602513,1.15077029642571,0.000121823782018731,0.5
0,0.00934631551192553,1.15626491603477,0.000131409733655378,0.5
0,0.00622426022160729,1.16157661781881,0.000140639885176056,0.5
0,0.001244925188679,1.16246639158361,0.000143011957054985,0.5
0,0,1.15398889327091,0.000130384983632118,0.5
0,0,1.14341521096989,0.000114322908902005,0.5
0,0,1.13761409120298,0.000105731988593599,0.5
0,0,1.12968203111743,9.36926947989897e-05,0.5
0,0,1.12226516803727,8.23041017897237e-05,0.5
0,0,1.11507148532559,7.12147180126222e-05,0.5
0,0,1.10819671842626,6.0527576955944e-05,0.5
0,0,1.10166886074888,5.02625135517103e-05,0.5
0,0,1.09530484222023,4.02659079495542e-05,0.5
0,0,1.08931506229875,3.07053568253606e-05,0.5
0,0,1.08361705389496,2.15177322866485e-05,0.5
0,0,1.07810519302116,1.26021797173833e-05,0.5
0,0,1.07278408876625,3.97454356980311e-06,0.5
0,0,1.067733196026,-4.32373136798947e-06,0.5
0,0,1.06294446707891,-1.23036363373931e-05,0.5
0,0,1.05842645941813,-1.99576897975198e-05,0.5
0,0,1.05396997683812,-2.74188277205541e-05,0.5
0,0,1.04971567212517,-3.46117838612494e-05,0.5
0,0,1.04560714288222,-4.15663328014689e-05,0.5
0,0,1.04170932269182,-4.82626423632094e-05,0.5
0,0,1.03789836737913,-5.47549079355754e-05,0.5
0,0,1.0342375119124,-6.10260201769719e-05,0.5
0,0.00261339603060331,1.03070149097405,-6.70867562277024e-05,0.5
0,0.0080130605184265,1.03643649465944,-5.99559777639535e-05,0.5
0,0.0124965874059327,1.04240535245245,-5.22481289951677e-05,0.5
0,0.0169304073378107,1.04959597936927,-4.26566547586208e-05,0.5
0,0.0209563362879367,1.05869635044286,-3.00980981006754e-05,0.5
0,0.0239821719141933,1.06870739261297,-1.58015415945575e-05,0.5
0,0,1.07531010077214,3.41189676504451e-07,0.5
0,0.0170679814360497,1.05920531676738,-2.85437093845865e-05,0.5
0,0,1.08597740139085,1.59750091158861e-05,0.5
0,0.00646665786726458,1.0625615722214,-2.14158075235602e-05,0.5
0,0.00984570423393366,1.08485310632061,1.1186465884784e-05,0.5
0,0.00973194686953323,1.09025016894856,1.98020121935842e-05,0.5
0,0.0119066875823098,1.09737446601734,3.02273388795708e-05,0.5
0,0.0101919831292686,1.10681728254895,4.5236850954952e-05,0.5
0,0.0130787721163207,1.11408964833456,5.61454867736526e-05,0.5
0,0.00475838154440761,1.12277282709488,7.14972423650351e-05,0.5
0,0.00825744953631894,1.12188131709512,6.96197894250041e-05,0.5
0,0.00792259411621204,1.13327454754208,8.77243237510248e-05,0.5
0,0.00613203689176616,1.1377337552608,9.55593276876245e-05,0.5
0,0.00426574080674629,1.14108837302225,0.00010144387616029,0.5
0,0.00183695744588118,1.14285360495484,0.000104934158876268,0.5
0,0,1.14033759624874,0.000101787986054347,0.5
0,0,1.12998070225575,8.63294857294769e-05,0.5
0,0,1.12691022984519,8.1928940729584e-05,0.5
0,0,1.12101309855716,7.33080241755277e-05,0.5
0,0,1.11562044878286,6.52138451587302e-05,0.5
0,0,1.11037492968118,5.72963733301941e-05,0.5
0,0,1.10534383129251,4.96149618107717e-05,0.5
0,0,1.10051434746658,4.21642921967133e-05,0.5
0,0,1.09592459089768,3.49798210099363e-05,0.5
0,0,1.09148848135324,2.79847000618562e-05,0.5
0,0,1.08724405239986,2.12123187923031e-05,0.5
0,0,1.08317148575518,1.46476762421308e-05,0.5
0,0,1.07926546103237,8.285471092591e-06,0.5
0,0,1.07558164283186,2.16007737383944e-06,0.5
0,0,1.0719414402737,-3.83954706833346e-06,0.5
0,0,1.06857595568833,-9.58045776492785e-06,0.5
0,0,1.06534916545494,-1.5136766227231e-05,0.5
0,0,1.06216630839202,-2.05687973479604e-05,0.5
0,0,1.05911434999054,-2.58304695524685e-05,0.5
0,0,1.05615614647212,-3.09400538294344e-05,0.5
0,0,1.0532280731314,-3.59330802702341e-05,0.5
0,0.002802791629179,1.05056412130779,-4.07012853239503e-05,0.5
0,0.00759484295429957,1.05774789158062,-3.13513788868069e-05,0.5
0,0.0111585402834993,1.06232724353512,-2.53415185922352e-05,0.5
0,0.0149430609219151,1.06896908298949,-1.63350167561955e-05,0.5
0,0.0184724762012394,1.0771073752613,-4.91327542685385e-06,0.5
0,0.0171201874713885,1.08733393771076,1.08288228529232e-05,0.5
0,0.0215315847790227,1.09576198372887,2.28695433250926e-05,0.5
0,0.000220634492796257,1.10311143459612,3.86713529283944e-05,0.5
0,0.0141277554706448,1.09164687598883,1.81566632487198e-05,0.5
0,0.0127116355340605,1.11551105561913,5.49385845892189e-05,0.5
0,0.0069685639498756,1.11875180880796,6.19169383277174e-05,0.5
0,0.0124607167251753,1.12315108509838,6.77258079951733e-05,0.5
0,0.00613079437129489,1.13451631239143,8.70836831717495e-05,0.5
0,0.00930092202955521,1.13603481175789,8.93540297955489e-05,0.5
0,0.00773030978855317,1.148368339331,0.000109493682635174,0.5
0,0.00701151802935977,1.15500038176275,0.000120949271556352,0.5
0,0.00669213058450703,1.16218949705503,0.000133107519526259,0.5
0,0.00440960863848986,1.16730194895543,0.000142409129358203,0.5
0,0.0012810849264106,1.16970749307369,0.000147393171509694,0.5
0,0,1.16615651583599,0.000142889571608062,0.5
0,0,1.15794661067,0.000130796632343991,0.5
0,0,1.15511318673049,0.000127032274376599,0.5
0,0,1.1500664573268,0.000119781061340466,0.5
0,0,1.14546033115233,0.000112962453408347,0.5
0,0,1.14097068275731,0.000106257719105789,0.5
0,0,1.13658759054541,9.96478614491793e-05,0.5
0,0,1.13236971064852,9.3204670101743e-05,0.5
0,0,1.12822554933657,8.68413127847198e-05,0.5
0,0,1.12437048187154,8.07674533246345e-05,0.5
0,0,1.12053520064354,7.47349151962329e-05,0.5
0,0,1.1169079373528,6.89135363195456e-05,0.5
0,0,1.11334619861644,6.31847541695313e-05,0.5
0,0,1.10996703715798,5.76470819173004e-05,0.5
0,0,1.10670415475605,5.224951661325e-05,0.5
0,0,1.10339326063793,4.6855976796426e-05,0.5
0,0,1.1003399140553,4.17118063856488e-05,0.5
0,0,1.0973016412752,3.66347174243569e-05,0.5
0,0,1.09448849302695,3.17760907823083e-05,0.5
0,0,1.09184595697764,2.71031473678172e-05,0.5
0,0,1.08923858860874,2.25132685092531e-05,0.5
0,0,1.08680938908934,1.81139947395885e-05,0.5
0,0,1.0844430976624,1.38168284564786e-05,0.5
0,0,1.08218459375119,9.65446569456839e-06,0.5
0,0,1.08001699197564,5.61601679995221e-06,0.5
0,0,1.07793838367116,1.69850784272761e-06,0.5
0,0,1.07594543596685,-2.10059667203187e-06,0.5
0,0,1.07414166985059,-5.70883297608409e-06,0.5
0,0,1.07227584809628,-9.29253307355134e-06,0.5
0,0,1.07068184870885,-1.26532430046089e-05,0.5
0,0,1.06898925010984,-1.59968496874975e-05,0.5
0,0,1.06738645279696,-1.92329860336284e-05,0.5
0,0,1.06593980443097,-2.23137356432823e-05,0.5
0,0.00371270100382701,1.06449901042652,-2.53243922834268e-05,0.5
0,0.00953838762715654,1.07464154864399,-1.18118972224829e-05,0.5
0,0.0136320614212396,1.08320272926729,2.00814752363302e-07,0.5
0,0.00820879157466689,1.09215255848545,1.49091883024984e-05,0.5
0,0.0185706481094136,1.0985847114868,2.26452236168562e-05,0.5
0,0,1.10782979447578,4.16965121124735e-05,0.5
0,0.0108002668158279,1.09527887650183,1.93898645774882e-05,0.5
0,0.0139598251283706,1.11829746812262,5.38159881273844e-05,0.5
0,0.00278247478896519,1.12250074766844,6.3477811817256e-05,0.5
0,0.0114201298439917,1.12091609562998,5.94129200726065e-05,0.5
0,0.0104243462666943,1.13712405012778,8.51121240619942e-05,0.5
0,0.0131216733321964,1.14120050742259,9.19444717043298e-05,0.5
0,0.0139431401993143,1.15135215350846,0.000108299271369172,0.5
0,0.00251851793053804,1.1582095864759,0.00012204311131653,0.5
0,0.00777166936197708,1.15547887966003,0.000117324015505882,0.5
0,0.00811525316261205,1.16882383330906,0.000139253666779455,0.5
0,0.00750637636941057,1.17580350599376,0.00015182145133165,0.5
0,0.00674014120636369,1.18212388034653,0.000163134934953221,0.5
0,0.0061557676157699,1.19016488767442,0.000177422488271949,0.5
0,0.00379157219611178,1.19770677070411,0.000191389440741985,0.5
0.00213024463804162,0.000946350114183334,1.20036925496526,0.000197365994354501,0.5
0,0,1.19697239952905,0.000193546047186876,0.5
0,0,1.18991234839418,0.000183525910917494,0.5
0,0,1.18754786988244,0.000180931994772209,0.5
0,0,1.18308205360635,0.000174942386519511,0.5
0,0,1.17890774830534,0.000169187315531678,0.5
0,0,1.17484221593773,0.000163508123396343,0.5
0,0,1.17092797637458,0.000157943662487734,0.5
0,0,1.16726285427896,0.000152629543085378,0.5
0,0,1.16365409920179,0.000147329957125128,0.5
0,0,1.16020404892041,0.000142173766661702,0.5
0,0,1.15687813825424,0.000137127946152786,0.5
0,0,1.15367425600634,0.000132192389204752,0.5
0,0,1.15053313713012,0.000127303741920177,0.5
0,0,1.14765534429863,0.000122691985191173,0.5
0,0,1.14479073435367,0.000118084949931242,0.5
0,0,1.14206007235549,0.000113611844898455,0.5
0,0,1.13937297011817,0.000109184288698803,0.5
0,0,1.13682523910288,0.000104902431189944,0.5
0,0,1.13446818274833,0.000100824449238861,0.5
0,0,1.13212008928439,9.67660854274119e-05,0.5
0,0,1.12977660070192,9.2721270629463e-05,0.5
0,0,1.12765417240223,8.89084196365195e-05,0.5
0,0,1.12554375191994,8.51292141506443e-05,0.5
0,0,1.12352892551402,8.14575928808415e-05,0.5
0,0,1.12158885060535,7.78803399946273e-05,0.5
0,0,1.11983467445688,7.4499825413594e-05,0.5
0,0,1.11806696336798,7.11371024399835e-05,0.5
0,0,1.11639592200739,6.78860885221278e-05,0.5
0,0,1.11473158193005,6.4672887421811e-05,0.5
0,0,1.11311714464292,6.15314797109099e-05,0.5
0,0,1.11159225431867,5.8499265940078e-05,0.5
0,0,1.11022699461334,5.56371696478548e-05,0.5
0,0,1.10894868781587,5.28859403261821e-05,0.5
0,0,1.10761230133104,5.01210841629207e-05,0.5
0,0,1.10639803463302,4.74889042028401e-05,0.5
0,0,1.10516117280423,4.48778870919273e-05,0.5
0,0,1.10401811716479,4.23747850258571e-05,0.5
0,0,1.10285151060543,3.98911970358812e-05,0.5
0,0,1.10187709228387,3.75985823512178e-05,0.5
0,0,1.10085709788036,3.53089232413225e-05,0.5
0,0,1.09996522040152,3.31521272588526e-05,0.5
0,0,1.09901260333612,3.09902143384191e-05,0.5
0,0,1.09808904525484,2.88881398068029e-05,0.5
0,0,1.097241782248,2.68759242255401e-05,0.5
0,0,1.09647399589516,2.49622685714705e-05,0.5
0,0,1.09564478810713,2.30397135064053e-05,0.5
0,0,1.09485279158664,2.11753636449417e-05,0.5
0,0,1.09395272448078,1.92670698167085e-05,0.5
0,0,1.09314792985324,1.74540791557246e-05,0.5
0,0,1.09237937684953,1.57027675943807e-05,0.5
0,0,1.09163598932615,1.39997362270072e-05,0.5
0,0,1.09097327889409,1.23925199542687e-05,0.5
0,0,1.09036857161808,1.08543689793427e-05,0.5
0,0.00158514939604017,1.0897650195448,9.35161102514137e-06,0.5
0,0.00690029441741521,1.09860722233545,2.14178829645702e-05,0.5
0,0.0116621893828158,1.11069458261581,3.88647155645959e-05,0.5
0,0,1.11629036074076,5.11792725087296e-05,0.5
0,0.00751675553626092,1.10635256944465,3.36785071821974e-05,0.5
0,0.00876693666379012,1.12936078658654,6.83358184957779e-05,0.5
0,0.00270227479145028,1.1330006701772,7.62550275838193e-05,0.5
0,0.00920091728091785,1.13374353579091,7.64430412684002e-05,0.5
0,0.0012056142292626,1.14778695595468,0.000100123639767217,0.5
0,0.00592511831275938,1.14294963787649,9.25959871902709e-05,0.5
0,0.00836725924762275,1.15990106967373,0.000119043421929612,0.5
0,0,1.16447171150692,0.000129873937170594,0.5
0,0,1.15295434968908,0.000111304701426364,0.5
0,0,1.15554706854194,0.000116215052358185,0.5
0,0,1.15337353845651,0.000113659918666392,0.5
0,0,1.15155956346759,0.00011134196893853,0.5
0,0,1.14968353391993,0.000108956592958562,0.5
0,0,1.14788430994359,0.000106605894070307,0.5
0,0,1.14612535426608,0.000104268374927765,0.5
0,0,1.14446189344716,0.000102001618520035,0.5
0,0,1.14290490821946,9.98229288264901e-05,0.5
0,0,1.14131766792898,9.75914420595694e-05,0.5
0,0,1.13989943423644,9.55127728320292e-05,0.5
0,0,1.13852643693022,9.34730761920512e-05,0.5
0,0,1.13724764861069,9.15130974406451e-05,0.5
0,0,1.1360878157763,8.96702133155013e-05,0.5
0,0,1.13497421958543,8.7867589470821e-05,0.5
0,0,1.13378266613996,8.59833030224272e-05,0.5
0,0,1.13278612762695,8.42852841590468e-05,0.5
0,0,1.13181942134681,8.26238045050559e-05,0.5
0,0,1.13092567747906,8.10331362909797e-05,0.5
0,0.00102232821662427,1.12998945653568,7.94066846964696e-05,0.5
0,0.00442582712720274,1.13611889646393,8.84058944677551e-05,0.5
0,0.00813792148536218,1.14614910106331,0.000103742675321331,0.5
0,0.0030197305446553,1.15409773547791,0.000117681457393476,0.5
0,0.00928409142031426,1.15626959252414,0.000120578358092404,0.5
0.0139126895070348,0,1.16837434248629,0.000142010327210059,0.5
0,0.00177391023115452,1.15598840356047,0.00012234102852504,0.5
0.0200091817316423,0.0044297017814853,1.16939691090411,0.000143462692418611,0.5
0.037393123027805,0.00503052239280715,1.17643044198707,0.000155727788164606,0.5
0.0496724728114508,0.0054758041390156,1.18124202984554,0.000164207459256901,0.5
0.067451840707799,0.00660190594888505,1.18838720336905,0.000176493182271169,0.5
0.0871448428060962,0.0075271226085554,1.19639446697062,0.000190506366948564,0.5
0.105066762927408,0.00218945636856212,1.204274279521,0.000205363729941214,0.5
0.105040313352742,0.00281734437397135,1.20370247005259,0.00020551367759583,0.5
0.121997164546619,0.00180918719896296,1.21071192656293,0.000218248498538496,0.5
0.124831751906215,0,1.21178780034768,0.000221779908388713,0.5
0.107366864545931,0,1.20432587994478,0.000211058894560976,0.5
0.107906024084552,0,1.20428917608968,0.000212053203337038,0.5
0.101949753567292,0,1.20160766894784,0.000208980355660116,0.5
0.0964468980525331,0,1.19907721234941,0.000205878332723772,0.5
0.0911688607881054,0,1.19662141516964,0.000202833347412118,0.5
0.0860454631356452,0,1.19421766665494,0.000199770108987688,0.5
0.0812875108317938,0,1.19193503154458,0.000196804544243094,0.5
0.0767804356503585,0,1.18973612664475,0.000193888701071938,0.5
0.0724339425304384,0,1.1875905100185,0.00019097368192019,0.5
0.0680841357105969,0,1.18544581429508,0.000188001916590366,0.5
0.0643353061503681,0,1.18349877326813,0.00018524760213189,0.5
0.0604382875760212,0,1.18150455738059,0.000182377699987683,0.5
0.0567599649780348,0,1.1795831909131,0.000179555842884124,0.5
0.0535407604156794,0,1.17781329467442,0.000176900803495852,0.5
0.0505819832770808,0,1.17612897464849,0.000174318342043823,0.5
0.0476775273009484,0,1.17446409001609,0.000171731049425083,0.5
0.0451299974477452,0,1.17291660124801,0.000169264561745706,0.5
0.0426580589313855,0,1.17139518533642,0.000166809566677436,0.5
0.0403813234279955,0,1.16993865479869,0.000164413432054706,0.5
0.0384485332752404,0,1.16859583127416,0.000162146776740311,0.5
0.0362149083706068,0,1.16715581008249,0.000159737788211638,0.5
0.0342850842903472,0,1.16581647315227,0.000157438191090609,0.5
0.0322295903354985,0,1.16443733897625,0.00015507795085329,0.5
0.0306540945347821,0,1.16321590787965,0.000152899411043051,0.5
0.0293107583542823,0,1.16207112129007,0.000150810930435763,0.5
0.0277782195322545,0,1.16086588201476,0.00014864115703784,0.5
0.0267131463052654,0,1.15981425952495,0.000146651271207496,0.5
0.0256093023508733,0,1.15875102438484,0.000144649242922361,0.5
0.0245095683064043,0,1.15769022487341,0.000142645108403377,0.5
0.0236693886581396,0,1.15671544117992,0.000140744662773944,0.5
0.0232857523431212,0,1.15588995249903,0.000139024437355319,0.5
0.0225559713436926,0,1.15495292897863,0.000137179564783542,0.5
0.0219899138309492,0,1.15407028431791,0.000135396060876403,0.5
0.0212779251865218,0,1.15314102138614,0.000133564775086824,0.5
0.0208632363003224,0,1.15230979919146,0.000131849500457927,0.5
0.0208777153508163,0,1.15161905615806,0.000130306724472565,0.5
0.0208419761830434,0,1.15091322648103,0.00012875828305167,0.5
0.0207197026703205,0,1.15018003983509,0.000127184228050652,0.5
0.0206738212047047,0,1.14947274920568,0.000125647730415619,0.5
0.0206281871135354,0,1.14876649221578,0.000124122094699412,0.5
0.020903195399019,0,1.14816580181532,0.000122724979982602,0.5
0.021577188446378,0,1.14769617326231,0.000121490737651062,0.5
0.0221398032396568,0,1.1471908370491,0.000120232723225428,0.5
0.0227925360317982,0,1.14671600324581,0.000119019042464508,0.5
0.0235339169912654,0,1.14627091768076,0.000117853943933056,0.5
0.0240485518893392,0,1.14575300651987,0.000116621083148516,0.5
0.0254773757970489,0,1.14553404104939,0.000115730953002948,0.5
0.0265423810225659,0,1.14519695992591,0.000114739549857147,0.5
0.0276998742002723,0,1.14489089035832,0.000113789824329188,0.5
0.028788889660955,0,1.14456343528377,0.000112835340437989,0.5
0.0302284358350941,0,1.1443513711891,0.00011202106898958,0.5
0.0313401103201475,0,1.14403273836368,0.000111112222148931,0.5
0.03253085349822,0,1.1437410107764,0.00011024091437761,0.5
0.0337044045568457,0,1.14344469566117,0.000109380788775435,0.5
0.0353037170604735,0,1.14328791971648,0.000108686656581786,0.5
0.0366767141554699,0,1.14305815663174,0.000107934330522963,0.5
0.0383346224315593,0,1.14292217331566,0.000107294060931447,0.5
0.0397748505719174,0,1.14271621291037,0.000106597706281538,0.5
0.0412616394832959,0,1.1425263554277,0.000105928656835244,0.5
0.0425267369903326,0,1.14226487188967,0.000105198268230712,0.5
0.044138070607396,0,1.14211671479075,0.000104601260448148,0.5
0.0454751486771468,0,1.14188021816548,0.000103926276926266,0.5
0.0471912304875766,0,1.14176832472078,0.000103391433156914,0.5
0.0487591284846709,0.000952362929562486,1.14160867356022,0.00010282608679052,0.5
0.0599767396223073,0.00425002572492979,1.14554472179097,0.000108455929018728,0.5
0.0780520923739764,0.00789145131353861,1.15244558945353,0.00011884769649286,0.5
0.0967298681616987,0.011355369383272,1.1596304843403,0.000129972140075902,0.5
0.121552812390224,0.0129788379201209,1.1696954803085,0.000146104002685654,0.5
0.139302480760248,0.010545843373777,1.17709091633502,0.000158979964708351,0.5
0.162460958353635,0.017213719290159,1.18591961257394,0.000172911491645598,0.5
0.172810324291412,0,1.19250973603268,0.000188003219288028,0.5
0.156096118509264,0.00450227678880179,1.18324389041483,0.000171903870959404,0.5
0.192098771855734,0.00469360555444045,1.19833755924139,0.000196841125500768,0.5
0.198197790537412,0.00341106780662364,1.20054380543849,0.000202100519278521,0.5
0.207016119332429,0.00350541507957539,1.20378473320681,0.000208218987758496,0.5
0.219081391889509,0.00387553172375113,1.20841822969005,0.000216884705198968,0.5
0.230824516745746,0.00381673383159906,1.21295923993628,0.000225562076615126,0.5
0.241232511219078,0.00330558217593436,1.21696557310861,0.000233481932541648,0.5
0.250062382100258,0.00241846491424087,1.22032155344695,0.000240424061339729,0.5
0.253414636732518,0.000290392083984204,1.2214140006174,0.000243737687584019,0.5
0.248243414230472,0,1.21894502827904,0.000241156612617074,0.5
0.244296330869343,0,1.21693896988611,0.000239124486126696,0.5
0.242426714599677,0,1.21578714052432,0.000238452476946348,0.5
0.239100253880223,0,1.21402741315214,0.000236718236279889,0.5
0.236070066948919,0,1.21236575606134,0.00023502269383361,0.5
0.233162946852782,0,1.21074507773211,0.000233312241575092,0.5
0.230452790263431,0,1.20918995522078,0.000231628156744223,0.5
0.227785440186034,0,1.20765007843895,0.000229896246613403,0.5
0.225366265054129,0,1.20619209620277,0.000228218507124605,0.5
0.222812279591271,0,1.20469147190002,0.000226412935520794,0.5
0.220461471871903,0,1.20325804395067,0.000224642918353848,0.5
0.218708986052229,0,1.2020206416125,0.000223120934129036,0.5
0.216736512245875,0,1.2007123771291,0.000221435913852358,0.5
0.214879499140748,0,1.1994429144916,0.000219757994276841,0.5
0.213541207098607,0,1.19834357281833,0.000218297490026692,0.5
0.212049778210569,0,1.19719497541905,0.000216716607000773,0.5
0.210922558663763,0,1.19616629755969,0.000215279898701472,0.5
0.209643347900062,0,1.19508889667142,0.000213734642406928,0.5
0.208742700912165,0,1.19413567413998,0.00021233561416632,0.5
0.20796913576838,0,1.19322492211446,0.00021097826127339,0.5
0.207102369152748,0,1.19228483709862,0.000209551207467135,0.5
0.206311258218541,0,1.19137015652012,0.000208130189262283,0.5
0.205427560769299,0,1.19042641968693,0.000206647664729564,0.5
0.204950462593489,0,1.18961600070411,0.000205334632760313,0.5
0.204299861540569,0,1.18875031221511,0.000203933921631261,0.5
0.204117674571351,0,1.18803770249571,0.000202723525470185,0.5
0.203676430502814,0,1.18724187192743,0.000201390542058523,0.5
0.203210439161108,0,1.18643884517263,0.00020002482968514,0.5
0.202990164051033,0,1.18571664903489,0.000198760376621527,0.5
0.202666348398636,0,1.18496174743752,0.000197442461139076,0.5
0.202395271334943,0,1.18422492681613,0.000196136056233191,0.5
0.202327614554134,0,1.18355445525634,0.000194898340927457,0.5
0.202379009033026,0,1.18292385655154,0.000193716778378321,0.5
0.202459361126399,0,1.18230369793997,0.000192546202724359,0.5
0.20249823070392,0,1.18167079714916,0.000191349722420571,0.5
0.202726593518185,0,1.18110056030335,0.00019023724628784,0.5
0.203092437846913,0,1.1805755579287,0.000189179023513025,0.5
0.203710130629902,0,1.18013337748128,0.000188235023128526,0.5
0.204190762510869,0,1.17964710230097,0.000187226703319062,0.5
0.204813331552862,0,1.17920794409901,0.000186282571837274,0.5
0.20560169040302,0,1.17882326809247,0.000185411397510955,0.5
0.206500773752406,0,1.17847553114918,0.000184597259151811,0.5
0.207491595016809,0,1.17815812206437,0.000183822811527001,0.5
0.208348975499477,0,1.1777982572968,0.000182999716200334,0.5
0.209247899911333,0,1.17745265345004,0.000182196435610178,0.5
0.210100352280462,0,1.17709247145109,0.000181374161970833,0.5
0.210781841829943,0,1.17667728908958,0.000180477223917786,0.5
0.211989522593492,0,1.17643434695112,0.000179818383270464,0.5
0.212677214155385,0,1.17602272386518,0.000178940373639545,0.5
0.213836989358691,0,1.17576558397283,0.0001782656612759,0.5
0.214783380674857,0,1.17544018401809,0.000177521118761685,0.5
0.216409358088767,0,1.17533613246541,0.000177062769632771,0.5
0.217919569407586,0,1.17519513284478,0.000176575502102724,0.5
0.219273704384875,0,1.1750041876939,0.000176026685682757,0.5
0.22095738971771,0,1.17492110756345,0.000175627409194236,0.5
0.222523141798899,0,1.17480022143792,0.000175190203567091,0.5
0.223856804358341,0,1.17460432480723,0.000174654446362812,0.5
0.22528648968841,0,1.17444037089057,0.000174165705160021,0.5
0.227077370525652,0,1.17439476228736,0.000173846648410035,0.5
0.228640673131675,0,1.17427555642288,0.000173439120174987,0.5
0.230305212787383,0,1.17418998891947,0.000173079916199168,0.5
0.231962663109833,0,1.17410249276639,0.00017272414377421,0.5
0.233538837769709,0,1.17398947477022,0.000172346227447229,0.5
0.235347380061437,0,1.17395240609893,0.000172069867348501,0.5
0.237029974578425,0,1.17387484381196,0.000171749487964162,0.5
0.238934909540474,0,1.17387046725375,0.000171534646299528,0.5
0.240889146539777,0,1.17388267981286,0.000171353381579256,0.5
0.242788469645511,0,1.17387757985615,0.000171156932309348,0.5
0.244913075403314,0.000970067241408397,1.17394670108592,0.000171072453674451,0.5
0.253146695392892,0.00328824683460223,1.17664708981915,0.000175148525085812,0.5
0.258948354487009,0.0049722501183924,1.17835317992246,0.000177846867087217,0.5
0.266528751804358,0.00688973961124218,1.18081200377991,0.000181708898892184,0.5
0.274975898656752,0.00874494119507645,1.1836574343518,0.000186301585640646,0.5
0.283932979962308,0.010465816918988,1.18674115371116,0.000191362407651137,0.5
0.293079496986689,0.011800133129123,1.18995133925518,0.000196738523575014,0.5
0.296956585975061,0.0124932083631006,1.1909236790763,0.000198651352344963,0.5
0.304865240627838,0.013804646074917,1.1935932583908,0.000203197588753056,0.5
0.311823524994055,0.014738214123086,1.1958885793291,0.000207315681923235,0.5
0.318865593292758,0.0156958224685723,1.19821789600055,0.000211508928297507,0.5
0.332540872841839,0.0173321770397756,1.20337888456964,0.000220300631055962,0.5
0.342001156677358,0.0180468210209273,1.20679614784644,0.00022657247483859,0.5
0.35295720818841,0.0191686954320469,1.21082321358629,0.000233808095902263,0.5
0.371614171856081,0.0211627913867173,1.21812905704804,0.000246503831271621,0.5
0.385836455633847,0.0221718675431481,1.2236022310044,0.000256618597365972,0.5
0.401150884971368,0.0230397514913702,1.22957091537223,0.000267593264812933,0.5
0.416395083732428,0.0234759970221235,1.23555839160457,0.000278845971797312,0.5
0.431621552386866,0.0238713331199119,1.24154322019704,0.000290284025958191,0.5
0.455116670815904,0.0253050676996863,1.25104028074626,0.000307733292782925,0.5
0.464246606371051,0.0236536379931973,1.25458383965857,0.000315780095135686,0.5
0.479851719886628,0.0235094219127585,1.26079786659774,0.00032804985682116,0.5
0.493627215682474,0.0223227886511712,1.26632872012685,0.000339579291091635,0.5
0.51493191962205,0.0227014601543333,1.27498869304706,0.000356523628549277,0.5
0.530441774065896,0.0212923752254061,1.28130928509674,0.000369935655853246,0.5
0.546070390231568,0.0199635101150868,1.28767322893749,0.000383467405628674,0.5
0.56102197451273,0.0182092918738835,1.29378936969424,0.000396815192962245,0.5
0.57442058146367,0.0158647841851594,1.29929157854347,0.000409257332153505,0.5
0.593359563857679,0.0145807557990973,1.30710861100183,0.000425891607455109,0.5
0.60633256486277,0.0116731742402873,1.31249068998812,0.000438628163643614,0.5
0.616952203605899,0.0081047132909515,1.31691435135992,0.000449635141509617,0.5
0.623684573598726,0.00348684096783243,1.31974977407728,0.00045789696412936,0.5
0.622766424819043,0,1.31943079151404,0.000460453126836828,0.5
0.607420251134391,0,1.31311933987796,0.000452071031881688,0.5
0.605043456452802,0,1.31210887059605,0.000452730774414231,0.5
0.597845922778548,0,1.30912593645312,0.000450011800555342,0.5
0.591045839595959,0,1.30627494647152,0.00044714647136067,0.5
0.584625110074301,0,1.30354823040896,0.000444394605035537,0.5
0.57851011395874,0,1.30092265841599,0.0004416943859501,0.5
0.572457663904446,0,1.29831855105759,0.000438815693459204,0.5
0.566767018845977,0,1.2958335346543,0.000436040842422219,0.5
0.561281928074485,0,1.29341662935104,0.000433243563974111,0.5
0.556454938966416,0,1.29121479626021,0.000430765656964889,0.5
0.551408670557773,0,1.28894287911281,0.000427965371846593,0.5
0.546767966752073,0,1.28680408451699,0.000425323218712874,0.5
0.542397037165294,0,1.28475403034775,0.000422733617611756,0.5
0.538127097590018,0,1.28273780813747,0.000420073770879699,0.5
0.534085040691799,0,1.28079689247221,0.000417470729286594,0.5
0.530093124494609,0,1.27887321059446,0.000414772729512742,0.5
0.526139128231885,0,1.27696297491251,0.000411999535716058,0.5
0.52228501308915,0,1.27508641616367,0.000409212403605866,0.5
0.51880210467508,0,1.27333133425093,0.000406571237625356,0.5
0.515460988849188,0,1.27162332370513,0.00040394439171627,0.5
0.512333420757583,0,1.26998565233813,0.000401377886690713,0.5
0.509282573065941,0,1.26837370901083,0.000398771735766991,0.5
0.506289717490097,0,1.26678155138527,0.000396133882422056,0.5
0.503631493048878,0,1.26529901326023,0.000393652921183196,0.5
0.501107442369801,0,1.26386090117235,0.000391197409287502,0.5
0.498683028897431,0,1.2624562604756,0.000388774345836019,0.5
0.496592676445183,0,1.26116054595208,0.000386468264582538,0.5
0.494609027819082,0,1.25990068494448,0.000384229905774459,0.5
0.49267686740229,0,1.25865804875359,0.000381940114480749,0.5
0.490897962517885,0,1.25746615041374,0.000379727623338181,0.5
0.489201473605413,0,1.25630158958172,0.000377505175287822,0.5
0.487364670585381,0,1.25509211445238,0.000375146229719713,0.5
0.485924921081766,0,1.25401246211083,0.000373014327375083,0.5
0.484439679755024,0,1.25291874722331,0.00037082579625739,0.5
0.483081397364425,0,1.25186701502078,0.000368686590254965,0.5
0.481924570386957,0,1.25088137377047,0.000366644083081979,0.5
0.480645741852673,0,1.24985673260337,0.000364495427347237,0.5
0.479688466079012,0,1.24893726429974,0.000362526285191182,0.5
0.478830127127553,0,1.24805073089659,0.000360617835949856,0.5
0.477986266960815,0,1.24716948666024,0.000358690154905944,0.5
0.476988317441108,0,1.24623865386745,0.000356630263510582,0.5
0.476015561190168,0,1.24531679643092,0.000354582247907987,0.5
0.475252407298215,0,1.24446385390483,0.000352666861063971,0.5
0.474625342637785,0,1.24365573532077,0.000350821533512299,0.5
0.47411337745888,0,1.24288571262326,0.000349044229824862,0.5
0.473756599533951,0,1.24216696302466,0.000347376557812944,0.5
0.473386720415365,0,1.2414443940197,0.000345674480790238,0.5
0.472852734249695,0,1.24066897468609,0.000343849681796648,0.5
0.472367382007928,0,1.23991045111127,0.000342092863168839,0.5
0.462899569686815,0,1.23915880525268,0.000340669700570564,0.5
0.466307259757089,0,1.23757980281185,0.000336925369511365,0.5
0.433693063416997,0,1.23667598446483,0.000336080327830968,0.5
0.444707468593876,0,1.23273399285347,0.000326958369675737,0.5
0.434951179791515,0,1.23100207705119,0.000323344467329707,0.5
0.429714805603166,0,1.22859219462016,0.000318115857911117,0.5
0.424998104895844,0,1.22635680414396,0.000313183823725922,0.5
0.420357842398445,0,1.22414717285167,0.000308289424768488,0.5
0.416238219045473,0,1.22210863847654,0.000303712448691843,0.5
0.412250803449739,0,1.22011454870431,0.000299205610391987,0.5
0.408283471803252,0,1.21812838564689,0.000294697874542227,0.5
0.352106158467894,0,1.21624744930077,0.000292527346530957,0.5
0.370414111218058,0,1.20932177005927,0.000276993597793678,0.5
0.352611321366738,0,1.2064817056528,0.000271272618150717,0.5
0.342633742550312,0,1.20239258405847,0.000262649890566111,0.5
0.333443722849268,0,1.19856982260939,0.000254517236129495,0.5
0.32453423897769,0,1.19484010878979,0.000246566010828828,0.5
0.316165965654423,0,1.19128919889532,0.000238921439915767,0.5
0.308072767909022,0,1.18783064694594,0.000231464015484346,0.5
0.299790597400955,0,1.18431317153601,0.000223941183563201,0.5
0.291982819969736,0,1.18095276388107,0.000216696825425272,0.5
0.284471607220751,0,1.17769176365353,0.000209660541243474,0.5
0.277474036032749,0,1.17460052240086,0.00020291510717851,0.5
0.229000995830293,0,1.17153047418756,0.000197951017600933,0.5
0.240172108749259,0,1.16472602325879,0.000183670172268815,0.5
0.22265304652134,0,1.16110366257001,0.000176522347030841,0.5
0.211603705869092,0,1.15658773368317,0.000167386657418039,0.5
0.20109805382936,0,1.15225900342447,0.000158671585476225,0.5
0.191411081055565,0,1.14819898292166,0.000150359405080551,0.5
0.181952477750303,0,1.14421709953135,0.00014224869446884,0.5
0.173036455409204,0,1.14041564293705,0.000134451926066137,0.5
0.164680052079007,0,1.13679970756248,0.000126968090078088,0.5
0.0979832092661038,0,1.13328306769027,0.000122089648992561,0.5
0.114663625407112,0,1.1242088642318,0.000104546200983534,0.5
0.0917655244381865,0,1.11994065493524,9.68220592356307e-05,0.5
0.0769181686537324,0,1.11405405329337,8.60326350085423e-05,0.5
0.0635406810080033,0,1.10866045347234,7.60853987454099e-05,0.5
0.0500246976393625,0,1.10322566277031,6.62381086323718e-05,0.5
0.0379950218464784,0,1.09828038537676,5.70183492847568e-05,0.5
0.0262788460780584,0,1.09344160838988,4.80702112261506e-05,0.5
0.0153391301624175,0,1.08886103739637,3.95082025358505e-05,0.5
0.0052174290803985,0,1.08455167635977,3.13399697426923e-05,0.5
0,0,1.08034851702413,2.34268927612684e-05,0.5
0,0,1.07645730865827,1.83777115517701e-05,0.5
0,0,1.06665273724048,1.42295012607254e-06,0.5
0,0,1.06188323312783,-6.27780070566708e-06,0.5
0,0,1.0555560464895,-1.67637158248569e-05,0.5
0,0,1.04974055121722,-2.63944731022027e-05,0.5
0,0,1.04418262994193,-3.56776846095271e-05,0.5
0,0,1.03877942999538,-4.46141789156441e-05,0.5
0,0,1.0337456205153,-5.3125928236846e-05,0.5
0,0,1.02887341768679,-6.13053812994726e-05,0.5
0,0,1.02417847139453,-6.87387395939505e-05,0.5
0,0,1.01868417747544,-7.77022521391928e-05,0.5
0,0,1.01430129642714,-8.22040952470554e-05,0.5
0,0,1.00328388497893,-9.87832588696146e-05,0.5
0,0,0.99805055431321,-0.000106040706346986,0.5
0,0,0.991001358448359,-0.000116183203952457,0.5
0,0,0.98460633122831,-0.000125354723539075,0.5
0,0,0.978401992455049,-0.000134219004916987,0.5
0,0,0.972572107191127,-0.000142664798922976,0.5
0,0,0.96701588966699,-0.000150727250780635,0.5
0,0,0.961744997189562,-0.000158426777771038,0.5
0,0,0.956670582702932,-0.000165629349135929,0.5
0,0,0.951627116938197,-0.000172700804688773,0.5
0,0,0.946499470520386,-0.000180216843385219,0.5
0,0,0.941844344584825,-0.000182326825449539,0.5
0,0,0.929127794902696,-0.000199639192515886,0.5
0,0,0.923859708527801,-0.000205049239544184,0.5
0,0,0.915915895701021,-0.000214635267582273,0.5
0,0.0110783842889915,0.908999726699166,-0.000222805885392647,0.5
0,0.029354743122181,0.902268302604567,-0.000230794206377928,0.5
0,0.0458853894327641,0.901898692009733,-0.000231002628927808,0.5
0,0.0626821550389683,0.898659735210779,-0.000234777499549271,0.5
0,0.0752232090801326,0.905848229783982,-0.000225384930086818,0.5
0,0.0831135511365562,0.916850586080638,-0.000210655401090223,0.5
0,0.0741332751581276,0.929040159695881,-0.000189719792551665,0.5
0,0.0659435918996202,0.938058859429501,-0.000173478664613015,0.5
0,0.0516870268287358,0.948349877661634,-0.000154376301234619,0.5
0,0.0610586639680072,0.959720565726844,-0.000140614013585056,0.5
0,0.0202546101873256,0.967904400000246,-0.00011763255212048,0.5
0,0.0582635478945446,0.969136821116206,-0.000125731883577047,0.5
0,0.0226085305429847,0.985611331430083,-9.27544758643929e-05,0.5
0,0.0458162095298179,0.990209868897723,-9.26425545871385e-05,0.5
0,0,0.998783149714321,-6.19454528210902e-05,0.5
0,0.0301076717839043,0.972988200600926,-0.000115632394486511,0.5
0,0,1.00763356514145,-5.30924081360643e-05,0.5
0,0.0114575127733897,0.97146558838631,-0.000114626832161585,0.5
0,0.0101980090167359,1.00017823947296,-7.13903108024121e-05,0.5
0,0.0111068160417324,0.996535070328306,-7.81617924781456e-05,0.5
0,0.0153287568983075,1.00303295813892,-6.98894225657007e-05,0.5
0,0.0167732657652694,1.01260105611858,-5.68670853344009e-05,0.5
0,0.0181547233772517,1.02049783421853,-4.61720312719033e-05,0.5
0,0.0123369720688586,1.03023892592967,-3.10887249914982e-05,0.5
0,0.0167245541747323,1.03603213252924,-2.42848225137314e-05,0.5
0,0.0140000096848026,1.0470787732496,-7.86353805708724e-06,0.5
0,0.0134578194308702,1.05466529330164,2.82266313721823e-06,0.5
0,0.01175845575043,1.06255591000617,1.42685388261243e-05,0.5
0,0.00970968917397207,1.0682883226793,2.24508040002441e-05,0.5
0,0.00714522942606109,1.07227912616796,2.80356204810038e-05,0.5
0,0.00393047414494863,1.07332032030205,2.91492550793706e-05,0.5
0,0.000768479405723332,1.06989146939851,2.32427303180727e-05,0.5
0,0,1.05911757339543,6.12778979492616e-06,0.5
0,0,1.04643600192099,-1.37410479588057e-05,0.5
0,0,1.03813741650186,-2.67955818478429e-05,0.5
0,0,1.02791753364199,-4.26231987920918e-05,0.5
0,0,1.01828764625684,-5.74030205955918e-05,0.5
0,0,1.0091844641282,-7.14800053325191e-05,0.5
0,0.00312301696883634,1.00044092138336,-8.4884448312401e-05,0.5
0,0.00613848840850745,1.00834328096419,-7.40893733466656e-05,0.5
0,0.00742605125007912,1.01080648698374,-7.1041362163954e-05,0.5
0,0.00996034490064763,1.01505914273786,-6.55280303113447e-05,0.5
0,0.0113533114527436,1.02291703935329,-5.4515035636262e-05,0.5
0,0.0121424276978583,1.03245767734434,-4.08639538901275e-05,0.5
0,0.0125730985878612,1.04110308407921,-2.83793895145956e-05,0.5
0,0.00234060611266134,1.04920261008264,-1.43116829836012e-05,0.5
0,0.00798602746646726,1.0392620157581,-3.14700488953819e-05,0.5
0,0.00723942417912411,1.05689485209192,-4.86327770713181e-06,0.5
0,0.00451009776923954,1.05805074146573,-3.09988857304744e-06,0.5
0,0.00300108674693132,1.05763775739815,-4.03682410739418e-06,0.5
0,0.00116600084973596,1.05689429874557,-5.36777342675234e-06,0.5
0,0,1.05068314074522,-1.50226352958259e-05,0.5
0,0,1.03702189055796,-3.58424182469584e-05,0.5
0,0,1.03086946129144,-4.52205570221982e-05,0.5
0,0,1.02214144551715,-5.86702958556179e-05,0.5
0,0.000233698111319665,1.01389467308865,-7.11824979974651e-05,0.5
0,0.00280098491152299,1.01118641154993,-7.56891430854215e-05,0.5
0,0.00445959077594425,1.01741527232324,-6.70788451495156e-05,0.5
0,0.00548286658237049,1.02042647736745,-6.30430263194036e-05,0.5
0,0.0066435083934896,1.02552200154003,-5.59129764377308e-05,0.5
0,0.00747162777866501,1.03077283239799,-4.85131553556778e-05,0.5
0,0.00806558500675664,1.03748672482203,-3.88882574418978e-05,0.5
0,0.00815200594741637,1.04246831611103,-3.1710191376393e-05,0.5
0,0.00804796260040296,1.0484303271866,-2.30272072854608e-05,0.5
0,0.00747069084948387,1.05565462153171,-1.22933215202932e-05,0.5
0,0.00651908405031747,1.06239088469418,-2.18337539228004e-06,0.5
0,0.00515457179004765,1.06860309436453,7.23158065156363e-06,0.5
0,0.00302186878366767,1.07176393318185,1.20782263055077e-05,0.5
0,0.000249897088660455,1.07088180024892,1.07084127083656e-05,0.5
0,0,1.05903459670282,-7.48558894039432e-06,0.5
0,0,1.05105449145057,-1.98203896032846e-05,0.5
0,0,1.04395225571694,-3.0708718612676e-05,0.5
0,0,1.03604733175944,-4.30101639598799e-05,0.5
0,0,1.02847428119247,-5.47388047834794e-05,0.5
0,0,1.02128791566131,-6.59762797461056e-05,0.5
0,0,1.01448534982523,-7.67043862400471e-05,0.5
0,0.00195482926508555,1.00800024991573,-8.70080534941193e-05,0.5
0,0.00570871557796561,1.0149475848017,-7.77980587397907e-05,0.5
0,0.00789992447056352,1.02159356720199,-6.87458457102672e-05,0.5
0,0.00991679598534813,1.02857738358289,-5.896886552956e-05,0.5
0,0.0119400783133621,1.03808191583458,-4.54582979621753e-05,0.5
0,0.00581691037722217,1.04645355373426,-3.15735594514476e-05,0.5
0,0.0109719353620642,1.04589482008177,-3.39722512431943e-05,0.5
0,0.0114963009353618,1.06039356894682,-1.23605397692952e-05,0.5
0,0.0110833865565012,1.0672791464584,-1.8486407650688e-06,0.5
0,0.0111075318268327,1.07507146647771,9.85786493505045e-06,0.5
0,0.0105560160466407,1.0832775114413,2.24658635493049e-05,0.5
0,0.00940764658013248,1.09044770352988,3.36494257516804e-05,0.5
0,0.00754277400272677,1.09633978102476,4.2999531149955e-05,0.5
0,0.00488842227090873,1.10013337888394,4.91746207373416e-05,0.5
0,0.00139188803144562,1.10057729245861,5.01161600391358e-05,0.5
0,0,1.09418193196402,4.02777894554532e-05,0.5
0,0,1.08260462212025,2.23634236343009e-05,0.5
0,0,1.07743264969818,1.4246706313976e-05,0.5
0,0,1.06974000573237,2.21895197535193e-06,0.5
0,0,1.06259204938829,-9.08345989031776e-06,0.5
0,0,1.05574804094406,-2.00077050708691e-05,0.5
0,0,1.04916457215243,-3.05326550712318e-05,0.5
0,0,1.04288274642565,-4.06567552105944e-05,0.5
0,0,1.03687185910013,-5.04009765987048e-05,0.5
0,0,1.03112287307645,-5.97807436073604e-05,0.5
0,0,1.02569570261277,-6.87873146449842e-05,0.5
0,0,1.02038225159614,-7.7492023071524e-05,0.5
0,0,1.01542539888853,-8.58255862276343e-05,0.5
0,0.00353436039886345,1.01048505417001,-9.39021786392891e-05,0.5
0,0.00830111436251938,1.0189276030423,-8.27992434622342e-05,0.5
0,0.0113209685051034,1.02469111648055,-7.50798293859096e-05,0.5
0,0.0148466612535869,1.03415655239253,-6.19793418873007e-05,0.5
0,0.0131014418910596,1.0433005734371,-4.78603432241309e-05,0.5
0,0.0182702250519638,1.05163626480973,-3.6619024058142e-05,0.5
0,0.0018361537099817,1.05979859242263,-2.03553671304206e-05,0.5
0,0.0129683189044352,1.05121316938461,-3.65380306733803e-05,0.5
0,0.0133516634411178,1.07263167369229,-4.01535706557497e-06,0.5
0,0.0121584321101583,1.077264900675,3.64367379087771e-06,0.5
0,0.0085880088210771,1.08552149649245,1.70541444785554e-05,0.5
0,0.0102544404787715,1.09042190159463,2.4258574628301e-05,0.5
0,0.00923614209302968,1.10008536254158,3.95917189708062e-05,0.5
0,0.00710011667172953,1.10359470606937,4.55528477739016e-05,0.5
0,0.00497075757559731,1.10706286658565,5.13137746736563e-05,0.5
0,0.00239815808158442,1.10979490635708,5.60252863361137e-05,0.5
0,0,1.10713403926617,5.23321276976289e-05,0.5
0,0,1.09457243432626,3.3045599624887e-05,0.5
0,0,1.09109093324009,2.77828535813026e-05,0.5
0,0,1.08422297196561,1.73794954921504e-05,0.5
0,0,1.07795897193319,7.66601374476958e-06,0.5
0,0,1.07186206071349,-1.80823157234252e-06,0.5
0,0,1.06609589490001,-1.09247301164053e-05,0.5
0,0,1.06024801357957,-1.98986492332673e-05,0.5
0,0,1.05472687973933,-2.85333391576905e-05,0.5
0,0,1.04953078652623,-3.68292712866388e-05,0.5
0,0,1.04454235059014,-4.48511677284209e-05,0.5
0,0,1.03973377142685,-5.26149084510997e-05,0.5
0,0,1.03500725738335,-6.01583693862189e-05,0.5
0,0,1.03064985206151,-6.73909045875265e-05,0.5
0,0,1.02643986042795,-7.43680757941477e-05,0.5
0,0,1.02239618940189,-8.11263401827987e-05,0.5
0,0,1.01853654065622,-8.76451752792795e-05,0.5
0,0,1.01491254903104,-9.39236251671361e-05,0.5
0,0.00180906299105552,1.01144504935937,-9.99661707124118e-05,0.5
0,0.00676147135822824,1.01755166055246,-9.23755033576456e-05,0.5
0,0.0106808964934845,1.02556523795533,-8.17203496872378e-05,0.5
0,0.0144921239929195,1.03211260823727,-7.29860347430155e-05,0.5
0,0.0183630690040196,1.04222255576718,-5.90118596309226e-05,0.5
0,0.0142074772839407,1.0508943732654,-4.49362766587444e-05,0.5
0,0.0215207094353453,1.05880390866751,-3.48267491181859e-05,0.5
0,0,1.06661221873915,-1.64601892363034e-05,0.5
0,0.0111293313291146,1.05021742707006,-4.60251693926401e-05,0.5
0,0.0120000802013888,1.07608863902537,-6.87140826724387e-06,0.5
0,0.0109737062264677,1.07905211720384,-1.62905122188565e-06,0.5
0,0.0116785537068522,1.0881099323191,1.20394677155511e-05,0.5
0,0.0127933987226751,1.0954300297184,2.33497055827992e-05,0.5
0,0,1.10302221349728,3.936235719532e-05,0.5
0,0,1.08475027108369,8.99158695762604e-06,0.5
0,0,1.08566646270366,1.13680078734558e-05,0.5
0,0,1.08017435351124,3.11262218414846e-06,0.5
0,0,1.0753076537569,-4.32077561798685e-06,0.5
0,0,1.07061648272572,-1.16116780922771e-05,0.5
0,0,1.06594610577158,-1.87688095297676e-05,0.5
0,0,1.06158038049504,-2.56559449735738e-05,0.5
0,0,1.05742470140009,-3.23141136962515e-05,0.5
0,0,1.05344293294212,-3.87558252571284e-05,0.5
0,0,1.0497426290842,-4.49585658608444e-05,0.5
0,0,1.0461093300726,-5.09980894757747e-05,0.5
0,0,1.04266304999384,-5.68391750226245e-05,0.5
0,0,1.03956129300746,-6.24197576627919e-05,0.5
0,0.00193264183734546,1.03644316876217,-6.78708694627842e-05,0.5
0,0.00619067181775123,1.04346408619405,-5.86649167766909e-05,0.5
0,0.00962663578050886,1.04956620982658,-5.04938403165131e-05,0.5
0,0.0129727787950328,1.05744062049235,-3.95387478669536e-05,0.5
0,0.0165245656492507,1.06717454259271,-2.56806053215128e-05,0.5
0,0.0106226502935024,1.07535167907344,-1.17317888194155e-05,0.5
0,0.0188251901791094,1.08181663340439,-3.74433810189859e-06,0.5
0,0.00344388711408857,1.09143987701361,1.47571638637791e-05,0.5
0,0.013283155386465,1.0891206893071,8.80323680529877e-06,0.5
0,0.00585308854072398,1.10510310584689,3.54399735794499e-05,0.5
0,0.0095565596141888,1.1060083732998,3.63424821926218e-05,0.5
0,0.00904776858997594,1.1182102457418,5.57917155729786e-05,0.5
0,0.00913322378152642,1.12301885407576,6.38425678912353e-05,0.5
0,0.00850091313156142,1.12867770867411,7.31968851262652e-05,0.5
0,0.00765585854420851,1.1343236494002,8.27357872191317e-05,0.5
0,0.00594047509093412,1.13883871084353,9.06672515742103e-05,0.5
0,0.00295827035450042,1.13983453849696,9.30820167265261e-05,0.5
0,0,1.13883237209873,9.2282256640888e-05,0.5
0,0,1.12914809139551,7.77145661284369e-05,0.5
0,0,1.12671238775146,7.42854558784705e-05,0.5
0,0,1.12175570445443,6.69237319189435e-05,0.5
0,0,1.11710792543569,5.98631002084185e-05,0.5
0,0,1.11255419030942,5.29136217558957e-05,0.5
0,0,1.10816554049905,4.61327661559248e-05,0.5
0,0,1.10397920862314,3.9554778419044e-05,0.5
0,0,1.10000687326018,3.31881048162985e-05,0.5
0,0,1.09608312962191,2.69161232552618e-05,0.5
0,0,1.09250527883586,2.09422301987503e-05,0.5
0,0,1.08883125155021,1.49791194926786e-05,0.5
0,0,1.08530408079373,9.1733731396496e-06,0.5
0,0,1.08178282853129,3.44983614080491e-06,0.5
0,0,1.07851271587236,-2.05145765399512e-06,0.5
0,0,1.07519758359801,-7.49580430803283e-06,0.5
0,0,1.07211291579579,-1.27382351935585e-05,0.5
0,0,1.06911822221169,-1.78450767230735e-05,0.5
0,0,1.06637674673898,-2.27393580538753e-05,0.5
0,0,1.06365209576764,-2.75356209613011e-05,0.5
0,0,1.06107285129152,-3.21796230438133e-05,0.5
0,0,1.05866189241001,-3.66543376159413e-05,0.5
0,0,1.05630435977407,-4.10162033763345e-05,0.5
0,0,1.05406221917753,-4.52416718476325e-05,0.5
0,0,1.05191300506308,-4.93384297446361e-05,0.5
0,0,1.04985530112958,-5.3310381085484e-05,0.5
0,0,1.04786816893725,-5.71535473729661e-05,0.5
0,0,1.04617647220473,-6.08041553354381e-05,0.5
0,9.6007546275317e-06,1.04434474074673,-6.44111997276167e-05,0.5
0,0.00406450754928944,1.04321304097444,-6.71333398201022e-05,0.5
0,0.00924544096548971,1.05183880558127,-5.5818454567462e-05,0.5
0,0.0130409224040458,1.05855819771231,-4.66892893776862e-05,0.5
0,0.0175345841196029,1.06920559138434,-3.18469831932926e-05,0.5
0,0.0107872901619621,1.07691607511428,-1.83751795743912e-05,0.5
0,0.0210830982150876,1.08612473191189,-6.73492980210842e-06,0.5
0,0,1.09275221326571,1.07591723697754e-05,0.5
0,0.00869491210319321,1.08032464178354,-1.28896615376357e-05,0.5
0,0.00962974670773914,1.10277408317269,2.14637436204767e-05,0.5
0,0.00935067918514298,1.10649484505098,2.80528925420053e-05,0.5
0,0.01037866163481,1.11570865294684,4.23125750428881e-05,0.5
0,0,1.122189782474,5.71819385683785e-05,0.5
0,0,1.10846116942946,3.34684801994105e-05,0.5
0,0,1.11031427627161,3.73876182249958e-05,0.5
0,0,1.10682205368888,3.23461457783323e-05,0.5
0,0,1.10379416320097,2.77868364512008e-05,0.5
0,0,1.10068648151736,2.31782811347868e-05,0.5
0,0,1.09761417216748,1.86119805399298e-05,0.5
0,0,1.09476514891462,1.42247212013032e-05,0.5
0,0,1.0918609384661,9.83642283362965e-06,0.5
0,0,1.08910352992298,5.57006852253627e-06,0.5
0,0,1.08653018367746,1.45933010018299e-06,0.5
0,0,1.08404672308795,-2.54474141296899e-06,0.5
0,0,1.0817095094285,-6.42762229552784e-06,0.5
0,0,1.07949415306972,-1.01892126818969e-05,0.5
0,0,1.07727692337511,-1.39043212364167e-05,0.5
0,0,1.07527352612818,-1.74543621630911e-05,0.5
0,0,1.07335297455214,-2.09028422495311e-05,0.5
0,0,1.07148465361064,-2.42732023828893e-05,0.5
0,0,1.06964645680585,-2.75755782469581e-05,0.5
0,0,1.06793056960109,-3.07632675391378e-05,0.5
0,0.00205482401606995,1.06627173554165,-3.38663286442773e-05,0.5
0,0.00678436055598624,1.07633427007114,-2.00510367178729e-05,0.5
0,0.0108787697571776,1.08751202498619,-3.97197101236296e-06,0.5
0,0,1.09318392810059,8.72507216607676e-06,0.5
0,0.00587020411009086,1.08162411272198,-1.18967378661947e-05,0.5
0,0.0095302324601766,1.10281033387054,1.95782014103058e-05,0.5
0,0.00467565021279678,1.10859055871042,3.03014057146394e-05,0.5
0,0.0107318876680929,1.11205852943597,3.44381760902987e-05,0.5
0,0.00992470385748901,1.12440078320413,5.42134662277705e-05,0.5
0,0.0133016615195916,1.13200779568432,6.61458843778436e-05,0.5
0,0.00183758847761811,1.13959755740769,8.10200521318336e-05,0.5
0,0.0079251886734787,1.13621191529293,7.47215772889813e-05,0.5
0,0.00958884386483226,1.15136857874309,9.90804051411981e-05,0.5
0,0.00203667974971965,1.15760696173065,0.000111644438530967,0.5
0,0.00360516419837814,1.15470637100871,0.000107060608964658,0.5
0,0.00382659045690476,1.16354387173518,0.000121925432770848,0.5
0,0.00238208363489878,1.16742298095397,0.000129410744280258,0.5
0,0.000163185788729099,1.16862408604764,0.000132401892663453,0.5
0,0,1.16270454628635,0.000124075982522732,0.5
0,0,1.16011237706407,0.000120677689185828,0.5
0,0,1.15737971612514,0.000117158021242231,0.5
0,0,1.154084426967,0.000112624074513083,0.5
0,0,1.15088023035527,0.000108139696795134,0.5
0,0,1.14788755186806,0.000103838572280149,0.5
0,0,1.14489264022894,9.95027756131018e-05,0.5
0,0,1.14194893764541,9.51889841105652e-05,0.5
0,0,1.13906836200327,9.09164961794975e-05,0.5
0,0,1.13635282877805,8.67848506657501e-05,0.5
0,0,1.13353692841624,8.25519397555918e-05,0.5
0,0,1.13095584497426,7.85213881626061e-05,0.5
0,0,1.12836870342769,7.44904122160771e-05,0.5
0,0,1.12604243140838,7.06869405645165e-05,0.5
0,0,1.12364513306907,6.68352202443732e-05,0.5
0,0,1.12135384126045,6.30767602503914e-05,0.5
0,0,1.11917499898996,5.94287334789681e-05,0.5
0,0,1.11694834733093,5.57569766727518e-05,0.5
0,0,1.11495191219946,5.22855787777882e-05,0.5
0,0,1.1130183919034,4.88915970994821e-05,0.5
0,0,1.11122214669475,4.5640107269983e-05,0.5
0,0,1.10944589358546,4.24224781482848e-05,0.5
0,0,1.10770140008197,3.92576050750883e-05,0.5
0,0,1.10612696638878,3.62491159933253e-05,0.5
0,0,1.10455724017203,3.32786419654253e-05,0.5
0,0,1.10300696713938,3.03503398073267e-05,0.5
0,0,1.10156083411818,2.75291706572565e-05,0.5
0,0,1.10027809114502,2.48603775556467e-05,0.5
0,0,1.09896256222082,2.22067090637467e-05,0.5
0,0,1.09779190559258,1.96855932491407e-05,0.5
0,0,1.09650462459073,1.71252249427636e-05,0.5
0,0,1.09537436946425,1.47001919799421e-05,0.5
0,0,1.09426037631213,1.23290004976231e-05,0.5
0,0,1.09319692201643,1.00250366916949e-05,0.5
0,0,1.09211891259884,7.74888279378928e-06,0.5
0,0,1.09113159224994,5.56570713186785e-06,0.5
0,0,1.08999221506056,3.32283652021496e-06,0.5
0,0,1.08903441375882,1.22183732480655e-06,0.5
0,0,1.08807293492911,-8.38739164635039e-07,0.5
0,0,1.08709805931149,-2.87725670638273e-06,0.5
0,0,1.08614963736662,-4.86676538642073e-06,0.5
0,0,1.08527245831714,-6.77922092556807e-06,0.5
0,0,1.08446690085946,-8.60352850576561e-06,0.5
0,0,1.08360719836648,-1.04328315779711e-05,0.5
0,0,1.08296331451588,-1.21016369786272e-05,0.5
0,0.00131373637691722,1.0823085122853,-1.37333053237195e-05,0.5
0,0.00504105293508159,1.0863379383736,-8.57411229642551e-06,0.5
0,0.00897029886292063,1.09158375192693,-1.52699709568964e-06,0.5
0,0.0130301868802598,1.09966967345642,9.89631741122673e-06,0.5
0,0.0168173338459294,1.10800104631635,2.20154233553695e-05,0.5
0,0.0201672319760415,1.11750890291533,3.62118819962597e-05,0.5
0,0.0163242054132783,1.12542015652601,4.97265549500577e-05,0.5
0,0.00458080924971018,1.13308484488375,6.4461474474496e-05,0.5
0,0.0163444176762257,1.13600620039273,6.71410368139889e-05,0.5
0,0,1.14745430162702,8.95572297851381e-05,0.5
0,0.00284995420361657,1.13466206539987,6.85388131253377e-05,0.5
0,0.00408777512192342,1.14820982966748,8.99578449886964e-05,0.5
0,0.00244137813018889,1.15099561999367,9.55748286501071e-05,0.5
0,0.00131007760413851,1.15212288312095,9.80329667369191e-05,0.5
0,0,1.15224402864643,9.90215929458376e-05,0.5
0,0,1.14741446225465,9.24396397261168e-05,0.5
0,0,1.14690009230658,9.21213866879727e-05,0.5
0,0,1.14471485139054,8.94119914501802e-05,0.5
0,0,1.14261839427652,8.67056558474368e-05,0.5
0,0,1.14071485806611,8.41663720377381e-05,0.5
0,0,1.13885984640398,8.16538069522692e-05,0.5
0,0,1.1370618943798,7.91664806386423e-05,0.5
0,0,1.13534261830106,7.67348511317115e-05,0.5
0,0,1.13368965034933,7.4349199733658e-05,0.5
0,0,1.13210124757458,7.20099797377148e-05,0.5
0,0,1.13057498696969,6.97175113922764e-05,0.5
0,0,1.12910871119552,6.74720023295088e-05,0.5
0,0,1.12770033055632,6.52736059917445e-05,0.5
0,0,1.126233833428,6.30229535336986e-05,0.5
0,0,1.12485069883474,6.08393415199865e-05,0.5
0,0,1.12359172450524,5.87652237862025e-05,0.5
0,0,1.12232966491442,5.66940279270431e-05,0.5
0,0,1.12119044946067,5.47282622474333e-05,0.5
0,0,1.1199979668493,5.27292022500192e-05,0.5
0,0,1.11896730359096,5.08669508201954e-05,0.5
0,0,1.11792250048305,4.90093849570373e-05,0.5
0,0,1.11699435455599,4.72540752271058e-05,0.5
0,0,1.11606287962931,4.5513270223889e-05,0.5
0,0,1.11524349339926,4.38735703995417e-05,0.5
0,0,1.1144173958754,4.22479406264964e-05,0.5
0,0,1.11370010327133,4.07219295004141e-05,0.5
0,0,1.11297272576117,3.92095179671475e-05,0.5
0,0,1.11229344367596,3.77499633388873e-05,0.5
0,0,1.11152946861734,3.6244451479946e-05,0.5
0,0,1.11082630026949,3.47980376587719e-05,0.5
0,0,1.11016799291256,3.34060004902707e-05,0.5
0,0,1.10952816168762,3.20457098752246e-05,0.5
0,0.00109444572459822,1.10874682141181,3.0595473612652e-05,0.5
0,0.00377545216698947,1.1117943993942,3.46421338863066e-05,0.5
0,0.00631650565391679,1.11656668127147,4.14775993449427e-05,0.5
0,0.00886693503035186,1.12140086051722,4.85192100125887e-05,0.5
0,0.011441304625676,1.12739139086089,5.74345598035232e-05,0.5
0,0.0140772501845909,1.13418609005122,6.77482957613238e-05,0.5
0,0.0162336133467919,1.14154568607358,7.92109588989354e-05,0.5
0,0.0162486920851846,1.15115322361281,9.47852579705883e-05,0.5
0,0.016863932158132,1.15877074087851,0.000107421669616643,0.5
0,0.0157020566677537,1.16691056821414,0.000121306138262982,0.5
0,0,1.17357545870355,0.000135909107828595,0.5
0,0.00351650420950437,1.16266299763425,0.000117807976334097,0.5
0,0.00397479089479426,1.17730453969341,0.000141747769589061,0.5
0,0.00111288865563379,1.17916674220866,0.000146406618701707,0.5
0,0,1.17737558171287,0.00014460286699842,0.5
0,0,1.17307863401755,0.000138887215483676,0.5
0,0,1.17250497362746,0.000138818646810997,0.5
0,0,1.17030913601305,0.000136278147242039,0.5
0,0,1.16822405856784,0.000133752292593188,0.5
0,0,1.16623016371981,0.000131293193536693,0.5
0,0,1.16419033890212,0.000128731317296001,0.5
0,0,1.16224776001607,0.000126229801968799,0.5
0,0,1.16038644976764,0.000123779603433597,0.5
0,0,1.15852707731587,0.00012129445926547,0.5
0,0,1.15677320907324,0.000118888715200008,0.5
0,0,1.15522929116543,0.000116682025969657,0.5
0,0,1.15368026500642,0.000114449664801203,0.5
0,0,1.1521889440773,0.000112253687995919,0.5
0,0,1.15076287095846,0.000110109470616951,0.5
0,0,1.14933501931627,0.000107948320600564,0.5
0,0,1.14799843028946,0.000105866263059409,0.5
0,0,1.14658989014626,0.000103701548279469,0.5
0,0,1.1453114090771,0.000101654531617402,0.5
0,0,1.14421454882133,9.97878856083302e-05,0.5
0,0,1.14309802799946,9.79015265812067e-05,0.5
0,0,1.14191651700982,9.59449131798934e-05,0.5
0,0,1.14103061703848,9.42764822902139e-05,0.5
0,0,1.14003438457773,9.25128555084447e-05,0.5
0,0,1.13906502938782,9.07697125168317e-05,0.5
0,0,1.13822332516271,8.91563954768134e-05,0.5
0,0,1.13741707661506,8.75865528116786e-05,0.5
0,0,1.13656380571328,8.597792226227e-05,0.5
0,0,1.13574178927839,8.44035965325573e-05,0.5
0,0,1.13492305021455,8.28410695063632e-05,0.5
0,0,1.13416364085462,8.13411268942874e-05,0.5
0,0,1.13342189690598,7.98680197606647e-05,0.5
0,0,1.13281994350778,7.85339094633324e-05,0.5
0,0,1.13221925177465,7.72174227098945e-05,0.5
0,0,1.13163232581624,7.59238670903654e-05,0.5
0,0,1.13124684544216,7.48289540731405e-05,0.5
0,0,1.13070629706202,7.36152574844167e-05,0.5
0,0,1.1302711493723,7.25029069099848e-05,0.5
0,0,1.12984008613292,7.14157053923862e-05,0.5
0,0,1.12937662595908,7.03123685998909e-05,0.5
0,0,1.12886491658576,6.91782886630318e-05,0.5
0,0,1.12849663331915,6.81842962845965e-05,0.5
0,0,1.12791699419098,6.70214633640064e-05,0.5
0,0,1.1274970056541,6.60017216524982e-05,0.5
0,0,1.12710927385975,6.50324369269505e-05,0.5
0,0,1.12670458426748,6.40601939045029e-05,0.5
0,0,1.12638763813004,6.31777732369498e-05,0.5
0,0,1.12604750548805,6.22930682697565e-05,0.5
0,0,1.12584901213588,6.15447716796432e-05,0.5
0,0,1.12563871593225,6.08088382755813e-05,0.5
0,0,1.12548562773279,6.01371334467367e-05,0.5
0,0,1.12531704783074,5.94720665017142e-05,0.5
0,0,1.12511988302033,5.87974461203867e-05,0.5
0,0,1.12503056880167,5.82316086539016e-05,0.5
0,0,1.12489836658002,5.76505316017975e-05,0.5
0,0,1.12479296784231,5.7105758007325e-05,0.5
0,0,1.12486266379678,5.67311365917697e-05,0.5
0,0,1.12481869888606,5.62846370473474e-05,0.5
0,0,1.12482583641218,5.58928811158134e-05,0.5
0,0.00148023099296278,1.12483792610418,5.55272656768785e-05,0.5
0,0.0061253381856043,1.13257144899977,6.65062792257523e-05,0.5
0,0.0106791143388239,1.14261855359591,8.14660583946225e-05,0.5
0,0.00560541483788537,1.15048530526823,9.51285083423706e-05,0.5
0,0.013973957385785,1.15614040482448,0.000102970123527216,0.5
0,0,1.16579848923915,0.000121595464356512,0.5
0,0.00624709010092984,1.15614670586769,0.000105443083837156,0.5
0,0.0107327328968875,1.17735746851144,0.000138370049587061,0.5
0,0,1.1805214552339,0.000147824388531874,0.5
0,0,1.17098842853325,0.000131873698505321,0.5
0,0,1.17390385873829,0.000137484383316043,0.5
0,0,1.17253896823823,0.000136275154510586,0.5
0,0,1.17140181702858,0.000135146487747032,0.5
0,0,1.17029102620145,0.00013404951527569,0.5
0,0,1.16921550677661,0.000132945976317092,0.5
0,0,1.1681817438528,0.000131854311550939,0.5
0,0,1.16724043625005,0.000130834965664704,0.5
0,0,1.16629895051861,0.000129786114344804,0.5
0,0,1.16550062257779,0.000128872125622411,0.5
0,0,1.16466723491307,0.000127896621644961,0.5
0,0,1.16373429632828,0.000126780259083782,0.5
0,0,1.16300181260474,0.000125863982479263,0.5
0,0,1.16227535841985,0.00012494260446688,0.5
0,0,1.16150450332468,0.000123949975194478,0.5
0,0,1.16081431589506,0.000123028638268993,0.5
0,0,1.16008685886084,0.000122053358419879,0.5
0,0,1.15948017374273,0.000121195045179819,0.5
0,0,1.15890069007511,0.000120359887488603,0.5
0,0,1.15832241508521,0.000119514907260116,0.5
0,0,1.15788604628788,0.000118817297665947,0.5
0,0,1.15739381820153,0.000118057482880458,0.5
0,0,1.15689784130643,0.000117283386254705,0.5
0,0,1.15651287715757,0.000116626244093328,0.5
0,0,1.15613757311352,0.000115982227139858,0.5
0,0,1.1558703004734,0.000115451846725666,0.5
0,0,1.15554041842854,0.000114859961613541,0.5
0,0,1.15526175546746,0.000114318580887869,0.5
0,0,1.1550471402971,0.000113851332005096,0.5
0,0,1.15480864791612,0.000113362437547904,0.5
0,0,1.15459774635886,0.000112904163322795,0.5
0,0,1.15439955162624,0.000112464220970257,0.5
0,0,1.15416196249625,0.000111985069369437,0.5
0,0.000701190027120614,1.15397688043701,0.000111563451796229,0.5
0,0.0033930127224838,1.15851558960507,0.000118343219805761,0.5
0.0080017450659884,0.00655081032247573,1.16534387981697,0.000128889795927731,0.5
0.0283774681623597,0.00978095685108832,1.17321220236963,0.00014131292137012,0.5
0.0496928285274996,0.00610706074801518,1.18220423871435,0.000156832630266327,0.5
0.0668657294914267,0.0127757449994866,1.18832995305865,0.000166455175302006,0.5
0.0847119549637248,0,1.19701729130419,0.000183477729384865,0.5
0.0652547113862401,0.00312959188611362,1.18724200076333,0.00016757460307389,0.5
0.0978245642551619,0.00482394058638697,1.20059968129719,0.000189384098360112,0.5
0.112197659019855,0.00466249879240585,1.20622276665692,0.000199946353497792,0.5
0.12524204296056,0.00482117864093975,1.2112259717669,0.000209092093728354,0.5
0.140779833578614,0.00490600470554873,1.21733234071881,0.00022026064542218,0.5
0.155719107923142,0.00458654168604921,1.22322263749017,0.000231313462727344,0.5
0.169144242497441,0.00378414364598894,1.22850348270253,0.000241531881808312,0.5
0.179729235772541,0.00198427621103947,1.23265088295567,0.000250036900150726,0.5
0.183345907455059,0,1.23391374777114,0.000253872575491711,0.5
0.169528899869344,0,1.22790593745175,0.000245663480559364,0.5
0.170455441572497,0,1.22797992744346,0.000247057730769862,0.5
0.165831262588618,0,1.22579195075304,0.000244950116270533,0.5
0.161816187801672,0,1.22380486213528,0.000242908251009228,0.5
0.157595786013628,0,1.22175159304464,0.000240698875470134,0.5
0.153797118286257,0,1.21983712412778,0.000238607258806215,0.5
0.15026154180751,0,1.21800955952652,0.000236568359060428,0.5
0.147245860952416,0,1.21635272269268,0.000234716041528723,0.5
0.143971870690456,0,1.21461252635021,0.000232656529032815,0.5
0.141050342705036,0,1.21298813852301,0.00023069604813478,0.5
0.138271885617491,0,1.21141155791663,0.000228748672993302,0.5
0.135646528159224,0,1.20988583531353,0.000226814031801479,0.5
0.133466736433109,0,1.2085064520697,0.000225045911685017,0.5
0.131067383199816,0,1.20705628610379,0.00022311768912993,0.5
0.12899038733143,0,1.20571224099197,0.000221295332137369,0.5
0.127037583245474,0,1.20440982119763,0.000219496412275857,0.5
0.124754423652717,0,1.20300028470573,0.00021748768610697,0.5
0.123172090666967,0,1.20182112491213,0.000215791608638,0.5
0.121426809012921,0,1.20058906213733,0.000213976048859664,0.5
0.120015904556469,0,1.19946711919009,0.000212286202429308,0.5
0.118605881137425,0,1.19834624654605,0.00021056913807932,0.5
0.117166968592062,0,1.19721651442439,0.000208803033655984,0.5
0.115847297787527,0,1.19612689465143,0.000207073977890145,0.5
0.114646802653239,0,1.19507647552871,0.00020536813555544,0.5
0.113692711628764,0,1.19410743739822,0.00020376051560575,0.5
0.112870685946472,0,1.19318217655055,0.000202195120796837,0.5
0.111981802709902,0,1.19223632315287,0.000200589595455008,0.5
0.111137518344235,0,1.19130543811369,0.00019898014123204,0.5
0.110468164882999,0,1.19043245685654,0.000197438875614123,0.5
0.10985103526187,0,1.18957722668224,0.000195909139310607,0.5
0.109350137684386,0,1.18876086870784,0.000194424177875331,0.5
0.108761228948165,0,1.1879163357277,0.000192886172102894,0.5
0.1084893804442,0,1.18717576292751,0.000191477547230194,0.5
0.108437759501081,0,1.1865076209822,0.000190163299309108,0.5
0.108293071615991,0,1.18580989936871,0.00018880445986782,0.5
0.108553522555584,0,1.18524472597524,0.000187615780354532,0.5
0.108675418075412,0,1.1846351415931,0.000186370838779064,0.5
0.109171163273895,0,1.18414764723087,0.000185278600595916,0.5
0.109512038388577,0,1.18361033229029,0.000184125216652468,0.5
0.109992019898833,0,1.1831191060622,0.000183031240349195,0.5
0.110213848885217,0,1.18254424223037,0.000181826314682438,0.5
0.110771008164159,0,1.18207987803002,0.000180772764124338,0.5
0.111291454857338,0,1.18160403763187,0.000179708074147889,0.5
0.11174030100305,0,1.18110564762732,0.000178614842850693,0.5
0.112278627241488,0,1.1806364882093,0.000177553326869055,0.5
0.112756976803558,0,1.18014898190801,0.00017647883634886,0.5
0.113935836427273,0,1.17989006655476,0.000175701731985638,0.5
0.114582590372961,0,1.1794585836097,0.000174716274745234,0.5
0.115782606706358,0,1.17920774681405,0.000173958061242878,0.5
0.116655491125923,0,1.17885118687132,0.000173082113754025,0.5
0.118004196967878,0,1.17864998066447,0.000172403440118194,0.5
0.119148178339511,0,1.17838273967502,0.000171656289915101,0.5
0.120095455606095,0,1.17805190009495,0.000170826762673131,0.5
0.121295126449922,0,1.17780395322911,0.000170110180504699,0.5
0.122604100442255,0,1.17759219341821,0.000169451256660687,0.5
0.123687264944828,0,1.17730735472623,0.000168704272271401,0.5
0.124828495858196,0,1.17704226824983,0.000167988536113189,0.5
0.12592995818359,0,1.17676483886047,0.000167264863148214,0.5
0.127277681496649,0,1.17656817669256,0.000166649467480642,0.5
0.128215127578536,0,1.17623830873299,0.000165871652506051,0.5
0.129447944419439,0,1.176005369766,0.000165217637285814,0.5
0.130935270272324,0,1.17585594899304,0.00016468287449576,0.5
0.13196187675993,0,1.17555705403304,0.000163966406187522,0.5
0.133418844122057,0,1.17539871232988,0.000163425087693498,0.5
0.134589450603149,0,1.17514769881318,0.000162781116140789,0.5
0.136238073277748,0,1.17505309785716,0.000162337433150793,0.5
0.137772165823009,0,1.17492140848531,0.000161859322175144,0.5
0.139345125372633,0,1.17480333237754,0.000161407067672353,0.5
0.140822232909228,0,1.17465454567827,0.000160924459934977,0.5
0.142844099400089,0,1.17468359013114,0.000160672039913689,0.5
0.144661652937676,0,1.17464645821591,0.000160352952659883,0.5
0.146210255893738,0,1.17452228687173,0.000159928071496204,0.5
0.14789982387787,0,1.17444479312783,0.000159569842794605,0.5
0.149320901515253,0,1.1742801033758,0.000159108757159825,0.5
0.150809379750078,0,1.17413799731288,0.00015867851713928,0.5
0.15205671874952,0,1.17391778286734,0.000158155856252377,0.5
0.153368647233775,0,1.17371919384626,0.00015766086646674,0.5
0.154744262602271,0,1.17354190273328,0.000157198383507669,0.5
0.15623642791264,0,1.17340292476093,0.000156786654656509,0.5
0.157638183476729,0,1.17323492039464,0.000156343341747834,0.5
0.158993508950101,0,1.17305265301679,0.000155887760899568,0.5
0.160184787800284,0,1.17281744967093,0.000155368386769179,0.5
0.161331053967726,0,1.17256846540482,0.000154835231507687,0.5
0.162593237108606,0,1.17235733629487,0.000154346802398088,0.5
0.164091649838481,0,1.17222356981763,0.00015395848023335,0.5
0.165433757515226,0,1.17203961022321,0.000153515610082858,0.5
0.167284910527227,0,1.17202185772415,0.000153280000993241,0.5
0.169114594646874,0,1.17199749147809,0.000153049544622837,0.5
0.170690037555343,0,1.17189063069156,0.000152718612478688,0.5
0.172775933658357,0,1.17195083495016,0.00015260223286417,0.5
0.174755733169305,0,1.17197683561932,0.000152458478855114,0.5
0.176768487416938,0,1.17201453373096,0.000152338422061252,0.5
0.17890787302907,0,1.17209346332387,0.000152274743459081,0.5
0.181276838731542,0,1.17224795475622,0.000152319756189649,0.5
0.183608859112488,0,1.17239080099876,0.000152362920387052,0.5
0.185754563091311,0,1.17247338053263,0.0001523393755717,0.5
0.188199006392941,0,1.17265383269768,0.000152446389612772,0.5
0.190670149964049,0,1.17284363583748,0.000152582951334568,0.5
0.193050432504483,0,1.17300412778234,0.000152690903611492,0.5
0.195320294676572,0,1.17312913722392,0.000152763447267535,0.5
0.197699326325931,0,1.17329020465741,0.00015288943130141,0.5
0.200066863544072,0,1.17344819157646,0.000153024754319336,0.5
0.202443676920738,0,1.17360973188779,0.000153173339311398,0.5
0.204957701867018,0,1.17381635249808,0.000153387144358979,0.5
0.207489737903478,0,1.17402911461975,0.000153618509297894,0.5
0.209813512202172,0,1.17417459256961,0.000153775022308879,0.5
0.212125691421422,0,1.17431671921481,0.000153931586649804,0.5
0.214633463574454,0,1.17452284331553,0.000154175574473206,0.5
0.216914177433794,0,1.17465597312149,0.000154343266424355,0.5
0.219601664586133,0,1.17492183265431,0.000154679441572232,0.5
0.222036381131312,0,1.17510579534376,0.00015492794794483,0.5
0.224670863548885,0,1.17535514028815,0.000155260115174519,0.5
0.227202738920044,0,1.17557160793197,0.000155564683956812,0.5
0.229861813649667,0,1.17582951979723,0.000155922781613738,0.5
0.232464413588632,0,1.17606996217654,0.000156275321530874,0.5
0.235067580031302,0,1.17631079681624,0.000156632101048785,0.5
0.23794471965206,0,1.1766412003422,0.000157111179730477,0.5
0.240659252333309,0,1.17691958395028,0.000157543301313417,0.5
0.243421823000436,0,1.17721394740435,0.000157999605971951,0.5
0.246289082182717,0,1.17754258508348,0.000158507778446046,0.5
0.249335024640482,0,1.17792985696008,0.000159102768774944,0.5
0.251917530974277,0,1.17816680585388,0.000159518589934903,0.5
0.254610717052126,0.00167410711746547,1.17844011029466,0.000159978999276945,0.5
0.26393114858058,0.0045185951523332,1.18150438351701,0.000164712133649715,0.5
0.272386494764254,0.00680240327704054,1.18425284002206,0.000169167998270703,0.5
0.2816082159921,0.0090490777462301,1.18734180837652,0.000174190774680726,0.5
0.292331507980799,0.0117369416099296,1.19103921035321,0.000180236360367078,0.5
0.309490401104349,0.0148473306014242,1.19751067212787,0.000190733141726248,0.5
0.324160359135826,0.0173440653816386,1.20296105166098,0.00019997209389288,0.5
0.347488470419647,0.0209232090069911,1.21208645498954,0.000215053213067449,0.5
0.367099207045644,0.0161355106063172,1.22045365239664,0.000230277769976571,0.5
0.389715037030297,0.0241779275508205,1.22881883522216,0.000244360815056017,0.5
0.405410579168418,0.0120353560102645,1.23623909337562,0.00025915626468313,0.5
0.429207781272936,0.0220758486698489,1.24492920440674,0.000274124820478128,0.5
0.440897123820625,0.000596339497337368,1.25156649638484,0.000288761358188613,0.5
0.432623971457782,0.00928286116648995,1.24639409294245,0.000281314134966148,0.5
0.470356911713858,0.0104866317630191,1.26207601379878,0.000308692069261578,0.5
0.482511965870415,0.00895105453403097,1.26689225373297,0.000319612642258951,0.5
0.497049841975969,0.00860227292470922,1.27261793273542,0.000331317555159695,0.5
0.512987523490282,0.00811370090236815,1.27897581846483,0.000344499120215805,0.5
0.527278691089346,0.00697686833693303,1.28468587097738,0.000356796745696221,0.5
0.539269259206402,0.0051819582303033,1.28946124721842,0.000367651512876035,0.5
0.547946597586867,0.00250738408738466,1.29288206296268,0.000376299421410948,0.5
0.55033269475886,0,1.2936965870216,0.000380530861590666,0.5
0.537465578821509,0,1.28818469040278,0.000373805502643388,0.5
0.537790088992891,0,1.28806712401528,0.000375851974523299,0.5
0.5332356193705,0,1.28596281424707,0.000374704348035607,0.5
0.529146565083523,0,1.28401238443242,0.000373505781887023,0.5
0.525152501871826,0,1.28209324578569,0.000372230397063383,0.5
0.521839821908539,0,1.28039695472299,0.00037126815113151,0.5
0.518498478969494,0,1.27869254649215,0.000370154512828258,0.5
0.515347444955216,0,1.27705098938254,0.000369018873606842,0.5
0.512150425249234,0,1.27539552383341,0.000367723531505508,0.5
0.508944246436663,0,1.27373820981467,0.000366301928416605,0.5
0.505854203747162,0,1.27211959237891,0.000364832678840003,0.5
0.503011523035218,0,1.27058240705151,0.000363417575195689,0.5
0.500265563838858,0,1.2690776130898,0.000361960293740441,0.5
0.497776508373588,0,1.26765718406468,0.000360563299918505,0.5
0.495131074700519,0,1.26618706761058,0.000358990739877422,0.5
0.492678749794921,0,1.26478039474997,0.000357429602535681,0.5
0.490529720690634,0,1.263473404356,0.000356000077316922,0.5
0.488494174058988,0,1.26220395669483,0.000354548787354369,0.5
0.486665595214388,0,1.26100281166588,0.000353170822347635,0.5
0.48490492347066,0,1.25982464769436,0.00035177403184406,0.5
0.483010934734569,0,1.25860362199785,0.00035019940259286,0.5
0.481203696313432,0,1.2574119631859,0.000348645322402591,0.5
0.479341261875729,0,1.25620275798349,0.000346964454842412,0.5
0.477596584074436,0,1.25503268093504,0.000345307206768072,0.5
0.475991825676502,0,1.25390886200103,0.000343685587560721,0.5
0.474591992103544,0,1.2528524668432,0.000342147610518798,0.5
0.473217585639533,0,1.25180516705735,0.000340588552831182,0.5
0.471935635211331,0,1.25078833078471,0.000339016002928603,0.5
0.470502326172478,0,1.24972295347254,0.00033730846860152,0.5
0.46932748737412,0,1.24874220757569,0.000335709727872414,0.5
0.468212555431388,0,1.24778186540009,0.000334136821354649,0.5
0.467410738427623,0,1.24692380524807,0.000332704210531366,0.5
0.46662875113545,0,1.2460727508117,0.000331251671974202,0.5
0.465903076949069,0,1.24524070311951,0.000329808328718773,0.5
0.465276944690726,0,1.24444160977912,0.0003283965076414,0.5
0.440860268045566,0,1.24363008413973,0.000327913822267058,0.5
0.451778740239214,0,1.24110249678633,0.000322347482483529,0.5
0.444986596296903,0,1.23995280529174,0.000320311021106156,0.5
0.442331380740058,0,1.23843921675056,0.000317317177110327,0.5
0.439371313061699,0,1.23683036535804,0.000314098887640583,0.5
0.436767376886579,0,1.23533822195998,0.00031108448725737,0.5
0.434533527737205,0,1.23396731069973,0.0003082541553508,0.5
0.399063107938768,0,1.23252910858872,0.000306627962534905,0.5
0.411786945116149,0,1.22838815148423,0.000297483490634204,0.5
0.401037786571642,0,1.22654743351655,0.000293931727606389,0.5
0.395241959843274,0,1.22393820211809,0.000288599163310281,0.5
0.389838550573256,0,1.22146271213477,0.000283472603831516,0.5
0.384844117975447,0,1.21912124864704,0.000278561165294431,0.5
0.37982100514495,0,1.21677213362661,0.000273622558447339,0.5
0.375301301369766,0,1.21458864734586,0.000268960464601438,0.5
0.370617955090638,0,1.21235371995254,0.000264218970394802,0.5
0.299173012729161,0,1.21025886306378,0.000262436161247538,0.5
0.325891933401625,0,1.20271534970519,0.000245970137440125,0.5
0.304184283675964,0,1.19962482165634,0.000240219073437946,0.5
0.292694972157346,0,1.19501819606604,0.000231050578730181,0.5
0.282266706987782,0,1.1907691572366,0.000222509566138261,0.5
0.272133058047339,0,1.18661759218807,0.000214140949891941,0.5
0.262459336350819,0,1.18261905624636,0.000206043241782596,0.5
0.253474516493048,0,1.17884773133951,0.000198311789160326,0.5
0.244527982921721,0,1.17509176015278,0.000190648251301246,0.5
0.236159841060444,0,1.17152716276273,0.000183301675122321,0.5
0.22799675537707,0,1.1680323236381,0.000176109942195946,0.5
0.220615173358235,0,1.16479487757554,0.000169315351942646,0.5
0.213505781258095,0,1.16164901429115,0.000162705836335611,0.5
0.206678570846519,0,1.15859756785079,0.000156267220151221,0.5
0.200220294926842,0,1.15566899737007,0.000150046179682097,0.5
0.15017898661845,0,1.15274055249726,0.000145664175760854,0.5
0.164171302041834,0,1.14638860457982,0.000132781410236615,0.5
0.146936405594254,0,1.14299384465832,0.000126349992285952,0.5
0.136378490676136,0,1.13863027933229,0.000117963865684574,0.5
0.126963088964473,0,1.13464907572617,0.000110185786701208,0.5
0.118162655231494,0,1.13087001116438,0.000102701381697213,0.5
0.1096901559995,0,1.1272015451376,9.5436849035953e-05,0.5
0.101776582749938,0,1.12371845053363,8.84600789026811e-05,0.5
0.0941932137525137,0,1.12034638555598,8.16979249249197e-05,0.5
0.056375614365519,0,1.11711645513174,7.64273109212453e-05,0.5
0.0626026476277661,0,1.11113273592805,6.51223441635762e-05,0.5
0.0477577383508271,0,1.10753750273158,5.8501747178253e-05,0.5
0.0378687727908292,0,1.10334193523843,5.06796576237961e-05,0.5
0.0284360845391411,0,1.09930367315063,4.3206365176787e-05,0.5
0.0197897580735654,0,1.0955251960767,3.60580296917475e-05,0.5
0,0,1.09190217573517,3.10379545763774e-05,0.5
0,0,1.08438231050922,1.76838788324434e-05,0.5
0,0,1.08035710250352,1.08393449856301e-05,0.5
0,0,1.07534703729414,2.16909436864995e-06,0.5
0,0,1.07069309463301,-5.91196377620983e-06,0.5
0,0,1.06618999789735,-1.37475094725964e-05,0.5
0,0,1.06184072374211,-2.13048357816705e-05,0.5
0,0,1.05772278548925,-2.8550512887192e-05,0.5
0,0,1.05376910166388,-3.44032036660134e-05,0.5
0,0,1.04760933572159,-4.47733848920431e-05,0.5
0,0,1.04357541174684,-5.14136642801079e-05,0.5
0,0,1.03886586144162,-5.90417271822336e-05,0.5
0,0,1.03442346895275,-6.62140668647409e-05,0.5
0,0,1.0302338540052,-7.16984121527241e-05,0.5
0,0,1.02296894012488,-8.2924206362154e-05,0.5
0,0,1.01862322063018,-8.94596114355204e-05,0.5
0,0,1.0134433635173,-9.72888531544484e-05,0.5
0,0,1.00873711972413,-0.000104562107225071,0.5
0,0,1.00408771216293,-0.000111191394135292,0.5
0,0,0.998835089245845,-0.000119131587702196,0.5
0,0,0.994645983787855,-0.000124577606306418,0.5
0,0,0.987841287956285,-0.000134282566036922,0.5
0,0,0.983369964051154,-0.000140129062157231,0.5
0,0,0.977170252682295,-0.000148791878226003,0.5
0,0,0.972254116437526,-0.0001553948160442,0.5
0,0,0.967050551357156,-0.00016268409981511,0.5
0,0,0.962309522491744,-0.000168874361273825,0.5
0,0.0143023989823507,0.956989755076902,-0.000176448526250871,0.5
0,0.0153467176401458,0.954574197690256,-0.000179029214193858,0.5
0,0.0357778369609752,0.948903376436839,-0.000186592305912272,0.5
0,0.0407094656913396,0.946675026462466,-0.000189203592121536,0.5
0,0.0591556450836602,0.942305950527159,-0.00019501979476618,0.5
0,0.0662997996065163,0.948537149269687,-0.000186960100168455,0.5
0,0.0756061866867937,0.957065100482594,-0.000175892901676951,0.5
0,0.0841228829340684,0.96260978040301,-0.000168614147827877,0.5
0,0.0766675945459584,0.976972197135871,-0.00014627594160671,0.5
0,0.0446319579074113,0.983665191483188,-0.000127474747947343,0.5
0,0.0758102763792622,0.99616808030909,-0.000118176348964024,0.5
0,0.0256609026739325,1.00332336070572,-9.42726781380218e-05,0.5
0,0.0637027269261091,1.00868106649431,-9.65153405511109e-05,0.5
0,0,1.01789927338912,-5.93227245166546e-05,0.5
0,0.0374500237666444,0.995568685615195,-0.000109383682209213,0.5
0,0,1.02744609724071,-5.00085804809187e-05,0.5
0,0.0144577389751362,0.995718308772454,-0.000103892074531382,0.5
0,0.0136929672400636,1.02240855747318,-6.48772634103194e-05,0.5
0,0.0151474804018211,1.02065002531227,-6.81837704188747e-05,0.5
0,0.0197352870921046,1.0276078553172,-5.93416561942888e-05,0.5
0,0.0173684083368343,1.04066218844393,-4.03770205531561e-05,0.5
0,0.0225785241376783,1.04512883997635,-3.52465742873778e-05,0.5
0,0.0194470711689589,1.05677150532795,-1.79205506279625e-05,0.5
0,0.00734869266887146,1.06430404313132,-4.64924068247213e-06,0.5
0,0.0172944793995804,1.06311448162426,-9.12411380623383e-06,0.5
0,0.00723552975514134,1.07923773271133,1.65418079144109e-05,0.5
0,0.0106062776584106,1.07470664148791,8.44090928506046e-06,0.5
0,0.0102326607848932,1.08584867683096,2.47530076062907e-05,0.5
0,0.00844392357676677,1.08973739140441,3.04663585198769e-05,0.5
0,0.00720977563097612,1.09272951117805,3.46531014106882e-05,0.5
0,0.0055593556318037,1.09538090803295,3.84263377393514e-05,0.5
0,0.00306470611965702,1.09571081757594,3.8820002052577e-05,0.5
0,0.000330359841885921,1.09223477118273,3.34095331849301e-05,0.5
0,0,1.08124977455733,1.6773783092428e-05,0.5
0,0,1.072010349803,2.80913873820189e-06,0.5
0,0,1.06438120294883,-8.80401637548227e-06,0.5
0,0,1.05588157646988,-2.1683494266978e-05,0.5
0,0,1.0478460306917,-3.39142664266088e-05,0.5
0,0,1.04021580950534,-4.56221296052567e-05,0.5
0,0.000690704486894854,1.03295334985542,-5.68204551804407e-05,0.5
0,0.00431259189577125,1.03331206310222,-5.70757275466658e-05,0.5
0,0.00746770008780299,1.03947448720844,-4.91052204100209e-05,0.5
0,0.0097242376700696,1.04685834924398,-3.90095694492909e-05,0.5
0,0.0116629551688059,1.05697604242227,-2.4792430775496e-05,0.5
0,0.0039909695610946,1.0646540154973,-1.19076048728917e-05,0.5
0,0.0103797204478618,1.06188014555193,-1.7741204055152e-05,0.5
0,0.00822189671697911,1.07932429404421,8.38871591509465e-06,0.5
0,0.00871750662022222,1.08237567857432,1.27818358072152e-05,0.5
0,0.00863933417468112,1.09134470426129,2.60046297140733e-05,0.5
0,0.0075461626177587,1.09850870866691,3.69125893424086e-05,0.5
0,0.00602706467226585,1.10217725739151,4.25176500623943e-05,0.5
0,0.00412908363548934,1.1055361214447,4.77013681744808e-05,0.5
0,0.00138904225801693,1.10577782732479,4.82281535649612e-05,0.5
0,0,1.09986901357243,3.93476505333971e-05,0.5
0,0,1.08742288580467,2.0610782268779e-05,0.5
0,0,1.0822155511535,1.26249639107271e-05,0.5
0,0,1.07417712442485,4.88023308035394e-07,0.5
0,0,1.0667691480988,-1.08508455523286e-05,0.5
0,0,1.05952380738309,-2.18571148409924e-05,0.5
0,0,1.05273953001893,-3.2372887558573e-05,0.5
0,0,1.0462472079179,-4.24769776198956e-05,0.5
0,0,1.04004312024428,-5.21612160968752e-05,0.5
0,0,1.03410957823214,-6.14900087358062e-05,0.5
0,0.00392781731801245,1.02844709262011,-7.04456375810807e-05,0.5
0,0.00826344761453282,1.03799078349047,-5.77561949427826e-05,0.5
0,0.0106878619845499,1.04324941484973,-5.06987643127322e-05,0.5
0,0.0138232103638997,1.05034578619098,-4.11000077649415e-05,0.5
0,0.0166692542838565,1.06018173008202,-2.7363264953253e-05,0.5
0,0.0132538750146324,1.0690171476043,-1.35200234766123e-05,0.5
0,0.0184385497764191,1.07623345038109,-3.98633551739022e-06,0.5
0,0.00591594618378214,1.0854715048342,1.25516655607308e-05,0.5
0,0.0133203879498609,1.08309956464612,7.13249337928575e-06,0.5
0,0.0130185485106339,1.09835351802814,3.02041694980273e-05,0.5
0,0.0116980257718838,1.10348178202813,3.84236166672225e-05,0.5
0,0.0115820495458384,1.11202869143949,5.14625849884165e-05,0.5
0,0.0101978425812275,1.11947152757993,6.32846699956957e-05,0.5
0,0.0083175846883895,1.1253212782259,7.27230122887984e-05,0.5
0,0.00582245171123298,1.12963303391013,7.98746438642201e-05,0.5
0,0.00209421103188377,1.13109891714768,8.27422100207433e-05,0.5
0,0,1.1252798436635,7.43028289199501e-05,0.5
0,0,1.11360286891914,5.67478324235044e-05,0.5
0,0,1.10883254683584,4.96759851150563e-05,0.5
0,0,1.1011386011002,3.82637158847306e-05,0.5
0,0,1.09404124009196,2.75643887757979e-05,0.5
0,0,1.08725302487059,1.72252148287659e-05,0.5
0,0,1.08063040268674,7.1753953543484e-06,0.5
0,0,1.07441911672732,-2.44151091829776e-06,0.5
0,0,1.06846949909162,-1.17164367211929e-05,0.5
0,0,1.06281023990908,-2.06458910102639e-05,0.5
0,0,1.05729180616092,-2.9305617322462e-05,0.5
0,0,1.05200804969248,-3.76591435228165e-05,0.5
0,0,1.0469806401167,-4.5701634268918e-05,0.5
0,0,1.04215337537896,-5.34642803607486e-05,0.5
0,0,1.03753548253324,-6.09510360598525e-05,0.5
0,0,1.03316629396121,-6.8139613412565e-05,0.5
0,0,1.0288829660556,-7.51130335770159e-05,0.5
0,0,1.02464587989724,-8.18737717760124e-05,0.5
0,0.00299893186342066,1.02072581544062,-8.8361827281182e-05,0.5
0,0.0081448568784201,1.02901941307394,-7.78009172479348e-05,0.5
0,0.0116497768527372,1.03622380352394,-6.82598934942472e-05,0.5
0,0.0156560691396679,1.04470955030715,-5.69181815262023e-05,0.5
0,0.0147694342387357,1.05437017997339,-4.25832433424158e-05,0.5
0,0.02008086681146,1.0611258111977,-3.38160705038753e-05,0.5
0,0.014059618667522,1.07123118152156,-1.74809554629472e-05,0.5
0,0.0206182283813516,1.07743480964776,-9.65031797424437e-06,0.5
0,0.0111254676801319,1.08741104050737,7.46550471078689e-06,0.5
0,0.0173668898921762,1.0905655688177,1.09248649304629e-05,0.5
0,0.0156069014614881,1.10273910416375,2.98293659193727e-05,0.5
0,0.015750798616895,1.10888398215171,3.94570344182144e-05,0.5
0,0.0153252597462519,1.11708883824971,5.22904388298939e-05,0.5
0,0.0140572901048301,1.12432510254064,6.39862921621279e-05,0.5
0,0.0123063915681575,1.13064784133276,7.43915688060332e-05,0.5
0,0.0100991089638351,1.13597614895963,8.33687571456668e-05,0.5
0,0.00703617278823391,1.13979775913219,9.01404767640346e-05,0.5
0,0.00299435859474727,1.14112271725291,9.30910948706026e-05,0.5
0,0,1.13669026167016,8.71703083397037e-05,0.5
0,0,1.12616723906701,7.1673705441217e-05,0.5
0,0,1.12205012805626,6.59636719081314e-05,0.5
0,0,1.11545086183941,5.6411756481959e-05,0.5
0,0,1.10923762081303,4.7323366833551e-05,0.5
0,0,1.10319997097177,3.84487995648568e-05,0.5
0,0,1.09744017659085,2.9878895459588e-05,0.5
0,0,1.09195980946967,2.161213083454e-05,0.5
0,0,1.08665601581616,1.35775347304081e-05,0.5
0,0,1.0816468901254,5.84665472503906e-06,0.5
0,0,1.07679308225398,-1.66453091651492e-06,0.5
0,0,1.07215392741877,-8.92758499719203e-06,0.5
0,0,1.06770247180531,-1.59572349653852e-05,0.5
0,0,1.06343353097128,-2.27608041752495e-05,0.5
0,0,1.05938624840477,-2.93106593125719e-05,0.5
0,0,1.05558357842208,-3.56084972435397e-05,0.5
0,0,1.05186878832402,-4.17360733359141e-05,0.5
0,0,1.04840215462861,-4.76239721346377e-05,0.5
0,0,1.04503017153198,-5.3334642731205e-05,0.5
0,0,1.04186593350889,-5.88208603835455e-05,0.5
0,0,1.03886452334784,-6.41220835800674e-05,0.5
0,0,1.03595557654751,-6.92544466161152e-05,0.5
0,0,1.03318757152946,-7.42107352305283e-05,0.5
0,0,1.03067008323945,-7.89588609920451e-05,0.5
0,0,1.02823162231255,-8.35502431861848e-05,0.5
0,0.00288014329938047,1.02588659413113,-8.79903697747307e-05,0.5
0,0.0087888278785731,1.03131378554756,-8.17405777587989e-05,0.5
0,0.0136879471969699,1.03681306705329,-7.50294295120247e-05,0.5
0,0.0182957910634538,1.04323001648861,-6.68542911007737e-05,0.5
0,0.0226671870106759,1.05110615565392,-5.64571476079053e-05,0.5
0,0.024474208315423,1.06222925594325,-4.06605336445136e-05,0.5
0,0.0113579418691037,1.06942519994981,-2.68264230234168e-05,0.5
0,0.0260431479532635,1.07525314680256,-2.16040746128009e-05,0.5
0,0,1.08470501643202,5.59074882147152e-07,0.5
0,0.0122020852624814,1.06963705979407,-2.71073449086208e-05,0.5
0,0.0126310539733107,1.09506980094796,1.0746671643001e-05,0.5
0,0.0120063942489614,1.09814122594936,1.62342035428261e-05,0.5
0,0.0144332152530407,1.10624437285142,2.79737018763086e-05,0.5
0,0.00230785989537297,1.11449383685016,4.34265071962202e-05,0.5
0,0.00875748993037573,1.10984640145982,3.49914839924369e-05,0.5
0,0.0101072867172143,1.12743818615289,6.19413594553063e-05,0.5
0,0.00353398614027439,1.13233669634315,7.15693689495343e-05,0.5
0,0.0044171371814994,1.13132047798018,6.98829343827535e-05,0.5
0,0.00292064679423881,1.13711310638543,7.94793429628959e-05,0.5
0,0,1.13727270246922,8.06001187372357e-05,0.5
0,0,1.12643993542487,6.47393888325291e-05,0.5
0,0,1.12493514354059,6.27524402037063e-05,0.5
0,0,1.120181414534,5.60023467017542e-05,0.5
0,0,1.11565227878338,4.94765199544158e-05,0.5
0,0,1.11138086203572,4.31857570628157e-05,0.5
0,0,1.10723605379278,3.70298820536056e-05,0.5
0,0,1.10331876439292,3.10831138643704e-05,0.5
0,0,1.09944972824526,2.52226955490083e-05,0.5
0,0,1.09583906831561,1.95997180102572e-05,0.5
0,0,1.09230550338842,1.40931523963225e-05,0.5
0,0,1.08887665853947,8.70889724564566e-06,0.5
0,0,1.08568603792892,3.54083641653868e-06,0.5
0,0,1.08250085392763,-1.55336271606353e-06,0.5
0,0,1.079568604021,-6.43399144800053e-06,0.5
0,0,1.07667515519444,-1.12049144553999e-05,0.5
0,0,1.07386701046984,-1.58671390996511e-05,0.5
0,0,1.07127524693107,-2.03358304794075e-05,0.5
0,0,1.06872869809912,-2.47022736217539e-05,0.5
0,0,1.06636750588877,-2.89019374972011e-05,0.5
0,0,1.06424589740657,-3.29026446618279e-05,0.5
0,0,1.06215542408166,-3.68058834179114e-05,0.5
0,0,1.06028211041521,-4.05317631592172e-05,0.5
0,0.000545032085427144,1.05840927636325,-4.41714658292635e-05,0.5
0,0.00496293929489232,1.06057033076821,-4.21401451105084e-05,0.5
0,0.00958563780620625,1.06634624560764,-3.4852618777563e-05,0.5
0,0.0140812966791618,1.07445087414007,-2.3989197440111e-05,0.5
0,0.0181089473723497,1.08303539605714,-1.20897385081844e-05,0.5
0,0.0211490243153337,1.09280074455035,1.95428495561875e-06,0.5
0,0.0170497689446233,1.10088726714377,1.52724564517019e-05,0.5
0,0.0248067823750097,1.1073072255728,2.35530048788155e-05,0.5
0,0.0226377067395015,1.11805111191447,4.07166245319839e-05,0.5
0,0.00367236994102889,1.12451276249877,5.49593780581358e-05,0.5
0,0.0172745350543188,1.12302502375689,5.00504544438683e-05,0.5
0,0.0168672961017772,1.13934851610522,7.57971579020125e-05,0.5
0,0.0163244911261522,1.14482341288359,8.53657007512392e-05,0.5
0,0.017143277451465,1.15281393424702,9.82739105286845e-05,0.5
0,0.0164492093710008,1.15838019287192,0.000107959922299715,0.5
0,0.0158837364773834,1.16502989142469,0.000119329213514644,0.5
0,0.0159633695360449,1.17391990041604,0.000134398808872223,0.5
0,0.014509366506212,1.18074731314305,0.00014663845401553,0.5
0,0.00972422293762008,1.18838630834566,0.000160791258268133,0.5
0,0.00902453650267304,1.19246634464298,0.000168563634970276,0.5
0,0.00585418954616058,1.19814046120152,0.000179351810114658,0.5
0,0.000838097599452934,1.19948412416129,0.000183315829966061,0.5
0,0,1.1933503720404,0.000175085421837146,0.5
0,0,1.18761599210331,0.000167204633354885,0.5
0,0,1.18409432948464,0.000162783219862373,0.5
0,0,1.17931111979682,0.000156236888624104,0.5
0,0,1.17476796009855,0.00014988523920333,0.5
0,0,1.17048511523636,0.000143784889226205,0.5
0,0,1.16628102491095,0.000137719285007335,0.5
0,0,1.16214731201484,0.000131686881822608,0.5
0,0,1.15824587260043,0.000125877266666626,0.5
0,0,1.15455833490196,0.00012027692832291,0.5
0,0,1.15093851166739,0.000114726993492855,0.5
0,0,1.14757621462634,0.000109434359536379,0.5
0,0,1.14420810990068,0.000104131671077862,0.5
0,0,1.14074524129721,9.87319165097926e-05,0.5
0,0,1.13771706568478,9.37592098273297e-05,0.5
0,0,1.13464666869029,8.87651500115088e-05,0.5
0,0,1.13172499301052,8.39169967679365e-05,0.5
0,0,1.12896679505568,7.9241417286247e-05,0.5
0,0,1.12621253311634,7.45929670552889e-05,0.5
0,0,1.12356024603294,7.00575235130426e-05,0.5
0,0,1.12103384068896,6.56611714426989e-05,0.5
0,0,1.11858922696295,6.13661427795706e-05,0.5
0,0,1.11623789805678,5.7181959432309e-05,0.5
0,0,1.11421009789478,5.32984140377967e-05,0.5
0,0,1.11209010413857,4.9387576060134e-05,0.5
0,0,1.10999413981576,4.55284803062109e-05,0.5
0,0,1.10800114085167,4.17922481029494e-05,0.5
0,0,1.10609920699941,3.8168952091305e-05,0.5
0,0,1.10437674878062,3.47237273350226e-05,0.5
0,0,1.10269636600556,3.13584346918663e-05,0.5
0,0,1.10118869714899,2.8163181280299e-05,0.5
0,0,1.09978771510732,2.50972686413994e-05,0.5
0,0,1.09844726111845,2.21241074613009e-05,0.5
0,0,1.09714752236308,1.92294583507754e-05,0.5
0,0,1.09597578154012,1.64729620972662e-05,0.5
0,0,1.09474994781704,1.37333611469839e-05,0.5
0,0,1.09351588084788,1.10328503511712e-05,0.5
0,0,1.0924052348994,8.46182998824838e-06,0.5
0,0,1.09119390771877,5.87621358306685e-06,0.5
0,0,1.09006433975028,3.38295102757188e-06,0.5
0,0,1.08893657443587,9.39840651036093e-07,0.5
0,0,1.08782917083061,-1.4483442863652e-06,0.5
0,0,1.0866798580695,-3.81909524238346e-06,0.5
0,0,1.0855940267291,-6.11181394331346e-06,0.5
0,0,1.08457025153143,-8.32359376318128e-06,0.5
0,0,1.08357956162895,-1.04738089953967e-05,0.5
0,0,1.08275468005078,-1.24849633289403e-05,0.5
0,0,1.08194189488472,-1.44410067849946e-05,0.5
0,0,1.08127601377691,-1.62712262193294e-05,0.5
0,0,1.08056981478101,-1.80753984880803e-05,0.5
0,0,1.08005079231141,-1.97335157712379e-05,0.5
0,0,1.0795921829033,-2.13045160781489e-05,0.5
0,1.77682243598774e-05,1.07910471864383,-2.28473935417857e-05,0.5
0,0.00421114300993402,1.07924383437026,-2.3462332683315e-05,0.5
0,0.0101069951960819,1.08804636781289,-1.18619116482791e-05,0.5
0,0.0146081052314774,1.09560095049788,-1.38563029551251e-06,0.5
0,0.019465165025732,1.10450690310749,1.10988201050234e-05,0.5
0,0.00984589221168969,1.11308899636948,2.64191373429004e-05,0.5
0,0.0223006254192496,1.11947293191348,3.3872430031384e-05,0.5
0,0.00323965226724037,1.12901117520471,5.27674324622202e-05,0.5
0,0.0164901620490311,1.12758608219364,4.84554312862182e-05,0.5
0,0.0102676388268596,1.14314521230725,7.3933723463986e-05,0.5
0,0.0154387152716101,1.14699840433027,7.99602930816407e-05,0.5
0,0.00199986514615457,1.15630435116824,9.75622510010009e-05,0.5
0,0.00884062785908236,1.15285221273428,9.17051603412047e-05,0.5
0,0.0105802785147179,1.16788648252275,0.000115581060524742,0.5
0,0.00209068360248717,1.17385915511951,0.000127872239623472,0.5
0,0.00407957662008556,1.17131311500904,0.00012425931014718,0.5
0,0.00404065973197834,1.18047591865325,0.000139678590264922,0.5
0,0.00214289517302331,1.18394847928693,0.000146766206249844,0.5
0,0,1.18555499412577,0.000150671094175341,0.5
0,0,1.17730918850195,0.000139240271969778,0.5
0,0,1.1772402919395,0.000140042738666264,0.5
0,0,1.17424731500193,0.000136572159820722,0.5
0,0,1.17166301019241,0.000133389813554203,0.5
0,0,1.16905409093538,0.000130150027697452,0.5
0,0,1.16662913530402,0.000127047730229896,0.5
0,0,1.16430798063463,0.000124013393934404,0.5
0,0,1.16214539336269,0.000121108862828689,0.5
0,0,1.16006344854862,0.000118252017071696,0.5
0,0,1.15804463217052,0.000115427563018775,0.5
0,0,1.1560601796239,0.000112608494238872,0.5
0,0,1.15413563377748,0.00010982462848153,0.5
0,0,1.15231083879048,0.000107121894938894,0.5
0,0,1.15054309448298,0.000104459574386012,0.5
0,0,1.14878871767461,0.000101793831608185,0.5
0,0,1.14697560102957,9.90531493639306e-05,0.5
0,0,1.14539297084429,9.65289702054569e-05,0.5
0,0,1.14383285658357,9.40292410098914e-05,0.5
0,0,1.14237498679111,9.16189041170416e-05,0.5
0,0,1.14094293234207,8.92347888805275e-05,0.5
0,0,1.13952501556132,8.68624524189207e-05,0.5
0,0,1.13814653380696,8.45284371725834e-05,0.5
0,0,1.13684875660411,8.22739261920463e-05,0.5
0,0,1.13553365416588,8.00089543902657e-05,0.5
0,0,1.13431171164875,7.78338527105925e-05,0.5
0,0,1.13306857478001,7.56491487044293e-05,0.5
0,0,1.13191641670374,7.35529028784403e-05,0.5
0,0,1.13079638870677,7.1498298363565e-05,0.5
0,0,1.12970999856369,6.94881938569979e-05,0.5
0,0,1.128677084973,6.75346363997541e-05,0.5
0,0,1.12768350046178,6.56307825057345e-05,0.5
0,0,1.12678750158014,6.38267780311589e-05,0.5
0,0,1.12577692387585,6.19404504864343e-05,0.5
0,0,1.12490373636713,6.01816409640521e-05,0.5
0,0,1.12426307971694,5.8645664086191e-05,0.5
0,0,1.12349166048777,5.70236015401064e-05,0.5
0,0,1.12281101781002,5.54894466537979e-05,0.5
0,0,1.12210131069532,5.39555742360233e-05,0.5
0,0,1.12140949414419,5.24527030659997e-05,0.5
0,0,1.1207196115067,5.09710479953521e-05,0.5
0,0,1.12013272231685,4.95982872014761e-05,0.5
0,0,1.11941649599759,4.81375155391651e-05,0.5
0,0,1.11888274405152,4.68391669772168e-05,0.5
0,0,1.11836158876945,4.55794005811321e-05,0.5
0,0,1.11784248475079,4.43388782940897e-05,0.5
0,0.00214455179864127,1.11741892765856,4.31959886006927e-05,0.5
0,0.00641691485022917,1.12409925132763,5.24545611796328e-05,0.5
0,0.0100864852324923,1.13080198015609,6.21729995717302e-05,0.5
0,0.0138305441945522,1.13850079150113,7.35326445242921e-05,0.5
0,0.0177703192475765,1.14772152369265,8.74416533787457e-05,0.5
0,0.0161096645369695,1.15621696289337,0.000101535679456017,0.5
0,0.0206934424803842,1.16490642104996,0.000114976355989967,0.5
0,0,1.17114132637149,0.000130685058755237,0.5
0,0.00746431780617881,1.16151119506234,0.000112951105854818,0.5
0,0.00841844293751982,1.18183097323357,0.000145381926996548,0.5
0.00125194111881986,0.00776709131988534,1.186108738139,0.000153907674698469,0.5
0.0188438544837982,0.00902902634793919,1.19310470508193,0.00016571698613875,0.5
0.0409682244987307,0.0104838423633889,1.20206830337099,0.000181193908710092,0.5
0.0581883078146177,0.00629939555642832,1.20947103008792,0.000195208976854284,0.5
0.0665545377625599,0.00786821340872006,1.21241569611892,0.00020115569558349,0.5
0.0857903873909496,0.00707963231157916,1.2203542454893,0.000215605185887322,0.5
0.0971804897987921,0.00536146599973408,1.2249648194659,0.000225070957938241,0.5
0.110163297035592,0.00395828687537071,1.2302380316955,0.000235507299553572,0.5
0.117502772328363,0.00106830708939319,1.23320113108297,0.000242414102667692,0.5
0.112554778226016,0,1.23106900190065,0.000240947697565806,0.5
0.101293975966257,0,1.22623398229273,0.000234805408273317,0.5
0.0987387176687408,0,1.22499274810497,0.000234334753555151,0.5
0.0921669844818702,0,1.22211075199438,0.000231210576972531,0.5
0.0860171587239247,0,1.21936930764992,0.000228092814011585,0.5
0.0803500746674126,0,1.21678633882228,0.000225121101824309,0.5
0.0750033844991159,0,1.21431002036864,0.000222204795627074,0.5
0.069965937552052,0,1.21193588115857,0.00021933714567077,0.5
0.0653850555519802,0,1.20971203377724,0.000216598472054294,0.5
0.060880016737117,0,1.20751450642003,0.000213815063189758,0.5
0.0562457393313351,0,1.20527636321158,0.000210890572760239,0.5
0.0522686171903157,0,1.20325370351081,0.000208198949948668,0.5
0.0481596060483843,0,1.20118949757034,0.000205385872386156,0.5
0.0442594315953289,0,1.19919474808107,0.000202602847559819,0.5
0.0406371350125192,0,1.19729199218267,0.000199893852753987,0.5
0.0370236213556246,0,1.1953933488056,0.000197137259095296,0.5
0.0337895961695058,0,1.19362039379686,0.000194510455270308,0.5
0.0309286987504284,0,1.19196979291203,0.000192004569256648,0.5
0.027906247379124,0,1.19026792905391,0.000189392631164849,0.5
0.0252406586071511,0,1.18868370544461,0.000186900030528164,0.5
0.0226984722016526,0,1.1871408928793,0.000184434219381702,0.5
0.0206341301876314,0,1.18575519547978,0.000182148789007905,0.5
0.0186144384077604,0,1.18438488076883,0.000179860219511339,0.5
0.0168532977609498,0,1.18309997779111,0.000177660044378413,0.5
0.015323751308295,0,1.18189184409202,0.000175545148745215,0.5
0.013841099392049,0,1.18070000314904,0.000173435902049874,0.5
0.0125247749769479,0,1.17956349129873,0.000171383830060883,0.5
0.011329699762239,0,1.17846756765032,0.00016937370563296,0.5
0.0102217433279964,0,1.1774008237214,0.000167389740270882,0.5
0.00928662010257298,0,1.1763919298972,0.000165474637938876,0.5
0.00874795714084934,0,1.1755131459999,0.000163717664108957,0.5
0.00808793551934559,0,1.17459575795301,0.000161913070907383,0.5
0.00729129664270577,0,1.1736347771823,0.000160048180447353,0.5
0.00682526278289146,0,1.17278264640641,0.000158315484977651,0.5
0.0065037624976022,0,1.1719783324371,0.000156644385374174,0.5
0.00634687254947251,0,1.17122883992627,0.00015504304392741,0.5
0.00587319538637008,0,1.17037683968253,0.00015331970676013,0.5
0.00592292348606145,0,1.1696965755101,0.00015180337223251,0.5
0.00553688195165253,0,1.1688749816145,0.000150127270722072,0.5
0.00539265847045042,0,1.16813351547611,0.0001485440900267,0.5
0.00534178319994814,0,1.16742319827327,0.00014700660276483,0.5
0.00506158144105337,0,1.16663926947536,0.000145386300520037,0.5
0.00507756141072015,0,1.16595272123005,0.000143882275090112,0.5
0.0050694977292111,0,1.16525898107213,0.00014237906736604,0.5
0.00516987170620607,0,1.16460169510952,0.000140923270990526,0.5
0.00517914499143709,0,1.16391549304987,0.000139441203239135,0.5
0.00567044396937385,0,1.16338718539536,0.000138148225166197,0.5
0.00610788281876354,0,1.16284202859044,0.000136850757715115,0.5
0.00656257175026543,0,1.16230322658028,0.000135567014273103,0.5
0.00729370489507959,0,1.16185557181192,0.000134399258275284,0.5
0.00824781998897183,0,1.16148114405777,0.000133330217056019,0.5
0.00924654792328507,0,1.1611222416415,0.000132293670467006,0.5
0.0100883111491296,0,1.16071287835076,0.000131212230172446,0.5
0.0110087611199525,0,1.16033025862692,0.000130171530239817,0.5
0.0118729692648863,0,1.15992989984056,0.000129124404314075,0.5
0.0128786650647854,0,1.15957656047582,0.000128141079885678,0.5
0.0138958694983466,0,1.15922775191276,0.000127176971895475,0.5
0.0147732214492545,0,1.15883385412149,0.000126173445910035,0.5
0.0158429865103876,0,1.15850370919771,0.000125250803188266,0.5
0.0170735538372841,0,1.15822672535742,0.00012440267318654,0.5
0.0179137053811934,0,1.15782314331237,0.000123426017129564,0.5
0.0193703906446892,0,1.15762125322848,0.000122680073088412,0.5
0.020410592038197,0,1.15728436910329,0.000121806009104698,0.5
0.0215343459853857,0,1.15697551136357,0.000120965824979847,0.5
0.0227744592739582,0,1.15670535918254,0.000120182786482603,0.5
0.0238611122472792,0,1.15638589960306,0.000119357004369942,0.5
0.0248246937401591,0,1.15602732978306,0.000118494863686119,0.5
0.0260075524717315,0,1.15574089290074,0.000117720694680055,0.5
0.0273254698216361,0,1.15549930735338,0.000117008656689222,0.5
0.0284124723455523,0,1.15518313787875,0.000116225796201811,0.5
0.0296704145921391,0,1.15492325793269,0.000115511071110348,0.5
0.0306311721057135,0,1.15456733593636,0.000114703457275113,0.5
0.0321579632508019,0,1.15439654791868,0.000114102055387892,0.5
0.0335904423437619,0,1.15419584236634,0.000113486814695363,0.5
0.0353737456878506,0,1.15411052767042,0.000113003375893437,0.5
0.0371238919805393,0,1.15401489098014,0.000112527724401799,0.5
0.0387118431581379,0,1.15386712481912,0.000112006027438572,0.5
0.0406442821395983,0,1.15383244698641,0.000111616936086886,0.5
0.0426021190010925,0,1.1538067091018,0.00011125626766484,0.5
0.0446698621817952,0,1.15381751299298,0.000110947673480518,0.5
0.0465463073725628,0,1.15376684347849,0.00011058728782602,0.5
0.0485797241410821,0,1.15376790303635,0.000110293255785803,0.5
0.0504373104983187,0,1.1537123276667,0.000109953783336327,0.5
0.052438816239212,0,1.15370439967902,0.000109674218149646,0.5
0.0540994433482775,0,1.15358595025151,0.000109289813036252,0.5
0.0560255621998447,0,1.15355482566787,0.000109003621809087,0.5
0.0572547350230358,0,1.15329702349512,0.000108487873229038,0.5
0.0591541692098172,0,1.15325863755862,0.000108203369547757,0.5
0.0606716893220818,0,1.15309653550312,0.000107805027403121,0.5
0.0628155574764575,0,1.15313906309138,0.000107627083600057,0.5
0.0644544623480286,0.000844204972869365,1.15301771429165,0.000107292441981269,0.5
0.0738741498887667,0.00357102398636583,1.15617966614439,0.000111848077564052,0.5
0.0855259379097805,0.00613203841783773,1.16033777588884,0.000118121402135304,0.5
0.0977101301533715,0.00842103258756358,1.16476006153307,0.000124942123170333,0.5
0.111732261173392,0.0108930864524976,1.169967140928,0.000133067914137436,0.5
0.127291982907325,0.0132410236594519,1.17586232048955,0.000142443986314744,0.5
0.143683686397012,0.0153133896944403,1.18215378544479,0.000152649478507818,0.5
0.160498823461665,0.0169044342622174,1.18868582057536,0.0001634675115499,0.5
0.18490030362378,0.0195523794727237,1.19842655494258,0.000179434287032889,0.5
0.202870115178904,0.0177972942528003,1.20581577358836,0.000192649087167992,0.5
0.223860794058332,0.0211009080751336,1.21400727208421,0.000206567140993112,0.5
0.233016670498541,0,1.22013037297728,0.000221064516545788,0.5
0.215010841146246,0.00528484703217823,1.21049658565082,0.000205045630274253,0.5
0.253143769744814,0.00518213122121216,1.22651908722704,0.000232007287787822,0.5
0.25786548779876,0.0021213475150505,1.22827539653777,0.000237147558711596,0.5
0.257013953569376,0,1.22758183597108,0.000237427895464759,0.5
0.247878536184806,0,1.22342681935409,0.000232232744728598,0.5
0.248630350959995,0,1.22337198388544,0.000233382488009936,0.5
0.245186161835071,0,1.22158626209215,0.00023185975360196,0.5
0.242343973705308,0,1.21999915948073,0.000230453779515086,0.5
0.239620144367052,0,1.21845132241157,0.000229050356495791,0.5
0.237004841109891,0,1.21693999392254,0.000227616054901215,0.5
0.234610830692847,0,1.21550211556287,0.000226223296811846,0.5
0.232346331012258,0,1.21410730624894,0.000224820867224958,0.5
0.230616777980433,0,1.21288757310055,0.000223613743721663,0.5
0.228627783849532,0,1.21158466837786,0.00022222922393293,0.5
0.226574754917508,0,1.21026204150785,0.000220751031915184,0.5
0.225016088959581,0,1.20910110935866,0.000219453392051848,0.5
0.22343434457803,0,1.20793401217328,0.000218107935686919,0.5
0.22198942759607,0,1.20681223856584,0.000216773328933994,0.5
0.220520754934284,0,1.2056836299467,0.000215383906355761,0.5
0.219450548817062,0,1.20468610122315,0.000214151750640917,0.5
0.21803232370816,0,1.203575707877,0.000212709025653873,0.5
0.217250239136816,0,1.20267350745432,0.000211530216612955,0.5
0.216299078157607,0,1.20171708050735,0.000210246955576339,0.5
0.215961101082229,0,1.20096142965033,0.000209223432391271,0.5
0.215356207869322,0,1.20011922755222,0.000208046270061249,0.5
0.21485239154181,0,1.19931118747822,0.000206894823843161,0.5
0.214361409212198,0,1.19850788202469,0.000205722484391428,0.5
0.214035157700888,0,1.19775911273079,0.000204606900808773,0.5
0.213727887498008,0,1.19701704632155,0.000203476093809264,0.5
0.213375069876541,0,1.19626102861808,0.000202307459326816,0.5
0.213202351811045,0,1.19556443868527,0.000201203894541427,0.5
0.213096487178364,0,1.19489058884876,0.000200122534885743,0.5
0.212899166201571,0,1.1941874774973,0.000198979234199476,0.5
0.213010043751402,0,1.1935854186951,0.00019796136469957,0.5
0.213238804110809,0,1.19302285494783,0.000196998817510422,0.5
0.213584944149079,0,1.19249904939792,0.000196075904487771,0.5
0.213803887592381,0,1.19193471193742,0.000195092368649722,0.5
0.214207671628359,0,1.19143118268826,0.000194180406701917,0.5
0.214758523098479,0,1.19097608363499,0.000193328761033691,0.5
0.215129376448342,0,1.19046310052016,0.000192392814603893,0.5
0.216017726275369,0,1.19011969756754,0.000191690155082824,0.5
0.21670463091791,0,1.18971127278183,0.000190900593745418,0.5
0.217207892153822,0,1.18924353572438,0.000190017049352536,0.5
0.217953232468007,0,1.18885520510207,0.000189236069887754,0.5
0.218840001890098,0,1.18851374905631,0.00018852425139554,0.5
0.219512514874647,0,1.18810300961718,0.000187713282047348,0.5
0.220107056036719,0,1.18766771495885,0.000186866599121439,0.5
0.221029072216853,0,1.18733944893259,0.000186158537770941,0.5
0.222233121149276,0,1.18710348019414,0.000185577860702496,0.5
0.22339606830507,0,1.18685516742029,0.000184992768288624,0.5
0.224562252460806,0,1.18660826785648,0.000184404940223035,0.5
0.225774578683607,0,1.18637682868003,0.000183838264373722,0.5
0.227160399593809,0,1.18620246543058,0.000183352446154848,0.5
0.228356570906159,0,1.18596716295745,0.00018279437548795,0.5
0.230153583794093,0,1.18592813003276,0.000182502402734511,0.5
0.231611617768299,0,1.18577914394043,0.000182075603427155,0.5
0.233085714909144,0,1.18563621572505,0.000181658952683956,0.5
0.234543837593101,0,1.18548869815461,0.00018124375480458,0.5
0.236360731785558,0,1.18545837687382,0.000180987579702361,0.5
0.238241486560071,0,1.18544936679009,0.000180772305627847,0.5
0.239884073481654,0,1.18536358378985,0.000180464504166924,0.5
0.24167520234888,0,1.18532637537953,0.000180218465524574,0.5
0.243492594740129,0,1.18529865826925,0.000180003086037792,0.5
0.245278905901099,0,1.18526094250418,0.000179772463188034,0.5
0.247157041316969,0,1.18525431653174,0.000179602264451868,0.5
0.24873340632311,0,1.18514972633151,0.000179302910985116,0.5
0.250418847836478,0,1.18508141640423,0.000179056397022544,0.5
0.252144336017746,0,1.18502658498357,0.000178833665061415,0.5
0.253738603438676,0,1.18492977972847,0.000178562835371083,0.5
0.255321738624653,0,1.18482996581293,0.000178290557341441,0.5
0.256984903493181,0,1.18475667853368,0.00017805636289654,0.5
0.258812478332428,0,1.18473776926739,0.000177905871711499,0.5
0.260803885323974,0,1.18477242021129,0.000177828487136402,0.5
0.262528821258995,0,1.18472113239839,0.00017764909199975,0.5
0.264450950917919,0,1.18473468788799,0.000177558416177514,0.5
0.266333567726654,0,1.18473576336365,0.000177458204283996,0.5
0.268387156742939,0,1.18479313566295,0.000177439449042712,0.5
0.269824435338857,0,1.18465076328758,0.000177167666039463,0.5
0.271698175418317,0,1.18465080007333,0.000177074680053942,0.5
0.273602249136749,0,1.18466132953741,0.00017701138694364,0.5
0.275569109990793,0,1.18469284927516,0.00017697902546334,0.5
0.277846167658757,0,1.18482534825043,0.000177079343393787,0.5
0.280041085536665,0,1.18493197803231,0.000177164356471494,0.5
0.282473142750474,0.000576715832176663,1.18511585142202,0.00017734936916971,0.5
0.245849512975984,0,1.18743492213462,0.000182660072833778,0.5
0.264211881162334,0,1.18225832663798,0.000173214963812052,0.5
0.255466792649622,0,1.18198278028874,0.000172932333059246,0.5
0.252322149124214,0,1.18024205926576,0.000170041830059183,0.5
0.249675076149937,0,1.1786711424951,0.000167327148071419,0.5
0.246966760112508,0,1.17708071587486,0.000164582369846515,0.5
0.244428602513052,0,1.17554751744054,0.000161897562084292,0.5
0.242266171640909,0,1.17413811578257,0.000159361374550889,0.5
0.240784503536178,0,1.17295119930563,0.000157094494189782,0.5
0.239003068238634,0,1.17166849659226,0.000154715113662121,0.5
0.237688451034456,0,1.17053922383887,0.00015251898463225,0.5
0.23635474631382,0,1.16940476790578,0.000150319515098042,0.5
0.175536578424928,0,1.1683355349311,0.000150641138880417,0.5
0.199562822139265,0,1.1616133216785,0.000138039027795887,0.5
0.18228313452636,0,1.15943789699597,0.000134673211926733,0.5
0.173552085515925,0,1.15573238130221,0.000128359013073775,0.5
0.166079292629106,0,1.15244851343313,0.000122611592618642,0.5
0.158482452371687,0,1.14912568028858,0.000116830962580596,0.5
0.151582790652697,0,1.14603401303378,0.000111328006867028,0.5
0.144781230967593,0,1.14297669870866,0.000105889348174102,0.5
0.138631091905136,0,1.14013466276966,0.000100707245256779,0.5
0.132315218519825,0,1.13724117560016,9.55072181505246e-05,0.5
0.126796942855352,0,1.13461062042375,9.06080116788664e-05,0.5
0.121407970214711,0,1.13202497849477,8.57973266295036e-05,0.5
0.116315253723271,0,1.12953807769293,8.11225802045812e-05,0.5
0.0701192275600566,0,1.12719207853037,7.83272688488844e-05,0.5
0.0815877966862709,0,1.12043660177247,6.64750520202779e-05,0.5
0.0657697863091351,0,1.11734317410947,6.13307126868508e-05,0.5
0.055532144387588,0,1.11305993845251,5.41244109989971e-05,0.5
0.0463383999552055,0,1.10912707915574,4.73908040360898e-05,0.5
0.0373158980074157,0,1.10525278656938,4.07760851776244e-05,0.5
0.0289120582744423,0,1.10158413038168,3.44118045994722e-05,0.5
0.0210518607614299,0,1.09809611139142,2.8284178253112e-05,0.5
0.000249033981392355,0,1.09470708530855,2.28659862441819e-05,0.5
0,0,1.09004609721464,1.49328031488932e-05,0.5
0,0,1.08666209107693,1.12402533312511e-05,0.5
0,0,1.07783387031469,-3.13908067631979e-06,0.5
0,0,1.07341696584491,-9.7685445786707e-06,0.5
0,0,1.06770950536175,-1.86952488029963e-05,0.5
0,0,1.06240724431171,-2.69962944010469e-05,0.5
0,0.00264663089095812,1.05737714347254,-3.50153213168963e-05,0.5
0,0.00815916004032426,1.05664010309547,-3.70261366177803e-05,0.5
0,0.0134678935929719,1.05612705189935,-3.86808400935011e-05,0.5
0,0.0185788825280472,1.05870873295124,-3.59416573665496e-05,0.5
0,0.0235103655454346,1.06365345117386,-2.98545195790811e-05,0.5
0,0.0277740182518662,1.06811125438942,-2.4209794148931e-05,0.5
0,0.0321375087381214,1.07718826348767,-1.20874509887929e-05,0.5
0,0.0358363627555278,1.08486058389586,-1.58463071365124e-06,0.5
0,0.0390964729733345,1.08989205888688,5.29299529150171e-06,0.5
0,0.0312358676186026,1.10220551123627,2.48285545831351e-05,0.5
0.00208024236097689,0.0415995472043307,1.11056510070577,3.53539315688273e-05,0.5
0.00928917437581855,0.0100019646393239,1.1176541621469,5.20770955671838e-05,0.5
0.0118824895941593,0.0316495679312169,1.11726256913431,4.73421277778665e-05,0.5
0.0360382156572105,0.000455850696655882,1.13169392281693,7.48389819318747e-05,0.5
0,0.0144800161860715,1.1136502592512,4.50025512899473e-05,0.5
0.042007288084955,0.0149600974205292,1.13414123026485,7.57229307946387e-05,0.5
0.0422363424906283,0.0126228507280157,1.13515755308107,7.81282451133385e-05,0.5
0.049537064312616,0.0131794642336236,1.13893332437295,8.37490732280095e-05,0.5
0.0603575389565825,0.0131279286242338,1.14430815426314,9.21402860578849e-05,0.5
0.0689304042105595,0.0124120215117369,1.14876360910733,9.92862980423568e-05,0.5
0.0820340895788175,0.0120406471702515,1.15515522232812,0.000109374908615505,0.5
0.090899663116625,0.0107623569435851,1.15978251081744,0.000117025251158413,0.5
0.0981683307263928,0.00915968289308276,1.16373679564628,0.000123674529920248,0.5
0.107826691031574,0.0074013953794532,1.16874621608892,0.000132022780342798,0.5
0.110291405318132,0.00430601695726332,1.17074430023646,0.000135929559159417,0.5
0.10536931259768,0.000445022887879548,1.16958143667757,0.000134916618118176,0.5
0.0818412463635654,0,1.16052526160266,0.000121797862074414,0.5
0.0633444692258197,0,1.15342656106658,0.000111432893373401,0.5
0.0483341387165251,0,1.14774974031508,0.000103156045194779,0.5
0.0313096898577688,0,1.14116244013561,9.33957412148857e-05,0.5
0.0153653834165844,0,1.13493339609509,8.40387457678717e-05,0.5
0.000207547071875568,0,1.12896575210527,7.49817056175652e-05,0.5
0,0,1.12339143262736,6.63476716432467e-05,0.5
0,0,1.11798456989974,5.79323127541486e-05,0.5
0,0,1.11281315437856,4.9790536002336e-05,0.5
0,0,1.10786645779241,4.1919712195427e-05,0.5
0,0,1.10312719530229,3.43023801881487e-05,0.5
0,0,1.09863404016075,2.69729263594889e-05,0.5
0,0,1.09428159973824,1.98492417000429e-05,0.5
0,0,1.09013666957499,1.29700957760813e-05,0.5
0,0,1.08597603635148,6.1926321316737e-06,0.5
0,0,1.08219214398481,-2.372943134226e-07,0.5
0,0.00159724828603776,1.07834973234963,-6.58291334549055e-06,0.5
0,0.00664569997479585,1.0830041083847,-9.77684237149542e-07,0.5
0,0.0109789153953719,1.09019979330146,8.56124469868716e-06,0.5
0,0.015031760947227,1.09794311996159,1.91439985671445e-05,0.5
0,0.0131773439276922,1.10832937833552,3.48940234372781e-05,0.5
0,0.0204062277065716,1.11688805457836,4.64243380151725e-05,0.5
0,0,1.12452344447957,6.20998440568435e-05,0.5
0,0.011839129317953,1.10765869329593,3.42075991772654e-05,0.5
0.00589150828757918,0.0115055446060304,1.13569913498104,7.61799379116431e-05,0.5
0.0102741079503339,0.0103145048651822,1.13808526054746,8.10000176988878e-05,0.5
0.0290980755043606,0.0082815884088614,1.14683522797719,9.4703612561721e-05,0.5
0.0463121806081866,0.0121261088731342,1.15428610469992,0.000105978974785902,0.5
0.0613692910770589,0,1.16266737783877,0.00012175553463308,0.5
0.0177319841918794,0,1.14375835511301,9.22288504366438e-05,0.5
0.0189548800889668,0,1.14476266936228,9.43702726136586e-05,0.5
0.00456161532270482,0,1.13909770716995,8.62773391462476e-05,0.5
0,0,1.13416838825591,7.89577673796451e-05,0.5
0,0,1.12929939571525,7.17139313832335e-05,0.5
0,0,1.12469315030873,6.47339864970347e-05,0.5
0,0,1.12030007577404,5.79778031035187e-05,0.5
0,0,1.11611591265651,5.14429853752002e-05,0.5
0,0,1.11219527313845,4.51757060413801e-05,0.5
0,0,1.10830364151891,3.89875655909203e-05,0.5
0,0,1.10461877064815,3.30289157693564e-05,0.5
0,0,1.10109062964634,2.72465613754823e-05,0.5
0,0.00242178861962224,1.09770417791503,2.16375632765917e-05,0.5
0,0.00641656576893051,1.10267106978165,2.8107391229183e-05,0.5
0,0.0094995361994779,1.10521850937221,3.13122667996231e-05,0.5
0,0.0131011999889558,1.10978847526469,3.74178129983926e-05,0.5
0,0.0165427465707667,1.11574487875373,4.57490072412693e-05,0.5
0,0.0191312670924517,1.11972701208394,5.14194164245241e-05,0.5
0,0.0226095260322092,1.12889196331726,6.47102674017619e-05,0.5
0.00357829228760068,0.0234633775800205,1.13903476423045,8.0315715795546e-05,0.5
0.0209917700191448,0.0230930639862086,1.14682940735193,9.2762093314513e-05,0.5
0.0406971387600496,0.0237744510796095,1.15551666744998,0.000106462142217519,0.5
0.0589020019725534,0.0215524729002831,1.16384595701056,0.000120327826434933,0.5
0.0743424385216129,0.0131584969437626,1.17160072221866,0.000134372306872212,0.5
0.088883340758083,0.0196502798462311,1.17743382241008,0.00014316648992515,0.5
0.109100832911238,0.0175915109204474,1.18661896198042,0.000158768330082069,0.5
0.121429324381612,0.0160816376526307,1.19230472575963,0.0001689362392962,0.5
0.141605791959463,0.0158648276709287,1.20127991087926,0.000184185953826621,0.5
0.156907965687312,0.0142383763295337,1.20827218260829,0.00019677572569402,0.5
0.172447121116595,0.00901270132972838,1.21573561266439,0.000210606364130019,0.5
0.178420978152863,0.0073104753117506,1.21865712773717,0.000216701110560912,0.5
0.185991835619874,0.00308598273396619,1.22252612342115,0.000224584349893381,0.5
0.177986180611819,0,1.21984369211997,0.000222009344223617,0.5
0.150269649022355,0,1.20884151634166,0.000205790271342087,0.5
0.142028839426755,0,1.20585673416585,0.000202107620201467,0.5
0.12657396818889,0,1.1998952752036,0.000193737004480439,0.5
0.112296957346815,0,1.19432403373502,0.000185700995189102,0.5
0.0985455949110998,0,1.18892785259442,0.000177840642367571,0.5
0.085503245056227,0,1.18376741964784,0.000170211504223633,0.5
0.0729886501617758,0,1.17878231892495,0.00016273942949832,0.5
0.0611105914374754,0,1.17400896411041,0.000155484904949,0.5
0.0497480904865878,0,1.16940703661566,0.000148398198180222,0.5
0.0384596800041219,0,1.16483285211078,0.000141311157471638,0.5
0.0280299864186359,0,1.16054216841754,0.000134538565127457,0.5
0.0174648992804987,0,1.15621030253064,0.000127704931411667,0.5
0.00772992853974253,0,1.15215241861616,0.000121174518710858,0.5
0,0,1.14816023885655,0.000114722545310378,0.5
0,0,1.14445815678895,0.000108591446794846,0.5
0,0,1.14085429549845,0.000102583041984451,0.5
0,0,1.1373838098534,9.67306639268581e-05,0.5
0,0,1.13405529308411,9.10492333590385e-05,0.5
0,0,1.13079796767452,8.54694557378547e-05,0.5
0,0,1.1275941030873,7.99755824868745e-05,0.5
0,0,1.12463853050325,7.47529477371112e-05,0.5
0,0,1.12172832827297,6.96173111771479e-05,0.5
0,0,1.11904919161193,6.47339271193235e-05,0.5
0,0,1.11639983945514,5.99264099424042e-05,0.5
0,0,1.11388103907618,5.5278728418166e-05,0.5
0,0,1.11150444979154,5.08092050423087e-05,0.5
0,0,1.10919060436208,4.64429375890352e-05,0.5
0,0,1.10690986902377,4.21635090947014e-05,0.5
0,0,1.1047586206754,3.80430969445419e-05,0.5
0,0,1.10268583151129,3.40398491606222e-05,0.5
0,0,1.10069553373852,3.01573543622769e-05,0.5
0,0,1.09878678842867,2.63940803025176e-05,0.5
0,0,1.09701539543292,2.27902450858635e-05,0.5
0,0,1.09543893382144,1.93948791740407e-05,0.5
0,0,1.09382581499816,1.60328794096642e-05,0.5
0,0,1.09238178805106,1.28462143543577e-05,0.5
0,0,1.09095461138692,9.73735621295899e-06,0.5
0,0,1.08960627703498,6.73913704492752e-06,0.5
0,0,1.08825737838691,3.80214399301953e-06,0.5
0,0,1.08701240391964,9.89804985012699e-07,0.5
0,0.000990862845178002,1.08580874409018,-1.73472243722734e-06,0.5
0,0.00635655376204349,1.08920937131901,2.10417364308659e-06,0.5
0,0.0116181892199654,1.09628131444371,1.13801232650477e-05,0.5
0,0.0165127995034574,1.10343379086588,2.10691057687626e-05,0.5
0,0.0213565441355679,1.11222241144075,3.33079230158677e-05,0.5
0,0.0260396539680395,1.12227704382407,4.77120042231706e-05,0.5
0,0.0221041395630743,1.1305123641512,6.12975457241113e-05,0.5
0.0106330802979803,0.0299875384080307,1.13998633681004,7.46192890823318e-05,0.5
0.0214656994218082,0.00503865057768058,1.14709364221694,9.05386413033085e-05,0.5
0.0266702720647752,0.0237302729508134,1.14726495815632,8.79883960666232e-05,0.5
0.0517761968911671,0,1.16095838674686,0.00011443619812659,0.5
0.0201609668323409,0.00786026836674319,1.1456804841781,8.92971244224533e-05,0.5
0.0623804119413887,0.00931148052820947,1.16376409278366,0.000117203408930646,0.5
0.0681168753771536,0.00789304115117693,1.16623936074257,0.00012247287745139,0.5
0.078442382335172,0.00869589454366065,1.17047011857384,0.000129482621715281,0.5
0.0931302979120485,0.00965154582790926,1.17659247453137,0.000139742828314024,0.5
0.107252118777173,0.00991424381559257,1.18254199898135,0.000149968467562429,0.5
0.12079157311717,0.00999247705304669,1.18825360099468,0.000159948284859637,0.5
0.134021135338347,0.00952354671721674,1.19388813189564,0.000169978380993889,0.5
0.145997818464749,0.0086314732617105,1.19901768047069,0.000179363489310547,0.5
0.161507241930503,0.00806426259651605,1.20565734828162,0.000191212151537947,0.5
0.177753128102631,0.00732924317695156,1.21263661098111,0.000203838961716588,0.5
0.189492473964534,0.00539283232156964,1.21777177545484,0.000213748682865584,0.5
0.19673795647318,0.00254859994886409,1.22103396801088,0.000220715833675093,0.5
0.19521170016921,0,1.22064254801998,0.000221856882195963,0.5
0.173309253689561,0,1.21169089441035,0.000209146709398146,0.5
0.16971864362535,0,1.21027215872965,0.000208069590167224,0.5
0.159443773820077,0,1.20610603624282,0.000202763543460155,0.5
0.150076445462573,0,1.20224077418042,0.000197637980148362,0.5
0.140585989797385,0,1.19833741406172,0.000192379429212968,0.5
0.131739823284238,0,1.19464715256745,0.000187314524144851,0.5
0.123276142539574,0,1.19108400078041,0.000182336249419789,0.5
0.115024622169392,0,1.18759252109037,0.000177371562173464,0.5
0.107589912134377,0,1.1843700969468,0.000172698776636444,0.5
0.100242050118207,0,1.18117819191817,0.000168002986356959,0.5
0.0933288566405077,0,1.17813044477272,0.000163436753475946,0.5
0.0870676003787643,0,1.17529768957898,0.000159101861505402,0.5
0.0805685775500296,0,1.17238935356231,0.00015462831886948,0.5
0.074703776627316,0,1.16969022271575,0.000150377473305708,0.5
0.069141927959307,0,1.16709140695204,0.000146222318977282,0.5
0.0636844981836329,0,1.16452935014202,0.00014208883188143,0.5
0.0584616500336194,0,1.16204553479685,0.000138026720384113,0.5
0.053147575781705,0,1.15953421414354,0.000133918003067309,0.5
0.0483983439283183,0,1.15720904963717,0.000130012078166366,0.5
0.0437038474212597,0,1.1549042107206,0.000126126328079703,0.5
0.0393031445892364,0,1.15269649688961,0.000122342504560264,0.5
0.0351482072572443,0,1.15057113920032,0.000118652196160996,0.5
0.0315148020729514,0,1.14861747212501,0.000115154068218842,0.5
0.0277264394596534,0,1.14661514983352,0.000111611261417892,0.5
0.024354635812219,0,1.14475052549978,0.000108220737501309,0.5
0.0214754816044431,0,1.14304836363033,0.000105017649324795,0.5
0.0186875725794641,0,1.1413773518369,0.000101863672998211,0.5
0.0160791004243883,0,1.1397667645558,9.87859434984051e-05,0.5
0.0138491062527207,0,1.13828125218074,9.58554278908222e-05,0.5
0.01133991390309,0,1.13670621311755,9.28556571570135e-05,0.5
0.00929556116980889,0,1.135284521257,9.002470231978e-05,0.5
0.00733094124995032,0,1.13389036990598,8.72478419492065e-05,0.5
0.00553726048596427,0,1.13255357386076,8.45475795591744e-05,0.5
0.00386675323126763,0,1.131258228101,8.1914204645133e-05,0.5
0.00234180554941362,0,1.1300118207809,7.93528390900267e-05,0.5
0.00111589540156548,0,1.12886434604619,7.69126918887489e-05,0.5
0,0,1.12762103373836,7.44088073519675e-05,0.5
0,0,1.12651840031167,7.20574660491982e-05,0.5
0,0,1.12543297381852,6.97539293229642e-05,0.5
0,0,1.12439505732712,6.75186093836502e-05,0.5
0,0,1.12345510448183,6.54008811112563e-05,0.5
0,0,1.12261465089893,6.34070429271549e-05,0.5
0,0,1.12174291500984,6.14175441218735e-05,0.5
0,0,1.1209420026445,5.9515878694548e-05,0.5
0,0,1.12016183662823,5.76692365769681e-05,0.5
0,0,1.11952552393702,5.59786958520812e-05,0.5
0,0,1.11890067865501,5.4332118459487e-05,0.5
0,0,1.11829204782144,5.2729627736688e-05,0.5
0,0,1.11777049682694,5.12374823912293e-05,0.5
0,0.0035066834631061,1.11729944152785,4.98197917158197e-05,0.5
0.0097899882566343,0.00812887858026324,1.12185449564868,5.57523290176512e-05,0.5
0.0197321591999688,0.0120665149353126,1.12536862793004,6.04462591432179e-05,0.5
0.0320412602447838,0.0163190560304953,1.12988121097317,6.66071802151327e-05,0.5
0.0459454498101187,0.0201453993490798,1.13513778601652,7.41026341590869e-05,0.5
0.0608660324457665,0.0238665725594352,1.14084884616974,8.24359302220239e-05,0.5
0.0769206676944446,0.0274988010742651,1.14706453621541,9.16959641421777e-05,0.5
0.0938150856948092,0.0309114422461382,1.15367079042329,0.000101756768852053,0.5
0.118022508859595,0.0246459641445599,1.1644673558673,0.000119967298887207,0.5
0.139026952251195,0.0323764460042195,1.1724359719866,0.000131979835605231,0.5
0.155294637377909,0.021539332843062,1.18024087831219,0.000146707531387012,0.5
0.178112386788804,0.0318835069603184,1.18873919822409,0.000159495606261376,0.5
0.193573805174078,0.0183993765527563,1.19647143455169,0.000174834248964732,0.5
0.215311798936168,0.0248418791478888,1.20490568504138,0.000188546456870786,0.5
0.229052903621649,0.0104402330826794,1.21198445646455,0.000203187688112333,0.5
0.241901705404883,0.0190278196162102,1.21631697046715,0.000210483944934592,0.5
0.265176776891944,0.012650819438768,1.22674015902253,0.000229631814449972,0.5
0.282422528369458,0.0151194048590966,1.23363122230226,0.000242445430127603,0.5
0.294463909444376,0,1.2402231566615,0.000256824446327706,0.5
0.264850794316945,0,1.22695751126932,0.000236484598009445,0.5
0.268321416279811,0,1.2285647591365,0.000240744988267698,0.5
0.26027233514357,0,1.22519864605564,0.000237150824404357,0.5
0.253223502585005,0,1.22216468026813,0.000233654605270763,0.5
0.246428016682878,0,1.21921430921342,0.000230233377831219,0.5
0.24008937161533,0,1.21641499758755,0.000226914432201536,0.5
0.233977941379078,0,1.21369186211991,0.000223603909810499,0.5
0.228323919553832,0,1.21111959766533,0.000220415698562036,0.5
0.222814303939104,0,1.20859594038753,0.000217198507778799,0.5
0.21763793483506,0,1.20618290588366,0.000214060195381395,0.5
0.212593506713736,0,1.20381475198876,0.000210907949575821,0.5
0.207890784032179,0,1.2015595537051,0.000207842467204758,0.5
0.203641455787114,0,1.19945342410153,0.000204921180777981,0.5
0.199146758977958,0,1.19726908810229,0.000201824448988211,0.5
0.194892634216437,0,1.19516496448616,0.000198782222310417,0.5
0.191253179925745,0,1.19326247742043,0.000195973176165847,0.5
0.187440578182941,0,1.19130539218519,0.000193045827435573,0.5
0.183692312151252,0,1.18937055708497,0.000190094921075913,0.5
0.180182732575486,0,1.18751508832498,0.00018721663767867,0.5
0.177030281469311,0,1.18577729644129,0.000184462487060169,0.5
0.174065870491714,0,1.18410214196901,0.000181762400351379,0.5
0.171225999200376,0,1.1824690945093,0.000179092239603749,0.5
0.168621088979881,0,1.18091423446151,0.000176505527039048,0.5
0.166221963684406,0,1.17942813323341,0.000173994585872318,0.5
0.163825688674071,0,1.17794420754124,0.000171465764118104,0.5
0.1616940447691,0,1.17654783836744,0.000169034196457604,0.5
0.159653398083786,0,1.1751822053119,0.000166627954246471,0.5
0.157785936806564,0,1.17387448543506,0.000164286902981254,0.5
0.156178683713166,0,1.17265256595269,0.000162044775091691,0.5
0.154956701259265,0,1.17155791290501,0.000159966769672007,0.5
0.153829294795148,0,1.17049527588999,0.000157927566099208,0.5
0.152772211262419,0,1.16945662504879,0.000155914316254971,0.5
0.152001039868617,0,1.16851217963092,0.000154018114567217,0.5
0.151402506917306,0,1.16762530720721,0.000152200120048701,0.5
0.150701054968066,0,1.16670616205385,0.000150346288399937,0.5
0.150490059342505,0,1.16594743780188,0.000148687905397387,0.5
0.150595626173664,0,1.16529311373716,0.000147173107666025,0.5
0.150817742737862,0,1.16467765035484,0.000145714655094774,0.5
0.151176415101846,0,1.16410785816674,0.000144323971057832,0.5
0.151590508297085,0,1.16355733199787,0.00014297075398334,0.5
0.151964724512102,0,1.16299488526426,0.000141615043318537,0.5
0.152642809499878,0,1.16253217981768,0.000140388822210193,0.5
0.153362032783783,0,1.16208358786177,0.000139195099602112,0.5
0.154368247773772,0,1.16172935564376,0.000138127041304663,0.5
0.155105243724825,0,1.16128850520236,0.000136975071962027,0.5
0.15611439781927,0,1.16093752344601,0.000135940811532445,0.5
0.157245707218773,0,1.1606268837695,0.000134972166213191,0.5
0.158476608377833,0,1.16034962885171,0.000134059323948191,0.5
0.159853332007312,0,1.16012094941746,0.000133222135675233,0.5
0.161190318522724,0,1.15988016816573,0.000132388703455765,0.5
0.162452104221804,0,1.1596157916233,0.000131542596657817,0.5
0.163903999475944,0,1.15941455007665,0.000130787107836627,0.5
0.165207186004844,0,1.15916578165761,0.000129994435556001,0.5
0.166531200667268,0,1.15892485343594,0.000129223293723564,0.5
0.167513993683339,0,1.15857370029134,0.00012833785162348,0.5
0.168847469039477,0,1.15833772203585,0.000127593915328184,0.5
0.170246583876566,0.000740638587969956,1.1581238212143,0.000126894062572682,0.5
0.179918996206685,0.00420671391449592,1.16144532910361,0.000131578428564219,0.5
0.195030157821553,0.00796813029384816,1.16711436954932,0.000140044000397187,0.5
0.211181052884825,0.0116285348919274,1.17324962407957,0.000149456870021296,0.5
0.229869643296517,0.0151349998460277,1.18051379187014,0.000160830818523706,0.5
0.250612330204375,0.0186146357702162,1.18868074825692,0.000173890716765728,0.5
0.273076724464896,0.0219262775685978,1.19762149248047,0.000188481990281127,0.5
0.288720706490459,0.0101028007184588,1.20514282642999,0.000202904036814061,0.5
0.311445364595956,0.0221487186715195,1.21330933295515,0.000215645193814356,0.5
0.318833404025614,0,1.21984667167366,0.000231604669481787,0.5
0.302440830431358,0.00431954584453533,1.21016009609063,0.000214772182346771,0.5
0.34364866380099,0.00328841351720584,1.22773186598002,0.000244156196418446,0.5
0.344926008552197,0.000539415627373188,1.22806607636663,0.000247000750706671,0.5
0.340236025941069,0,1.22573687256717,0.000244407731116348,0.5
0.334767599486359,0,1.22308748240147,0.000241421136970768,0.5
0.334648357196064,0,1.22263407106413,0.000241848906649981,0.5
0.331295338891716,0,1.22086642955774,0.000240170485474332,0.5
0.328484478282413,0,1.21927748277003,0.000238616108942382,0.5
0.325643973339388,0,1.21768016242776,0.000236991300311259,0.5
0.323074359784184,0,1.21617229763588,0.000235418360347664,0.5
0.32064303511486,0,1.21471077631167,0.000233846149109514,0.5
0.318523757357222,0,1.21335220885527,0.000232366743180759,0.5
0.316333136948805,0,1.21197174821026,0.000230790931077337,0.5
0.314658848622057,0,1.2107602252238,0.000229403038473182,0.5
0.313334024948173,0,1.2096638625461,0.000228151018664356,0.5
0.311752762568753,0,1.20848502438647,0.000226715424837515,0.5
0.310658695154596,0,1.20746609613182,0.00022547746964405,0.5
0.309562160359063,0,1.20644759677403,0.000224206145395788,0.5
0.308754144632015,0,1.20552406305159,0.000223033786298625,0.5
0.307804867823178,0,1.20455552330326,0.000221755893832748,0.5
0.307112509400316,0,1.20367177206993,0.000220569613184663,0.5
0.306486256148682,0,1.20281054415976,0.00021938727238413,0.5
0.306088081081998,0,1.20202443506476,0.000218282693219578,0.5
0.305721744569624,0,1.20125001504421,0.000217180304796021,0.5
0.305610376663009,0,1.20055946702324,0.000216173378957058,0.5
0.305755151325434,0,1.19995315420366,0.000215270765423684,0.5
0.305669275863226,0,1.19927270920469,0.000214240202729736,0.5
0.305692060651319,0,1.19862857164071,0.000213239368383649,0.5
0.305862406936527,0,1.19803341929381,0.000212296968217421,0.5
0.306224420918168,0,1.19750161952569,0.000211435060397748,0.5
0.306700320158029,0,1.19700779920066,0.0002106179299439,0.5
0.307047102103772,0,1.1964729646621,0.000209732641476819,0.5
0.307738399808152,0,1.1960511391832,0.000208998853426489,0.5
0.308473930015713,0,1.19564437435062,0.000208278704000053,0.5
0.309091994505629,0,1.19520051736705,0.000207503522334371,0.5
0.309890243301296,0,1.19481603220128,0.000206801489269609,0.5
0.310837153021037,0,1.19448063123579,0.000206164783284035,0.5
0.311873090673782,0.000423018940546507,1.19417497748724,0.000205566861389477,0.5
0.323586893395243,0.00336751968356327,1.19840717592859,0.00021215732242595,0.5
0.346841116810953,0.00726078306403007,1.20759020481911,0.000226928267443383,0.5
0.370000855711533,0.00851365998701391,1.21700668357749,0.000242822311581727,0.5
0.381494803579811,0,1.22322461700362,0.000255353368215321,0.5
0.363929996024459,0.00124901877481863,1.21396944025652,0.00023992845767509,0.5
0.39477605439176,0.00226319338062186,1.22676198522313,0.000261054810728133,0.5
0.406853537567161,0.00240164101378941,1.23147014873624,0.000270149956876702,0.5
0.420196805690944,0.00343008942608359,1.23663179788806,0.000279483422864678,0.5
0.440336592127833,0.00510020609417324,1.24470271693642,0.000293918206220245,0.5
0.460532580853313,0.00326343096438884,1.25316552428634,0.000309614132725428,0.5
0.472137844991409,0.00445953365832575,1.25756889138689,0.000318504035517577,0.5
0.495652581146685,0.00525754485712694,1.26721493537268,0.000336271189161344,0.5
0.511574409498632,0.0007368399267887,1.27409790332434,0.000350231195357334,0.5
0.502958165284116,0,1.27011777275562,0.00034544476495926,0.5
0.494949889049354,0,1.26665284863295,0.000341179601342915,0.5
0.49398195037756,0,1.26605281449166,0.000341744323472937,0.5
0.488841702890389,0,1.2637265545663,0.000339365495220513,0.5
0.484337643997874,0,1.26160951074219,0.00033714137383452,0.5
0.479873283827142,0,1.2595065438076,0.000334851308771571,0.5
0.475790188644248,0,1.25752907346744,0.000332678415645316,0.5
0.472054785761192,0,1.25566591634602,0.00033060613778166,0.5
0.468503071504348,0,1.25386391436627,0.0003285489518232,0.5
0.464985967899372,0,1.25207446745152,0.000326412033003776,0.5
0.461268509562522,0,1.25022106399326,0.000324049935815937,0.5
0.458172182475788,0,1.24857082314193,0.000321972133326875,0.5
0.455132761401181,0,1.24693998225424,0.000319833275614694,0.5
0.452363281544247,0,1.24539840741403,0.000317797912390143,0.5
0.449581641055586,0,1.24385417737669,0.000315693406176956,0.5
0.447051843575357,0,1.24239277460541,0.000313655929991702,0.5
0.444531920881796,0,1.24093583309516,0.000311573748412647,0.5
0.442490489210732,0,1.23963549328571,0.000309707964920243,0.5
0.440373260039002,0,1.23831153633554,0.000307747513767078,0.5
0.438543988457164,0,1.23708194735852,0.000305880522810423,0.5
0.436631652287897,0,1.23582644099793,0.000303928769452136,0.5
0.4350821015,0,1.23468980308386,0.000302133700107522,0.5
0.433392312142103,0,1.23350844995217,0.000300217321625131,0.5
0.43208752972747,0,1.23245340769505,0.000298491121807222,0.5
0.43075509629631,0,1.23139018055517,0.000296711768136353,0.5
0.429565922773916,0,1.23037448653839,0.000294981514490221,0.5
0.422250906168598,0,1.22935466885772,0.000293470079687885,0.5
0.423658774660392,0,1.22776866157928,0.000290436045926692,0.5
0.369797767223657,0,1.22664347157764,0.000290525241791102,0.5
0.389405671509825,0,1.22054453965301,0.000277633419188475,0.5
0.373576419473199,0,1.21829347875251,0.000273790322037226,0.5
0.365212471330453,0,1.21478587293496,0.000267105092189851,0.5
0.357583143607014,0,1.21152669307617,0.000260811247243,0.5
0.350326576164374,0,1.20838992420927,0.000254689835573618,0.5
0.343582992522922,0,1.20542251191635,0.000248826082333303,0.5
0.336980865424432,0,1.20250339882112,0.000243024955773359,0.5
0.330678675948207,0,1.1996847987472,0.000237401831739308,0.5
0.32471347296451,0,1.1969776361883,0.000231923064394251,0.5
0.318889811598957,0,1.19431898139681,0.000226531924953543,0.5
0.313432251966944,0,1.19178152971969,0.000221318855374623,0.5
0.3079331637788,0,1.1892327332318,0.00021609858022525,0.5
0.244788417624406,0,1.18679712982596,0.000213424083521263,0.5
0.264103494203196,0,1.17887829222347,0.000197261538425228,0.5
0.243127225599208,0,1.17532522883344,0.000190853309920127,0.5
0.230566366665797,0,1.17032286982134,0.000181386200785906,0.5
0.219164701484251,0,1.16570999304775,0.000172577839222877,0.5
0.20809359506935,0,1.16120706192135,0.000163957937228218,0.5
0.197240870217607,0,1.15677902030763,0.000155498652008883,0.5
0.186756471451263,0,1.1524742982906,0.000147256285509414,0.5
0.177229152274883,0,1.14848518992724,0.00013947988779562,0.5
0.167829711779724,0,1.14454089160276,0.000131825481339577,0.5
0.159248514645257,0,1.14086648666556,0.000124558095860986,0.5
0.15085399705839,0,1.1372561542026,0.000117444802041834,0.5
0.1246087607371,0,1.13379430600827,0.000111317874911932,0.5
0.124760800814523,0,1.12872645406026,0.000101520467801415,0.5
0.109089594179724,0,1.12521210188926,9.49327552238915e-05,0.5
0.101406118577215,0,1.12094905105078,8.68307290750504e-05,0.5
0.087468204400651,0,1.11718677472101,7.98209429777663e-05,0.5
0.0807924812343879,0,1.11307334351255,7.19718055310356e-05,0.5
0,0,1.10926715745183,6.89544671046095e-05,0.5
0.00401538408780373,0,1.09587818742764,4.52539312824144e-05,0.5
0,0,1.09062897018647,3.73726767470112e-05,0.5
0,0,1.08272748920287,2.44185461300405e-05,0.5
0,0,1.07543987129254,1.26788108270931e-05,0.5
0,0,1.06845785543252,1.32055845643894e-06,0.5
0,0,1.06170829865465,-9.58229069496677e-06,0.5
0,0,1.05536659059405,-1.99686640768621e-05,0.5
0,0,1.04924027148382,-2.99490917996954e-05,0.5
0,0,1.04340450172012,-3.95046926739339e-05,0.5
0,0,1.03789009839942,-4.86349526199097e-05,0.5
0,0,1.03257460846082,-5.74034522548347e-05,0.5
0,0,1.02751489911142,-6.58038270409363e-05,0.5
0,0,1.02274613801098,-7.3837088660062e-05,0.5
0,0,1.01814503126955,-8.15519746717465e-05,0.5
0,0,1.01370527491262,-8.89625592207058e-05,0.5
0,0,1.00961814008161,-9.47066976962404e-05,0.5
0,0,1.0029862213387,-0.000105268648108338,0.5
0,0,0.998821218458142,-0.000111815775562329,0.5
0,0,0.993911684809277,-0.000119417332847053,0.5
0,0,0.989427173366916,-0.000126498366991375,0.5
0,0,0.985040557213493,-0.000131695639599171,0.5
0,0,0.977642709249269,-0.000142675563394775,0.5
0,0,0.973189419641409,-0.000148923436047258,0.5
0,0,0.967885723982125,-0.000156479045445326,0.5
0,0.00208058480664908,0.962886151605824,-0.000163456713178798,0.5
0,0.0141570759150282,0.961520959693851,-0.000165898439979937,0.5
0,0.0249196163919984,0.96311288529779,-0.000164431341492703,0.5
0,0.0358362149174123,0.964637381514601,-0.000163175580046598,0.5
0,0.0448275242914761,0.971000098471015,-0.000155425167101184,0.5
0,0.0510931078069372,0.983513599071553,-0.000139416628728384,0.5
0,0.0485544523045239,0.993580734991938,-0.00012403748927061,0.5
0,0.0386767616273149,1.00253693008047,-0.00010850334665598,0.5
0,0.0505937421421913,1.01355377617779,-9.58307021250193e-05,0.5
0,0.0289166355996329,1.02221860522525,-7.77724906972042e-05,0.5
0,0.0498825627160851,1.03083803684857,-7.0535560067686e-05,0.5
0,0.00506505281224936,1.03957446490726,-4.71930898291961e-05,0.5
0,0.0384675758209704,1.03212908328621,-6.56297477595211e-05,0.5
0,0,1.05154239283544,-2.45554560729748e-05,0.5
0,0.0193444284476286,1.02629813680616,-7.02861753327321e-05,0.5
0,0.000841770274179621,1.05829430903906,-1.979831417515e-05,0.5
0,0.00906402977773558,1.03522022354461,-5.51131710647678e-05,0.5
0,0.0128037949655521,1.05572509770923,-2.6377470538741e-05,0.5
0,0.0130203138116795,1.06154957428671,-1.80012471147311e-05,0.5
0,0.0153186756994387,1.0688781454155,-7.89995627064707e-06,0.5
0,0.0162034811801788,1.07913870242827,6.88966439366495e-06,0.5
0,0.0128648490095683,1.08725984971961,1.95262932944431e-05,0.5
0,0.015922289293055,1.09387414614811,2.86151494932428e-05,0.5
0,0.0110324750950978,1.1039098878173,4.45161115176002e-05,0.5
0,0.0127213793062891,1.10759894438182,4.96087030410257e-05,0.5
0,0.011417815947203,1.11916286419918,6.72793067072448e-05,0.5
0,0.00986770086974023,1.12485832170811,7.62517776131812e-05,0.5
0,0.00784312176933645,1.13042959644038,8.5020049667756e-05,0.5
0,0.00466900755598545,1.13197960214662,8.77801630419041e-05,0.5
0,0.000784442248008302,1.13096002134873,8.65865161636664e-05,0.5
0,0,1.12154906276851,7.25614962208934e-05,0.5
0,0,1.11157261657491,5.75923038337688e-05,0.5
0,0,1.10501265097078,4.77158334789978e-05,0.5
0,0,1.09686508204872,3.5417599050482e-05,0.5
0,0,1.08907013508322,2.36651178814442e-05,0.5
0,0,1.08178695051618,1.24730674429642e-05,0.5
0,0,1.07477455012318,1.67665422182465e-06,0.5
0,0,1.06818527860918,-8.63907600918814e-06,0.5
0,0,1.06180223153837,-1.86034697839891e-05,0.5
0,0,1.05580137331644,-2.81377417633601e-05,0.5
0,0,1.05006215780431,-3.72947374877084e-05,0.5
0,0,1.0446272438535,-4.60921983379672e-05,0.5
0,0.00392359159468612,1.03939540426021,-5.45649072315446e-05,0.5
0,0.00894786186324105,1.0480636605484,-4.32345170484281e-05,0.5
0,0.0122405232439937,1.05363807049954,-3.5868758497865e-05,0.5
0,0.0160817877604911,1.06107781224816,-2.5867362565949e-05,0.5
0,0.0193082792694515,1.07098711322707,-1.20226963324337e-05,0.5
0,0.0163719558061847,1.0798401850392,1.77214812302327e-06,0.5
0,0.0225750210919965,1.08828314146657,1.30441167357916e-05,0.5
0,0,1.09604875764233,3.01684578566933e-05,0.5
0,0.0117064568222996,1.07577852015093,-4.09368407573289e-06,0.5
0,0.0129327674989116,1.10356468652747,3.74133156426244e-05,0.5
0,0,1.10628506509093,4.46841204865328e-05,0.5
0,0.00348047389634454,1.08489982860589,1.06752661250493e-05,0.5
0,0.00656877662205591,1.10188864372155,3.59395239287189e-05,0.5
0,0.00511892676034289,1.10552268860668,4.1739747235466e-05,0.5
0,0.00520118014449792,1.10659658354576,4.32747270497848e-05,0.5
0,0.00521712520429029,1.10936138376319,4.74304127081295e-05,0.5
0,0.00497035373231639,1.1124678135368,5.21890740291738e-05,0.5
0,0.0042303209198191,1.11332502501497,5.35948138126338e-05,0.5
0,0.00338550000112935,1.11426584319373,5.51312351704892e-05,0.5
0,0.00216135793022737,1.11405153188517,5.49628020043982e-05,0.5
0,0.000585864177873234,1.1119777383948,5.19754915014964e-05,0.5
0,0,1.10644468097862,4.36695757357709e-05,0.5
0,0,1.09860650996442,3.18019091157357e-05,0.5
0,0,1.09391962693974,2.45747580284554e-05,0.5
0,0,1.08801605415066,1.55535507429551e-05,0.5
0,0,1.08249896791872,6.96443730992386e-06,0.5
0,0,1.07722360446153,-1.32824248167026e-06,0.5
0,0.00111422367677537,1.07214373863242,-9.36538709315485e-06,0.5
0,0.00421520353208736,1.07421081898595,-7.04884860901618e-06,0.5
0,0.00671297885239594,1.0777772199368,-2.37911592868064e-06,0.5
0,0.0092344148000478,1.08185372839249,3.11566211168796e-06,0.5
0,0.0112681643943742,1.08764640432511,1.13438863499473e-05,0.5
0,0.0131657880937278,1.09420753713081,2.08325132923799e-05,0.5
0,0.0119140723575118,1.10527421790968,3.78542271270856e-05,0.5
0,0.0152904305765033,1.11262824731766,4.85927257003812e-05,0.5
0,0.00340086250719517,1.12069919408752,6.34083524375318e-05,0.5
0,0.00930422138734379,1.11635678145828,5.55150879819225e-05,0.5
0,0.0097254188560125,1.13104368419184,7.81870329881697e-05,0.5
0,0.00870009887556222,1.1379837464332,8.96347110050435e-05,0.5
0,0.00801148979645372,1.14394297805798,9.93003277807611e-05,0.5
0,0.00693933681593086,1.15033525054825,0.000109836671782221,0.5
0,0.00519170407055489,1.15529948622369,0.000118305407038186,0.5
0,0.0022919256899625,1.15789926282772,0.000123184670568841,0.5
0,0,1.15534116081904,0.00012000946623434,0.5
0,0,1.14314566097432,0.000101715895798463,0.5
0,0,1.1398609625035,9.70276001168587e-05,0.5
0,0,1.13328488573747,8.73094879446108e-05,0.5
0,0,1.12714398209764,7.80800421247484e-05,0.5
0,0,1.12123462167302,6.91157710689897e-05,0.5
0,0,1.11549416450118,6.03636836026119e-05,0.5
0,0,1.11003187844214,5.19209806388018e-05,0.5
0,0,1.10496138119481,4.38769516601251e-05,0.5
0,0,1.09996365507182,3.59797523668999e-05,0.5
0,0,1.09528112322375,2.84081098780746e-05,0.5
0,0,1.0906156431437,2.09545816817099e-05,0.5
0,0,1.08625093028918,1.38068513346985e-05,0.5
0,0,1.08203154062185,6.8673779337011e-06,0.5
0,0,1.07792675413728,1.08956399490946e-07,0.5
0,0,1.07403743349567,-6.40655092102685e-06,0.5
0,0,1.07029328657252,-1.27209856746828e-05,0.5
0,0,1.06670687512081,-1.88323758252656e-05,0.5
0,0,1.06327038176302,-2.47458161904233e-05,0.5
0,0,1.05978723785217,-3.05629889811054e-05,0.5
0,0,1.05665531308614,-3.60966840942833e-05,0.5
0,0,1.05355888129442,-4.14867520026133e-05,0.5
0,0.000140365141654693,1.05055199868481,-4.67244147698854e-05,0.5
0,0.00500629585264741,1.0506921732511,-4.76196327929563e-05,0.5
0,0.0102721616977992,1.06315360908833,-3.09233124320047e-05,0.5
0,0,1.07193097743946,-1.51509280851708e-05,0.5
0,0.00998406436649864,1.0556596111773,-4.17998446346031e-05,0.5
0,0,1.08209925772351,-1.00504950023996e-06,0.5
0,0.00732599425276014,1.06103962526226,-3.35197164899719e-05,0.5
0,0.0131255800893902,1.0871650392818,3.26853138302359e-06,0.5
0,0,1.08990080184343,1.28033407011813e-05,0.5
0,0.00617480957664534,1.07499644930344,-1.31992020421224e-05,0.5
0,0.00884995305126491,1.09872293317556,2.15883184900427e-05,0.5
0,0.00580868457910812,1.10388056001694,3.06462649160633e-05,0.5
0,0.0102505044376693,1.10857180855469,3.68734405305946e-05,0.5
0,0.00114793077081318,1.119374418404,5.53928478294959e-05,0.5
0,0.00564068980892695,1.11169238875061,4.28958896054214e-05,0.5
0,0.00818226183041957,1.12770831505485,6.70344257877165e-05,0.5
0,0.00720790044859968,1.13528861677694,7.96500851917724e-05,0.5
0,0.00790042138188626,1.14156870532053,8.96751617099824e-05,0.5
0,0.00857082691794763,1.15076808061704,0.000104475149775153,0.5
0,0.00442878787669009,1.15830837448063,0.000117752016258261,0.5
0,0.00435602604056275,1.1600220536703,0.000120995433007324,0.5
0,0.00227523307604408,1.16454358120692,0.000129025176961844,0.5
0,0,1.16373587977271,0.000128823304737734,0.5
0,0,1.15308491061717,0.000113106484808188,0.5
0,0,1.15105308427978,0.000110474146493926,0.5
0,0,1.14593541108805,0.000103179920808212,0.5
0,0,1.14133022858136,9.63631574733924e-05,0.5
0,0,1.13671160397646,8.95399829776987e-05,0.5
0,0,1.1323365723197,8.29503826517525e-05,0.5
0,0,1.12812719252485,7.6528104452353e-05,0.5
0,0,1.12408166820978,7.02730071132828e-05,0.5
0,0,1.12025561182285,6.42375619144088e-05,0.5
0,0,1.11647807999486,5.82763773379385e-05,0.5
0,0,1.11267016770965,5.23245415131375e-05,0.5
0,0,1.10911057227034,4.66149791811356e-05,0.5
0,0,1.10567547068029,4.10535377330137e-05,0.5
0,0,1.10236617186553,3.56361419264681e-05,0.5
0,0,1.09918886506914,3.03709856564842e-05,0.5
0,0,1.0960781792986,2.52110471068252e-05,0.5
0,0,1.09301547664349,2.01429269344431e-05,0.5
0,0,1.09020845329607,1.53106117639274e-05,0.5
0,0,1.08756200632823,1.06534346044448e-05,0.5
0,0,1.08495272369187,6.08537311621257e-06,0.5
0,0,1.082540546254,1.70772261916796e-06,0.5
0,0,1.08011992193579,-2.60277428720482e-06,0.5
0,0,1.07779917636315,-6.7883633585149e-06,0.5
0,0,1.07566330177065,-1.07935972082809e-05,0.5
0,0,1.07355809193097,-1.47084772338341e-05,0.5
0,0,1.07160523806887,-1.84599932215222e-05,0.5
0,0.00097140394841888,1.06970005788608,-2.21187378064924e-05,0.5
0,0.00587567051694318,1.07447225212192,-1.63031002800662e-05,0.5
0,0.0107003549802807,1.08399525866513,-3.3587324575593e-06,0.5
0,0.0150361629201711,1.0937578039539,1.03845015621748e-05,0.5
0,0.00637061904750609,1.10128158931471,2.36966410104286e-05,0.5
0,0.0171044210672397,1.10523802109006,2.75660510216902e-05,0.5
0,0.000424733167325134,1.11703529542437,4.90221102122077e-05,0.5
0,0.0103629644277683,1.1067567782476,3.15386478716802e-05,0.5
0,0.0130746251847343,1.12584465800647,6.00854414489375e-05,0.5
0,0,1.13116917970109,7.1966883320894e-05,0.5
0,0.00377841701242848,1.1166251643832,4.83176935632144e-05,0.5
0,0.00672799854274138,1.13369674311757,7.41897124611177e-05,0.5
0,0.00633688029892065,1.13929632393437,8.36913105009217e-05,0.5
0,0.00701890273825904,1.14454251387067,9.21181818781165e-05,0.5
0,0.00789195967740234,1.15214005991777,0.000104392086449408,0.5
0,0.00745739613721585,1.16144744703451,0.000119833461229705,0.5
0,0.0086454717254414,1.16890889330372,0.000132297007901771,0.5
0,0.00250635630380587,1.17656917132014,0.000146376622545933,0.5
0,0.00232999334029373,1.17470122234375,0.000144121777678418,0.5
0,0,1.17921247157606,0.000152357742126579,0.5
0,0,1.16830433319256,0.000136541690605191,0.5
0,0,1.16742789052605,0.000135766009347611,0.5
0,0,1.16324135507616,0.000130120214924001,0.5
0,0,1.15943583074039,0.000124753095599292,0.5
0,0,1.15577905625905,0.000119536123141223,0.5
0,0,1.15222642418293,0.000114386714566047,0.5
0,0,1.14882242149161,0.000109365875177976,0.5
0,0,1.14554748212793,0.000104457527911897,0.5
0,0,1.14239797047523,9.96612013224865e-05,0.5
0,0,1.13935462737503,9.49646092650251e-05,0.5
0,0,1.13643855399945,9.03864776002352e-05,0.5
0,0,1.13357383407758,8.58595891817556e-05,0.5
0,0,1.13086093115095,8.14805880638247e-05,0.5
0,0,1.12823808221544,7.71967471933493e-05,0.5
0,0,1.12577517925114,7.30718777110784e-05,0.5
0,0,1.12336619066535,6.90143218769383e-05,0.5
0,0,1.12112350612977,6.51226110712875e-05,0.5
0,0,1.11892598416524,6.12963674185513e-05,0.5
0,0,1.11677228175867,5.75311124781669e-05,0.5
0,0,1.11480243025097,5.39485565228687e-05,0.5
0,0,1.11285460770351,5.04179545058947e-05,0.5
0,0,1.11100071428133,4.69929391615999e-05,0.5
0,0,1.1092201346474,4.36621540700755e-05,0.5
0,0,1.10739565423309,4.03307959723336e-05,0.5
0,0,1.10578788897651,3.72005767763666e-05,0.5
0,0,1.10411575812286,3.40638442917551e-05,0.5
0,0,1.10251360046285,3.10106983328566e-05,0.5
0,0,1.10104823137486,2.81067123118608e-05,0.5
0,0,1.09959833491551,2.52500529800627e-05,0.5
0,0,1.09833917575899,2.25713770726236e-05,0.5
0,0,1.09704802592235,1.99161335609564e-05,0.5
0,0,1.09594760673842,1.74406423769512e-05,0.5
0,0.000955589532823638,1.09481813653453,1.49885340230796e-05,0.5
0,0.00568109507635458,1.0997680702476,2.13131132821294e-05,0.5
0,0.0104093656975708,1.10886301322168,3.40595074482889e-05,0.5
0,0.0113236168365424,1.11917379178207,4.97266430146137e-05,0.5
0,0.00203747233373919,1.12607484307105,6.23863163376131e-05,0.5
0,0.0126912443035408,1.12647405054772,6.11577131470234e-05,0.5
0,0,1.13930726306002,8.77921572681328e-05,0.5
0,0,1.12639883716748,6.37910438475407e-05,0.5
0,0,1.12900035340437,6.89896410370585e-05,0.5
0,0,1.12680341010445,6.57330362739513e-05,0.5
0,0,1.12502435624571,6.29089298346656e-05,0.5
0,0,1.12318217717383,6.00351493511496e-05,0.5
0,0,1.12144964788991,5.72582504810759e-05,0.5
0,0,1.11978165546498,5.4543383460485e-05,0.5
0,0,1.11812286678992,5.18458085893673e-05,0.5
0,0,1.11645951401422,4.91531232182442e-05,0.5
0,0.000713918011342869,1.11498932799577,4.66310454438053e-05,0.5
0,0.00380132454069598,1.11992526314558,5.35739513651754e-05,0.5
0,0.00735688444869506,1.12862159233533,6.63716493845476e-05,0.5
0,0.0106606156868724,1.13848282570542,8.13278392890898e-05,0.5
0,0,1.14453031437953,9.4762036373071e-05,0.5
0,0.00250621441133784,1.13333212820893,7.52913624213242e-05,0.5
0,0.00415210150214477,1.14937220949873,0.000100085712542564,0.5
0,0.00422057893771495,1.15458251678817,0.000109084397779504,0.5
0,0.0054704592559073,1.15924306026187,0.000116652162952224,0.5
0,0.00743987880866753,1.1676987541503,0.000130318455367744,0.5
0,0.00819471593639391,1.17682903950078,0.000145602122054926,0.5
0.0065688857463756,0.00513777209713292,1.18418065271336,0.000158840707644176,0.5
0.0195242268417256,0.00765907952192245,1.18919473608597,0.00016751040251796,0.5
0.0432323188574576,0.00586182193945369,1.19935088504595,0.000185298746299977,0.5
0.0555757773890921,0.00583118826790721,1.20436907593598,0.000194827953051274,0.5
0.0724078506635624,0.00478093323532835,1.21144874864755,0.000207784279612953,0.5
0.0836335551807667,0.00288079845375018,1.21616765673418,0.000217230323899425,0.5
0.085248873777228,0,1.21688033834406,0.000220179719972246,0.5
0.0645510773269063,0,1.20826157945755,0.000207857742437021,0.5
0.0636659768592071,0,1.20778672443944,0.000208283977137599,0.5
0.0550699833192823,0,1.20419294250828,0.000203906434062273,0.5
0.0477659368434476,0,1.20102468204535,0.000199871963748658,0.5
0.0409303929754431,0,1.19801077009907,0.000195998544448484,0.5
0.034008593009568,0,1.19497080961158,0.000191980370509924,0.5
0.0277971395318791,0,1.19216474133991,0.000188198413010957,0.5
0.0218556443060605,0,1.18944834633041,0.00018446128795789,0.5
0.0160083956188193,0,1.18676474799707,0.000180694227690497,0.5
0.0105609342562812,0,1.18421315501424,0.000177036093439971,0.5
0.00537962883610862,0,1.18175041351184,0.000173439689043822,0.5
0.000301066077652763,0,1.17932287333279,0.000169835105611484,0.5
0,0,1.17702198261454,0.000166346879715407,0.5
0,0,1.17484500115895,0.000162977895373805,0.5
0,0,1.17271071236969,0.000159627130209575,0.5
0,0,1.17065568870397,0.000156342222838073,0.5
0,0,1.16863113109008,0.000153069338367406,0.5
0,0,1.16666337453833,0.000149841335856211,0.5
0,0,1.16478111313234,0.000146697240577837,0.5
0,0,1.16301809714084,0.000143681474017189,0.5
0,0,1.16122612107108,0.000140619747597354,0.5
0,0,1.15949909824454,0.000137621368895795,0.5
0,0,1.15780687726115,0.000134657652885779,0.5
0,0,1.15620384968883,0.000131790927890509,0.5
0,0,1.15459420840926,0.000128915363214638,0.5
0,0,1.1531377255743,0.00012621029769208,0.5
0,0,1.15168363355316,0.000123514077394303,0.5
0,0,1.15019129823602,0.000120776292022609,0.5
0,0,1.14892745785168,0.000118293979839865,0.5
0,0,1.1475081579537,0.000115656105184999,0.5
0,0,1.14630055279007,0.000113246271738351,0.5
0,0,1.14501725443781,0.000110774177128725,0.5
0,0,1.14393466958129,0.00010852123423372,0.5
0,0,1.14286425826762,0.000106301215463849,0.5
0,0,1.14171403644386,0.000104009473400711,0.5
0,0,1.14064497912636,0.000101813048108201,0.5
0,0,1.13973828684316,9.98021779098865e-05,0.5
0,0,1.13872411998238,9.77023916292769e-05,0.5
0,0,1.13770935253714,9.5612154457277e-05,0.5
0,0,1.13685251952302,9.36986641721878e-05,0.5
0,0,1.13591151938375,9.17237021651915e-05,0.5
0,0,1.13500935895606,8.97990867134405e-05,0.5
0,0,1.13422297944643,8.80087339797172e-05,0.5
0,0,1.13341812199982,8.62222498959841e-05,0.5
0,0,1.13255295843595,8.43932910950646e-05,0.5
0,0,1.13174719944863,8.26375817020315e-05,0.5
0,0,1.13104210788393,8.09993319513514e-05,0.5
0,0,1.13031667636497,7.93633399244496e-05,0.5
0,0,1.12969173589035,7.78399412037145e-05,0.5
0,0,1.12905458237432,7.63293476488197e-05,0.5
0,0,1.12850357469889,7.49213281105831e-05,0.5
0,0,1.12789189045258,7.34786335921123e-05,0.5
0,0,1.12735929138513,7.21268836347394e-05,0.5
0,0,1.1267831433931,7.07590086675173e-05,0.5
0,0,1.1263297466365,6.95211144789136e-05,0.5
0,0,1.125736542835,6.81808013015082e-05,0.5
0,0,1.12526540067534,6.69634518674207e-05,0.5
0,0,1.12468010280091,6.56681221360851e-05,0.5
0,0,1.12420389096012,6.44825593335063e-05,0.5
0,0,1.12388763977173,6.34656373340865e-05,0.5
0,0,1.123418883709,6.23368497947592e-05,0.5
0,0,1.12294570422188,6.12146448301957e-05,0.5
0,0.00197822068970935,1.12261387245435,6.02381971304261e-05,0.5
0,0.00455739191918753,1.12407897012807,6.20056843643712e-05,0.5
0,0.0066022353082027,1.12505781181136,6.31919000388408e-05,0.5
0,0.00903720301714538,1.12646832827839,6.49606804138571e-05,0.5
0,0.0121000090359636,1.13036637528185,7.04291388874071e-05,0.5
0,0.0144115781774141,1.13332894206549,7.4745741080745e-05,0.5
0,0.0176731146441356,1.1395288828955,8.38426978990259e-05,0.5
0.00491732795151889,0.0200431943903814,1.14457211178839,9.15722140372535e-05,0.5
0.0199733686357328,0.0226324861781043,1.15031968358989,0.000100395828094367,0.5
0.0437400709881258,0.0260060585013212,1.15979635079829,0.00011503683895775,0.5
0.0578488344777932,0.00806837588281498,1.16724498944193,0.000130319675094635,0.5
0.0714599676228164,0.0226765722882894,1.17114184595555,0.000134756610354355,0.5
0.0937254933633168,0.0067530135562419,1.18194688503717,0.00015506119993539,0.5
0.100284991700784,0.0156207471996046,1.18336151996916,0.000156965601497431,0.5
0.12601907040987,0.00468042127336514,1.19517642915096,0.00017823597627384,0.5
0.128429806829258,0.00947767762800917,1.19520174329253,0.000178846215216034,0.5
0.155997961095683,0.0101328472341089,1.20662874926559,0.000198145300862006,0.5
0.172277184966344,0.00560548317496443,1.21367420204954,0.000211765165578093,0.5
0.181586858437997,0.00645832142694587,1.21712233253929,0.000218598387271375,0.5
0.199902602278211,0.00538111658323311,1.22470197134735,0.00023254646024363,0.5
0.21008369211688,0.00295463140648317,1.22887362180605,0.000241318768223588,0.5
0.213794582141153,0,1.23033414289512,0.000245568546755962,0.5
0.195438010627043,0,1.22261441648818,0.000234796791077698,0.5
0.19556893927935,0,1.22249618144533,0.000235962916283654,0.5
0.18880629621692,0,1.219577769568,0.000232794690085054,0.5
0.182875028472689,0,1.2169339148772,0.000229775942134803,0.5
0.177067676248335,0,1.21433164195082,0.000226753743457606,0.5
0.171540304716644,0,1.21182227214371,0.000223760838206097,0.5
0.166529748070882,0,1.20948279858514,0.000220930793413237,0.5
0.161721265772218,0,1.20721083795235,0.000218116261361965,0.5
0.157253896809472,0,1.20505154207166,0.000215386388658981,0.5
0.152968553326151,0,1.20295323639198,0.00021267503509443,0.5
0.148944329926973,0,1.20094154815678,0.000210021201836539,0.5
0.145377216745083,0,1.19907995445558,0.000207519189948324,0.5
0.142120037022932,0,1.19732096908692,0.000205113649285719,0.5
0.138628687256048,0,1.1954869582644,0.000202543792228919,0.5
0.135236406926217,0,1.19368709950328,0.000199976112512395,0.5
0.13191527442185,0,1.19191117562373,0.000197387273516336,0.5
0.129026139626313,0,1.19027733659013,0.000194955938985276,0.5
0.12615091982997,0,1.188649337788,0.000192496783448789,0.5
0.123625647555615,0,1.1871366374984,0.000190160112507273,0.5
0.121176926777542,0,1.18565025616512,0.0001878329046529,0.5
0.118897124107637,0,1.18421992677266,0.000185549339830985,0.5
0.117010689817369,0,1.1829185836663,0.000183412179718442,0.5
0.11508756865884,0,1.18160664449593,0.000181244312569376,0.5
0.113543082874161,0,1.18041944517528,0.000179224619911575,0.5
0.112019375982111,0,1.1792400895095,0.000177201805202016,0.5
0.110674528007993,0,1.17812023484692,0.000175242779924378,0.5
0.109431276499195,0,1.17703439035512,0.000173315347965601,0.5
0.108189357594314,0,1.17595025862724,0.000171381629319191,0.5
0.107149804743769,0,1.1749329551088,0.000169522630109333,0.5
0.106096513548453,0,1.17391265394386,0.000167658688751124,0.5
0.105372140647439,0,1.17300027559983,0.000165922519897627,0.5
0.104765750122077,0,1.17212739339766,0.00016423702238417,0.5
0.104307219296067,0,1.1713034204396,0.000162608052104259,0.5
0.103885878755134,0,1.17049264305937,0.000160996992793424,0.5
0.103582982141453,0,1.16972134764234,0.000159434396388409,0.5
0.10333521865961,0,1.16896867440565,0.000157894445765906,0.5
0.103317104701901,0,1.16829171167105,0.000156451155604935,0.5
0.103279628518486,0,1.16760939476636,0.000155007023004333,0.5
0.103380553021258,0,1.16697327326219,0.000153624418741283,0.5
0.103656530363819,0,1.16639467586683,0.000152316241038277,0.5
0.103918867909882,0,1.16581267209728,0.000151012638343513,0.5
0.104280678515811,0,1.16526389592618,0.000149754645785889,0.5
0.10473539293028,0,1.1647464704722,0.000148545039679565,0.5
0.105050004391945,0,1.16418375908775,0.000147283853903447,0.5
0.105474894041046,0,1.16365853794257,0.000146078343213139,0.5
0.106265631554448,0,1.16325280792616,0.000145023406930417,0.5
0.107041241353021,0,1.16284317019167,0.000143978599925559,0.5
0.107983995010334,0,1.16248878219695,0.000143008322944669,0.5
0.108897570905958,0,1.16212563432892,0.000142040120714148,0.5
0.109771896507633,0,1.16175069876986,0.000141068096726133,0.5
0.110785883712308,0,1.16142191366718,0.000140160353256735,0.5
0.11150701818882,0,1.16099842742568,0.000139150667249446,0.5
0.112662185737241,0,1.16071728127774,0.000138316588675554,0.5
0.113642325714019,0,1.16037952735433,0.000137430393621892,0.5
0.114762391432916,0,1.16008858279943,0.000136607859392124,0.5
0.115894478855273,0,1.15980207098744,0.000135802350597371,0.5
0.116895137362296,0,1.15947326324529,0.00013495518618921,0.5
0.117794189943976,0,1.15911247762091,0.000134079251864028,0.5
0.11915083367235,0,1.15890098453624,0.000133385044442195,0.5
0.120323454461578,0,1.15863077736671,0.000132640565109229,0.5
0.121458008141089,0,1.15834888677784,0.000131887205632966,0.5
0.122728220518922,0,1.15811184920784,0.000131196161206649,0.5
0.123852287389019,0,1.15782791760866,0.000130461329157849,0.5
0.125006973810022,0,1.15755494915189,0.000129746284265037,0.5
0.126381038953921,0,1.15735384045159,0.000129123666322574,0.5
0.127517208388559,0,1.15707606538619,0.000128423918992685,0.5
0.128532707302235,0,1.15675963900102,0.000127682734082218,0.5
0.129900319046991,0,1.15655853204193,0.000127082073668617,0.5
0.131264837557645,0,1.15635702014309,0.000126494100492212,0.5
0.132484265808746,0,1.15610925668014,0.000125860359235922,0.5
0.133862525676932,0,1.15591379471153,0.000125292950941979,0.5
0.135550733030903,0,1.15582013048444,0.000124854969078969,0.5
0.137508116324516,0,1.15581488582446,0.000124533279214656,0.5
0.13907123257938,0,1.15568173526678,0.000124078285337658,0.5
0.140886742352889,0,1.1556315965364,0.00012372350763085,0.5
0.142707490887091,0,1.15558402523285,0.000123388475650726,0.5
0.144282027883388,0,1.15545714621972,0.000122971958216662,0.5
0.146047448692902,0,1.15539269958841,0.000122632541908187,0.5
0.147947158278372,0,1.15537293561235,0.000122358522421334,0.5
0.149753065900039,0,1.1553231858021,0.000122061014557631,0.5
0.151955312107677,0,1.15540354910441,0.000121922238982218,0.5
0.154232680921691,0,1.15550883419842,0.000121830066852549,0.5
0.156818160225678,0,1.15571501245212,0.000121866691630564,0.5
0.159213162172157,0,1.1558602792708,0.00012185377439031,0.5
0.16165406661101,0,1.15602055594889,0.000121867480294841,0.5
0.164099661945558,0.00134981690217889,1.15618298612546,0.000121899517285102,0.5
0.172541462216402,0.0047319397326584,1.15886558858169,0.000125711483325511,0.5
0.181169423139281,0.00740876334256878,1.16170875438549,0.00012999493857365,0.5
0.194726920652424,0.0106623132552789,1.16664619634489,0.000137497513914886,0.5
0.207412968657307,0.0133373435060777,1.1712667657254,0.00014477992452816,0.5
0.221592549552389,0.0160815941336384,1.17653379839383,0.000153150724001689,0.5
0.236506705065701,0.0183638620264455,1.18217510460323,0.000162330520468845,0.5
0.252024021597124,0.0206158665188158,1.18808432114054,0.000172099245840583,0.5
0.26808276029059,0.0225932851030412,1.19426199157455,0.000182494145132262,0.5
0.284549686363466,0.0244336839765338,1.20063425510543,0.000193398428175653,0.5
0.30137064386176,0.0260705448361937,1.20718522029794,0.000204801760779595,0.5
0.326005568363328,0.0276927414609332,1.21715724737634,0.000221909538259622,0.5
0.343545095188279,0.0266654484804195,1.22430619500368,0.000235197390996216,0.5
0.363682382798484,0.0279270757441072,1.23235814888157,0.000249748158383203,0.5
0.382100400492807,0.0258658191915074,1.24000741407047,0.000264281175062859,0.5
0.397309450782419,0.0154498913131939,1.24711291292687,0.000278826912318597,0.5
0.416524979523287,0.0230205440219027,1.25412985253604,0.000291837309995595,0.5
0.424049634255789,0,1.26028722494596,0.000306867557321224,0.5
0.404245115892481,0.00075262299625622,1.24985768946585,0.000290422804064001,0.5
0.420493512690934,0,1.25694541186608,0.000304237149386667,0.5
0.405936871518084,0,1.25075929644111,0.000296441791442732,0.5
0.404981452479778,0,1.25005051599328,0.000296822041231651,0.5
0.400958367783108,0,1.24809264956632,0.00029543022083795,0.5
0.397102504108257,0,1.24619155452568,0.000293851484287631,0.5
0.393514386455382,0,1.24437874111726,0.000292344860385024,0.5
0.3903565414734,0,1.24270709499534,0.000290969135038424,0.5
0.387282456194414,0,1.24106352156274,0.000289520927788386,0.5
0.384404795041704,0,1.23948550559033,0.000288104583329234,0.5
0.381803900785081,0,1.23799830199748,0.000286735993272938,0.5
0.379283776316865,0,1.23653860296319,0.00028533190999545,0.5
0.376830673498097,0,1.23510189541602,0.000283884113504225,0.5
0.374493213638751,0,1.23370391219363,0.000282423412527178,0.5
0.372581189025283,0,1.23244506525291,0.000281115038757194,0.5
0.370221059115018,0,1.23104154097429,0.000279491981363143,0.5
0.368618454225035,0,1.2298857161946,0.00027823066831272,0.5
0.366699858184079,0,1.22862773822881,0.000276726789193919,0.5
0.365108324715468,0,1.22747750067866,0.000275355948830662,0.5
0.363717931508117,0,1.22639352409199,0.000274041785374271,0.5
0.36246433669516,0,1.22535481380177,0.000272746140962584,0.5
0.361293516924331,0,1.2243442440608,0.00027146464503262,0.5
0.360237431918233,0,1.22337169914358,0.000270192475573848,0.5
0.359426927708212,0,1.22248003481717,0.000269021102755539,0.5
0.358843197699743,0,1.22166265222184,0.000267922060147248,0.5
0.357956862612254,0,1.22074786350577,0.000266636534558398,0.5
0.357405847861508,0,1.21994293076289,0.000265490292480716,0.5
0.356873706852962,0,1.2191449082734,0.00026432888641618,0.5
0.356453631842029,0,1.21838435036888,0.00026320739751102,0.5
0.356096565859557,0,1.21764490981064,0.000262086569064786,0.5
0.355940854110845,0,1.21697165102316,0.000261045619914183,0.5
0.356031596118562,0,1.21637933935108,0.000260118391952049,0.5
0.356290582289409,0,1.21584242512251,0.000259261346320216,0.5
0.356107442946014,0,1.21516258085377,0.000258161831741791,0.5
0.356329516658261,0,1.21461518882068,0.000257247008234266,0.5
0.356516002583427,0,1.21405691160909,0.000256306354220724,0.5
0.357030368376659,0,1.21360595722363,0.000255519753045221,0.5
0.357171194508503,0,1.21303442095325,0.000254541743956994,0.5
0.357728283029215,0,1.212598708792,0.000253748729081513,0.5
0.358284054341513,0,1.21216299245527,0.000252943577109063,0.5
0.358712727336752,0,1.21168672325247,0.000252066877251111,0.5
0.359318196818415,0,1.21126861488439,0.000251271472165618,0.5
0.359936095529059,0,1.21085515895369,0.000250477005386882,0.5
0.360746045997466,0,1.21050489657402,0.000249779095398531,0.5
0.361518327542781,0,1.21014314030553,0.000249065590623311,0.5
0.362353072099879,0,1.2098022105141,0.000248372352276422,0.5
0.36337466581629,0,1.20952278825568,0.000247779282834705,0.5
0.364091148574349,0,1.20914490922507,0.000247036143197367,0.5
0.364798960196808,0,1.20876474896489,0.000246274272519195,0.5
0.365677540466746,0,1.20844076434607,0.000245599061287886,0.5
0.338179155334943,0,1.20818067267003,0.000246170640786361,0.5
0.351554560967549,0,1.20530607543609,0.000240136222476778,0.5
0.34474581052744,0,1.20446768310868,0.000238703314470628,0.5
0.341918798424687,0,1.20286327945181,0.00023567919568874,0.5
0.339659813782538,0,1.20144895404777,0.000232929895363217,0.5
0.337315043503229,0,1.20000747339596,0.000230135182707473,0.5
0.335578074394079,0,1.19876458137585,0.000227606633165362,0.5
0.33382583193632,0,1.19751831233,0.000225086713343124,0.5
0.276010037943438,0,1.19632022942985,0.000224926594455386,0.5
0.298039423358032,0,1.18977790674325,0.000211575695457824,0.5
0.281136786495755,0,1.18750695571464,0.000207677926332025,0.5
0.272228509522299,0,1.18377727519286,0.000200732311209893,0.5
0.264400801863401,0,1.18040996785788,0.000194339061380598,0.5
0.256680193195719,0,1.17707876967618,0.000187995357017206,0.5
0.24963763463831,0,1.1739709243189,0.000181963075863783,0.5
0.242895645062029,0,1.17096380262398,0.000176092910447396,0.5
0.23627397032766,0,1.16799823119864,0.000170288461678143,0.5
0.229898975420063,0,1.16511625949613,0.000164633385786494,0.5
0.223673636782204,0,1.16228518098642,0.000159058848117602,0.5
0.217910624989906,0,1.15960722081403,0.000153708872935094,0.5
0.212272959884367,0,1.15697294838532,0.000148453153806742,0.5
0.148134080222818,0,1.15439753395788,0.000145684553695036,0.5
0.168366770691544,0,1.14657939821879,0.000130524891509342,0.5
0.147491935770973,0,1.14306918345287,0.00012448860701272,0.5
0.135743758341933,0,1.13829131876281,0.000115772333294212,0.5
0.125112336687395,0,1.13388982703007,0.000107671470483171,0.5
0.114702971516029,0,1.12956296542673,9.97097524700797e-05,0.5
0.105217461484057,0,1.12554115861073,9.21563880701145e-05,0.5
0.0957895914166922,0,1.12154176393492,8.47181832516988e-05,0.5
0.0871793962402757,0,1.1178124458988,7.7636550215097e-05,0.5
0.0789291197377722,0,1.11420469941142,7.07678880086864e-05,0.5
0.0709560965923066,0,1.11069065154469,6.40801507922111e-05,0.5
0.0635178612888648,0,1.10735437745255,5.76509616358268e-05,0.5
0,0,1.10413956604426,5.38145077683545e-05,0.5
0.0143466453032011,0,1.09495349320822,3.76926202074087e-05,0.5
0,0,1.09071198605339,3.08309867427331e-05,0.5
0,0,1.08497270940745,2.12012946226897e-05,0.5
0,0,1.07963405676132,1.22568198961375e-05,0.5
0,0,1.07443457527091,3.5444295633143e-06,0.5
0,0,1.06959924633508,-4.72758118092091e-06,0.5
0,0,1.06488535632008,-1.27482641994098e-05,0.5
0,0,1.06032604197935,-2.04806108222612e-05,0.5
0,0,1.05595603786379,-2.79298040480247e-05,0.5
0,0,1.05186606622421,-3.44280462939902e-05,0.5
0,0,1.04630846760182,-4.36261006006631e-05,0.5
0,0,1.04221984063956,-4.89884484422883e-05,0.5
0,0,1.03421482301826,-6.14324911872114e-05,0.5
0,0,1.0295718085278,-6.85776299398618e-05,0.5
0,0,1.02394018819532,-7.7180387903703e-05,0.5
0,0,1.01880934768774,-8.51594764957801e-05,0.5
0,0,1.0138435442791,-9.2880017852396e-05,0.5
0,0,1.00913122238948,-0.000100078392376469,0.5
0,0,1.00415695959937,-0.000107813600806752,0.5
0,0,0.999727302282024,-0.000112930195901849,0.5
0,0.00024224031111183,0.991068544233856,-0.000125294392341892,0.5
0,0.0065790046443195,0.98748162365246,-0.000130381805384312,0.5
0,0.0155230366840639,0.986701558265087,-0.000131828240485039,0.5
0,0.0245568360951755,0.986121486164223,-0.000132924401251688,0.5
0,0.033398845835045,0.986834998578358,-0.000132318360871144,0.5
0,0.041727375754589,0.988496226343167,-0.000130400634199595,0.5
0,0.0495975754295083,0.990900713535955,-0.000127446731459932,0.5
0,0.0571681685156275,0.993998615584046,-0.000123579311004592,0.5
0,0.065206608012433,0.993194769910193,-0.000124869101719466,0.5
0,0.0729486886706121,0.996068911478122,-0.000121333908593053,0.5
0,0.0777146207724611,1.00826682318826,-0.000105097801801947,0.5
0,0.0637000723682619,1.01833338854144,-8.69509533231488e-05,0.5
0,0.057488956652046,1.02659393737775,-7.34924167382975e-05,0.5
0,0.0391852075677362,1.03532255731862,-5.65970792097129e-05,0.5
0,0.0394519766640859,1.04510112820646,-4.28363204436621e-05,0.5
0,0.0267140136473465,1.0538152522498,-2.7343552989794e-05,0.5
0,0.0401673160803826,1.06343118281332,-1.64858804805475e-05,0.5
0,0,1.07028296889791,2.88133366788575e-06,0.5
0,0.0234642057656605,1.04735113715292,-3.73349059761797e-05,0.5
0,0.00609537310476561,1.07954617540432,1.36192586051899e-05,0.5
0,0.0124026874506924,1.06648407462618,-7.28145870588828e-06,0.5
0,0.0131838882087421,1.08018720976243,1.2559167738277e-05,0.5
0,0.0124142864275749,1.08475645642051,1.93189768426208e-05,0.5
0,0.012863177043836,1.09013890405312,2.69796599948876e-05,0.5
0,0.0128572544223341,1.0966485180256,3.64945684931539e-05,0.5
0,0.0124159281599107,1.10254772086596,4.52271896915312e-05,0.5
0,0.0118432207607062,1.10809176958588,5.34771402578958e-05,0.5
0,0.0106919869884135,1.11319935067277,6.12144086969223e-05,0.5
0,0.00882092965100438,1.11507934631768,6.41418549588183e-05,0.5
0,0.00712236473395327,1.11719309679089,6.73692643251659e-05,0.5
0,0.00457900040771335,1.11601188573283,6.567677333408e-05,0.5
0,0.00213599254421143,1.11375285875537,6.22880111676661e-05,0.5
0,0,1.10859641723025,5.45462990596065e-05,0.5
0,0,1.09627406217887,3.60133583173615e-05,0.5
0,0,1.09060194300985,2.73511690926386e-05,0.5
0,0,1.08269184199185,1.53493877767756e-05,0.5
0,0,1.07538488397185,4.11427748731408e-06,0.5
0,0,1.06830478431532,-6.76691236609039e-06,0.5
0,0,1.06156167548664,-1.72047074457297e-05,0.5
0,0,1.05504864724327,-2.72653687591056e-05,0.5
0,0.00261214145179919,1.04887586103842,-3.69077199964648e-05,0.5
0,0.00680038570877479,1.05229104765308,-3.2889138684946e-05,0.5
0,0.00938062162944042,1.05611237564769,-2.79586280288862e-05,0.5
0,0.0123268984214506,1.06184524689539,-2.02789832047775e-05,0.5
0,0.0145607255059621,1.06874343424638,-1.06569383644711e-05,0.5
0,0.0166370004842255,1.0766318140099,5.13249548728685e-07,0.5
0,0.0181003744893257,1.08281292364083,9.39797367599527e-06,0.5
0,0.0198318769860854,1.09391403090417,2.5572689607477e-05,0.5
0,0.0151488423286443,1.10148834328318,3.80176668829055e-05,0.5
0,0.00962923428748597,1.10971202254841,5.14818999632993e-05,0.5
0,0.0144501527473118,1.116501284412,6.09035132744091e-05,0.5
0,0,1.12501935285643,7.75181663803898e-05,0.5
0,0,1.10168849773443,4.02863035423208e-05,0.5
0,0,1.1018148514303,4.12321833881129e-05,0.5
0,0,1.09417140458731,2.96921269247363e-05,0.5
0,0,1.08747948987546,1.947919517355e-05,0.5
0,0,1.08084062542068,9.37779230524612e-06,0.5
0,0,1.07450064644035,-3.38684118849408e-07,0.5
0,0,1.06826555405523,-9.79663269173851e-06,0.5
0,0,1.06242855891059,-1.88400093326053e-05,0.5
0,0,1.05690610972582,-2.75085284401415e-05,0.5
0,0,1.05161092645808,-3.5877831898489e-05,0.5
0,0.00267718116780452,1.04639486477228,-4.40041452381536e-05,0.5
0,0.006834308311589,1.05507631992619,-3.24304454270365e-05,0.5
0,0.00952490474865629,1.06033019087548,-2.53725320174616e-05,0.5
0,0.012407103758711,1.06775823209689,-1.51231532669874e-05,0.5
0,0.014838391522124,1.07728009739117,-1.58284353980391e-06,0.5
0,0.00204997276125136,1.08516545855622,1.28933912299808e-05,0.5
0,0.011179599188495,1.07780168551213,-2.01571262907331e-07,0.5
0,0.0123525187092121,1.09846496980617,3.03329430704231e-05,0.5
0,0.00612160674151303,1.10281826198889,3.85714318368383e-05,0.5
0,0.00965371166607854,1.10593112593391,4.24281638505876e-05,0.5
0,0.00927965486935549,1.11854731441195,6.18352669507277e-05,0.5
0,0.00886229945329912,1.12522333198298,7.2456774545197e-05,0.5
0,0.00826979755050611,1.13285994696462,8.45097776084545e-05,0.5
0,0.00711948135986115,1.13975781494291,9.56779614719283e-05,0.5
0,0.0051669112726757,1.14507788809982,0.000104549320143096,0.5
0,0.00219598330876264,1.14767877226872,0.000109285052012209,0.5
0,0,1.14370800723746,0.000103831728566618,0.5
0,0,1.13172782991928,8.58724660289288e-05,0.5
0,0,1.12791157456743,8.03548410892078e-05,0.5
0,0,1.12091689055661,6.99901300126837e-05,0.5
0,0,1.11445965679352,6.02535843395674e-05,0.5
0,0,1.10825849768814,5.08135772031599e-05,0.5
0,0,1.10227441995681,4.16507597546318e-05,0.5
0,0,1.09659735531124,3.28419892015844e-05,0.5
0,0,1.09116677651541,2.43353783266608e-05,0.5
0,0,1.08587730651871,1.60484459946978e-05,0.5
0,0,1.08080158882947,8.03473635046557e-06,0.5
0,0,1.07601282604428,3.45103637289452e-07,0.5
0,0,1.07143933842721,-7.08533379348294e-06,0.5
0,0,1.06708828094542,-1.42485235699363e-05,0.5
0,0,1.06288885000136,-2.11877199364209e-05,0.5
0,0,1.05881813060806,-2.79182645733566e-05,0.5
0,0,1.05509585030092,-3.43371757160187e-05,0.5
0,0,1.05155035927764,-4.0526110756921e-05,0.5
0,0,1.04816266062168,-4.65039585388432e-05,0.5
0,0.00184171779741327,1.04490405608679,-5.22835179211773e-05,0.5
0,0.00718660796098454,1.04957750607311,-4.6765685585584e-05,0.5
0,0.0114621459939729,1.05608592176042,-3.82957019065864e-05,0.5
0,0.0157990162328877,1.06309458876836,-2.89909661662362e-05,0.5
0,0.0197092376411863,1.07219477833379,-1.64209000628796e-05,0.5
0,0.0220341058856739,1.08197853074324,-2.29630046244872e-06,0.5
0,0.0189356300258404,1.0903134703718,1.100408923245e-05,0.5
0,0.0160366234181039,1.09911166649032,2.49569389914712e-05,0.5
0,0.0116098141596377,1.1075272299271,3.87922253460484e-05,0.5
0,0.0190002002352959,1.11570126049318,5.00093702773943e-05,0.5
0,0,1.12261575487352,6.74434716149819e-05,0.5
0,0.00174402267881622,1.10559603580788,3.75288492452519e-05,0.5
0,0,1.11745198372011,5.66493657419549e-05,0.5
0,0,1.1041585983153,3.71183570859881e-05,0.5
0,0,1.10229306696731,3.40260809777602e-05,0.5
0,0,1.09752766339855,2.69094125077489e-05,0.5
0,0,1.0931967083611,2.02117185781011e-05,0.5
0,0,1.08905367975243,1.37207663786301e-05,0.5
0,0,1.08510473708039,7.43655498591816e-06,0.5
0,0,1.08122620863063,1.28363857787118e-06,0.5
0,0,1.07756974475068,-4.64675490971275e-06,0.5
0,0.000724025701212207,1.07403185125084,-1.04028003173344e-05,0.5
0,0.00421334423450785,1.07692216751942,-6.95502558575136e-06,0.5
0,0.00746600237905805,1.08400225333629,2.83285665135689e-06,0.5
0,0.0103969149567476,1.09120032363206,1.30596455132415e-05,0.5
0,0.0103709678941414,1.10142837098131,2.8574225381674e-05,0.5
0,0.00354916941338369,1.10864043003055,4.11247288806105e-05,0.5
0,0.0105667579429316,1.10930818400454,4.08002267479145e-05,0.5
0,0,1.12326396696955,6.44964634927512e-05,0.5
0,0.00110252805523934,1.10457184583188,3.5339383568367e-05,0.5
0,0.00307190707796507,1.11570320795386,5.21181336784026e-05,0.5
0,0.00223387781310915,1.11986331283863,5.88821224658717e-05,0.5
0,0.0012814459790743,1.11975612532809,5.90007798490998e-05,0.5
0,0.000417179838483767,1.11945545959188,5.87494757907702e-05,0.5
0,0,1.11648118156758,5.45447519823383e-05,0.5
0,0,1.11050637804277,4.55347453500005e-05,0.5
0,0,1.10773468412322,4.1321573990627e-05,0.5
0,0,1.10367958458208,3.52045939925564e-05,0.5
0,0,1.09979166521672,2.92730983000584e-05,0.5
0,0,1.09617296363111,2.35881416222884e-05,0.5
0,0,1.0927505475384,1.81000638649585e-05,0.5
0,0,1.08927378419472,1.26356510872721e-05,0.5
0,0,1.08605791387577,7.40301215821897e-06,0.5
0,0.000642548505701027,1.08298523074934,2.3438657925164e-06,0.5
0,0.00345326911470575,1.08640249973336,6.75767922735929e-06,0.5
0,0.00633223508702264,1.09247348712866,1.51979305120079e-05,0.5
0,0.00875077667130189,1.09955667008092,2.54220819638282e-05,0.5
0,0.0112363738225432,1.10805948152685,3.79184014410561e-05,0.5
0,0.00153639155149031,1.11622795032834,5.25171285962117e-05,0.5
0,0.00759504530696337,1.11093695912408,4.32550533029822e-05,0.5
0,0.00964078377740745,1.12805821523879,6.91552968567376e-05,0.5
0,0.0041630389851074,1.13382587906844,7.9805194695565e-05,0.5
0,0.0066088834031745,1.13484821476016,8.10796663483292e-05,0.5
0,0.00717792375481033,1.14549043286285,9.79107561650173e-05,0.5
0,0.00656452335412255,1.15201679280129,0.000108904642276982,0.5
0,0.00569721634119516,1.1578975624527,0.000118836046804819,0.5
0,0.00430258509504236,1.1630877473935,0.000127864296420705,0.5
0,0.00177806237817066,1.16628192094303,0.000133905442355248,0.5
0,0,1.16470863685106,0.000132451182233123,0.5
0,0,1.15553384227279,0.000118989095897224,0.5
0,0,1.1535785294008,0.000116492508355424,0.5
0,0,1.14892663626143,0.000109885729796865,0.5
0,0,1.14453690775457,0.000103497510383968,0.5
0,0,1.14027009337085,9.72319917958057e-05,0.5
0,0,1.13619746439806,9.11492225927522e-05,0.5
0,0,1.13220935367137,8.51501008613473e-05,0.5
0,0,1.12841735131252,7.9342450100983e-05,0.5
0,0,1.12481428532749,7.37245824070701e-05,0.5
0,0,1.12136753147681,6.82670282999207e-05,0.5
0,0,1.11808493838237,6.2978615750046e-05,0.5
0,0,1.11478407632729,5.77053479690463e-05,0.5
0,0,1.11171067487174,5.2652917650748e-05,0.5
0,0,1.10871103668192,4.77084349571943e-05,0.5
0,0,1.10578343408747,4.28551538871611e-05,0.5
0,0,1.10312686831376,3.82576175158748e-05,0.5
0,0,1.1005337098898,3.37594105316695e-05,0.5
0,0,1.09809123245099,2.94193461893574e-05,0.5
0,0,1.09565603526862,2.51385328495236e-05,0.5
0,0,1.09343598326009,2.10606237128492e-05,0.5
0,0,1.09124578797876,1.70630076593047e-05,0.5
0,0,1.08916136921921,1.3189649749159e-05,0.5
0,0,1.08716048970231,9.43051724662961e-06,0.5
0,0,1.08524222947282,5.78247894611631e-06,0.5
0,0,1.08340335913771,2.24348952441932e-06,0.5
0,0,1.08164122727112,-1.1888043240456e-06,0.5
0,0,1.07989297005131,-4.55407817032082e-06,0.5
0,0,1.07832279145106,-7.75485232818054e-06,0.5
0,0,1.07682091179774,-1.08514234883481e-05,0.5
0,0.00122281092602347,1.07535706680471,-1.38680453119468e-05,0.5
0,0.00647958007996124,1.08145243344981,-6.16030210566322e-06,0.5
0,0.0112828884155116,1.09165187957181,7.93707485102742e-06,0.5
0,0.00443059346119179,1.10042442086851,2.26890380821434e-05,0.5
0,0.0148356742827078,1.1045098953682,2.68383903079945e-05,0.5
0,0,1.11461369374491,4.86191749616713e-05,0.5
0,0.0042548649514527,1.10212317224982,2.52891824093601e-05,0.5
0,0.00399492120608751,1.12019738177882,5.28798753508728e-05,0.5
0,0.00357002710668523,1.12015410828253,5.35006211755674e-05,0.5
0,0.00591649206346004,1.12468670202635,6.00455961745153e-05,0.5
0,0.00845124800082772,1.13283442764266,7.24851575242206e-05,0.5
0,0.0103023389395411,1.14123395260492,8.56782036577438e-05,0.5
0,0.0113877339505864,1.14996112735458,9.97104785582437e-05,0.5
0,0.00832247793509205,1.15767671896045,0.000113084792156019,0.5
0,0.0118434552071939,1.164201994899,0.000123524889328301,0.5
0,0.00533424182496169,1.17328875282349,0.000139913695128372,0.5
0,0.00754290179303616,1.17502145635565,0.000143202413397693,0.5
0,0.00723424168591078,1.1844379388571,0.000159212485694438,0.5
0,0.00564010395040856,1.18959617257297,0.000168965512670404,0.5
0,0.00364535745410131,1.1934963703858,0.000176579054717196,0.5
0,0.000429078717620262,1.19536534904596,0.000181068961787215,0.5
0,0,1.1898784248602,0.000173775055445624,0.5
0,0,1.18539762130559,0.000167807910361168,0.5
0,0,1.18252887221091,0.000164315442495449,0.5
0,0,1.17860727093113,0.000159069471398038,0.5
0,0,1.17478372680081,0.000153842554852773,0.5
0,0,1.17116218574682,0.000148803408515459,0.5
0,0,1.16759409332689,0.000143766941622617,0.5
0,0,1.16419781602075,0.000138880333339652,0.5
0,0,1.16102132629582,0.000134207838805088,0.5
0,0,1.15792509680265,0.000129591926770452,0.5
0,0,1.15499614800684,0.000125132194209602,0.5
0,0,1.15208953315911,0.000120674940497527,0.5
0,0,1.14917903276401,0.00011619204767076,0.5
0,0,1.14648060679658,0.000111922544666224,0.5
0,0,1.143841649816,0.000107710097971566,0.5
0,0,1.14130330670318,0.000103595035309976,0.5
0,0,1.13880329582885,9.95194850076636e-05,0.5
0,0,1.13638097277567,9.55238342924601e-05,0.5
0,0,1.13422795191228,9.18050160108807e-05,0.5
0,0,1.13213029715883,8.81565362252029e-05,0.5
0,0,1.13002465687508,8.45096291939651e-05,0.5
0,0,1.12811712233571,8.10661371729052e-05,0.5
0,0,1.12622661824275,7.76619891046079e-05,0.5
0,0,1.12442425202421,7.43566630184878e-05,0.5
0,0,1.12274636527826,7.11890966061904e-05,0.5
0,0,1.12109327561047,6.80700467770188e-05,0.5
0,0,1.1195191039266,6.50453389984246e-05,0.5
0,0,1.11800585673585,6.21027651717174e-05,0.5
0,0,1.11649626584617,5.91915946350467e-05,0.5
0,0,1.1152318988885,5.65274136846149e-05,0.5
0,0,1.11384333627668,5.37895894767292e-05,0.5
0,0,1.11264697437199,5.1237867593579e-05,0.5
0,0,1.11144139258173,4.87187311117122e-05,0.5
0,0,1.11035937734595,4.63297813817011e-05,0.5
0,0,1.10928044918331,4.39813351911076e-05,0.5
0,0,1.10826249426096,4.17134785027966e-05,0.5
0,0,1.10728749499359,3.9515728949001e-05,0.5
0,0,1.10629821710761,3.73408578709151e-05,0.5
0,0,1.10539389509007,3.52643367113198e-05,0.5
0,0,1.10457284546853,3.32890641710624e-05,0.5
0,0,1.10374900934972,3.13474434918665e-05,0.5
0,0,1.10297763759818,2.94783765749075e-05,0.5
0,0,1.1021713676086,2.7624976742518e-05,0.5
0,0,1.10145417363575,2.5863867718707e-05,0.5
0,0,1.10081126317082,2.41964618287833e-05,0.5
0,0,1.10016022106706,2.255753380616e-05,0.5
0,0,1.0994986958942,2.09422062257042e-05,0.5
0,0.00294160929763344,1.09891121636599,1.94122947083045e-05,0.5
0,0.00745944247391728,1.10306753668096,2.47013832449127e-05,0.5
0,0.0112800497755931,1.1065519329173,2.92944448826432e-05,0.5
0,0.0150259781985341,1.11076683449444,3.5032138519227e-05,0.5
0,0.0197314856968045,1.11852367796702,4.59941804060762e-05,0.5
0,0.0192672342184746,1.1296982138979,6.34069598970095e-05,0.5
0,0.0260077351656409,1.13593951747513,7.23200885757442e-05,0.5
0,0.0122642178570353,1.14497320005174,8.9232619218798e-05,0.5
0,0.0264501922949189,1.15370885328427,0.000100895139194135,0.5
0,0,1.1595596470283,0.000118285204134397,0.5
0,0.00764456288799945,1.14951017691876,9.85589303237423e-05,0.5
0,0.00630393750730007,1.16956969528072,0.000130805126803388,0.5
0,0.00478821087317063,1.1707885941682,0.000134402011291958,0.5
0.00857086557096817,0.00558735644126064,1.17540000810035,0.000142153014060723,0.5
0.0246846289548131,0.00621699893873432,1.18192195120882,0.00015342424454076,0.5
0.0396596223219785,0.00651151592162189,1.187981248846,0.000164154906112109,0.5
0.0587982588954244,0.00717750246915678,1.19582420923606,0.000177830066647534,0.5
0.0764708665274204,0.00725951066505119,1.20308940979969,0.000190925933795649,0.5
0.0936078738078731,0.00688552225660826,1.21017036604738,0.000203910413988666,0.5
0.109531563657053,0.00605855666811281,1.21676908243879,0.000216333361964909,0.5
0.123262510554225,0.00462416907405864,1.2224728567405,0.000227483794887998,0.5
0.13305806787774,0.00232552463783008,1.22654535615312,0.000236107077705654,0.5
0.134144725966276,0,1.2270527924555,0.000238960077320172,0.5
0.114829074522046,0,1.21901597719025,0.000227694192956131,0.5
0.113495782660453,0,1.21836066006418,0.000228054272863807,0.5
0.105463564002783,0,1.21497759466626,0.000224159220845196,0.5
0.0982468769753941,0,1.21186397081188,0.000220390303522919,0.5
0.0914078760226927,0,1.20887523704934,0.000216734258210692,0.5
0.0847891194552804,0,1.20596021222125,0.000213067711447378,0.5
0.0785178038616991,0,1.20316039317422,0.000209468691715083,0.5
0.072270882918534,0,1.200370500361,0.000205790106729728,0.5
0.0665165697981187,0,1.19774298218091,0.000202256629439758,0.5
0.0608189888956581,0,1.1951356540798,0.000198673631631353,0.5
0.0555488452323764,0,1.19266981880959,0.000195219110442945,0.5
0.0506299056287687,0,1.19032002479929,0.00019186124446623,0.5
0.0451904074008343,0,1.18780266797033,0.00018821474370417,0.5
0.0408437795714345,0,1.1856431985577,0.000184996597190601,0.5
0.0363334021243526,0,1.18343183529443,0.000181668077578718,0.5
0.0320235467206213,0,1.18128774163338,0.000178380491864937,0.5
0.0281745871322682,0,1.17929537456561,0.000175256139798169,0.5
0.0242735789470294,0,1.17728774242984,0.000172080114670863,0.5
0.0205216813085699,0,1.17532976051474,0.000168930736628116,0.5
0.0170798726212273,0,1.17347464199024,0.000165889822506933,0.5
0.013911385635742,0,1.17170976803235,0.000162939412036131,0.5
0.0109671694022348,0,1.17001935107734,0.000160063478325505,0.5
0.00826758030435006,0,1.16840995480663,0.000157272378715926,0.5
0.00567955668708476,0,1.16683838855544,0.000154516380268773,0.5
0.00328909364720106,0,1.16533252804354,0.000151829852842024,0.5
0.000866660076468193,0,1.16381721529191,0.000149122978539749,0.5
0,0,1.16240175123413,0.000146530154273226,0.5
0,0,1.16102153650537,0.000143977714405572,0.5
0,0,1.15964041909101,0.000141420890794503,0.5
0,0,1.15829447336017,0.00013890382280224,0.5
0,0,1.15696978673337,0.000136412607765122,0.5
0,0,1.15570707753262,0.000133994510056739,0.5
0,0,1.15448602300811,0.000131629346001845,0.5
0,0,1.15330741627336,0.000129317448416781,0.5
0,0,1.15212003215057,0.000127001930103262,0.5
0,0,1.15101366973264,0.00012478350860752,0.5
0,0,1.14988313137035,0.00012254823082078,0.5
0,0,1.14888482682982,0.000120466543373612,0.5
0,0,1.14787313179632,0.000118384722906573,0.5
0,0,1.1468612550457,0.000116311015374531,0.5
0,0,1.1458718358374,0.000114273037754732,0.5
0,0,1.14493347591212,0.000112303000061243,0.5
0,0,1.14406779994262,0.000110425037247315,0.5
0,0,1.14325607884348,0.000108619614833825,0.5
0,0,1.14250117703177,0.000106890355661753,0.5
0,0,1.14180350217252,0.000105238696355407,0.5
0,0,1.14110874817567,0.000103608137995742,0.5
0,0,1.14045497746216,0.000102036707908255,0.5
0,0,1.13996440282439,0.000100656848102629,0.5
0,0,1.13934449738307,9.91660662777217e-05,0.5
0,0,1.13887659635294,9.78440534252926e-05,0.5
0,0,1.13842940023348,9.65707155392413e-05,0.5
0,0,1.13797980579397,9.53135728543477e-05,0.5
0,0,1.13756368473597,9.41103623205595e-05,0.5
0,0,1.13727353203658,9.30565190448344e-05,0.5
0,0,1.13692307845565,9.19678032154728e-05,0.5
0,0,1.13661789112067,9.09415634989559e-05,0.5
0,0,1.1362747639207,8.99006819562184e-05,0.5
0,0,1.13598899741894,8.89347100378312e-05,0.5
0,0,1.13565322531182,8.79412667044216e-05,0.5
0,0,1.13537515290234,8.70209979699501e-05,0.5
0,0,1.13504681149584,8.60723613678206e-05,0.5
0,0,1.13482913960428,8.52480556893957e-05,0.5
0,0,1.13452091637871,8.435785795045e-05,0.5
0,0,1.13428311867514,8.35488325365263e-05,0.5
0,0,1.13404618111541,8.27621321642386e-05,0.5
0,0,1.13377277181662,8.19553800258392e-05,0.5
0,0,1.1335011547737,8.11647690078051e-05,0.5
0,0,1.13332420376723,8.04823307540688e-05,0.5
0.00153455326068187,0,1.13319512585546,7.98720182015509e-05,0.5
0.00344304533558419,0,1.13313740409941,7.93453943664787e-05,0.5
0.00501077013106879,0,1.13296895511959,7.87360926438817e-05,0.5
0.00634839048945312,0,1.13272649968303,7.80634271619451e-05,0.5
0.00819579114285772,0,1.13265114096062,7.75658509151054e-05,0.5
0.0095114002004832,0,1.13240307305833,7.69242348859494e-05,0.5
0.0113212513106696,0,1.13231714750066,7.64425824520415e-05,0.5
0.0127954242003612,0,1.13212247312907,7.58797315029772e-05,0.5
0.014477096096979,0,1.13199637165461,7.53886105753769e-05,0.5
0.0161491620389554,0,1.13186792542043,7.49129146123049e-05,0.5
0.0176983929476674,0.00207381096298551,1.13170023833585,7.44110697840491e-05,0.5
0.03117801405323,0.00576757603135807,1.13658985399126,8.13161021773558e-05,0.5
0.0436352960402316,0.00873443664126878,1.14111233124129,8.80106484021243e-05,0.5
0.0580805089005618,0.0122458078068385,1.14644383830821,9.59111043996875e-05,0.5
0.0748771757871175,0.0154449976955592,1.15284025666773,0.000105659138205671,0.5
0.0929504283755163,0.0186724184772782,1.15979269886056,0.000116451862856803,0.5
0.112290753349765,0.0216484287668956,1.16732873025828,0.000128387778317636,0.5
0.135614254600856,0.0207692089164468,1.17700535885533,0.000144476106455508,0.5
0.1510875894331,0.0120278767285428,1.18406634767122,0.000157891543634469,0.5
0.172528333340765,0.0223188973699024,1.19178304039117,0.000169648661353088,0.5
0.178748531319877,0,1.19804448711692,0.000186305043158878,0.5
0.163056471499762,0.00222474377107244,1.18853662179653,0.00016904869414487,0.5
0.188105147444843,0,1.19939900957593,0.000187936859222766,0.5
0.168957464716584,0,1.19111877132899,0.000176601748141636,0.5
0.171591099584692,0,1.19172574767662,0.00017816300719846,0.5
0.168427049033223,0,1.19001572445498,0.000176573304392716,0.5
0.166025399835714,0,1.18855734967488,0.000175090462004841,0.5
0.163878831697045,0,1.18718276514613,0.000173702308972691,0.5
0.161738026616792,0,1.18581136695481,0.000172255542763305,0.5
0.159842637653848,0,1.18452134974439,0.000170865869409564,0.5
0.158185078784683,0,1.18330957721523,0.000169529914957569,0.5
0.156736382433783,0,1.18216722107202,0.000168243967713339,0.5
0.155488375372328,0,1.1810913120145,0.000167004755099119,0.5
0.154441055986821,0,1.18008187866814,0.000165816339932777,0.5
0.153709780199487,0,1.17917628591361,0.000164729556570895,0.5
0.15298294833697,0,1.17827374137717,0.000163623090336839,0.5
0.152233408944135,0,1.17736436534552,0.000162473223225069,0.5
0.151709930546646,0,1.17652978590295,0.000161394575866886,0.5
0.151276552554516,0,1.17572574882132,0.000160334918649834,0.5
0.150797331353283,0,1.17490774764425,0.000159234249470809,0.5
0.150509150984609,0,1.17415286412774,0.000158191742032788,0.5
0.150157453567552,0,1.17337843361523,0.000157108774933133,0.5
0.150138939461889,0,1.17271341364945,0.000156144917420728,0.5
0.150184222252806,0,1.17206985624689,0.00015519554033929,0.5
0.150382850136544,0,1.17147710233181,0.000154295872837266,0.5
0.150594423221466,0,1.17088951618543,0.000153393254822065,0.5
0.150908927516139,0,1.17033628843998,0.000152522385192414,0.5
0.151511810664748,0,1.16987722075278,0.00015175752579323,0.5
0.15186531129061,0,1.16933810004459,0.000150891210258881,0.5
0.152424100734238,0,1.16886638068654,0.000150095132250749,0.5
0.153024200416859,0,1.16840907134968,0.000149316282026068,0.5
0.153681417465805,0,1.16797113238436,0.000148555552611931,0.5
0.154857183215237,0,1.16770307111501,0.000148004272493426,0.5
0.155744792867461,0,1.16734175311313,0.000147342027807129,0.5
0.156367673884776,0,1.1668951409254,0.000146567590838913,0.5
0.157354309865782,0,1.16656776847652,0.000145935849653921,0.5
0.158311737634703,0,1.16623186951235,0.000145299827783401,0.5
0.159430086261717,0,1.16594881188314,0.000144723942813226,0.5
0.160382923449996,0,1.16561294812387,0.000144088614357323,0.5
0.161631428668346,0,1.16537381150167,0.000143567044076046,0.5
0.162768965299634,0,1.16509916386073,0.000143008052489476,0.5
0.164003940639845,0,1.16485714053056,0.000142488720422159,0.5
0.165242261789438,0,1.16461663184127,0.000141973569836688,0.5
0.166667695096924,0,1.16443777922454,0.000141535936763623,0.5
0.168310008808713,0,1.16433020484925,0.000141191438254656,0.5
0.169782941670439,0.00150829071647482,1.16416795446895,0.000140786726754761,0.5
0.179695472165328,0.00437635442146072,1.16755522510853,0.000145795472598829,0.5
0.189208828311985,0.00679332318982104,1.17081744866649,0.000150841816216155,0.5
0.19994218968369,0.00937924595513407,1.17459519358972,0.000156730118093258,0.5
0.22235993072875,0.0131289916595205,1.18336276167707,0.000170490313263581,0.5
0.241281036934813,0.0158858740085053,1.19071076821931,0.000182573533145245,0.5
0.262567609695866,0.0129808313610522,1.19967648720896,0.000198051483613713,0.5
0.27834240160575,0.0188200169139208,1.20533928380176,0.000207498031794101,0.5
0.291521717351324,0,1.21357280951751,0.00022522639099421,0.5
0.275909792713853,0.00561276606627655,1.20438197426721,0.000209362954504216,0.5
0.319493536548275,0.00608513680632998,1.22273552220761,0.000239788628317452,0.5
0.333441388825506,0.00596314209625888,1.2282336178665,0.000250872625415097,0.5
0.351896234242794,0.00731331633975782,1.23553962119997,0.000264072669733418,0.5
0.370983054024732,0.00421899708786158,1.24358504845349,0.000279405633699161,0.5
0.38302784182937,0.00622807854760717,1.24803529181642,0.000288498669112491,0.5
0.407543924304751,0.00693386090245294,1.25806799312357,0.000307077837001071,0.5
0.423484079939889,0.00359595420314273,1.26477969035601,0.000320948883906889,0.5
0.431377419695674,0.00287077430244881,1.26770735557144,0.000328138678327401,0.5
0.442530940066649,0.000468347859114749,1.27223169433494,0.000338117945983508,0.5
0.434974846600118,0,1.26897623928814,0.000335121914603546,0.5
0.427941437287782,0,1.26585236228998,0.000331876943551557,0.5
0.425596645400353,0,1.26467748815352,0.00033187592802509,0.5
0.420833972690448,0,1.26247161258245,0.000330113414763455,0.5
0.416142803793581,0,1.26029085651451,0.000328163592948516,0.5
0.412016078370103,0,1.25829490467136,0.000326445623627577,0.5
0.408004014221995,0,1.25633745317559,0.0003246583511396,0.5
0.403904802550539,0,1.2543527961127,0.000322678168070989,0.5
0.400088855682832,0,1.25246158483285,0.000320751793471523,0.5
0.396384824085629,0,1.25060814407284,0.000318789021643539,0.5
0.393027684192748,0,1.24886853261282,0.00031691768028102,0.5
0.389630505360755,0,1.24711727182653,0.000314934879878768,0.5
0.386602473750345,0,1.24548680831188,0.000313053098701487,0.5
0.38364740843297,0,1.24388143336141,0.000311144613593519,0.5
0.380739954454021,0,1.24229246909983,0.000309168544759126,0.5
0.378086534927134,0,1.24078728739398,0.000307269785426342,0.5
0.375462469494382,0,1.23929300746002,0.00030533304077795,0.5
0.37318789268792,0,1.23791331690354,0.000303523422632853,0.5
0.371043403500757,0,1.2365768004514,0.000301722271403623,0.5
0.368759706793233,0,1.23519632450817,0.000299797765984679,0.5
0.366799785582767,0,1.23392196664252,0.000297990463897377,0.5
0.364998456362286,0,1.23269982786367,0.000296209970716074,0.5
0.363006066629542,0,1.2314167175692,0.000294284581583563,0.5
0.361729902232902,0,1.23036751027139,0.000292718519323061,0.5
0.360216376095757,0,1.22924186563289,0.000290980116069797,0.5
0.3590518283092,0,1.22823075722879,0.000289400923156914,0.5
0.357767691844794,0,1.22718162125978,0.000287725028650302,0.5
0.356705323368369,0,1.22620542201504,0.000286133198861027,0.5
0.355732854593517,0,1.22525950716421,0.00028457606305244,0.5
0.354817028407702,0,1.22433247352665,0.000283000621022505,0.5
0.35401480499171,0,1.22344337934042,0.000281473223691924,0.5
0.353295420132625,0,1.22258196815707,0.000279964277700346,0.5
0.352546166131363,0,1.22171173417892,0.000278422806731279,0.5
0.351966411261369,0,1.22089732676178,0.000276947279989495,0.5
0.351555336351735,0,1.22013843250881,0.000275541774642879,0.5
0.350999179696572,0,1.21933307639081,0.000274040284237574,0.5
0.350907311772751,0,1.21867949509221,0.000272773338371084,0.5
0.350662148142498,0,1.21797672780075,0.000271415310469613,0.5
0.350647935615541,0,1.21734948238617,0.000270148335001557,0.5
0.350743062379737,0,1.216758575113,0.000268940170796318,0.5
0.35072132425561,0,1.21613047358957,0.000267666780930668,0.5
0.351112072451557,0,1.21563687974791,0.000266586340428594,0.5
0.351495862471348,0,1.21514191864972,0.000265517469113631,0.5
0.351914201227224,0,1.21465895587706,0.000264464322173069,0.5
0.35294319769159,0,1.21437525065474,0.000263734111635369,0.5
0.353358736659366,0,1.21389257958722,0.000262683743285715,0.5
0.35391045228175,0,1.21345514349677,0.000261705652870322,0.5
0.354587196630263,0,1.2130586130226,0.000260776834824794,0.5
0.355270699804807,0,1.21266508602953,0.000259861940386452,0.5
0.356017648915744,0,1.21229297431214,0.000258986666720594,0.5
0.356909981364713,0,1.21196849239369,0.000258174979245759,0.5
0.357618154712459,0,1.21158474883709,0.000257271741093097,0.5
0.358859900015522,0,1.21137483697292,0.000256629815358089,0.5
0.359976633984126,0,1.21112510239735,0.000255950469807145,0.5
0.36083007305342,0,1.21079004682988,0.000255116661771659,0.5
0.361650313127355,0,1.21044456074085,0.000254254532742369,0.5
0.36277882948746,0,1.21020001938013,0.000253561964646963,0.5
0.363781248672649,0,1.20991501919594,0.000252810959339407,0.5
0.364731295899295,0,1.20961367465442,0.000252037995324912,0.5
0.365800767425956,0,1.20935166559413,0.000251325976475885,0.5
0.366895373656507,0,1.20909861566887,0.000250643908503443,0.5
0.367746575759499,0,1.20876687385715,0.000249833016112796,0.5
0.357108623115556,0,1.20854972349614,0.000249682695962727,0.5
0.363103099281975,0,1.20714838748781,0.000246616064606539,0.5
0.342703258006595,0,1.20661297195443,0.000246244437254692,0.5
0.35010170698961,0,1.20419042484068,0.00024114718318491,0.5
0.344895524402152,0,1.20311657510661,0.000239058066906915,0.5
0.342360991307632,0,1.20160708301149,0.000236048748325862,0.5
0.340253176176025,0,1.20023996402741,0.000233236767752108,0.5
0.338001317341944,0,1.19882664012027,0.000230341709576622,0.5
0.32766780466514,0,1.19751315555365,0.000227940937125426,0.5
0.329448826210829,0,1.19547017057533,0.000223657455879463,0.5
0.289687173275062,0,1.19406495921444,0.000222242119012467,0.5
0.301447438996075,0,1.18889862753691,0.000211764820923613,0.5
0.28901111185158,0,1.18663430082387,0.000207587609352061,0.5
0.281714922053583,0,1.18346084433254,0.000201514211625798,0.5
0.274998552382946,0,1.18048321338616,0.000195728302187109,0.5
0.268410109627416,0,1.17754898482443,0.000190018087611211,0.5
0.262243517237556,0,1.17475455098801,0.000184512353131782,0.5
0.256432314059734,0,1.17207770941991,0.000179171559618737,0.5
0.25112356042344,0,1.1695669694253,0.00017408136225577,0.5
0.224247546707078,0,1.16713898148251,0.000170015725997703,0.5
0.228111004400384,0,1.16255145939392,0.000160935632330932,0.5
0.217575764276108,0,1.15985933794755,0.000155715376032995,0.5
0.210349973713325,0,1.15666884119509,0.000149486490389667,0.5
0.203582163400679,0,1.15363329048734,0.000143507234343696,0.5
0.173904965784568,0,1.15070906129924,0.000138653479736068,0.5
0.177321027851458,0,1.14559866013751,0.000128794715290172,0.5
0.165243152205661,0,1.14245628783958,0.000122863704671628,0.5
0.156635834518497,0,1.13876595522846,0.000115877879586149,0.5
0.148500485936492,0,1.13523574552641,0.000109165758034452,0.5
0.111123448512316,0,1.13176852012508,0.000103789286090278,0.5
0.116079169237197,0,1.12567703681403,9.24500902621424e-05,0.5
0.101136255468785,0,1.1219841939435,8.58323674647927e-05,0.5
0.0902363503627115,0,1.11748258159057,7.77912562944551e-05,0.5
0.0801238451858647,0,1.1132463207816,7.01747066597389e-05,0.5
0.0704123584314194,0,1.10914374593612,6.27780923185861e-05,0.5
0.0255187284519282,0,1.10516711985438,5.70555358967902e-05,0.5
0.0315727662581851,0,1.09795388649364,4.44101607731926e-05,0.5
0.0137364050518325,0,1.0936893623102,3.72707415400252e-05,0.5
0.00132002413719934,0,1.08862177351975,2.86318520676718e-05,0.5
0,0,1.08385816562,2.04978471408668e-05,0.5
0,0,1.07928019991661,1.26321334114173e-05,0.5
0,0,1.07501590959916,5.27171608432282e-06,0.5
0,0,1.07055084769867,-2.44675776568036e-06,0.5
0,0,1.06651747431506,-5.63572357432112e-06,0.5
0,0,1.05434871486725,-2.56106587882994e-05,0.5
0,0,1.04919539294902,-3.27258646352143e-05,0.5
0,0,1.04156699377422,-4.40720241967e-05,0.5
0,0,1.03483580412444,-5.41791753085348e-05,0.5
0,0,1.02824793600631,-6.40262905739149e-05,0.5
0,0,1.02213196388274,-7.33846948959143e-05,0.5
0,0,1.01618165413457,-8.23524171852569e-05,0.5
0,0,1.01069584809361,-9.09102849862115e-05,0.5
0,0,1.00529088278598,-9.91233133575144e-05,0.5
0,0,1.00016402359665,-0.000106987502689768,0.5
0,0,0.995307560233152,-0.000114509108198502,0.5
0,0,0.990719870819554,-0.000121686791693159,0.5
0,0,0.986177781482536,-0.000128585362958182,0.5
0,0,0.981902746691517,-0.000133817746171618,0.5
0,0,0.975014097106234,-0.000143836174241276,0.5
0,0,0.970817833078945,-0.000149860239010654,0.5
0,0.00651919671040965,0.965881828594804,-0.000156940766133557,0.5
0,0.0196929295259329,0.961457209806593,-0.000163504648466944,0.5
0,0.0220314074153818,0.95713989461658,-0.000169070156333958,0.5
0,0.0424546230569313,0.951532363096971,-0.000177066946069186,0.5
0,0.0348556294206291,0.950957481959978,-0.000176817297073499,0.5
0,0.0589803485317585,0.944613783788218,-0.00018547157274585,0.5
0,0.0690634833543855,0.94278133430935,-0.000187794545273107,0.5
0,0.0803633966524809,0.944486117456566,-0.000185852866613027,0.5
0,0.0908971805517866,0.948810630604864,-0.000180593412236764,0.5
0,0.0995805455968344,0.956407728289842,-0.000170947351119622,0.5
0,0.108071147357009,0.961601479757913,-0.000164210376111111,0.5
0,0.0771371815605482,0.975222183404027,-0.000136753849701321,0.5
0,0.097467718839709,0.984677195815227,-0.000128673481765712,0.5
0,0.0732818370772155,0.993642665374998,-0.000108966074453177,0.5
0,0.0480167874050936,1.00239984910227,-9.06578698190067e-05,0.5
0,0.0645674351676652,1.01347331961238,-7.93195564554492e-05,0.5
0,0.01077782467448,1.02002876228984,-5.69786073840276e-05,0.5
0,0.0511484023012172,1.0222679476776,-6.41486761172933e-05,0.5
0,0,1.03417404037159,-2.84238865485002e-05,0.5
0,0.0239437345829607,1.01023133293776,-7.73407192117502e-05,0.5
0,0,1.04279874563688,-2.25960196547231e-05,0.5
0,0.00762422031245195,1.01049564458614,-7.44704452408296e-05,0.5
0,0.0114630221262205,1.03243518278855,-4.30755426154175e-05,0.5
0,0.0116626736255436,1.03459859719331,-4.08934422007798e-05,0.5
0,0.0150781111253509,1.03939683984368,-3.50755019049662e-05,0.5
0,0.0174373080979534,1.04832345315458,-2.30750120808044e-05,0.5
0,0.0189511245053584,1.05682544720844,-1.13801175758375e-05,0.5
0,0.00229266074866397,1.06539279998312,4.29110519615022e-06,0.5
0,0.0140717755414509,1.0540956546646,-1.60126654896622e-05,0.5
0,0.0135152293320543,1.0775359987895,1.86234224287775e-05,0.5
0,0.00626243306116268,1.08118904890943,2.51844083564836e-05,0.5
0,0.00915765715388356,1.08032078916641,2.24365774492291e-05,0.5
0,0.00848003501191687,1.09138991615359,3.87990764028103e-05,0.5
0,0.00633093284486776,1.09505949229375,4.42220434186862e-05,0.5
0,0.00495117396949054,1.09871297168632,4.93906571478876e-05,0.5
0,0.00266292772174407,1.1004454349333,5.18101218029315e-05,0.5
0,0,1.09756139623615,4.71813850459587e-05,0.5
0,0,1.08113446352045,2.19912665719899e-05,0.5
0,0,1.07670178360514,1.49682936830049e-05,0.5
0,0,1.06801140544513,1.51573189417917e-06,0.5
0,0,1.06006014724359,-1.08491364098726e-05,0.5
0,0,1.05237533098448,-2.28174615349209e-05,0.5
0,0,1.04504178395238,-3.42698181979319e-05,0.5
0,0,1.03810190302538,-4.52177396436071e-05,0.5
0,0.00188513541696404,1.03142205760455,-5.5727682029863e-05,0.5
0,0.00535822289162021,1.03788263068795,-4.72302235069857e-05,0.5
0,0.00751644900478368,1.04382220161459,-3.93185809774399e-05,0.5
0,0.00985892921473062,1.05054289651852,-3.01493623107295e-05,0.5
0,0.0118076611698079,1.06008559310929,-1.6710758421717e-05,0.5
0,0.00752921787314185,1.06865724642948,-3.21222866136481e-06,0.5
0,0.0119717871217738,1.07422690419638,3.89785050660409e-06,0.5
0,0.00475134372742666,1.08497675392263,2.13593394388166e-05,0.5
0,0.0082539160562918,1.08264147748868,1.6720407616066e-05,0.5
0,0.00805343884755479,1.09525275145215,3.56469439699548e-05,0.5
0,0.00636674582046676,1.09985723614005,4.2865180207136e-05,0.5
0,0.00504377978728016,1.10331303353465,4.80929845631236e-05,0.5
0,0.00348829969285462,1.10753139766254,5.4592730737286e-05,0.5
0,0.000783256701024306,1.10778080850171,5.51393157373676e-05,0.5
0,0,1.10007243001548,4.34679274902619e-05,0.5
0,0,1.08990654510957,2.79325611392865e-05,0.5
0,0,1.08446260636848,1.95652090874382e-05,0.5
0,0,1.07693588556903,8.05690509869062e-06,0.5
0,0,1.06992715202955,-2.78906566136315e-06,0.5
0,0,1.06323020811628,-1.32483509370534e-05,0.5
0,0,1.05678051673972,-2.33325427090659e-05,0.5
0,0,1.05056105482599,-3.30588956985067e-05,0.5
0,0,1.04472843104555,-4.23668863281043e-05,0.5
0,0,1.0390155591165,-5.13748502295051e-05,0.5
0,0.00214436277166373,1.03362366287957,-6.00204717474811e-05,0.5
0,0.0061597066167682,1.04324428260937,-4.7061076207085e-05,0.5
0,0.00851578103116894,1.05390526409905,-3.21116200018538e-05,0.5
0,0.00106756409084118,1.06098972843166,-1.99323796914343e-05,0.5
0,0.00814566793333769,1.05202548082359,-3.50073166155536e-05,0.5
0,0.00296084215159878,1.07370465446652,-1.94140992642839e-06,0.5
0,0.00660679603989565,1.06815353165534,-1.09446206658107e-05,0.5
0,0.00846657714467421,1.08393083946477,1.20390617458365e-05,0.5
0,0.00409785954845224,1.09045527695096,2.30062019105775e-05,0.5
0,0.00622749610591373,1.09096873415961,2.3111370826993e-05,0.5
0,0.00656745222189087,1.10232043673836,4.02846083628928e-05,0.5
0,0.00522185697766961,1.1069371833142,4.77073815407735e-05,0.5
0,0.00417136079139791,1.11075318276197,5.3672357395636e-05,0.5
0,0.00262491291175749,1.11376717522266,5.85343375987509e-05,0.5
0,0.00025280841495209,1.11356925323022,5.85016607505441e-05,0.5
0,0,1.10444360267477,4.47786058106033e-05,0.5
0,0,1.09783934626627,3.47274772463254e-05,0.5
0,0,1.0924740584589,2.65004430253974e-05,0.5
0,0,1.0861549395367,1.68092082012651e-05,0.5
0,0,1.08005267224707,7.44099344323035e-06,0.5
0,0,1.07421341514376,-1.60876616601962e-06,0.5
0,0,1.06863704173448,-1.03371919356182e-05,0.5
0,0,1.06334831667476,-1.87389482007333e-05,0.5
0,0,1.05817080975765,-2.69077813459471e-05,0.5
0,0,1.05327997791342,-3.47653224192808e-05,0.5
0,0,1.04857886874865,-4.2356757639167e-05,0.5
0,0.000194675788021576,1.04413016560809,-4.96523356244354e-05,0.5
0,0.00370921147387394,1.0434722349397,-5.14197014648233e-05,0.5
0,0.00788577375264819,1.05275101535924,-3.89784682924071e-05,0.5
0,0.0106677055608809,1.06114916416023,-2.72095574072453e-05,0.5
0,0.0118919022061437,1.07043561253656,-1.36743671321651e-05,0.5
0,0.0150748796854992,1.07868667734975,-1.96715584811666e-06,0.5
0,0.00454217779701613,1.08697201201038,1.2850957656641e-05,0.5
0,0.0126020323335672,1.08577193520809,9.18940938558114e-06,0.5
0,0.0100210997444855,1.10178914556553,3.40896684476608e-05,0.5
0,0.0113631745195205,1.10584023757677,4.03350277827656e-05,0.5
0,0.0114920449930301,1.11332210671538,5.18663061467763e-05,0.5
0,0.0111177899314504,1.12056530391248,6.33762964148137e-05,0.5
0,0.0103124236548622,1.12709308332044,7.39135166609098e-05,0.5
0,0.00879071079508444,1.13285810151761,8.34522813526067e-05,0.5
0,0.00673265700396402,1.1372717836225,9.09835003618496e-05,0.5
0,0.00371675200146498,1.13983104461623,9.57307961850755e-05,0.5
0,0,1.14015056658116,9.69950827165502e-05,0.5
0,0,1.12622451937595,7.60694842642325e-05,0.5
0,0,1.12377764525386,7.26116518872264e-05,0.5
0,0,1.11741764163239,6.3192750683717e-05,0.5
0,0,1.11166064935095,5.44356284748213e-05,0.5
0,0,1.10600697933262,4.58246427486363e-05,0.5
0,0,1.10055365788637,3.74554374285045e-05,0.5
0,0,1.09542815801543,2.94244480202322e-05,0.5
0,0,1.09044972681998,2.16003852996542e-05,0.5
0,0,1.08582023434441,1.41148584809319e-05,0.5
0,0,1.08128547696016,6.80545149961074e-06,0.5
0,0,1.07703537695334,-2.17714097637327e-07,0.5
0,0,1.07310407133692,-6.93209456822398e-06,0.5
0,0,1.06908233776956,-1.35750072274209e-05,0.5
0,0,1.06529003853085,-1.9967707012614e-05,0.5
0,0,1.06174305980913,-2.61138515496904e-05,0.5
0,0,1.05827961033046,-3.20914665578617e-05,0.5
0,0,1.05504580371299,-3.78396568644648e-05,0.5
0,0,1.0518991483345,-4.34202298344765e-05,0.5
0,0,1.04890435780513,-4.88134741530445e-05,0.5
0,0.00290636073481013,1.0460362942869,-5.40288051668681e-05,0.5
0,0.00863844242459827,1.05446997489325,-4.31928461798948e-05,0.5
0,0.0127692776394412,1.0627003854307,-3.20010647059604e-05,0.5
0,0.0171146338214576,1.07195493950482,-1.92038211258571e-05,0.5
0,0.00201210992426004,1.07982047801744,-3.92723972503317e-06,0.5
0,0.0160444194202786,1.07510976852275,-1.42410515535495e-05,0.5
0,0.00221287379667264,1.09362022717663,1.66458753761102e-05,0.5
0,0.011879713824369,1.08584144592465,2.91812038753033e-06,0.5
0,0.00470336906755327,1.10439113297541,3.25495924730285e-05,0.5
0,0.0099877071349801,1.10260736147852,2.91274489754042e-05,0.5
0,0.0101330894842598,1.1168552210823,5.10140904868848e-05,0.5
0,0.0088639809731332,1.1234745865008,6.20977816347036e-05,0.5
0,0.00704014525021992,1.13177414345265,7.56785808489364e-05,0.5
0,0.009217111487804,1.13858457349519,8.64001443157602e-05,0.5
0,0.00201228888787595,1.14735355840971,0.000102089983641964,0.5
0,0.00164920955562181,1.14326382438884,9.59210215687481e-05,0.5
0,0,1.14569387099736,0.000100492315312018,0.5
0,0,1.134940158268,8.46480915566371e-05,0.5
0,0,1.13275980390352,8.16078101932677e-05,0.5
0,0,1.12772237491091,7.43098463037531e-05,0.5
0,0,1.12301190211676,6.73171005924205e-05,0.5
0,0,1.11854486170947,6.05648029401389e-05,0.5
0,0,1.11419986707693,5.39447972506313e-05,0.5
0,0,1.10998226375616,4.7465965666724e-05,0.5
0,0,1.10601965065749,4.12396594045265e-05,0.5
0,0,1.1021673107102,3.51448747626992e-05,0.5
0,0,1.09841994289782,2.91829727801582e-05,0.5
0,0,1.09480449235,2.33750371671122e-05,0.5
0,0,1.0913632338721,1.77511563064249e-05,0.5
0,0,1.08798369939036,1.22363090818823e-05,0.5
0,0,1.08472454931241,6.86682618965107e-06,0.5
0,0,1.08162590449883,1.67065265868911e-06,0.5
0,0,1.07876276853286,-3.30770383803604e-06,0.5
0,0,1.07586416408763,-8.22820530430952e-06,0.5
0,0,1.07316201599322,-1.29644038143858e-05,0.5
0,0,1.07061478228269,-1.75311132648374e-05,0.5
0,0,1.06812946886869,-2.1984875782708e-05,0.5
0,0,1.06576369973183,-2.62972790070767e-05,0.5
0,0,1.06355893272676,-3.04454593327609e-05,0.5
0,0,1.06146502623409,-3.44555089591651e-05,0.5
0,0.00237630975428841,1.05943085401098,-3.83552614899566e-05,0.5
0,0.00780339578241802,1.0697075931065,-2.46417455458167e-05,0.5
0,0.0119564569044514,1.08093790001019,-8.81701946389926e-06,0.5
0,0,1.08722548832861,3.81854268539791e-06,0.5
0,0.00962695048306662,1.07416421207098,-1.84738987152374e-05,0.5
0,0.00713751453679489,1.09943519303416,1.97819390508033e-05,0.5
0,0.0112327044740011,1.10323480989648,2.54790433434356e-05,0.5
0,0,1.11070807698458,4.11276718424253e-05,0.5
0,0.00277841808050648,1.09717983421111,1.77550068616361e-05,0.5
0,0.00368025583359511,1.11305543702496,4.19935106446236e-05,0.5
0,0.00316151857646454,1.11435304749264,4.45230174505681e-05,0.5
0,0.00450735715901141,1.11759686453558,4.93330955316454e-05,0.5
0,0.00621709982895938,1.12420784308817,5.95018629243594e-05,0.5
0,0.00758718158923605,1.13141779649615,7.08522259601412e-05,0.5
0,0.00873408726709822,1.13911776391477,8.31611714249374e-05,0.5
0,0.00483117704241539,1.14771209792809,9.7994647674515e-05,0.5
0,0.0071904363801701,1.15217958089042,0.000105229360152769,0.5
0,0.00366939842408592,1.16241826897227,0.000122802672991498,0.5
0,0.00309822246337361,1.16364596775381,0.000125616821520002,0.5
0,0.00116954605978211,1.16840942019733,0.000134145343813179,0.5
0,0,1.1654966307063,0.000130807826523508,0.5
0,0,1.15809101527129,0.000120072972003639,0.5
0,0,1.15604901328034,0.000117564719811856,0.5
0,0,1.15177394092349,0.000111639179973072,0.5
0,0,1.14777598722473,0.000105932602092604,0.5
0,0,1.14392320627299,0.000100359563547044,0.5
0,0,1.1402069349883,9.48985637808119e-05,0.5
0,0,1.13657464234417,8.95066615530841e-05,0.5
0,0,1.13318067530715,8.43351473912215e-05,0.5
0,0,1.12991786045705,7.9288934468283e-05,0.5
0,0,1.12687071969103,7.44445121747944e-05,0.5
0,0,1.12381114374472,6.96028412260027e-05,0.5
0,0,1.12088243677836,6.48878518860068e-05,0.5
0,0,1.11809234646717,6.03143456189006e-05,0.5
0,0,1.11527945502965,5.57455579574806e-05,0.5
0,0,1.11260282327413,5.13119640356653e-05,0.5
0,0,1.1099835159737,4.69566871361816e-05,0.5
0,0,1.10759899285759,4.28233328557565e-05,0.5
0,0,1.10521867582827,3.87281612288136e-05,0.5
0,0,1.10289993474023,3.47144754396095e-05,0.5
0,0,1.10059478440947,3.07507027983574e-05,0.5
0,0,1.09839272450638,2.69003861053613e-05,0.5
0,0,1.09641033870643,2.32501269574921e-05,0.5
0,0,1.09446735994117,1.96752909555515e-05,0.5
0,0,1.09247127543173,1.61060990900726e-05,0.5
0,0,1.09077427222782,1.27820630432168e-05,0.5
0,0,1.08914843470892,9.56240035092895e-06,0.5
0,0,1.0875817067137,6.43605071982613e-06,0.5
0,0,1.08619573789576,3.47081603432964e-06,0.5
0,0,1.08485154028808,5.90459783598026e-07,0.5
0,0,1.08343124528644,-2.28845422446578e-06,0.5
0,0,1.08211286867867,-5.05794081301251e-06,0.5
0,0,1.0808640864539,-7.73148372673385e-06,0.5
0,0,1.07965754745834,-1.03300329873316e-05,0.5
0,0,1.07856594044978,-1.28109611322016e-05,0.5
0,0.00153590729085673,1.07741916609059,-1.527147782657e-05,0.5
0,0.00625901502251507,1.08460964733032,-5.74170101041535e-06,0.5
0,0.0111020202253223,1.09596245354518,1.01946524943819e-05,0.5
0,0.000767308316326084,1.10307790332965,2.34189259754398e-05,0.5
0,0.0108185278318969,1.09799427846646,1.36943084110353e-05,0.5
0,0.00997852510669625,1.11714222550441,4.27965958534122e-05,0.5
0,0.0128761531591298,1.12276498596109,5.16559465194055e-05,0.5
0,0.00383167870682702,1.13090361425183,6.62464487516156e-05,0.5
0,0.0124822503241466,1.13257704067751,6.76120617287103e-05,0.5
0,0.0113866011047035,1.14650961970101,8.99685524033349e-05,0.5
0,0.0140009579519456,1.15316336045811,0.000100902612891862,0.5
0,0.00720372881641062,1.1610868593708,0.00011535116731385,0.5
0,0.01179198503386,1.16515122296003,0.000121825357832937,0.5
0,0.0107842710019619,1.17627624192197,0.000140662891756296,0.5
0,0.0107837524062439,1.1826095346045,0.000152076897676052,0.5
0,0.0103364270780178,1.19032924324537,0.000165739876943491,0.5
0,0.00956359168380127,1.19736985670223,0.000178626988847095,0.5
0,0.00799019033485305,1.20373178794544,0.000190605668853132,0.5
0,0.00550892909113543,1.20868764262,0.000200476820646701,0.5
0,0.00258399740471434,1.21316225633826,0.000209633025383729,0.5
0,0,1.21249526946412,0.000210554753596747,0.5
0,0,1.2033856185673,0.000197501265493461,0.5
0,0,1.20202211684057,0.00019666149502445,0.5
0,0,1.19765903929263,0.000191115593727175,0.5
0,0,1.19368240760056,0.00018587833004546,0.5
0,0,1.189842822195,0.000180757949127916,0.5
0,0,1.18615713624795,0.000175741381692391,0.5
0,0,1.1825769474247,0.000170780673698795,0.5
0,0,1.17919034819752,0.000165995184855547,0.5
0,0,1.17583193095765,0.000161181322699922,0.5
0,0,1.17264539495023,0.000156522768748726,0.5
0,0,1.16961194643629,0.000152004816636384,0.5
0,0,1.16674327547344,0.000147643906460267,0.5
0,0,1.16392294734276,0.000143305246940221,0.5
0,0,1.1611722721912,0.000139017013578148,0.5
0,0,1.158598665088,0.000134910066462433,0.5
0,0,1.15617067083796,0.000130952146963272,0.5
0,0,1.15371798140276,0.000126952279645264,0.5
0,0,1.15136184551248,0.000123046213225991,0.5
0,0,1.14911527203783,0.000119255067048146,0.5
0,0,1.14708941149415,0.000115700329737315,0.5
0,0,1.14502889341852,0.000112112906609628,0.5
0,0,1.14308201581299,0.000108644612314852,0.5
0,0,1.14114880179372,0.000105200819720386,0.5
0,0,1.13931425053497,0.000101867118550003,0.5
0,0,1.13754325968473,9.86091286108294e-05,0.5
0,0,1.13583574129292,9.54280807412938e-05,0.5
0,0,1.13419199546779,9.23254838664489e-05,0.5
0,0,1.13260989477384,8.93003183595454e-05,0.5
0,0,1.13119923030485,8.64588700330954e-05,0.5
0,0,1.12964977715119,8.35109805480119e-05,0.5
0,0,1.12821260581684,8.06821198665128e-05,0.5
0,0,1.12678459481382,7.7888823123305e-05,0.5
0,0,1.12544018838979,7.5192456947309e-05,0.5
0,0,1.1241900692092,7.26074797607772e-05,0.5
0,0,1.12294908533199,7.00571233634987e-05,0.5
0,0,1.12177082508427,6.75868105697777e-05,0.5
0,0,1.12063827004184,6.5184734601957e-05,0.5
0,0,1.11960756478069,6.28987596965627e-05,0.5
0,0,1.1185779965664,6.06444220887629e-05,0.5
0,0,1.11771784809359,5.85622043900707e-05,0.5
0,0,1.116754692579,5.64281907623248e-05,0.5
0,0,1.11584520904617,5.43619599134152e-05,0.5
0,0,1.11499867236518,5.23805241902195e-05,0.5
0,0,1.1140062587122,5.03075759425683e-05,0.5
0,0,1.11317893706852,4.83908178781507e-05,0.5
0,0,1.11228768008465,4.64569242629562e-05,0.5
0,0,1.11142223224947,4.45651599344923e-05,0.5
0,0,1.11067630513952,4.27974879906576e-05,0.5
0,0,1.10990952755195,4.10440140100128e-05,0.5
0,0,1.10919206326422,3.93539535209736e-05,0.5
0,0,1.10856252030758,3.77623894308793e-05,0.5
0,0,1.10792193713291,3.6192490231052e-05,0.5
0,0,1.10726935122403,3.4638960208647e-05,0.5
0,0,1.10668759421893,3.31664406734804e-05,0.5
0,0,1.1060634928204,3.16907597375219e-05,0.5
0,0,1.10551151469056,3.02930130651929e-05,0.5
0,0,1.10491586554374,2.88912159399112e-05,0.5
0,0,1.10439157661012,2.75650377756841e-05,0.5
0,0,1.10399279529959,2.63615692420843e-05,0.5
0,0,1.10353553212982,2.51448124877399e-05,0.5
0,0,1.10313172230232,2.39895448857574e-05,0.5
0,0,1.10280574719822,2.29208089459431e-05,0.5
0,0,1.10251653777551,2.19079978676126e-05,0.5
0,0,1.10216306874367,2.08750660745798e-05,0.5
0,0,1.10200000566554,2.00040480617e-05,0.5
0,0,1.10181144429575,1.91506942842326e-05,0.5
0,0,1.10151428644451,1.82411787250747e-05,0.5
0,0,1.10133227415467,1.74359208814711e-05,0.5
0,0,1.1011940862514,1.66935111270961e-05,0.5
0,0.00316290262225662,1.10113375791267,1.60403001835167e-05,0.5
0,0.00755747838744421,1.10473991154054,2.06442723855463e-05,0.5
0,0.0114124868249231,1.10940798876658,2.70717370935078e-05,0.5
0,0.0152366640714254,1.1139051741125,3.33477248176539e-05,0.5
0,0.0197599903428911,1.1221114994185,4.510790395367e-05,0.5
0,0.0234357388476779,1.12945692390658,5.60692728744515e-05,0.5
0,0.0270039640518317,1.13765923075458,6.84643728445576e-05,0.5
0,0.0214960326677207,1.14674209723911,8.41264743414334e-05,0.5
0,0.0295014904653271,1.15542289072333,9.69100012358013e-05,0.5
0,0.0182350301555013,1.16312341374387,0.000111864702270678,0.5
0,0.0226706723920435,1.17180475730364,0.000125637938172083,0.5
0.00409853019659536,0.0113384916795171,1.17924002202032,0.00014043652285969,0.5
0.027702024982397,0.0215544711779429,1.18795180134904,0.000153820072172923,0.5
0.04171995823731,0.0065986632517039,1.19505944292475,0.00016896512383854,0.5
0.0526200141385957,0.01345169842161,1.19857834511221,0.000174863176473203,0.5
0.0771595538365464,0.0073993063674796,1.20937345750604,0.000194647660402749,0.5
0.0847947584156518,0.00806474873039521,1.21210735567127,0.00020071415513786,0.5
0.102174154185787,0.00664604940317192,1.21930380571903,0.000214161697419182,0.5
0.116240488080069,0.00458306045472667,1.22513226659248,0.00022578088471042,0.5
0.126697138674572,0.00167967506145592,1.22946991008818,0.000235014850624969,0.5
0.121804303294253,0,1.22742911017971,0.000233936929157554,0.5
0.107964045719266,0,1.22161033358453,0.000226394070139917,0.5
0.105928105608218,0,1.22062516390047,0.000226490451634049,0.5
0.0987462348513953,0,1.21754649445541,0.000223242016338826,0.5
0.0920164471774184,0,1.21461832096656,0.000219987163874913,0.5
0.0859930918216601,0,1.21192206830031,0.000216992605510942,0.5
0.079979140318316,0,1.20923043812073,0.00021388631221057,0.5
0.0748567446105899,0,1.20683098069865,0.000211103644310766,0.5
0.0698316603763213,0,1.20446451900533,0.00020827463665277,0.5
0.0650215858067194,0,1.20216997825725,0.000205458965168777,0.5
0.0603495819284393,0,1.1999217937127,0.000202626024732667,0.5
0.0558688617865044,0,1.19773744727655,0.000199806661853924,0.5
0.0517247163913253,0,1.19566462520603,0.000197077526954716,0.5
0.0478905024916117,0,1.19369411750532,0.000194426489679862,0.5
0.0437024357384184,0,1.19160941342863,0.000191554816708531,0.5
0.0402530227342725,0,1.18976721700392,0.000188960190617116,0.5
0.0369232859686848,0,1.18796528525672,0.000186377023049205,0.5
0.0335629503563276,0,1.18615460838364,0.000183732412926822,0.5
0.0306909831610975,0,1.18450459613605,0.000181262623350597,0.5
0.0276863511761883,0,1.18281243110135,0.000178701728877692,0.5
0.025044714719613,0,1.18124023949646,0.000176264450508685,0.5
0.0225020225582912,0,1.17970128994472,0.000173841975953438,0.5
0.0204092377019172,0,1.17831013549618,0.000171583444915394,0.5
0.0184187929376679,0,1.176953648918,0.000169351297107842,0.5
0.0166855536512117,0,1.17568215369587,0.000167206707226438,0.5
0.0148540207918256,0,1.17437963845561,0.000165006450847258,0.5
0.0133113108079383,0,1.17317247347831,0.000162909536244277,0.5
0.0117007730223976,0,1.17194420022722,0.000160775312284352,0.5
0.0108073343293315,0,1.17095101164767,0.000158923143741703,0.5
0.00964453417085646,0,1.16987086455403,0.000156961734827306,0.5
0.00875156305355268,0,1.16888008097234,0.000155099569003752,0.5
0.00777880315861274,0,1.1678640411908,0.000153204294100897,0.5
0.00669406206250491,0,1.166812258496,0.000151257315625073,0.5
0.00577658562731785,0,1.16581623546404,0.000149374295676572,0.5
0.00527924031907028,0,1.16495795351036,0.00014765666739118,0.5
0.0047976705792579,0,1.16410591819647,0.000145950872088941,0.5
0.0043695098387124,0,1.16327220562405,0.000144266326067058,0.5
0.00406939837701334,0,1.16248120392003,0.000142635715216034,0.5
0.00385761082020568,0,1.1617199349657,0.000141044827963069,0.5
0.00376524899356222,0,1.16099879980765,0.000139506597910478,0.5
0.00373306540651818,0,1.16029801435792,0.000137997967205887,0.5
0.00363216608905257,0,1.15957575892945,0.000136470178885876,0.5
0.0035702570654365,0,1.15886712722459,0.000134962856359638,0.5
0.00382316209768757,0,1.15826209409493,0.000133582708096513,0.5
0.00399735442133824,0,1.15763222422827,0.000132184813658296,0.5
0.00441479882625384,0,1.15708234425719,0.000130884520337085,0.5
0.00496379178477504,0,1.15657638822079,0.000129647455131088,0.5
0.00565316326860423,0,1.15611700874358,0.000128474379086779,0.5
0.00616566085765117,0,1.15560074833993,0.00012724886310387,0.5
0.00689569723203319,0,1.1551563096539,0.000126112606019173,0.5
0.00764210709617375,0,1.15471801027864,0.00012499797520256,0.5
0.00844953321679991,0,1.15430043868044,0.000123917155542292,0.5
0.00928097753650521,0,1.15389125384264,0.000122858366400777,0.5
0.0103498298372638,0,1.15356050012157,0.0001218990786368,0.5
0.011184377417433,0,1.15315402936275,0.000120870701686822,0.5
0.0122610672511272,0,1.15282763112531,0.000119938765928038,0.5
0.0132892864007209,0,1.15248574914471,0.000119006897312248,0.5
0.0144317323018859,0,1.1521824131411,0.000118127082370373,0.5
0.0158458671037034,0,1.15196772872325,0.000117361448425121,0.5
0.0171206712781374,0,1.15170874311973,0.000116562921137907,0.5
0.0183726751302048,0,1.15144324663274,0.000115767180820707,0.5
0.0197566427715219,0,1.15122138092281,0.000115033085193475,0.5
0.0211174696995414,0,1.15099251332463,0.000114306613694097,0.5
0.022671508076659,0,1.15082735259766,0.000113662127543821,0.5
0.024158094287012,0,1.15064103447688,0.000113010422112653,0.5
0.0258738461131088,0,1.15053016447238,0.000112452799284549,0.5
0.0276304637155236,0,1.150433076455,0.000111928853427501,0.5
0.0294922113599549,0,1.15037092774521,0.000111457344388691,0.5
0.0313456266709045,0,1.15030713812671,0.000110999074262307,0.5
0.0332028173980875,0,1.15024481496045,0.000110558401730178,0.5
0.0351442841849704,0,1.15021116971424,0.000110161458455932,0.5
0.0371397139280215,0,1.15019609151198,0.00010979924712309,0.5
0.0389604067655668,0,1.15012442648608,0.000109391575748972,0.5
0.0413898325003498,0,1.15025188007789,0.000109211154124206,0.5
0.0429785727380797,0,1.15010593730496,0.000108758848967176,0.5
0.0449056105968698,0,1.15007108099643,0.000108423968555264,0.5
0.0472937053712525,0,1.15018699272412,0.000108274268672914,0.5
0.0493354814473873,0,1.15019077081791,0.000108021505792497,0.5
0.051350809320381,0,1.15018659910725,0.000107766687908377,0.5
0.0534955026938782,0,1.15022529805877,0.000107571694091215,0.5
0.0556492577611814,0,1.15026786992503,0.00010739371166137,0.5
0.0578007098970386,0,1.15031019862732,0.000107228005942878,0.5
0.0598464052094248,0,1.15031901517793,0.000107036278264333,0.5
0.0618461597738959,0,1.15031336669401,0.000106838893089193,0.5
0.0641104427635389,0,1.15039472915689,0.000106745026424967,0.5
0.0662050062956782,0,1.15042113670025,0.000106607810032631,0.5
0.0686725271372947,0,1.15056979841639,0.000106609876562969,0.5
0.0706071643152404,0,1.15054540470019,0.000106442144972916,0.5
0.0730308445798999,0.00185554043519666,1.15068118484962,0.000106447692682731,0.5
0.0773562320005692,0.00419679230820001,1.15165848791953,0.000107782460862811,0.5
0.0811263353265216,0.00635363070850396,1.15241262566129,0.000108836942849121,0.5
0.0851755661547303,0.00835860287412344,1.15330579206741,0.00011013369728449,0.5
0.0896409610128055,0.0104947226230816,1.15436589622124,0.000111695197651179,0.5
0.0946062087177862,0.0128426962947972,1.15562074306346,0.000113554303684655,0.5
0.105126632189961,0.0152885525845897,1.15929872316138,0.000119175063959509,0.5
0.112561278286088,0.0175509605736487,1.16164441129296,0.000122903864090591,0.5
0.121314782352319,0.0197350941752414,1.1645765166966,0.000127546385942648,0.5
0.137640330398081,0.0226864607028652,1.17074103013915,0.000137213367088362,0.5
0.157702783966857,0.0259053105972921,1.17851362625654,0.000149632693640301,0.5
0.174528788200776,0.0282102272211993,1.18497136647879,0.000160363082120118,0.5
0.193455915590561,0.0308491241598239,1.19231245802836,0.000172569749153555,0.5
0.212692684947998,0.0328822737457349,1.1998588020021,0.000185441986475138,0.5
0.23281064640271,0.0271630422332481,1.20858921908136,0.000201415837484106,0.5
0.249282268420756,0.0202521664325064,1.21585184209229,0.000215381074965699,0.5
0.27134364907527,0.025703258940272,1.22429273330137,0.000229944520825878,0.5
0.286526562357823,0.0142168191340973,1.23147100520075,0.000244702996997767,0.5
0.307784501148004,0.0194434225507649,1.23959692025289,0.00025925718368488,0.5
0.321607012530896,0.00562770372730723,1.24642805605959,0.000273947405955209,0.5
0.328593146784921,0.0114135316046789,1.24826537601443,0.000278428807600752,0.5
0.354636466524563,0.0102652679987247,1.25913875175879,0.000298681009161731,0.5
0.364698536858874,0,1.26473647354068,0.000312027818502894,0.5
0.340294194302714,0,1.25341307574126,0.000294759686488619,0.5
0.344705556563981,0,1.25529703833004,0.000299883004294937,0.5
0.338739398672872,0,1.25268606766653,0.000297764186413123,0.5
0.334072177783346,0,1.2505027880796,0.000295931057307595,0.5
0.329267631386691,0,1.24827510808116,0.00029395323004132,0.5
0.324900632917137,0,1.24619160182551,0.000292092099217904,0.5
0.320772780449342,0,1.24418718973326,0.000290246244557941,0.5
0.316895622167138,0,1.2422654580468,0.000288417834655205,0.5
0.313305790335508,0,1.24043870688645,0.000286651722890098,0.5
0.309968016437467,0,1.23869519133011,0.000284924711759915,0.5
0.306741556481432,0,1.23698901913554,0.00028316043756022,0.5
0.303609149505107,0,1.23531476937264,0.000281361649533272,0.5
0.300698654212971,0,1.23371353217572,0.000279586841018175,0.5
0.298082587216308,0,1.23220950375835,0.000277908176742025,0.5
0.295514317706972,0,1.23072196445037,0.000276174893396708,0.5
0.292903907128823,0,1.22922206343058,0.000274356548425783,0.5
0.290718841806894,0,1.22786130506167,0.00027269041353875,0.5
0.288674878084782,0,1.22654768956143,0.000271052729803906,0.5
0.286579957547516,0,1.2252185173146,0.000269327981533004,0.5
0.284821495323433,0,1.22399937317039,0.000267712015364705,0.5
0.283092825099225,0,1.22279112688418,0.000266076145719502,0.5
0.281342927007892,0,1.22157650504809,0.000264362451636576,0.5
0.279973958030453,0,1.22048708704629,0.000262821260298251,0.5
0.278547393110993,0,1.21937942282078,0.000261196237645531,0.5
0.277403621655164,0,1.21836472161509,0.000259683371373938,0.5
0.276412652460735,0,1.21740071611796,0.000258224508578887,0.5
0.275330514005636,0,1.21640792386368,0.000256686945152787,0.5
0.274608064472125,0,1.21553303800586,0.000255306779094371,0.5
0.273842591932282,0,1.21464489789023,0.000253879497112621,0.5
0.273062322084327,0,1.21375268966192,0.000252414103144035,0.5
0.272187577707827,0,1.21283041917121,0.000250871161435958,0.5
0.271458240817944,0,1.21195651015725,0.000249388806916038,0.5
0.271209889260503,0,1.21123956419451,0.000248122171117511,0.5
0.271093613548878,0,1.21056605228718,0.000246901574598571,0.5
0.270886514395419,0,1.20986396767353,0.000245629119805238,0.5
0.270715395121514,0,1.20917438128946,0.000244361124386922,0.5
0.270553644442394,0,1.20848838013934,0.00024307897032717,0.5
0.270537650099083,0,1.20785061516063,0.000241862536475622,0.5
0.270673324785926,0,1.20726274104278,0.000240707942552866,0.5
0.270668104985744,0,1.20662993880014,0.000239483725009982,0.5
0.270818592055359,0,1.20604816694682,0.000238313625567584,0.5
0.27063549786378,0,1.20535889171455,0.000236985851316782,0.5
0.270674523338567,0,1.20474258323745,0.000235753799332008,0.5
0.270886358215361,0,1.20418297039003,0.000234598058121911,0.5
0.271022888738091,0,1.20359942198178,0.000233396925868302,0.5
0.27126719893952,0,1.20305174912072,0.000232247586321277,0.5
0.271441722774901,0,1.20248210953275,0.000231064198401608,0.5
0.27188051611602,0,1.20199889808802,0.000229997723545457,0.5
0.271898827555363,0,1.20138002474053,0.00022874482384692,0.5
0.272505921158197,0,1.20095285301663,0.000227749322445876,0.5
0.273041173683901,0,1.20050323043581,0.000226740815880034,0.5
0.273730243217318,0,1.20010427701149,0.000225801626196752,0.5
0.274510350390296,0,1.19973536752048,0.000224904517015791,0.5
0.275400315509565,0,1.19940278186597,0.000224062935954962,0.5
0.276270207824892,0,1.19906432138544,0.000223218090687888,0.5
0.277642590476835,0,1.19889016235382,0.000222627184726795,0.5
0.278580595623096,0,1.19857495027707,0.000221829561782104,0.5
0.279792459477138,0,1.19834979816951,0.000221173173735741,0.5
0.281265096458274,0,1.1982100130647,0.000220653031468314,0.5
0.282560710469587,0,1.19801310846739,0.000220054737213399,0.5
0.283931140843839,0,1.19784094541903,0.000219489965442624,0.5
0.285339928379236,0,1.19768195080311,0.000218957963754096,0.5
0.286890341080614,0,1.19756940065227,0.000218494892349409,0.5
0.288373613796361,0,1.19743562840377,0.000218012987095126,0.5
0.289399652588361,0,1.19715394947091,0.000217327134786828,0.5
0.290971458018412,0,1.19705028958309,0.000216896738992572,0.5
0.292043026388306,0,1.1967842189184,0.000216237542176033,0.5
0.293400428293936,0,1.19661189353278,0.000215715032365386,0.5
0.294876144293808,0,1.19647882701949,0.000215268939893588,0.5
0.296234620615621,0,1.19630774446645,0.000214758530355121,0.5
0.29753122598188,0,1.19611722107589,0.000214227597081166,0.5
0.298927713725935,0,1.19595954005841,0.000213741947399751,0.5
0.30045174082736,0,1.19584387870114,0.000213324564697291,0.5
0.301616067399726,0,1.19561160836929,0.000212739405871721,0.5
0.303025893173614,0,1.19545966068657,0.000212266325002644,0.5
0.304814054532722,0,1.19543143997778,0.000211988323882171,0.5
0.306341836629695,0,1.19531914743782,0.000211602773766152,0.5
0.308096539500883,0,1.19528096079659,0.000211317872757175,0.5
0.309632021174943,0,1.19517199738082,0.000210943594254877,0.5
0.311446003112541,0,1.19515407739996,0.000210700621125882,0.5
0.313438056943719,0,1.19519479026657,0.000210563100873274,0.5
0.3152612629226,0,1.1951809237131,0.000210351101396211,0.5
0.317435501878979,0,1.19528174764545,0.000210311278638653,0.5
0.319415179817939,0,1.19531975954646,0.000210196675191157,0.5
0.321301932937149,0,1.19532775885594,0.000210033377160848,0.5
0.323171590022488,0,1.1953308106983,0.000209874949764083,0.5
0.305725439606439,0,1.19526423374316,0.000210396946305162,0.5
0.316518371340215,0,1.19376009279779,0.000207151319663012,0.5
0.313094479039193,0,1.1933730791302,0.000206494339215693,0.5
0.312792227119546,0,1.19262671598208,0.000205059950612961,0.5
0.31249717007019,0,1.19188588475039,0.000203621668144909,0.5
0.285107411568406,0,1.19139411320978,0.000203689038989716,0.5
0.297315382901519,0,1.18827123926363,0.000197447797251499,0.5
0.290139028157519,0,1.1872300203309,0.000195641591658011,0.5
0.287025304545377,0,1.18550097160762,0.00019245109397811,0.5
0.284311087663619,0,1.18390709879628,0.00018943295161941,0.5
0.281414736099413,0,1.18225463825684,0.000186323252250908,0.5
0.279087407721907,0,1.18078932401906,0.00018346982529323,0.5
0.252733103011872,0,1.17941482065668,0.000181734901765972,0.5
0.261366873317869,0,1.17589508963308,0.000174822004565719,0.5
0.252778164366017,0,1.17408726880843,0.000171565152121409,0.5
0.24776468724169,0,1.17169125911656,0.000167140560391303,0.5
0.243332823819239,0,1.16948974139639,0.000162975352039538,0.5
0.238588366604695,0,1.16718785942083,0.000158685821275859,0.5
0.196171485343556,0,1.16508054138496,0.000156211415608507,0.5
0.208888092361719,0,1.15960334351768,0.000145744317377383,0.5
0.194720917224005,0,1.15690199829939,0.000141087655278516,0.5
0.186520674069328,0,1.15338219643132,0.000134735529809459,0.5
0.179057814470344,0,1.15011088091183,0.000128751451773153,0.5
0.17183552177966,0,1.14692004529075,0.000122886878280653,0.5
0.164977679859032,0,1.14385051079186,0.000117191855499038,0.5
0.158356722384871,0,1.14086135456454,0.000111629170457995,0.5
0.152162848019025,0,1.13801391765235,0.000106260175003621,0.5
0.0779029755441676,0,1.13526413725598,0.000103833914327392,0.5
0.102016467211593,0,1.1264439062467,8.76651237701807e-05,0.5
0.0785908365915989,0,1.12275004547855,8.17512535702498e-05,0.5
0.0649398643046886,0,1.1173012785327,7.25430619451648e-05,0.5
0.0529442022479003,0,1.11240732133898,6.41429141433818e-05,0.5
0.0412204224255229,0,1.10760463969645,5.59043765424452e-05,0.5
0.0306442077027561,0,1.10318058199065,4.81122600983689e-05,0.5
0.0201971571450475,0,1.09880253947675,4.04833373759853e-05,0.5
0.0104473713466072,0,1.09465638874653,3.31567580711674e-05,0.5
0.00118523875356831,0,1.09067323350477,2.60839823238136e-05,0.5
0,0,1.08679618810447,1.92149179390819e-05,0.5
0,0,1.08316987235785,1.26549772558618e-05,0.5
0,0,1.07964473832538,6.28928212783109e-06,0.5
0,0,1.0762808110247,1.83308981040374e-06,0.5
0,0,1.06934421003922,-1.00194920824166e-05,0.5
0,0,1.06556692421498,-1.61541536292848e-05,0.5
0,0,1.06098970683359,-2.38356948382166e-05,0.5
0,0,1.05658868632043,-3.1106074281931e-05,0.5
0,0,1.05254747731816,-3.80418535436478e-05,0.5
0,0,1.04858476951352,-4.47629731337413e-05,0.5
0,0,1.04489479014787,-5.06127669829864e-05,0.5
0,0,1.03993692577538,-5.87901903705623e-05,0.5
0,0,1.03628586105573,-6.35270339941453e-05,0.5
0,0,1.02902539672984,-7.46947680437707e-05,0.5
0,0,1.02469454538868,-8.11468320475033e-05,0.5
0,0,1.01970170882105,-8.88294051450756e-05,0.5
0,0,1.01491295951169,-9.6048214439403e-05,0.5
0,0.00294623196102713,1.0103365386899,-0.000103019710914308,0.5
0,0.00270847749402272,1.00822104769958,-0.000106222694246543,0.5
0,0.0181506785736751,1.00313640734714,-0.000113997514561988,0.5
0,0.0197743712141047,1.00301669394965,-0.00011434807812002,0.5
0,0.0317865926202581,1.00231745681215,-0.000116031542662028,0.5
0,0.0386111289386918,1.00656137806595,-0.000110892133211947,0.5
0,0.0454720359787952,1.01231281334099,-0.000103665183585914,0.5
0,0.0522448620507629,1.0172835205225,-9.73823926534088e-05,0.5
0,0.0584167825577104,1.02364958005491,-8.91213724703066e-05,0.5
0,0.0637903067200804,1.03041379234818,-8.01123230000286e-05,0.5
0,0.0557346242215967,1.04334739790196,-5.96999376862711e-05,0.5
0,0.0635959800298779,1.05184266036761,-4.89037133703878e-05,0.5
0,0.0356516107470406,1.05976056198175,-3.08175763305247e-05,0.5
0,0.0509034332613091,1.07021547085826,-1.92140268545964e-05,0.5
0,0.0352008247994558,1.07850936643195,-3.25197125650506e-06,0.5
0,0.0472306975856342,1.08718041283483,6.95131330759783e-06,0.5
0,0.0156074154728146,1.09510322954978,2.53722633714774e-05,0.5
0,0.0360512355078553,1.09618418602306,2.27106030468197e-05,0.5
0,0.0196974760915769,1.11027217367649,4.71570124679433e-05,0.5
0,0.0259096241937383,1.10846205740143,4.32968092583898e-05,0.5
0,0.0241422552141928,1.11804878177517,5.81331506871933e-05,0.5
0,0.0230915578599526,1.1252812698644,6.94257371544749e-05,0.5
0,0.0216456153799585,1.13099618505355,7.85195619025816e-05,0.5
0,0.0203695930484681,1.13684972293642,8.78157879403787e-05,0.5
0.0107011167115967,0.0188190199880247,1.14519718387187,0.000101077335714037,0.5
0.0200777204100644,0.0161887234879346,1.15049499395099,0.000109925243083819,0.5
0.0209175421931128,0.0124711574471236,1.1521619092862,0.000113216770725993,0.5
0.0221715799104824,0.00877214543121874,1.15399607240628,0.000116714674782081,0.5
0.0171098103824001,0.00384454836298727,1.15318880517845,0.000116251344730362,0.5
0.00210899748827393,0,1.14810595755272,0.000109120230529107,0.5
0,0,1.13458112986481,8.90153423748698e-05,0.5
0,0,1.1290840887683,8.10180998182143e-05,0.5
0,0,1.12075588365917,6.86939129935766e-05,0.5
0,0,1.11294378967723,5.70658397205248e-05,0.5
0,0,1.10545645201341,4.58390192926914e-05,0.5
0,0,1.09809059265753,3.4875346563164e-05,0.5
0,0,1.09111758080708,2.43795416898378e-05,0.5
0,0,1.08444039862807,1.42742261486064e-05,0.5
0,0,1.07802134192428,4.53336184213794e-06,0.5
0,0,1.07195727404549,-4.80413326582424e-06,0.5
0,0,1.06610330876875,-1.38206101776912e-05,0.5
0,0,1.06052120542012,-2.24935945337193e-05,0.5
0,0,1.05524505668951,-3.08120271600893e-05,0.5
0,0,1.05008656130565,-3.88718053174729e-05,0.5
0,0,1.04526817443669,-4.65724146858166e-05,0.5
0,0,1.0405409061298,-5.40394739732625e-05,0.5
0,0,1.03608595310582,-6.1205422125125e-05,0.5
0,0.00541878886260703,1.03180874020436,-6.81080006552525e-05,0.5
0,0.0115517357377988,1.03809965059744,-6.0550860672805e-05,0.5
0,0.0158576047525577,1.04139385001158,-5.66369131394927e-05,0.5
0,0.0205474330354807,1.04890353408964,-4.6920912639039e-05,0.5
0,0.0243987398479372,1.05643921360349,-3.68215746321161e-05,0.5
0,0.0280337830236195,1.06516891173136,-2.4908526552268e-05,0.5
0,0.00867530499525194,1.07391848176385,-7.8882138380786e-06,0.5
0,0.0257809450835917,1.07456924928901,-1.06039395689671e-05,0.5
0,0.00682309174397798,1.088881230602,1.44610403554931e-05,0.5
0,0.0188064793264141,1.08535175496951,6.80995746212544e-06,0.5
0,0.0177030564512959,1.10219250649329,3.19935861404843e-05,0.5
0,0.0185564617016123,1.10790918492999,4.07941506574027e-05,0.5
0,0.0185076109858423,1.11694404529061,5.45037540310714e-05,0.5
0,0.0182716399600314,1.12529349135895,6.7495615337395e-05,0.5
0,0.0179653136808153,1.13364413249106,8.05901261335511e-05,0.5
0,0.0174669938749081,1.14185100089421,9.36446869232261e-05,0.5
0,0.0166853534055412,1.14974254203127,0.000106391302782675,0.5
0,0.0153962013710822,1.1571099749789,0.000118524162904666,0.5
0,0.00144396576549049,1.16455899066607,0.000132928865516557,0.5
0,0.00134895982527399,1.15314087718147,0.000114828518156485,0.5
0,0,1.15615033958934,0.000120393203992678,0.5
0,0,1.1434087803033,0.000101524569988,0.5
0,0,1.13946221101638,9.56806040476308e-05,0.5
0,0,1.13286853024464,8.5901353936286e-05,0.5
0,0,1.12674304514394,7.66389145025775e-05,0.5
0,0,1.12064996428866,6.74695348699735e-05,0.5
0,0,1.11482277914237,5.86050611261092e-05,0.5
0,0,1.10933629151055,5.01116008961223e-05,0.5
0,0,1.10412583770009,4.19280143501059e-05,0.5
0,0,1.0990577862967,3.39491316518768e-05,0.5
0,0,1.09422920512082,2.62483391102619e-05,0.5
0,0,1.0895978968506,1.87958525831792e-05,0.5
0,0,1.08509690873266,1.15425796753302e-05,0.5
0,0,1.08095385044434,4.6342539512891e-06,0.5
0,0,1.07687549528945,-2.11283783796347e-06,0.5
0,0,1.07306558678307,-8.58579589908356e-06,0.5
0,0,1.06942962738711,-1.48345186855431e-05,0.5
0,0,1.06598200007558,-2.08595931137428e-05,0.5
0,0,1.06264940526465,-2.67003349460472e-05,0.5
0,7.13396437874217e-05,1.05945940098057,-3.23358868965931e-05,0.5
0,0.0047967394940392,1.0582535913055,-3.51111578442305e-05,0.5
0,0.0103877204235978,1.06945141353707,-2.0266186771551e-05,0.5
0,0.0139993607573149,1.07830048329207,-7.95563314595225e-06,0.5
0,0.0127642424083335,1.08707404051095,5.34179394864254e-06,0.5
0,0.0186336835398059,1.09612824259337,1.76832816903323e-05,0.5
0,0.000621698669579516,1.10400139712083,3.33403442567621e-05,0.5
0,0.0135996511308681,1.09386097014348,1.53883865032111e-05,0.5
0,0.0110772851559565,1.11695197053455,5.05627614263301e-05,0.5
0,0.0140844501767422,1.1200277932051,5.54200296530062e-05,0.5
0,0.00825115688447612,1.12927257138704,7.07376188299184e-05,0.5
0,0.0128721599372059,1.13330677907615,7.64711806936345e-05,0.5
0,0.00135964842223018,1.14412883551119,9.56180051753121e-05,0.5
0,0.00433595325128868,1.13506371205965,8.12146124341892e-05,0.5
0,0.0049947681893993,1.14789660871075,0.00010123423028261,0.5
0,0.00306521867221702,1.15138159816099,0.000107632978832904,0.5
0,0.000976365435467307,1.15179340229549,0.00010889206386545,0.5
0,0,1.14860390758484,0.000104648736072295,0.5
0,0,1.14038779832802,9.26122117779319e-05,0.5
0,0,1.13743345578319,8.83929909229257e-05,0.5
0,0,1.13234147868231,8.09921758402894e-05,0.5
0,0,1.12761654137374,7.39497017017176e-05,0.5
0,0,1.12308502533794,6.71136266300874e-05,0.5
0,0,1.11876425478009,6.04881363975206e-05,0.5
0,0,1.11458437433336,5.40224818639343e-05,0.5
0,0,1.1105275650832,4.77021588731885e-05,0.5
0,0,1.10667730284325,4.15973017911705e-05,0.5
0,0,1.10296758253984,3.56576790435529e-05,0.5
0,0,1.09945497330513,2.9931447178921e-05,0.5
0,0,1.09611318850763,2.43891639222481e-05,0.5
0,0,1.09281455245054,1.89457985391749e-05,0.5
0,0,1.08971070157316,1.37031052494617e-05,0.5
0,0,1.08671780000863,8.60889658388005e-06,0.5
0,0,1.08378913336542,3.62819797411004e-06,0.5
0,0,1.08114956074874,-1.09667790234458e-06,0.5
0,0.00143561541262148,1.07851476712845,-5.73657568243484e-06,0.5
0,0.00625390121688922,1.08328262499455,1.38223110945084e-07,0.5
0,0.0101357482479708,1.09043251864087,9.90137207818507e-06,0.5
0,0.0141543399665919,1.09785967638249,2.02136537010356e-05,0.5
0,0.0182059554858259,1.1075214013659,3.40227264088419e-05,0.5
0,0.0214122417237473,1.11564909954767,4.59773230978423e-05,0.5
0,0.0206014330254863,1.12487666587929,6.04755608884712e-05,0.5
0,0.0233452164881462,1.13363194072324,7.37929579015514e-05,0.5
0,0.0178750958965991,1.14185429571341,8.79894602402128e-05,0.5
0,0.0243200391240999,1.14989432335044,9.98488037543716e-05,0.5
0,0.0132509672373246,1.15811218325298,0.000115314132718939,0.5
0,0.0204727440560245,1.16508665897097,0.00012570397991682,0.5
0,0.0048191847700385,1.17319303451021,0.000141920334166862,0.5
0,0.00961903550044436,1.17047146010234,0.000137355648939024,0.5
0,0.00798370085927414,1.18110537232388,0.000155236560150377,0.5
0.0122418594330954,0.00577573870462142,1.1870937708851,0.000166199564439631,0.5
0.0170762055993966,0.0024719675071762,1.18952929142361,0.00017139648874169,0.5
0.0128849139082504,0,1.18817202430121,0.000170545326667852,0.5
0,0,1.17825158750552,0.000155992504739314,0.5
0,0,1.17624890541732,0.000153616475133241,0.5
0,0,1.17129316255048,0.000146689892826701,0.5
0,0,1.16668844582047,0.000140055194654399,0.5
0,0,1.16216936032776,0.000133492005933062,0.5
0,0,1.1579798705959,0.000127262117197003,0.5
0,0,1.15391100897233,0.000121138572462798,0.5
0,0,1.15004391795879,0.000115211361396939,0.5
0,0,1.14629648600685,0.000109399672129928,0.5
0,0,1.14265029648788,0.000103686302483822,0.5
0,0,1.13924226997584,9.82176557488914e-05,0.5
0,0,1.1359102423585,9.28333572900087e-05,0.5
0,0,1.13278053191802,8.76573061562298e-05,0.5
0,0,1.12984496520716,8.2687640974712e-05,0.5
0,0,1.12689750234603,7.77287758245409e-05,0.5
0,0,1.12407792414273,7.29101363000459e-05,0.5
0,0,1.12133620727211,6.81933170366168e-05,0.5
0,0,1.11884776874151,6.37318701641559e-05,0.5
0,0,1.11635936017804,5.93100492406771e-05,0.5
0,0,1.114000755087,5.50322136104887e-05,0.5
0,0,1.11185124111017,5.0972647922492e-05,0.5
0,0,1.10970390801933,4.69605791770682e-05,0.5
0,0,1.1076738169691,4.30838272117601e-05,0.5
0,0,1.10572432303655,3.93196572873551e-05,0.5
0,0,1.1039148193466,3.57114378051966e-05,0.5
0,0,1.1021374905109,3.21787488281448e-05,0.5
0,0,1.10056872503082,2.88511698249255e-05,0.5
0,0,1.09897915526017,2.55647539538784e-05,0.5
0,0,1.09748862456677,2.23973917886937e-05,0.5
0,0,1.09600049420215,1.92862364754374e-05,0.5
0,0,1.09462121514002,1.63010949597304e-05,0.5
0,0.00243452610565244,1.09316781212889,1.33177752574586e-05,0.5
0,0.007977170547792,1.10225477909192,2.56180639130123e-05,0.5
0,0.012579907012623,1.11216935072957,3.97702875406395e-05,0.5
0,0.000488280556693635,1.11991306464738,5.41234380584769e-05,0.5
0,0.0116601027329426,1.11263607925929,4.09853649637554e-05,0.5
0,0.00266359605653744,1.13280127499776,7.33353762302236e-05,0.5
0,0.0103362036113981,1.12868275988585,6.63319278775391e-05,0.5
0,0.00520168669778921,1.14406379867246,9.09507804530184e-05,0.5
0,0.0106865065514497,1.14613631393873,9.40170209213409e-05,0.5
0,0.00274844629466727,1.15753798459051,0.000113534521561684,0.5
0,0.00742609750736541,1.15575892713,0.000110663778495971,0.5
0,0.00947878655545225,1.16984308076517,0.000132937268171885,0.5
0.00490921227984283,0.00418795384119465,1.17633388150724,0.00014525060381438,0.5
0.006495724690685,0.00589385941780534,1.17660764574524,0.000146119074213666,0.5
0.026753365070637,0.00597891882500855,1.18520071062299,0.000160613824271927,0.5
0.0378628924633467,0.00471896072073268,1.18994381881069,0.000169524925518018,0.5
0.0456287237572766,0.00299083635887783,1.19326911600161,0.000176066503483865,0.5
0.0488096533439165,0.000249970415358781,1.19469417177936,0.000179677490473428,0.5
0.0339146530595587,0,1.18854704714141,0.000171247690656037,0.5
0.0261504428550819,0,1.18529073197842,0.000167051013123899,0.5
0.0189533383519268,0,1.18227697681632,0.000163265944267051,0.5
0.0107877490684603,0,1.17879102119921,0.000158556127318073,0.5
0.0028377732682252,0,1.17537796902439,0.000153855797737807,0.5
0,0,1.17216415331933,0.000149338185089998,0.5
0,0,1.16907148691309,0.000144911519409428,0.5
0,0,1.16607962897571,0.000140553876981401,0.5
0,0,1.16320964052379,0.000136296766363503,0.5
0,0,1.1604473485849,0.000132128614205236,0.5
0,0,1.15772185114051,0.000127971908183031,0.5
0,0,1.15509344455596,0.000123897648820824,0.5
0,0,1.15257357683771,0.000119926171112892,0.5
0,0,1.15024271776286,0.000116148120651433,0.5
0,0,1.14781802762283,0.000112258548405495,0.5
0,0,1.14553437330362,0.000108507369452264,0.5
0,0,1.14334771051658,0.000104859081955198,0.5
0,0,1.14123297898851,0.000101284824952109,0.5
0,0,1.13919964165413,9.77971005601233e-05,0.5
0,0,1.13724422032729,9.4394845063514e-05,0.5
0,0,1.1353088205295,9.10216064003983e-05,0.5
0,0,1.13347557983908,8.77614636126196e-05,0.5
0,0,1.13165313385621,8.45249086088091e-05,0.5
0,0,1.12993949756363,8.14065015917559e-05,0.5
0,0,1.12816759480129,7.82518052709867e-05,0.5
0,0,1.12643520166805,7.51475321260836e-05,0.5
0,0,1.12476681948638,7.21221939527284e-05,0.5
0,0,1.12317782686456,6.91893823552804e-05,0.5
0,0,1.12168197059013,6.63665168529613e-05,0.5
0,0,1.12021498732597,6.35906797147031e-05,0.5
0,0,1.11891669732953,6.09920568877114e-05,0.5
0,0,1.11759857195476,5.84037997385584e-05,0.5
0,0,1.1164158740255,5.59569136649043e-05,0.5
0,0,1.1151712370468,5.34943317488375e-05,0.5
0,0,1.11398656832368,5.11022423783845e-05,0.5
0,0,1.1129298279996,4.8849174226282e-05,0.5
0,0,1.11196524339631,4.67099488826888e-05,0.5
0,0,1.11098510425052,4.45860972549666e-05,0.5
0,0,1.11012886318058,4.25933510350416e-05,0.5
0,0,1.10926874576351,4.06335451447544e-05,0.5
0,0.000252608705231337,1.10850721265705,3.87877918457829e-05,0.5
0,0.00370378819611142,1.10882156822531,3.85157568264345e-05,0.5
0,0.00747067001912354,1.11128828093158,4.14473644723473e-05,0.5
0,0.0107744960945082,1.11347744427664,4.41408319761591e-05,0.5
0,0.0141138392531662,1.11625171574921,4.77388186954195e-05,0.5
0,0.0172588853952856,1.11948147489639,5.21347890653084e-05,0.5
0,0.0203461441215039,1.12305668169268,5.71315345523705e-05,0.5
0,0.022941020241492,1.12682784563546,6.25969905784687e-05,0.5
0,0.0267883877999928,1.13427482629302,7.348362274976e-05,0.5
0,0.0292978235095809,1.13993384650541,8.21759148439902e-05,0.5
0,0.0319695289206215,1.14635031615085,9.20344623705831e-05,0.5
0.00534369287131157,0.0343156113923649,1.15307260233657,0.000102617199948244,0.5
0.0226450769926132,0.036508619841953,1.15997218847596,0.000113665178204513,0.5
0.0469130195735237,0.0363591383521354,1.17015864599276,0.000130412937080435,0.5
0.0536169656567455,0.00785460982265473,1.17558863303055,0.000144420190423073,0.5
0.066876617262725,0.0285515219538759,1.17883331107147,0.000147011771718625,0.5
0.0825263164146316,0,1.18903531260453,0.000169825486382591,0.5
0.0578387349782674,0.00659936036215742,1.17628916332047,0.000147783761873585,0.5
0.09745878799332,0.00570570964251863,1.19324665255627,0.000175679486416823,0.5
0.102490791398439,0.00311497210359967,1.19529801294194,0.00018083596907617,0.5
0.106071366271415,0.00159678518081328,1.19658644656747,0.000183886283833768,0.5
0.108214494031752,0,1.197341319316,0.000186327554031324,0.5
0.0940347389992102,0,1.19123392517298,0.000177849760447836,0.5
0.0932121618397899,0,1.19061624864086,0.000177685930690499,0.5
0.0875522945369105,0,1.1880173552889,0.000174549879741156,0.5
0.0820293739929119,0,1.18546631108435,0.000171297820896512,0.5
0.0770494059972405,0,1.18309385168145,0.000168235820066163,0.5
0.0727900090553256,0,1.18095782725931,0.000165416770557617,0.5
0.0682127028379345,0,1.17871996909756,0.00016240839223752,0.5
0.0644542491377601,0,1.17675100233094,0.000159686933202475,0.5
0.0606037758842088,0,1.17475320462317,0.000156886476446542,0.5
0.0570865043834879,0,1.17286596007101,0.000154177990581226,0.5
0.0539261743091886,0,1.17109666414823,0.000151581602041762,0.5
0.0507267162848122,0,1.16931633908034,0.000148938508126446,0.5
0.0476978062614905,0,1.16759298271805,0.000146331601102448,0.5
0.0452652504536746,0,1.16606577589709,0.000143938958995744,0.5
0.042577543455695,0,1.1644566547489,0.000141427907406402,0.5
0.0404315579636566,0,1.16302578956676,0.000139105231749028,0.5
0.0382875108302893,0,1.16159687229477,0.000136774290224416,0.5
0.036351950509931,0,1.16023737172599,0.00013450813198562,0.5
0.034247184493152,0,1.15882397083683,0.000132168695753715,0.5
0.0324103962235313,0,1.15749965371967,0.000129919307812066,0.5
0.0305758850629148,0,1.15617717926004,0.000127666583058512,0.5
0.028949602917237,0,1.15492376359588,0.000125484628523897,0.5
0.0277760470899781,0,1.15381953992185,0.000123469720923638,0.5
0.0264931941117045,0,1.15268080664388,0.000121417749860206,0.5
0.0252965375325977,0,1.15157173999633,0.000119394789796954,0.5
0.0241560521079206,0,1.15048204049553,0.000117395775028066,0.5
0.0230682918790786,0,1.14941082850032,0.000115418578703659,0.5
0.0221853254945885,0,1.14840765506316,0.000113518834136176,0.5
0.0214166238655653,0,1.14744321228783,0.000111666366226281,0.5
0.020580176388467,0,1.14645765957407,0.000109796920300212,0.5
0.0199863573618696,0,1.14555252326854,0.000108018238207422,0.5
0.0197856628280102,0,1.14477678923403,0.000106388279272438,0.5
0.0196133832571747,0,1.14401142413788,0.000104782179940381,0.5
0.0193385635193722,0,1.14321373593214,0.000103150848473663,0.5
0.0195119858005251,0,1.14256368028828,0.000101682985313907,0.5
0.0197504065109997,0,1.14193568676208,0.00010025743451188,0.5
0.0201705535511039,0,1.14136812003432,9.89067385356097e-05,0.5
0.0204243033677218,0,1.1407473154354,9.75172757843172e-05,0.5
0.0210823695991182,0,1.14025949327638,9.62763735659349e-05,0.5
0.0217811834416593,0,1.13978569362712,9.5073068231594e-05,0.5
0.022795361873778,0.00215438733434965,1.13941572420655,9.39917325758404e-05,0.5
0.0402430399144467,0.00626737222771564,1.14606888903097,0.000103535264358222,0.5
0.057314548247866,0.00986164187931911,1.15261449392454,0.000113343395712318,0.5
0.0821889293392122,0.0143153021257311,1.16248171904927,0.000128336807153009,0.5
0.101145744996163,0.0107788751503099,1.17058738712523,0.00014222206343893,0.5
0.12307439141928,0.0187977087523908,1.1788100205391,0.00015463453606365,0.5
0.134317160725671,0,1.18594057061843,0.000170583378249364,0.5
0.116607388175502,0.0068732972805291,1.17615053949255,0.000153308116517721,0.5
0.159440104131938,0.00850861629621623,1.19414606019523,0.000182236787998125,0.5
0.170345552993626,0.00830675014493192,1.19841415894004,0.000190681779518366,0.5
0.186594206786233,0.00956194711845871,1.20485776138624,0.00020175009895126,0.5
0.206275834481314,0.010805717446414,1.21280860546127,0.000215738538949638,0.5
0.226439328656171,0.0120537916265601,1.22097036246669,0.000230342490896617,0.5
0.241857576845756,0.00243438230449974,1.22818141486313,0.000244781277485598,0.5
0.243079612314765,0.00575872704696356,1.22786435885516,0.000245336009633894,0.5
0.270491028985992,0.00576957663020419,1.23932439373097,0.000265721509170738,0.5
0.282584852856634,0.00384921463512512,1.24430417734139,0.000276263993650494,0.5
0.290079641605205,0.00104888887211765,1.24736222243693,0.00028329079945433,0.5
0.286027090977368,0,1.2456228618651,0.000282440436634181,0.5
0.273914070768939,0,1.24049324519865,0.000275699844785798,0.5
0.271803123162198,0,1.23945945718109,0.000275552274005748,0.5
0.265300033757335,0,1.23662949811145,0.000272475708252043,0.5
0.259783776851028,0,1.2341236251392,0.000269703374179038,0.5
0.254144378343658,0,1.23157875623811,0.000266761153653617,0.5
0.248640469419868,0,1.22907998222184,0.000263772103280161,0.5
0.243453417945271,0,1.22668608270581,0.000260847884533481,0.5
0.23842083769554,0,1.22434412493084,0.000257905079372489,0.5
0.233947598736138,0,1.22218574000901,0.000255161968896994,0.5
0.229369945806663,0,1.2199950616303,0.000252282338800124,0.5
0.225021032239769,0,1.21788016119767,0.000249429800399869,0.5
0.220846194973464,0,1.21582365521687,0.000246601048383522,0.5
0.216902429851339,0,1.2138434264679,0.000243808650282202,0.5
0.213156375360776,0,1.21192918297238,0.000241059733805427,0.5
0.209747084035601,0,1.21012600397304,0.000238423350903408,0.5
0.206271563718713,0,1.20830241254849,0.000235694115362517,0.5
0.203123994085116,0,1.20658703566236,0.000233079516111328,0.5
0.200231785617896,0,1.20495588838942,0.000230543344243081,0.5
0.197160111086211,0,1.20326773926955,0.000227880470699498,0.5
0.194097410542753,0,1.20158394443406,0.00022518281324944,0.5
0.191441733987916,0,1.20003403353995,0.000222651104898259,0.5
0.188979630457137,0,1.19854829655975,0.000220181973253684,0.5
0.186841570252759,0,1.19716917137648,0.000217837452205229,0.5
0.184688397206349,0,1.19578633079524,0.00021546343447969,0.5
0.182593047467148,0,1.19442337209768,0.000213088955519323,0.5
0.180859854535377,0,1.19317935435714,0.000210863356655794,0.5
0.179104831930485,0,1.19192914640551,0.000208608478128661,0.5
0.177502575400132,0,1.19072967194926,0.000206404861024328,0.5
0.176035334756397,0,1.18957533691819,0.000204254986202727,0.5
0.174738197559935,0,1.1884778792361,0.000202182814532575,0.5
0.173785788470984,0,1.18749326253331,0.000200250252911685,0.5
0.172485494220602,0,1.18639660973521,0.000198159994731004,0.5
0.171560977751504,0,1.18542329508842,0.000196226896849976,0.5
0.170667797604426,0,1.18446115056182,0.000194308989605063,0.5
0.169582411628822,0,1.18343726201102,0.000192295165647681,0.5
0.168696676533046,0,1.18247966314187,0.000190371547969694,0.5
0.167924839824623,0,1.18155995197669,0.00018849550444682,0.5
0.167495929408268,0,1.18075279999736,0.000186770404056875,0.5
0.16708147036032,0,1.1799511531833,0.000185054050519341,0.5
0.166637542811048,0,1.17914135180334,0.000183335873668471,0.5
0.166648969268608,0,1.17848032099366,0.000181811464202271,0.5
0.166636028516152,0,1.17781218526404,0.000180287125398828,0.5
0.166527925085352,0,1.17711398863456,0.000178725297269079,0.5
0.166728372412271,0,1.1765167486835,0.000177295400754033,0.5
0.166889302489551,0,1.17590773931511,0.000175865193712779,0.5
0.167422526578617,0,1.1754206307271,0.000174597942292471,0.5
0.167992555755075,0,1.17494667427178,0.000173368105957502,0.5
0.16853320695904,0,1.17446350923866,0.000172126332292463,0.5
0.169497200948556,0,1.17411936883141,0.000171083008685195,0.5
0.170404980625837,0,1.17375735827905,0.000170028088619835,0.5
0.171194359159289,0,1.17335768425154,0.000168935006491481,0.5
0.172172277000239,0,1.17302020598739,0.000167933214631814,0.5
0.173157480026046,0,1.1726858426592,0.000166949887792346,0.5
0.174038786904541,0,1.17231836689366,0.000165933500884112,0.5
0.1749262350809,0,1.17195365958604,0.000164930101763345,0.5
0.176114304265102,0,1.1716879401608,0.0001640704015069,0.5
0.177177217262167,0,1.17138197667179,0.000163170915607602,0.5
0.178483439173721,0,1.17115614344045,0.000162385145225284,0.5
0.179559790268572,0,1.170856075047,0.000161518551447942,0.5
0.181288281270463,0,1.17076936637706,0.000160936319945198,0.5
0.182795908813381,0,1.17061107282831,0.000160282392681057,0.5
0.18451453629519,0,1.17052246036539,0.000159728931793912,0.5
0.185710222772301,0,1.17026399949637,0.000158973500854617,0.5
0.187470621467478,0,1.17019039542683,0.000158460375821208,0.5
0.189027012618858,0,1.17005091855029,0.000157885611843788,0.5
0.190200088781868,0,1.16978721730057,0.000157157413510555,0.5
0.191436410173957,0,1.16954487356184,0.000156462371558201,0.5
0.192540577806925,0,1.16926037324552,0.000155726705127098,0.5
0.193819202302511,0,1.16903333080345,0.000155068051987957,0.5
0.195042492916842,0,1.16878876996449,0.00015439588143896,0.5
0.196354386084497,0,1.16857419681793,0.000153772687935551,0.5
0.198106686897906,0,1.16850346745552,0.000153337852865281,0.5
0.199426152317167,0,1.16829248594901,0.000152742775435066,0.5
0.201151942898854,0,1.16821466184224,0.000152317925315831,0.5
0.202873605026555,0,1.16813589983403,0.000151907584295023,0.5
0.204750311162316,0,1.16810873942458,0.000151575916154768,0.5
0.206546221922937,0,1.1680556893721,0.000151222938050548,0.5
0.208408265399815,0,1.16802491989842,0.000150908333038315,0.5
0.210162004695705,0,1.16795971906595,0.000150564704870376,0.5
0.212132496623295,0,1.16796525443345,0.000150312858635556,0.5
0.214016321003216,0,1.16794352282334,0.000150045146196251,0.5
0.215947677334592,0,1.16793785734649,0.000149804881288598,0.5
0.218048916018784,0,1.16798820894399,0.00014964752496807,0.5
0.220181243570188,0,1.1680491007451,0.000149514800574228,0.5
0.222093570302187,0,1.16803885250285,0.000149302643965933,0.5
0.224184409535189,0,1.16808755966518,0.000149173266922167,0.5
0.226396655315872,0,1.16817640623977,0.000149108232329908,0.5
0.228385178529415,0.000167987965293755,1.16819317151583,0.000148965973259057,0.5
0.231196676061874,0.00247514839461605,1.16854521042007,0.000149329036340144,0.5
0.235391340738556,0.0048851108424712,1.16949113864936,0.000150634434733473,0.5
0.243180784672692,0.00780432585975351,1.17195445155333,0.000154300888921586,0.5
0.249668729617739,0.0102307013034262,1.17390218987556,0.000157313017578329,0.5
0.257030951678109,0.0126301016877769,1.17623564428778,0.000160950607051949,0.5
0.270622756408109,0.01553227906015,1.18124230018741,0.000168815861427529,0.5
0.274579618858418,0.016865338571558,1.18220259013791,0.000170683290839367,0.5
0.290844729416835,0.0199277871136627,1.18836222295432,0.000180437861208525,0.5
0.30951525980299,0.0227434828127705,1.19560455181614,0.000192347253304537,0.5
0.325032280226884,0.0248213855474703,1.20154823186465,0.000202462362306621,0.5
0.34234661931804,0.0269500754330506,1.20827417850999,0.000213939156151475,0.5
0.367122221388941,0.0282994843324552,1.21834336693766,0.000231168332313131,0.5
0.380623115046424,0.0155688122526094,1.22493775190748,0.000244579787086222,0.5
0.395832578398315,0.0263067748444442,1.22987273409904,0.000252941361907984,0.5
0.416653752190135,0.0125006646965606,1.23977988862653,0.000271953028380423,0.5
0.430582413323506,0.020652858111081,1.24443434742785,0.000280776547839501,0.5
0.452347826927133,0.0147403207427979,1.25395038810024,0.000298797945249606,0.5
0.467418523653306,0.0174088069829727,1.25967202321378,0.000310349657371138,0.5
0.488459457305822,0.0169716387920013,1.26832031606092,0.0003270150417427,0.5
0.505372885995041,0.0162351615291496,1.27520366292339,0.000341169289705728,0.5
0.522722353078347,0.0157736631746331,1.28224713092775,0.000355710326531538,0.5
0.539209351446862,0.00876788029126045,1.28959264806422,0.000371276423827145,0.5
0.549948684967507,0.0100908796890069,1.29357758091322,0.000380909165554075,0.5
0.567121867712388,0.00738801486395963,1.30078749870977,0.000396222171053316,0.5
0.574621171002107,0.00342706293609832,1.30390576212108,0.000404841707225968,0.5
0.5756350091663,0,1.30433488696905,0.000408556608640866,0.5
0.559283639665222,0,1.29755533775474,0.000399621981546616,0.5
0.558645541175845,0,1.29716519606437,0.000401420016397586,0.5
0.551770083253615,0,1.29427792591034,0.000398954376438695,0.5
0.545883949276877,0,1.29171581611168,0.000396780639662925,0.5
0.540034418180978,0,1.28916660100891,0.000394485644018916,0.5
0.534275113424948,0,1.28664847165975,0.000392068821795771,0.5
0.528759058109054,0,1.2842104082589,0.000389608061479666,0.5
0.5236462491869,0,1.28190504215138,0.000387278567871017,0.5
0.518524950981562,0,1.27959814352185,0.000384770839801807,0.5
0.513642447534627,0,1.27737039286884,0.000382289927301628,0.5
0.509277143226125,0,1.27531223859864,0.000380036570254214,0.5
0.504906432470069,0,1.27325341882806,0.000377634399390007,0.5
0.500670191855532,0,1.27123949891812,0.000375191014637813,0.5
0.496717749240525,0,1.26931912596564,0.000372828774197504,0.5
0.492920542209897,0,1.26745035866076,0.000370457851085399,0.5
0.48941274836455,0,1.26567672963431,0.000368167914630848,0.5
0.48586822876881,0,1.26389221385885,0.000365752944669186,0.5
0.482505489773918,0,1.26216805139479,0.000363376922828141,0.5
0.479221159729141,0,1.26047024310659,0.000360949479243233,0.5
0.476035636074381,0,1.258805592193,0.000358504663880561,0.5
0.47304750955022,0,1.25720599182299,0.000356099146781241,0.5
0.470063759691599,0,1.25560881788734,0.000353627521054728,0.5
0.467449283776497,0,1.25413282637605,0.000351336622395678,0.5
0.464716221559217,0,1.25261901896787,0.000348892808007019,0.5
0.462360310567922,0,1.25122878718276,0.000346629085040523,0.5
0.46015272112406,0,1.24988781296478,0.000344420483164719,0.5
0.457631035545732,0,1.24844542970747,0.000341946249701595,0.5
0.455539039580487,0,1.24714376015633,0.000339699603174755,0.5
0.453474303445565,0,1.24585176953037,0.000337427792500886,0.5
0.451401312893857,0,1.24455786614544,0.000335100201134882,0.5
0.449761471029025,0,1.24340550661291,0.000332991856553988,0.5
0.448147463373466,0,1.24226234981447,0.000330870493678815,0.5
0.446348699275121,0,1.24105977745825,0.000328589222122129,0.5
0.444761161294792,0,1.2399269060688,0.000326423532502399,0.5
0.443423771217223,0,1.23887612141131,0.000324382083907066,0.5
0.442063142579844,0,1.23781849454731,0.000322299594952659,0.5
0.440831549239249,0,1.2368036104358,0.00032027241426277,0.5
0.439823456146409,0,1.2358622222695,0.000318366723443669,0.5
0.438898530636455,0,1.23494823835337,0.000316464725291489,0.5
0.438022736976317,0,1.23405116407576,0.000314594974815377,0.5
0.43738455644296,0,1.23323208210287,0.000312852003601914,0.5
0.436744912298644,0,1.23241332808208,0.000311107491324695,0.5
0.436219798833222,0,1.23163258291427,0.00030942279292899,0.5
0.435661520878819,0,1.23084192495541,0.000307724297730657,0.5
0.403144001079162,0,1.23006216411046,0.000307334496136181,0.5
0.415424287259186,0,1.22601969473177,0.000298394502658976,0.5
0.405917477939733,0,1.22453558715926,0.000295503492461521,0.5
0.400970305704784,0,1.22222279588879,0.000290750251191196,0.5
0.396349586614767,0,1.22002209121061,0.00028616756671865,0.5
0.391973424765192,0,1.21790172034559,0.000281707806209764,0.5
0.387775960184811,0,1.21584104130553,0.000277339059389768,0.5
0.383776946097697,0,1.21384642857418,0.000273072545928091,0.5
0.379969013082622,0,1.21191545661312,0.000268906370155268,0.5
0.316253858666849,0,1.21008441727994,0.000267354990220283,0.5
0.336480633688401,0,1.20198233296105,0.000250003219366631,0.5
0.316228863586529,0,1.1988757592833,0.000244165807382605,0.5
0.30418914486763,0,1.19408545759367,0.000234631844961567,0.5
0.293431355194476,0,1.18972472845957,0.000225883227581785,0.5
0.282863236417487,0,1.18542737289835,0.000217247818124124,0.5
0.27279334960383,0,1.18129551109894,0.000208904264840954,0.5
0.26330415771853,0,1.17735592881821,0.000200893319202726,0.5
0.254212507222122,0,1.17354832346279,0.000193099823253728,0.5
0.245491473705097,0,1.16986471605677,0.000185547880274156,0.5
0.237181045327645,0,1.16631766380728,0.000178234310978131,0.5
0.229214930490223,0,1.16288534595796,0.000171125758480284,0.5
0.221763520630685,0,1.15962347683077,0.000164304197839152,0.5
0.204549584188441,0,1.1564553034543,0.000158085581511576,0.5
0.201818209871008,0,1.15240044586021,0.000149732648547936,0.5
0.154845353911587,0,1.149302225461,0.000144878307828284,0.5
0.162382365777142,0,1.14209466731203,0.000130784694420166,0.5
0.144854047213414,0,1.13816158919017,0.000123418215651873,0.5
0.132624996965963,0,1.13321462049099,0.000114094068282964,0.5
0.121435167765615,0,1.12861605105184,0.000105356528445785,0.5
0.110318821323828,0,1.12404441608272,9.67512835236908e-05,0.5
0.10016196324114,0,1.11978979783672,8.85986564793658e-05,0.5
0.0904213750979442,0,1.1156743554064,8.07080871931826e-05,0.5
0.0601869872806398,0,1.11171564809262,7.39483068278434e-05,0.5
0.0598154547830828,0,1.10578839518539,6.29784620166459e-05,0.5
0.0374039077231459,0,1.10148840095554,5.56369252727269e-05,0.5
0.029649537115723,0,1.09620767388111,4.60900082430791e-05,0.5
0.0168690285800189,0,1.09159154616777,3.79564593568227e-05,0.5
0.00219305317032144,0,1.08702109040448,2.9937465245792e-05,0.5
0,0,1.08233189234735,2.15515044774947e-05,0.5
0,0,1.07806744599413,1.76367339758333e-05,0.5
0,0,1.06525915142544,-3.76659239362208e-06,0.5
0,0,1.05970839172636,-1.16876943376456e-05,0.5
0,0,1.05178517699543,-2.39288690826088e-05,0.5
0,0,1.04452238716432,-3.49546426574961e-05,0.5
0,0,1.03762286188264,-4.55982603507603e-05,0.5
0,0,1.03098259140505,-5.5769546059067e-05,0.5
0,0,1.02466706017608,-6.54882710351031e-05,0.5
0,0,1.01864122837107,-7.47755924976363e-05,0.5
0,0,1.01288044847898,-8.36406201678378e-05,0.5
0,0,1.00743575256842,-9.20831262965782e-05,0.5
0,0,1.00214921711871,-0.00010019382481141,0.5
0,0,0.997223017897894,-0.000107908149165555,0.5
0,0,0.992538841080131,-0.000115117416570984,0.5
0,0,0.987700263375469,-0.000122672292386253,0.5
0,0,0.983381738873063,-0.00012711973996785,0.5
0,0,0.974857033348275,-0.000139842415571641,0.5
0,0,0.970222021093567,-0.000146034577679982,0.5
0,0,0.964530900227257,-0.000154239977603405,0.5
0,0,0.959258204105847,-0.000161663765769337,0.5
0,0,0.954241060127186,-0.000168853794778728,0.5
0,0,0.949480378832378,-0.00017570477211254,0.5
0,0,0.944963847313327,-0.00018176619527366,0.5
0,0,0.939861619269479,-0.000189186989050173,0.5
0,0,0.935667428361187,-0.000193568148553099,0.5
0,0,0.928587157909723,-0.000203228595276522,0.5
0,0.0123027429094367,0.924295944488035,-0.0002088110699606,0.5
0,0.027067887876079,0.923076627710952,-0.000210626881649817,0.5
0,0.0427890484327678,0.921308619993185,-0.000213376032439374,0.5
0,0.0576298053576038,0.920498063953389,-0.000214551928517933,0.5
0,0.0707240915360617,0.924593070925583,-0.000209836668017966,0.5
0,0.0815109356668904,0.930966489708729,-0.000201948627371458,0.5
0,0.0947718494085927,0.930645879438983,-0.000202641194515584,0.5
0,0.106454373178417,0.935594767684179,-0.000196679253579647,0.5
0,0.112467604213477,0.951038451530517,-0.00017696122485672,0.5
0,0.106200115232407,0.9604957440596,-0.000160918588737217,0.5
0,0.0655225860678503,0.968189829635706,-0.00013851361590484,0.5
0,0.0549569171129879,0.978431397800898,-0.000122077862930999,0.5
0,0.0465717795904762,0.988411954124723,-0.000105911973453385,0.5
0,0.025249917724961,0.997509987208749,-8.80865849245614e-05,0.5
0,0.0419923537985405,1.00870319810336,-7.6893996155907e-05,0.5
0,0,1.01575001671948,-5.54548046049091e-05,0.5
0,0.0328085658662313,0.993466896373915,-9.78347563822909e-05,0.5
0,0,1.02521660210339,-4.04784025377283e-05,0.5
0,0.0170758834072183,0.994278554705393,-9.49026341371385e-05,0.5
0,0.0140287314815118,1.02551521295751,-4.89264746752747e-05,0.5
0,0.0148631351350471,1.02307167639516,-5.34093283081809e-05,0.5
0,0.0191465136294444,1.03156370326342,-4.26670232948207e-05,0.5
0,0.0210078113403735,1.0420304093044,-2.84149366541552e-05,0.5
0,0.011100436552768,1.05053249400007,-1.43741009259846e-05,0.5
0,0.0195833269586218,1.05269990735772,-1.37873852321216e-05,0.5
0,0.0107787881213261,1.06627538523725,7.62649710438283e-06,0.5
0,0.0151586126082825,1.06642347438508,6.09706431352699e-06,0.5
0,0.0142750515705447,1.07838966572408,2.35939292578498e-05,0.5
0,0.0128479705498709,1.08374376525973,3.12850383859193e-05,0.5
0,0.0122086698332061,1.09184546160522,4.29873607297248e-05,0.5
0,0.0107886763343891,1.10047838951718,5.58112821656676e-05,0.5
0,0.00847887486889263,1.10604895149472,6.41069062674803e-05,0.5
0,0.00575640663078124,1.10969149022837,6.94352232966592e-05,0.5
0,0.00243985706576201,1.11035700261589,7.01842631362849e-05,0.5
0,0,1.10535974055739,6.22252259391385e-05,0.5
0,0,1.08978061524975,3.79045404111838e-05,0.5
0,0,1.08429079727733,2.91986268289163e-05,0.5
0,0,1.0750525234148,1.47497600031128e-05,0.5
0,0,1.0665663289547,1.41642728877344e-06,0.5
0,0,1.05843058362773,-1.14345674532395e-05,0.5
0,0,1.05061552846487,-2.37499537204734e-05,0.5
0,0,1.04316518045075,-3.55355633710507e-05,0.5
0,0,1.0360458937275,-4.68212899543704e-05,0.5
0,0,1.0292957587579,-5.75991365134778e-05,0.5
0,0.00133827134730806,1.02286264361256,-6.79151140006761e-05,0.5
0,0.00608726724391587,1.02613302950891,-6.43355409395737e-05,0.5
0,0.009588841300202,1.03163276089669,-5.73728911660335e-05,0.5
0,0.0132879195599607,1.03768389196153,-4.95559180266592e-05,0.5
0,0.0163824580897295,1.04643096293216,-3.76084403738769e-05,0.5
0,0.0189197875537682,1.05623491336037,-2.38650452179575e-05,0.5
0,0.0146329344801495,1.06487670113102,-1.02193513353454e-05,0.5
0,0.019720311550714,1.07421142416988,2.39711719904087e-06,0.5
0,0,1.08187240627794,1.80257154637106e-05,0.5
0,0.0107946550836631,1.05955984595592,-1.9147018648664e-05,0.5
0,0.0127136654411109,1.08570828209922,2.00326813837808e-05,0.5
0,0.0102107379708247,1.0872458576586,2.28027553351817e-05,0.5
0,0.0109708688023799,1.09106942228059,2.80786905683601e-05,0.5
0,0.0115487251563831,1.10027332582267,4.18645304564978e-05,0.5
0,0.0107850712030254,1.10709970339042,5.24092889805244e-05,0.5
0,0.00988457178145245,1.11314335593435,6.17551282959302e-05,0.5
0,0.00847924208123212,1.11872109231516,7.05240314777241e-05,0.5
0,0.00627796331543373,1.12276982331871,7.70623064183459e-05,0.5
0,0.00326822732583538,1.12433214758637,7.97926184811501e-05,0.5
0,0,1.12169786786865,7.60424999901706e-05,0.5
0,0,1.10664794031809,5.29996327042086e-05,0.5
0,0,1.10258111755949,4.67226382351059e-05,0.5
0,0,1.09471329854436,3.45624142518463e-05,0.5
0,0,1.08726979461384,2.30957531008944e-05,0.5
0,0,1.08013600062425,1.20065660325077e-05,0.5
0,0,1.07332755447469,1.34517511141984e-06,0.5
0,0,1.06677794117678,-8.93236999617959e-06,0.5
0,0,1.06039251512455,-1.88988457901299e-05,0.5
0,0,1.05437720236512,-2.84465796726403e-05,0.5
0,0,1.04851958590791,-3.7684885803686e-05,0.5
0,0,1.04297050439196,-4.65611427515378e-05,0.5
0,0,1.03762537413227,-5.51061303305613e-05,0.5
0,0,1.03239406583602,-6.33876185160987e-05,0.5
0,0.000501220946286657,1.02748807031504,-7.13286263279558e-05,0.5
0,0.00500810536401089,1.02814877297316,-7.13113621216982e-05,0.5
0,0.00885835865882313,1.03650465611929,-6.01951154260533e-05,0.5
0,0.0122054209469903,1.043423598838,-5.08564628178599e-05,0.5
0,0.0157778634864576,1.05300979137681,-3.76284659798131e-05,0.5
0,0.0101545733358806,1.06167959436595,-2.34463752812679e-05,0.5
0,0.0180230608816606,1.06726136524361,-1.69682811020744e-05,0.5
0,0.00173589260083819,1.07778445663331,2.43215894809428e-06,0.5
0,0.0117292944892944,1.06801942192641,-1.47703357966551e-05,0.5
0,0.0109581232320376,1.09007314734671,1.8556921754177e-05,0.5
0,0.0111911596603076,1.09407684967795,2.49851282746534e-05,0.5
0,0.0118134451397993,1.10314792758254,3.86500414353067e-05,0.5
0,0.00842220524519677,1.11126079401886,5.20045367136117e-05,0.5
0,0.00953333231462095,1.11605651073065,5.92538165293963e-05,0.5
0,0.00850726567147105,1.12492503083646,7.33953082475508e-05,0.5
0,0.00653959896180217,1.13009034272545,8.20416743316413e-05,0.5
0,0.00404474272005023,1.13347193482347,8.78747970278837e-05,0.5
0,0.000141707913911283,1.13368346049016,8.88885303426862e-05,0.5
0,0,1.12164659890391,7.07511821783892e-05,0.5
0,0,1.11670447657413,6.33922320911089e-05,0.5
0,0,1.11050228457566,5.4123215330816e-05,0.5
0,0,1.10401611815886,4.42608349470186e-05,0.5
0,0,1.09772839253012,3.46738949868299e-05,0.5
0,0,1.09174081651613,2.54251691596146e-05,0.5
0,0,1.08598473828394,1.64711828637591e-05,0.5
0,0,1.08040428984955,7.77179187811108e-06,0.5
0,0,1.07516852781511,-5.71563891713747e-07,0.5
0,0,1.0700207430654,-8.71055870421989e-06,0.5
0,0,1.0650240793848,-1.66156124568536e-05,0.5
0,0,1.06031360485458,-2.42158126057471e-05,0.5
0,0,1.05563663025648,-3.16386218608253e-05,0.5
0,0,1.05132217169455,-3.87416790326401e-05,0.5
0,0,1.0471056400589,-4.56365087334408e-05,0.5
0,0,1.04322183386802,-5.22419369843672e-05,0.5
0,0,1.03933663633988,-5.86817415173981e-05,0.5
0,0,1.03576960267079,-6.48550346154168e-05,0.5
0,0,1.03221863507176,-7.08571031093244e-05,0.5
0,0.00316014182547502,1.02889100105929,-7.66383156275028e-05,0.5
0,0.00827925521973744,1.03928712635956,-6.29681041065209e-05,0.5
0,0.0114687223296342,1.04802828227069,-5.09448672676736e-05,0.5
0,0,1.0559978249413,-3.5669551942611e-05,0.5
0,0.00913691996457739,1.03940096599045,-6.31209313551355e-05,0.5
0,0.00580757050821509,1.06690134949407,-2.22836220281117e-05,0.5
0,0.00985234812513616,1.06630686091983,-2.35123322361895e-05,0.5
0,0.00918752067045385,1.07824268566865,-5.79631278607262e-06,0.5
0,0.0127255468346198,1.08643019061764,5.9898049057529e-06,0.5
0,0.005344913724167,1.09473728990462,2.03033125216718e-05,0.5
0,0.0112383484323708,1.09629209672007,2.14493620345107e-05,0.5
0,0.000732515413081406,1.10951007540173,4.40182297478522e-05,0.5
0,0.00372186177447688,1.09769542519318,2.508680148566e-05,0.5
0,0.00509935983917062,1.11066832045251,4.48077538349568e-05,0.5
0,0.00366839152702097,1.11482021530447,5.18159179141704e-05,0.5
0,0.00260548793693102,1.11634793173606,5.44349900128729e-05,0.5
0,0.00132720115730729,1.11790610666471,5.71597374718719e-05,0.5
0,0,1.1165326465557,5.54210445974966e-05,0.5
0,0,1.10721013470238,4.14830292135516e-05,0.5
0,0,1.10471206473601,3.77275007502074e-05,0.5
0,0,1.0998715075019,3.04253837466517e-05,0.5
0,0,1.09546252441847,2.35425768184949e-05,0.5
0,0,1.09105297279929,1.67301497929589e-05,0.5
0,0,1.0869054679726,1.01657104588668e-05,0.5
0,0,1.08290783155893,3.7858345880289e-06,0.5
0,0,1.07901279075002,-2.44469080769888e-06,0.5
0,0,1.075260340781,-8.50056792164966e-06,0.5
0,0,1.0716287913248,-1.43936147974823e-05,0.5
0,0,1.06817898764736,-2.00929847333999e-05,0.5
0,0,1.06472836160206,-2.56933144064871e-05,0.5
0,0,1.06151650300147,-3.10798053849385e-05,0.5
0,0.00217912626576916,1.058340435339,-3.63442316019905e-05,0.5
0,0.00660023177207676,1.06713205880654,-2.45225310346794e-05,0.5
0,0.009730422867312,1.0760134696279,-1.19769197327855e-05,0.5
0,0.0109508473172241,1.08512228463777,1.51776723878767e-06,0.5
0,0.00697852416604081,1.09285834154522,1.42076251839464e-05,0.5
0,0.0137218970468077,1.09903694358515,2.22361457278336e-05,0.5
0,0,1.10786573905517,4.18138485083312e-05,0.5
0,0.000461749372909348,1.09221277140137,1.41216108428123e-05,0.5
0,0,1.09981192158689,2.6630821151356e-05,0.5
0,0,1.09115415142147,1.38205083377256e-05,0.5
0,0,1.08905284369245,1.03099076082685e-05,0.5
0,0,1.08552101036795,4.72052699028383e-06,0.5
0,0,1.0821981792111,-6.48781574771857e-07,0.5
0,0,1.07898508761964,-5.88358016265498e-06,0.5
0,0,1.07596607157544,-1.0922511114277e-05,0.5
0,0.00138030969853312,1.0730371159578,-1.58407434677865e-05,0.5
0,0.00546483771837323,1.07980174227714,-6.76656684188688e-06,0.5
0,0.00851478547163192,1.0873843757112,4.01022447174434e-06,0.5
0,0.0116640269809578,1.09588770462002,1.63160016634368e-05,0.5
0,0.00878852667116812,1.10464490071575,3.04837287333703e-05,0.5
0,0.0138297873253088,1.11327951008102,4.29118754613208e-05,0.5
0,0,1.11956330609238,5.9246711255743e-05,0.5
0,0,1.10546590457782,3.33617689815306e-05,0.5
0,0,1.10709553888894,3.72163769845239e-05,0.5
0,0,1.1033453284231,3.14506530894707e-05,0.5
0,0,1.10010347373165,2.63154884948719e-05,0.5
0,0,1.09698895655116,2.12870061506449e-05,0.5
0,0,1.09399087037445,1.6389560356674e-05,0.5
0,0,1.09098278209666,1.15316470411227e-05,0.5
0,0,1.08826059516911,6.91316756342324e-06,0.5
0,0,1.085509828736,2.33904990983877e-06,0.5
0,0.000486369736874706,1.08293705562129,-2.07331924734044e-06,0.5
0,0.00339615923448388,1.08516627961842,5.48720718620444e-07,0.5
0,0.0066643356140369,1.09171026830945,9.68031943049106e-06,0.5
0,0.00930211492146627,1.09865605473479,1.97645917410018e-05,0.5
0,0.0118625922459071,1.104950827449,2.89883460291711e-05,0.5
0,0.0137936757248971,1.11577421769995,4.54124636166071e-05,0.5
0,0.00840862936757344,1.12302108401769,5.81488992020818e-05,0.5
0,0.0145375224365414,1.1287621355482,6.61374080648325e-05,0.5
0,0.00420160074925145,1.13874606588378,8.42339303337428e-05,0.5
0,0.00906552582853364,1.13753771676703,8.17597353968945e-05,0.5
0,0.00958648979310619,1.14999558730547,0.000101733134197868,0.5
0,0.00792934479984861,1.15757745948195,0.000114961291803372,0.5
0,0.00830566552348452,1.1634930806093,0.000125017118351871,0.5
0,0.00779424348039935,1.1714893678062,0.00013874605496537,0.5
0,0.00681864694464208,1.17973878015229,0.000153216710768575,0.5
0,0.00563870384887562,1.1858739253951,0.000164395186609797,0.5
0,0.00328481103285813,1.19103960109377,0.000174184738146522,0.5
0,0,1.19230068544162,0.000177774478588646,0.5
0,0,1.18033797230948,0.000159950354870098,0.5
0,0,1.17931040609905,0.000159224169046852,0.5
0,0,1.17421169403655,0.00015226259648477,0.5
0,0,1.16966015886248,0.000145789569799391,0.5
0,0,1.16521628281574,0.000139417644556895,0.5
0,0,1.16086110561186,0.00013308487665711,0.5
0,0,1.1567744407242,0.000127014715124921,0.5
0,0,1.15295584609203,0.000121208922731848,0.5
0,0,1.14922921850054,0.000115478981725932,0.5
0,0,1.14564315408615,0.000109879783627792,0.5
0,0,1.14214579927846,0.000104365306302818,0.5
0,0,1.13864802593677,9.88485155563842e-05,0.5
0,0,1.13539257591472,9.35721378924016e-05,0.5
0,0,1.13225903497829,8.84300874519138e-05,0.5
0,0,1.12915764670898,8.33281063872853e-05,0.5
0,0,1.12622546282135,7.84003431123416e-05,0.5
0,0,1.12333019624815,7.35313395930212e-05,0.5
0,0,1.12057300283735,6.88130491940104e-05,0.5
0,0,1.11785782036711,6.41591851231779e-05,0.5
0,0,1.11528566523685,5.96581275425048e-05,0.5
0,0,1.1127967338356,5.52633026391777e-05,0.5
0,0,1.11046318685092,5.10315531964798e-05,0.5
0,0,1.10823558977049,4.69267062823163e-05,0.5
0,0,1.10612584200588,4.29564243434913e-05,0.5
0,0,1.10412882838006,3.9118470146805e-05,0.5
0,0,1.10212208531496,3.53199725805596e-05,0.5
0,0,1.10031168107625,3.1711336951464e-05,0.5
0,0,1.09839476615547,2.80782222286465e-05,0.5
0,0,1.09665769774352,2.46146635730226e-05,0.5
0,0,1.09495839720423,2.12328638256173e-05,0.5
0,0,1.09337593601213,1.7986426218643e-05,0.5
0,0,1.09182486364376,1.48082240610529e-05,0.5
0,0,1.09028940815887,1.16909857681481e-05,0.5
0,0,1.08886033294607,8.69303624504084e-06,0.5
0,0,1.08747596552155,5.77666516376567e-06,0.5
0,0,1.08615134480522,2.94769852403339e-06,0.5
0,0,1.08494329886991,2.43422417707982e-07,0.5
0,0,1.08374402450184,-2.40241624910671e-06,0.5
0,0,1.08249213927487,-5.03306031858335e-06,0.5
0,0,1.08150235917892,-7.45802513458888e-06,0.5
0,0,1.08043911340362,-9.86764999792888e-06,0.5
0,0,1.07945775602002,-1.21868348378499e-05,0.5
0,0,1.07845825955604,-1.44641498923005e-05,0.5
0,0,1.07748940151927,-1.66791196656932e-05,0.5
0,0,1.07665496396636,-1.87695510179639e-05,0.5
0,0,1.07586346568483,-2.07844886051027e-05,0.5
0,0,1.07502302976203,-2.27809414280553e-05,0.5
0,0.00233609808868889,1.07428240956247,-2.46793580483026e-05,0.5
0,0.00783541072689954,1.08086231378348,-1.62332046159972e-05,0.5
0,0.0125342157200512,1.08810385969272,-6.37721582770549e-06,0.5
0,0.0173443765598273,1.09623263922968,4.92399765477962e-06,0.5
0,0.0143937189964153,1.10611690575611,2.07148179736151e-05,0.5
0,0.0228292315875597,1.11489822444153,3.26654724714818e-05,0.5
0,0.00531321559666498,1.12247394546783,4.83529864650285e-05,0.5
0,0.0196292169445639,1.12431256980805,4.86592794564108e-05,0.5
0,0.00702077917950855,1.13771237248811,7.23127899436108e-05,0.5
0,0.015429568377956,1.13892309283379,7.33604677282751e-05,0.5
0,0.0127943773859212,1.1515411010298,9.40940248851289e-05,0.5
0,0.0157432091209391,1.15778833435324,0.000104452737671404,0.5
0,0.0113969604411594,1.16623678912708,0.000119451355806682,0.5
0,0.00559041283003298,1.17371035454,0.000133402432133308,0.5
0,0.00950545041612555,1.17759468539883,0.000139976833707351,0.5
0,0.00828882834124264,1.18709809959535,0.000156585095038409,0.5
0,0.00627345024316377,1.19198257735888,0.000166157475645712,0.5
0,0.00414548521769753,1.19608171711834,0.000174322007367676,0.5
0,0.000216510757857175,1.19686341231859,0.000177343659586158,0.5
0,0,1.19088044863304,0.000169486709690912,0.5
0,0,1.1880693766246,0.000166337029726141,0.5
0,0,1.18513373183562,0.000163000105582042,0.5
0,0,1.18160123067914,0.000158586706348566,0.5
0,0,1.17829826795744,0.000154367109570226,0.5
0,0,1.17502670077267,0.000150111995920585,0.5
0,0,1.17186098249746,0.000145909750352827,0.5
0,0,1.16888854020799,0.000141875325462838,0.5
0,0,1.16597233511564,0.000137852088243354,0.5
0,0,1.16323026268222,0.000133979092886416,0.5
0,0,1.16060191645195,0.000130195679616218,0.5
0,0,1.15782624590018,0.000126209492327382,0.5
0,0,1.15521200953861,0.000122364971361496,0.5
0,0,1.15276956014421,0.000118685455975308,0.5
0,0,1.15039361128693,0.000115058185864115,0.5
0,0,1.1481439424262,0.000111544624735349,0.5
0,0,1.14589080424701,0.000108016833716565,0.5
0,0,1.14371782150735,0.000104559756702023,0.5
0,0,1.14170392626302,0.00010125994677412,0.5
0,0,1.13965647804619,9.79260879382875e-05,0.5
0,0,1.13773831711846,9.47166449934022e-05,0.5
0,0,1.13587557846173,9.15677507836404e-05,0.5
0,0,1.13402757378526,8.84372992463807e-05,0.5
0,0,1.13228734826537,8.54160783408964e-05,0.5
0,0,1.13065299217471,8.25064723106492e-05,0.5
0,0,1.1289852351846,7.95785448002094e-05,0.5
0,0,1.12743349768822,7.67676403776667e-05,0.5
0,0,1.12598053778429,7.4065141536187e-05,0.5
0,0,1.12459930939514,7.14450650536933e-05,0.5
0,0,1.12335589754896,6.89674002562326e-05,0.5
0,0,1.12214905312348,6.65463338473288e-05,0.5
0,0,1.12103251814796,6.42257432953732e-05,0.5
0,0,1.11993217882004,6.19452905873889e-05,0.5
0,0,1.11900189187268,5.98345514917056e-05,0.5
0,0,1.11797152172454,5.76701255350743e-05,0.5
0,0,1.11699645243039,5.55716283932912e-05,0.5
0,0,1.11602971830049,5.35087469020077e-05,0.5
0,0,1.11518720753429,5.15734002023755e-05,0.5
0,0,1.11432622126287,4.96533239154644e-05,0.5
0,0,1.11368632267273,4.79385094365324e-05,0.5
0,0,1.11300827742649,4.62303474384356e-05,0.5
0,0,1.11236337508898,4.45733290638499e-05,0.5
0,0,1.11175957777386,4.2980404640643e-05,0.5
0,0,1.11107084749944,4.1348977653409e-05,0.5
0,0,1.11038297342671,3.97410513516159e-05,0.5
0,0,1.10972341975695,3.81820439562408e-05,0.5
0,0,1.10915266796685,3.67245479629695e-05,0.5
0,0,1.10860913827753,3.53186384373894e-05,0.5
0,0,1.10807249347369,3.39408116768783e-05,0.5
0,0,1.10757287053099,3.26186413496731e-05,0.5
0,0,1.10704172358351,3.12989259773048e-05,0.5
0,0,1.10640904294547,2.99241308342884e-05,0.5
0,0,1.10597197769429,2.87160035160304e-05,0.5
0,0,1.10536249476798,2.7410046521082e-05,0.5
0,0,1.10493851788487,2.62546129044809e-05,0.5
0,0,1.10452300147724,2.51381913412187e-05,0.5
0,0,1.10399342690517,2.39571737149104e-05,0.5
0,0,1.1035859361594,2.28828495594391e-05,0.5
0,0,1.10305912939163,2.17482045331078e-05,0.5
0,0,1.10264378845383,2.07077191555654e-05,0.5
0,0,1.10216625048373,1.96478501310652e-05,0.5
0,0,1.10181379484496,1.86931568533636e-05,0.5
0,0,1.10137057881151,1.76987738824351e-05,0.5
0,0.00151236952616403,1.10100832789278,1.67756218751967e-05,0.5
0,0.00520922935416679,1.10495332767021,2.19665907215751e-05,0.5
0,0.00840318161138766,1.10935991224788,2.80935529803109e-05,0.5
0,0.0114729205838234,1.1142120445908,3.49823634973102e-05,0.5
0,0.0151671080991454,1.12233272179801,4.67324399295561e-05,0.5
0,0.0188121930417159,1.13021967644568,5.84511902752939e-05,0.5
0,0.0146914074979398,1.13940555888199,7.37594648771924e-05,0.5
0,0.0225673764504377,1.14771014215327,8.57279465017672e-05,0.5
0,0,1.15454760797267,0.000101590224913276,0.5
0,0.0103418409742836,1.14470462401116,8.44142829816512e-05,0.5
0,0.00880331636666285,1.16659643522266,0.000119086904548713,0.5
0,0.0106192318918983,1.17021480799854,0.000126055207699208,0.5
0,0.00600685886664693,1.17832900370528,0.000140335631526861,0.5
0.0042016518530809,0.00917553101242221,1.18297884060737,0.00014835837631913,0.5
0.0266417058497137,0.00202134842590478,1.19295326497017,0.000166499143651744,0.5
0.0234634240632741,0.00311774980945083,1.19089594057485,0.000164267324159212,0.5
0.0422643788352984,0.00238076917768163,1.19861833247953,0.000177785855542487,0.5
0.0471789901727814,0,1.20050230991903,0.000182608768978585,0.5
0.0291037457346701,0,1.19274749594897,0.000171876380418259,0.5
0.0305520969628167,0,1.19303787130443,0.000173430864637364,0.5
0.0254833182610191,0,1.19065314541289,0.000171005367856988,0.5
0.02107646938497,0,1.18848760448125,0.000168646783322647,0.5
0.0167534688166399,0,1.18635052797647,0.000166281455716619,0.5
0.0129843659228285,0,1.18439550052379,0.000164070694211023,0.5
0.00891187590718516,0,1.1823429081106,0.000161668881305516,0.5
0.00567232025747951,0,1.18056367095236,0.000159546798430302,0.5
0.00247624182859373,0,1.17879986365681,0.000157394313961437,0.5
0,0,1.17709098973831,0.000155253614474732,0.5
0,0,1.17540370894696,0.000153092091125887,0.5
0,0,1.17380283058274,0.000150991859433098,0.5
0,0,1.17215304759159,0.000148791834338522,0.5
0,0,1.1706354065567,0.000146711630161705,0.5
0,0,1.16914732003209,0.00014463681572569,0.5
0,0,1.16756014666132,0.000142409671584467,0.5
0,0,1.16603828649362,0.000140226980409353,0.5
0,0,1.16460682534224,0.000138126764244317,0.5
0,0,1.16319199654934,0.000136023325270941,0.5
0,0,1.16187778828375,0.000134014880092564,0.5
0,0,1.16057923999808,0.000132008494900526,0.5
0,0,1.15933813863399,0.000130050884884763,0.5
0,0,1.15803796606525,0.000128013218399532,0.5
0,0,1.15701559665024,0.000126274824769982,0.5
0,0,1.15582954016638,0.000124353552849024,0.5
0,0,1.15482568705778,0.000122618119258736,0.5
0,0,1.15380297184779,0.000120864778769018,0.5
0,0,1.15278117268372,0.000119104593903796,0.5
0,0,1.15193842884599,0.000117538334566195,0.5
0,0,1.15109234844631,0.000115974051687201,0.5
0,0,1.15032067209484,0.000114489233533717,0.5
0,0,1.14955276446471,0.000113014202197672,0.5
0,0,1.14888046841835,0.000111644800740476,0.5
0,0,1.14824951553756,0.000110328642384089,0.5
0,0,1.1476201161195,0.000109021033220714,0.5
0,0,1.1469765552839,0.000107705082318407,0.5
0,0,1.14650237717988,0.000106574940899269,0.5
0,0,1.14596033443398,0.000105389424484812,0.5
0,0,1.14546920522718,0.000104261841217668,0.5
0,0,1.14505088849997,0.000103223609490572,0.5
0,0,1.14456173898916,0.000102124584624926,0.5
0,0,1.14419890144087,0.000101163576386303,0.5
0,0,1.14380175557256,0.000100184870571524,0.5
0,0,1.14343823817879,9.92493938427785e-05,0.5
0,0,1.14319773607013,9.8454820902247e-05,0.5
0,0,1.14289526625929,9.76149621492897e-05,0.5
0,0,1.14268894795671,9.68831172469564e-05,0.5
0,0,1.1425090652159,9.61979957249613e-05,0.5
0,0,1.14247708773885,9.56792778135312e-05,0.5
0,0,1.14235012718664,9.50876427736909e-05,0.5
0,0,1.14231669957719,9.460431039525e-05,0.5
0,0,1.14225833434624,9.41172035085067e-05,0.5
0,0,1.14216728124778,9.3611756757911e-05,0.5
0,0,1.14201789827423,9.30616713277544e-05,0.5
0,0,1.14194465312092,9.26005598336264e-05,0.5
0,0,1.14190861588133,9.21954417981635e-05,0.5
0,0,1.14194043606434,9.18768936637135e-05,0.5
0,0,1.14181579863853,9.14166615663361e-05,0.5
0,0,1.14175010214069,9.10220137547236e-05,0.5
0,0,1.14170448225937,9.06651094387571e-05,0.5
0,0,1.14165689941011,9.03187374386266e-05,0.5
0.00112376916066112,0.000472712889593312,1.14161908524446,8.99944590730728e-05,0.5
0.00796322661597681,0.00352045328350446,1.14362457559717,9.26726658365988e-05,0.5
0.0189985564773732,0.00664660152844983,1.14745875014552,9.82486150732984e-05,0.5
0.0299720358531888,0.00956759599561728,1.15128847466661,0.000103970073519717,0.5
0.042810113198821,0.0126960205622824,1.15591142742786,0.000110966588277611,0.5
0.0574046695086607,0.0160501593859124,1.16127821658141,0.000119231336213049,0.5
0.0727819449886832,0.0188662810278057,1.16704875020619,0.000128361525693285,0.5
0.0888889382371989,0.0216538255236968,1.17314219186649,0.000138162220736245,0.5
0.105636079794357,0.0240900535290021,1.17955607308685,0.000148689280553433,0.5
0.129326320968131,0.0186161473320501,1.18981996557717,0.000166658915907306,0.5
0.149810162724589,0.0256376456929106,1.19741312560045,0.000178968385562419,0.5
0.146900302449304,0,1.2015766478355,0.000194734478028772,0.5
0.138913145815518,0.00156591392553427,1.19385435675688,0.000178099972017858,0.5
0.163803367390654,0,1.20500924707468,0.000198253872206859,0.5
0.144976694987361,0,1.19677060573598,0.000186795424073853,0.5
0.148676681705508,0,1.19774855634907,0.000188877632815872,0.5
0.14610475742348,0,1.19623448348813,0.000187567504261177,0.5
0.144173682323525,0,1.19493200207665,0.000186290731055301,0.5
0.142239826239614,0,1.19362960838965,0.000185005250040892,0.5
0.140693177349543,0,1.19245469972801,0.000183831916603398,0.5
0.138997575657405,0,1.19123227434257,0.000182544814702891,0.5
0.137720194373027,0,1.19014720350005,0.000181392272954876,0.5
0.136604536542085,0,1.18911612343729,0.000180275673790185,0.5
0.135604907350637,0,1.18812317399739,0.000179162021216848,0.5
0.134725073287756,0,1.18717086870495,0.000178071453957276,0.5
0.13407343329736,0,1.18629339259662,0.000177041664290658,0.5
0.133623824196214,0,1.18548316673607,0.000176076620823744,0.5
0.132864529895088,0,1.18457255455438,0.00017494435451804,0.5
0.132773957032084,0,1.18388104888391,0.000174073880061515,0.5
0.132622042710416,0,1.18317031307049,0.000173161533693482,0.5
0.132496420452713,0,1.1824687682036,0.000172232189755819,0.5
0.132261964563223,0,1.18173319259039,0.000171242814827469,0.5
0.132066523256888,0,1.18101150992114,0.000170251818133758,0.5
0.132201891362874,0,1.18039814861511,0.000169381412893498,0.5
0.131949239274245,0,1.17965915363297,0.000168332730405464,0.5
0.132162534757014,0,1.1790727479025,0.000167458761708297,0.5
0.132186578881537,0,1.17842599215056,0.000166503802154539,0.5
0.13241877708343,0,1.17784779633332,0.000165617664786416,0.5
0.132522101188217,0,1.17722825530965,0.000164667703601229,0.5
0.132939391299895,0,1.17671171907205,0.000163835054405028,0.5
0.133568285073647,0,1.17626484781864,0.000163086675095721,0.5
0.134460879209206,0,1.17590410988418,0.000162438218568189,0.5
0.135354025727804,0,1.1755446904054,0.000161793314814527,0.5
0.136581666594733,0,1.17529491463299,0.000161283439077763,0.5
0.138066136229293,0,1.17512908056374,0.000160881258850285,0.5
0.139674744349786,0,1.1750047052682,0.000160538998165806,0.5
0.141059927864543,0,1.17480826493637,0.000160108858304228,0.5
0.142363463066277,0,1.17458595758657,0.000159644513704091,0.5
0.143997689274179,0,1.17447180483486,0.000159317137465671,0.5
0.145656307236993,0,1.17436643892468,0.000159010830905143,0.5
0.14739277938404,0,1.17428682865655,0.000158737728081471,0.5
0.149098313184727,0,1.17419792326965,0.00015846000673834,0.5
0.150760520411923,0,1.17409594339061,0.000158172552400181,0.5
0.152519609708737,0,1.1740258719059,0.000157926660337598,0.5
0.154278558881383,0,1.17395647710804,0.000157688655714476,0.5
0.156063134265109,0,1.17389606951508,0.000157466122623487,0.5
0.158024599669779,0,1.17389395763368,0.000157323222715882,0.5
0.159893000396975,0,1.17386210511915,0.000157150555913716,0.5
0.161947397117378,0,1.17389129280983,0.000157057376361963,0.5
0.164077448909891,0,1.17394589131384,0.000157007906337141,0.5
0.16598715243619,0.00101471262129747,1.17392920147323,0.000156874329093541,0.5
0.179515049702242,0.00406302186206211,1.1788455439127,0.000164400843906787,0.5
0.1930756894895,0.00695677671003761,1.18379349742385,0.000172285345176787,0.5
0.209063548965577,0.00973496252910546,1.18981889536567,0.000181995284296028,0.5
0.227150421107313,0.012599936344187,1.19675509125096,0.000193384432515175,0.5
0.252964843972101,0.0160751925147974,1.20701205676209,0.000210303235569487,0.5
0.265683478296067,0.00127326710923074,1.21342895699709,0.000223516598427778,0.5
0.26389774297655,0.0106883547537408,1.21102498078018,0.000219425550386451,0.5
0.30245692865309,0.0101317988130048,1.22726404706808,0.00024684405852289,0.5
0.316281310667467,0.0104258355400755,1.23263540678745,0.000257558537672777,0.5
0.335909510667964,0.00987080278364247,1.24062058439751,0.000272144592568831,0.5
0.35572424045045,0.0111270484304532,1.24851039756986,0.000286941205696308,0.5
0.373297251018622,0.0070861720723788,1.25596811639346,0.000301649145801937,0.5
0.387059223192074,0.00883253435790139,1.26116945077022,0.000312288275818294,0.5
0.408037454260317,0.00828728895514271,1.26976181915754,0.000328949728794035,0.5
0.425156787659568,0.00501530846372746,1.27695523946818,0.000343841296502968,0.5
0.434899862194183,0.00406797316775567,1.28068900023456,0.000352727114989005,0.5
0.446209343999095,0.00111757273281867,1.28531478901503,0.000363204122670686,0.5
0.442328783295423,0,1.28360049644913,0.000363008076144449,0.5
0.431366195662986,0,1.27893409988369,0.00035730439672857,0.5
0.429839587187548,0,1.27812265080382,0.000358027724570901,0.5
0.424185707071711,0,1.27562651374049,0.000355905289316335,0.5
0.41887129671468,0,1.27324276993057,0.000353677123760099,0.5
0.413866569834233,0,1.27096137624814,0.000351556873838185,0.5
0.409036883947729,0,1.26873801648846,0.000349377997524841,0.5
0.404433954928199,0,1.26658976074874,0.000347205566878358,0.5
0.400042243181879,0,1.26451146862381,0.000345032683047409,0.5
0.396204938840106,0,1.2626146314462,0.000343081323383749,0.5
0.392279590591177,0,1.26069014916914,0.00034094722474636,0.5
0.388646971624281,0,1.25886220375426,0.000338890584708199,0.5
0.385318161759692,0,1.2571342550996,0.000336924517531777,0.5
0.38195431837927,0,1.25539602959539,0.000334839189712819,0.5
0.378982141990843,0,1.25378612048047,0.000332891839859852,0.5
0.37578907193002,0,1.25210525994937,0.000330716222235396,0.5
0.372870640137037,0,1.25051503572124,0.000328637232870326,0.5
0.370116998564336,0,1.24897927359037,0.000326575362529564,0.5
0.367735122200985,0,1.2475654317462,0.00032466787750674,0.5
0.36542577385816,0,1.24617600257116,0.000322731915787033,0.5
0.363230617919133,0,1.24482473193187,0.000320805304701259,0.5
0.361214139973603,0,1.24353268345554,0.00031893824366808,0.5
0.359167751126835,0,1.2422315388224,0.000316982858703901,0.5
0.357012295743012,0,1.24089627527574,0.000314937568002364,0.5
0.355192097094394,0,1.23967068776562,0.000313021712721806,0.5
0.353134429179625,0,1.23836856124674,0.000310916408061024,0.5
0.351374538034257,0,1.23716409618788,0.000308933095671588,0.5
0.349652906505003,0,1.23597277196396,0.000306928703353855,0.5
0.348307624361474,0,1.23490477085651,0.00030510916157476,0.5
0.34687721024588,0,1.23380981248314,0.000303207348359688,0.5
0.345771968615134,0,1.23282172832726,0.000301476413160028,0.5
0.344503775317617,0,1.23178107210682,0.000299607397066583,0.5
0.343471614745737,0,1.23081810139493,0.000297851587379238,0.5
0.342517383544019,0,1.22988139482223,0.000296128440126165,0.5
0.34149931869604,0,1.22892442181905,0.000294331077298409,0.5
0.34083537759087,0,1.22808377939954,0.000292735481140911,0.5
0.339849033410139,0,1.22713875307094,0.000290929653444587,0.5
0.339679864143047,0,1.2264602592215,0.000289558042778522,0.5
0.339170362519172,0,1.22567192267369,0.000288006113713123,0.5
0.338964352391163,0,1.22498275228985,0.000286585048722047,0.5
0.338994305666807,0,1.22437104791675,0.00028529458830866,0.5
0.338791080190996,0,1.22368404434737,0.000283861040677127,0.5
0.338675882033372,0,1.22302630783359,0.000282461584829596,0.5
0.339060533318572,0,1.2225316636963,0.000281324383226037,0.5
0.3390771451021,0,1.22191809410111,0.000279997146339719,0.5
0.339471763176655,0,1.2214281062753,0.000278862060544992,0.5
0.339640034772803,0,1.22086494137355,0.000277599415270879,0.5
0.340141988198679,0,1.22041110434051,0.000276519149456678,0.5
0.340552432019291,0,1.21992798463775,0.000275387151835856,0.5
0.341166632380468,0,1.21951163922237,0.000274355807287501,0.5
0.341713843423798,0,1.21907394161912,0.000273284502692779,0.5
0.342210697894942,0,1.21862048359263,0.000272186222415063,0.5
0.343106888426795,0,1.21829746263314,0.000271301442969343,0.5
0.343817478880345,0,1.21791460390007,0.000270324636764211,0.5
0.344374482685483,0,1.21748240637515,0.000269264822188414,0.5
0.345440190784429,0,1.21721637190699,0.000268485195866039,0.5
0.346270344952359,0,1.2168741148486,0.000267583819903865,0.5
0.347210423277256,0,1.21656822349368,0.000266741380766242,0.5
0.348298657217896,0,1.21631092159408,0.000265977663005168,0.5
0.34911517557115,0,1.21596629333112,0.000265103277194141,0.5
0.350013582240652,0,1.21564845843336,0.000264247810147823,0.5
0.350992430749095,0,1.21535745812945,0.000263449921948489,0.5
0.351972890485241,0,1.21506749728377,0.000262655181907317,0.5
0.352986955767052,0,1.21478899907634,0.000261881830363661,0.5
0.353632019837099,0,1.21439097264586,0.000260915283869593,0.5
0.354606220125515,0,1.21410060063586,0.000260121261378077,0.5
0.355513947702744,0,1.21378909501901,0.000259300237127679,0.5
0.356840104251497,0,1.21361406496401,0.000258692065164824,0.5
0.357893012058201,0,1.21335054476675,0.000257947612830909,0.5
0.358944187014792,0,1.21308703619292,0.000257203390074494,0.5
0.360354875696134,0,1.21294073467195,0.000256642204285102,0.5
0.361580449302972,0,1.21273484225882,0.000256003754266652,0.5
0.363012326974879,0,1.21259640389999,0.000255466514012982,0.5
0.364231799463339,0,1.21238935515706,0.000254830092753473,0.5
0.365609353943768,0,1.21223427306708,0.00025428033914427,0.5
0.367134711340533,0,1.21212799355896,0.000253831018888619,0.5
0.368682725809063,0,1.21202924824058,0.000253385757026728,0.5
0.370200419183197,0,1.2119212632499,0.000252940927189426,0.5
0.371862203247674,0,1.2118602813653,0.000252560678282054,0.5
0.355038260600812,0,1.21178074838052,0.000252925679095603,0.5
0.363290470897653,0,1.20957046064623,0.000248200547669816,0.5
0.359515909595898,0,1.20901447172674,0.000247050970693222,0.5
0.358292249880976,0,1.20795329761,0.000244856145809083,0.5
0.357111526012118,0,1.20690981849453,0.00024267853665312,0.5
0.334851667864355,0,1.20589165479199,0.000241401646188198,0.5
0.341327052884363,0,1.20240693450281,0.000234282991105794,0.5
0.334098041612138,0,1.20085836339497,0.000231316853797094,0.5
0.329893424727488,0,1.19876048331843,0.000227177951966583,0.5
0.325963834143285,0,1.19675686621531,0.000223174367639149,0.5
0.316333711504574,0,1.19486994662118,0.000219592224555864,0.5
0.314987754937506,0,1.19229782986548,0.000214397361882332,0.5
0.25884745135852,0,1.19035944947718,0.000212572943841707,0.5
0.273060987430423,0,1.18232396362708,0.000196717342227796,0.5
0.254494817674276,0,1.17907543567193,0.000190939738268438,0.5
0.242604786156125,0,1.17429296866057,0.000182045061317067,0.5
0.232233208111852,0,1.17001661194283,0.000173943075020354,0.5
0.221913081282994,0,1.16575933294748,0.000165894432873317,0.5
0.212017823076271,0,1.16164385417486,0.00015806507631844,0.5
0.202570742684183,0,1.15767813973719,0.000150484096546059,0.5
0.193626735012645,0,1.15387954350768,0.000143157975011282,0.5
0.185081885432912,0,1.15021433296294,0.000136050429458471,0.5
0.176854023897954,0,1.14665614183271,0.000129134964778945,0.5
0.132222277233741,0,1.14328895876275,0.000124000469522281,0.5
0.139844930342472,0,1.13630753547645,0.000110822099515917,0.5
0.12270390328483,0,1.13242439836765,0.000103815527658016,0.5
0.110798029449092,0,1.12757263495361,9.49914552442743e-05,0.5
0.0999191965689621,0,1.12306518867006,8.67083240251117e-05,0.5
0.0892012550815851,0,1.11861404300526,7.85770250560307e-05,0.5
0.0792175796212835,0,1.11440602484266,7.07892432196293e-05,0.5
0.0506408111255533,0,1.11039968753289,6.40878792937583e-05,0.5
0.050004157053498,0,1.10479031617999,5.38345516372443e-05,0.5
0.0270911336412699,0,1.10068489669739,4.68968393733784e-05,0.5
0.0206031547374624,0,1.095464143706,3.75469887867392e-05,0.5
0.00839626746290941,0,1.09113583495308,2.98721358292989e-05,0.5
0,0,1.08679396383739,2.20617020042202e-05,0.5
0,0,1.08266859367675,1.69827370546732e-05,0.5
0,0,1.07327605696127,1.07447482234388e-06,0.5
0,0,1.06850500993501,-6.40906547489936e-06,0.5
0,0,1.06229787121017,-1.64259678063252e-05,0.5
0,0,1.05652865938955,-2.5690809203043e-05,0.5
0,0,1.05101440255311,-3.46402827722566e-05,0.5
0,0,1.04567055891202,-4.32549591440706e-05,0.5
0,0,1.04048632806648,-5.15575166990672e-05,0.5
0,0,1.03561404632916,-5.9496331335442e-05,0.5
0,0,1.03092897640832,-6.66615705587704e-05,0.5
0,0,1.02556871192418,-7.53034513105658e-05,0.5
0,0,1.02115361383643,-7.9628118103541e-05,0.5
0,0,1.01132111412178,-9.47352352290228e-05,0.5
0,0,1.00624578302476,-0.000101619674273822,0.5
0,0,0.999678551953089,-0.000111056143745652,0.5
0,0,0.993691142150143,-0.000119592984690436,0.5
0,0,0.988073352416865,-0.000127848849537703,0.5
0,0,0.982501549295234,-0.000135742520838005,0.5
0,0,0.97740024810077,-0.000143274860497787,0.5
0,0,0.972451633301052,-0.000150460518532312,0.5
0,0,0.967784710398885,-0.000157357197276406,0.5
0,0.00245466900019756,0.963398700932845,-0.000163447937752723,0.5
0,0.0199000088929028,0.959098344643973,-0.000169837376187421,0.5
0,0.0123782014423516,0.956823965229281,-0.000172102380742298,0.5
0,0.0377077180501636,0.950070868151002,-0.000181401370480062,0.5
0,0.0477952930163584,0.948226443105053,-0.000183940591374177,0.5
0,0.0595281686951873,0.948694002322622,-0.000183677839652408,0.5
0,0.0719569478990887,0.947460656995894,-0.000185534648050944,0.5
0,0.0843479340980811,0.947610480958841,-0.000185693852075526,0.5
0,0.0960753532172773,0.948043982176354,-0.000185337635588791,0.5
0,0.107823259743399,0.94892952924561,-0.000184530548903376,0.5
0,0.11754661951807,0.95615814660387,-0.000175652228919925,0.5
0,0.123050287217522,0.971714523070519,-0.000155565894152781,0.5
0,0.105626038781999,0.978915431987854,-0.000139539118678444,0.5
0,0.0683459955243562,0.987176729373781,-0.000118061643122385,0.5
0,0.0678590501371867,0.997655059087691,-0.000103783319623486,0.5
0,0.0276807909589041,1.00556344735036,-8.25652419573973e-05,0.5
0,0.0665000957751734,1.01652338989849,-7.7198048176783e-05,0.5
0,0,1.02210903228678,-4.7590359824162e-05,0.5
0,0.0400059712903532,1.00196585900413,-9.33826710595988e-05,0.5
0,0,1.0331709698496,-3.67238074528434e-05,0.5
0,0.0194721288294332,1.00271762383537,-8.8695836152034e-05,0.5
0,0.0187813737788994,1.03381842401005,-4.37508538742743e-05,0.5
0,0.0200965862767693,1.03412531710541,-4.41778655251316e-05,0.5
0,0.0239648186491863,1.04347050860003,-3.20720454926283e-05,0.5
0,0.025288809247185,1.05404044945792,-1.74313779901209e-05,0.5
0,0.0228237560895659,1.06255922553317,-4.89478654364605e-06,0.5
0,0.0172219485067619,1.07133779145792,8.6534238022144e-06,0.5
0,0.0113409469289238,1.07988258475734,2.19253367887717e-05,0.5
0,0.0175056334469891,1.08765219760054,3.16926875181435e-05,0.5
0,0,1.09493263206998,4.92727261747594e-05,0.5
0,0,1.06996685082624,5.68870735001946e-06,0.5
0,0,1.06939122281317,6.26291080204741e-06,0.5
0,0,1.06042379348499,-8.02633449902423e-06,0.5
0,0,1.05261767792726,-2.02751522674241e-05,0.5
0,0,1.04501028790265,-3.23062484650487e-05,0.5
0,0,1.03786105666118,-4.37459800933175e-05,0.5
0,0.00172630982240208,1.03087150635912,-5.47557581360855e-05,0.5
0,0.00564012505683369,1.0374554536258,-4.63693651692448e-05,0.5
0,0.00796877987978934,1.04354313843565,-3.8431252583799e-05,0.5
0,0.0104752885358328,1.05046304593778,-2.91636981907701e-05,0.5
0,0.0127213445143567,1.06032095455292,-1.54976696994602e-05,0.5
0,0.00628157934030685,1.06865167755556,-2.05859974580871e-06,0.5
0,0.0123393997393546,1.06982498279299,-2.05365133017945e-06,0.5
0,0.00559191423207732,1.0840025900662,2.02120930940675e-05,0.5
0,0.00872169567202979,1.08180246684659,1.5839476482367e-05,0.5
0,0.00917236732987152,1.09587020386879,3.66120319877128e-05,0.5
0,0.00782674713398922,1.10259016740059,4.6932957752618e-05,0.5
0,0.00714748756460679,1.11010744172155,5.82256312589882e-05,0.5
0,0.00586596209906936,1.11669459423993,6.83223905359603e-05,0.5
0,0.00348155681317317,1.12106681638566,7.51899351048718e-05,0.5
0,0,1.12067714222554,7.47735981029275e-05,0.5
0,0,1.10251502585848,4.7030576599377e-05,0.5
0,0,1.0995330130538,4.23264117086073e-05,0.5
0,0,1.09103541525556,2.93762031278654e-05,0.5
0,0,1.08338374162315,1.75531784500524e-05,0.5
0,0,1.0759544521397,6.04649893107258e-06,0.5
0,0,1.06885533283778,-5.00406093963504e-06,0.5
0,0,1.06199579846848,-1.56650676373261e-05,0.5
0,0,1.05548459505834,-2.58896202541449e-05,0.5
0,0,1.04923946863424,-3.57275351675327e-05,0.5
0,0,1.04320200956851,-4.52149374114243e-05,0.5
0,0,1.03759602708411,-5.42613083639285e-05,0.5
0,0,1.03213224867173,-6.30046241642703e-05,0.5
0,0.00350945920799458,1.0270119861559,-7.13815538058694e-05,0.5
0,0.0082614215348378,1.03972471423221,-5.43598035139098e-05,0.5
0,0.011187990221689,1.04717721935583,-4.42052145101053e-05,0.5
0,0.00441820949454285,1.05624139361051,-2.94565647544366e-05,0.5
0,0.0134304250093925,1.0561293525748,-3.17513434171764e-05,0.5
0,0,1.07063341798592,-5.95302547752267e-06,0.5
0,0.00691719391017024,1.04896840215391,-4.1797906290012e-05,0.5
0,0.00900924192569602,1.07580220667045,-2.51775439220878e-06,0.5
0,0.00851123024436964,1.08038729616764,4.68430481863553e-06,0.5
0,0.0101399736913233,1.08792051046036,1.54766147268615e-05,0.5
0,0.00431240647744084,1.09684598990038,3.01872138750112e-05,0.5
0,0.0078514362541732,1.09650118205173,2.87663520227524e-05,0.5
0,0.00807538692291221,1.10983819890967,4.90326952818146e-05,0.5
0,0.00631955123014262,1.11225184035252,5.31976229559651e-05,0.5
0,0.00510286354366724,1.11434289860235,5.64706050053636e-05,0.5
0,0.00378241171651532,1.11821567245378,6.26373575604877e-05,0.5
0,0.00123315439952444,1.11855557370538,6.35278712361452e-05,0.5
0,0,1.11353945281711,5.60566731045449e-05,0.5
0,0,1.10335214638603,4.07326901741967e-05,0.5
0,0,1.09898232180638,3.41080222146804e-05,0.5
0,0,1.09241917243198,2.41444306663199e-05,0.5
0,0,1.08614856662231,1.46126884203873e-05,0.5
0,0,1.08013179275222,5.38204890003737e-06,0.5
0,0,1.07445229634038,-3.4806273486989e-06,0.5
0,0,1.06888473397594,-1.21110007229836e-05,0.5
0,0,1.06362043746251,-2.04110975328935e-05,0.5
0,0,1.05842860643904,-2.84959211927086e-05,0.5
0,0,1.05355781672625,-3.62582438002803e-05,0.5
0,0,1.04885956563504,-4.37635029419078e-05,0.5
0,0,1.0443665679473,-5.10095619558455e-05,0.5
0,0.00192986173248456,1.04006624500397,-5.80031211251624e-05,0.5
0,0.00633050896287663,1.04668278175146,-4.94975726958772e-05,0.5
0,0.00934574437960039,1.05408736563519,-3.94442279186326e-05,0.5
0,0.0125316656760283,1.06203261540858,-2.8498505910735e-05,0.5
0,0,1.07058765169112,-1.21372175722266e-05,0.5
0,0.00751298614261193,1.05239441441033,-4.19825014567783e-05,0.5
0,0.0105695122511697,1.07929101172717,-3.06367389931637e-06,0.5
0,0,1.08230120070232,4.3392773295477e-06,0.5
0,0.00395451216021873,1.06388117293071,-2.47190910898713e-05,0.5
0,0.00773026357847614,1.08264418648441,2.52001558736675e-06,0.5
0,0.00732971193652936,1.0889020767809,1.21649457743103e-05,0.5
0,0.00829021652570894,1.0940834664164,1.97997933925759e-05,0.5
0,0.00929877154709935,1.1025583173088,3.25183736546743e-05,0.5
0,0.00975488150792046,1.11116314310688,4.57547117296791e-05,0.5
0,0.00931962895952951,1.11944177834701,5.87918814096407e-05,0.5
0,0.00957880554276203,1.12728366909133,7.11332529337125e-05,0.5
0,0.00792549857688896,1.13148409806655,7.82225616749116e-05,0.5
0,0.0065670656241586,1.13801048923461,8.88834165848022e-05,0.5
0,0.00407300115468774,1.1416062615992,9.52450534153335e-05,0.5
0,0.000462986976575691,1.14202818557708,9.66630013541426e-05,0.5
0,0,1.13386846502191,8.47593980617642e-05,0.5
0,0,1.12738383440695,7.52146551560926e-05,0.5
0,0,1.12249332826535,6.81326013206203e-05,0.5
0,0,1.11663081055519,5.9382076111038e-05,0.5
0,0,1.11100187457329,5.09141398433217e-05,0.5
0,0,1.10559762889751,4.26929208333018e-05,0.5
0,0,1.1003491410694,3.46758061974017e-05,0.5
0,0,1.09535876356451,2.69361723802068e-05,0.5
0,0,1.09049130213198,1.93811128955178e-05,0.5
0,0,1.08586887524303,1.20887266188678e-05,0.5
0,0,1.08141757527644,5.01333571974711e-06,0.5
0,0,1.07714928261175,-1.84222850948496e-06,0.5
0,0,1.07305512375689,-8.48340153482849e-06,0.5
0,0,1.0690651549507,-1.49510565382777e-05,0.5
0,0,1.065222127973,-2.12247397120286e-05,0.5
0,0,1.06156762659258,-2.72842971063915e-05,0.5
0,0,1.05804911607696,-3.31581256267642e-05,0.5
0,0,1.0547897456485,-3.87814632323747e-05,0.5
0,0,1.05158470288293,-4.4266136991686e-05,0.5
0,0,1.04854386457801,-4.95614730836822e-05,0.5
0,0,1.04569384826716,-5.46577441039794e-05,0.5
0,0,1.04298330895066,-5.95791334301998e-05,0.5
0,0.000976471637573546,1.04042361735392,-6.43257349102491e-05,0.5
0,0.00611886327190377,1.0449841662237,-5.90113514258187e-05,0.5
0,0.0105799270125075,1.05489496909223,-4.57889074893031e-05,0.5
0,0.0147686318842815,1.06446178467542,-3.26965502873659e-05,0.5
0,0,1.07155957517165,-1.79508029096713e-05,0.5
0,0.0115186026018573,1.05727146590213,-4.2675746978731e-05,0.5
0,0.00542482275113923,1.0834366787674,-2.89397374003957e-06,0.5
0,0.0112170817519948,1.07975815163517,-9.07718847028099e-06,0.5
0,0.0139473995766756,1.09232903139253,8.92589376888003e-06,0.5
0,0.00513657600735667,1.10030663397455,2.32387877267931e-05,0.5
0,0.0126944122891787,1.10131840397394,2.32536180798291e-05,0.5
0,0.00712574804901681,1.11513685693048,4.56392531489628e-05,0.5
0,0.0111100506968586,1.11744949201073,4.8814292606683e-05,0.5
0,0,1.12808021240506,6.87048178264749e-05,0.5
0,0,1.11075727951349,4.07892423631677e-05,0.5
0,0,1.11240676914913,4.39341382954201e-05,0.5
0,0,1.10790179023055,3.74160398243308e-05,0.5
0,0,1.10406989856558,3.15818725868778e-05,0.5
0,0,1.10025111823128,2.57868511239628e-05,0.5
0,0,1.09648912748556,2.00743604781369e-05,0.5
0,0,1.09290403244807,1.4535982573199e-05,0.5
0,0,1.08947758950785,9.160930697257e-06,0.5
0,0,1.08611480508594,3.88702275943427e-06,0.5
0,0,1.08287264919559,-1.25053548120325e-06,0.5
0,0,1.07979152403972,-6.22484052889363e-06,0.5
0,0,1.07688396478997,-1.10292318591719e-05,0.5
0,0,1.07409776325185,-1.5683123420184e-05,0.5
0,0.00081817633952988,1.0714092169668,-2.02194130423993e-05,0.5
0,0.00438606389430383,1.07610834953998,-1.41561323000333e-05,0.5
0,0.00788964225215194,1.0850585727782,-1.65171330949447e-06,0.5
0,0.0111464358393232,1.09457982241015,1.20516369400945e-05,0.5
0,0.000860511761010784,1.10180218644954,2.53469328424481e-05,0.5
0,0.00850879289725779,1.0945379534633,1.26453200677272e-05,0.5
0,0.0117178636008513,1.1136729756318,4.09752293779804e-05,0.5
0,0.0047091815239396,1.11917760102218,5.15403840757507e-05,0.5
0,0.0102723948871611,1.12075643950245,5.29049529328346e-05,0.5
0,0.0101532178680436,1.13448401618625,7.44962538502084e-05,0.5
0,0.0117264792850153,1.1397406151669,8.30890467902159e-05,0.5
0,0.0127145910847075,1.14938897043614,9.85074425140074e-05,0.5
0,0.00938209194450136,1.15698789140733,0.000111872997764579,0.5
0,0.0114506178005815,1.16293715003383,0.000121620927186439,0.5
0,0.011251870576794,1.17258412230014,0.000137901014457799,0.5
0,0.0101988811781319,1.1796723204587,0.000150484019589332,0.5
0,0.00601854380830165,1.18730767673877,0.000164488215038832,0.5
0,0.00492671482745875,1.19010243942266,0.000170154590421211,0.5
0,0.00152783453327587,1.19432371226556,0.000178449862342781,0.5
0,0,1.19063335753202,0.000174116384990415,0.5
0,0,1.18245945982723,0.000162186238190978,0.5
0,0,1.17984705985341,0.000158999001317412,0.5
0,0,1.1749019801146,0.00015211367706329,0.5
0,0,1.17032006837727,0.000145546165950381,0.5
0,0,1.16580381828498,0.000139014439734376,0.5
0,0,1.16138918057847,0.000132545273787404,0.5
0,0,1.15724869768944,0.00012634961395777,0.5
0,0,1.15324813958206,0.000120281088312983,0.5
0,0,1.14938064874198,0.000114332218647791,0.5
0,0,1.14561059625673,0.000108474515793414,0.5
0,0,1.14202402705016,0.000102799506410372,0.5
0,0,1.13861641747703,9.73066976260136e-05,0.5
0,0,1.13541342699268,9.20220324121812e-05,0.5
0,0,1.13214559711797,8.66903973798184e-05,0.5
0,0,1.12911536020221,8.15948731482284e-05,0.5
0,0,1.12622746787381,7.66578726845537e-05,0.5
0,0,1.12346923759991,7.1862678110007e-05,0.5
0,0,1.12084778472303,6.72188839867352e-05,0.5
0,0,1.11823971896893,6.26215170776799e-05,0.5
0,0,1.11584903074375,5.82417566964202e-05,0.5
0,0,1.11343315950943,5.38851854790369e-05,0.5
0,0,1.11117139099587,4.96897681744517e-05,0.5
0,0,1.10898174300331,4.55987289835912e-05,0.5
0,0,1.10693969716,4.16663679316374e-05,0.5
0,0,1.10493523879338,3.78118861670054e-05,0.5
0,0,1.10296649263274,3.40298721766055e-05,0.5
0,0,1.10099940951606,3.02968142786935e-05,0.5
0,0,1.09924322744196,2.67638576212613e-05,0.5
0,0,1.09742542593508,2.32417323099271e-05,0.5
0,0,1.09574284333865,1.98580062292096e-05,0.5
0,0,1.09411226787225,1.65650017590872e-05,0.5
0,0,1.09255085756261,1.33681010711099e-05,0.5
0,0,1.09105436190472,1.02663217338084e-05,0.5
0,0,1.089667025701,7.29636189639432e-06,0.5
0,0,1.08818489592793,4.31173391591409e-06,0.5
0,0,1.08692606668288,1.51684943636137e-06,0.5
0,0,1.08569250352526,-1.1936662245617e-06,0.5
0,0,1.08449818001045,-3.83864045992902e-06,0.5
0,0,1.08342791637665,-6.35322130420626e-06,0.5
0,0,1.08236187937669,-8.81090145839796e-06,0.5
0,0,1.08146864738792,-1.11064230020465e-05,0.5
0,0,1.08053881886572,-1.33730583124791e-05,0.5
0,0,1.07968182512603,-1.55481904372107e-05,0.5
0,0.00397104083031814,1.07892613128628,-1.76110923978078e-05,0.5
0,0.00990236481199033,1.08753435715672,-6.25031271624229e-06,0.5
0,0.0145146663301658,1.0946837958857,3.62472381113964e-06,0.5
0,0.0195738223581864,1.10329438704461,1.5661149992007e-05,0.5
0,0.0125798220225694,1.11247800216167,3.13409906946088e-05,0.5
0,0.0241042503352498,1.12021634290332,4.11197000759895e-05,0.5
0,0.00454077216307156,1.12876374526948,5.86726699796442e-05,0.5
0,0.0194740461836924,1.12902397156928,5.65123022659119e-05,0.5
0,0.00868132473319686,1.1435371484335,8.15169186289921e-05,0.5
0,0.0161575151888595,1.14564488816649,8.42711727027161e-05,0.5
0,0.0131836700976357,1.15738523382419,0.000103787974070937,0.5
0,0.0111194568521466,1.16437127803816,0.000116222739272969,0.5
0,0.0155468161952952,1.17280315267488,0.000129763238441004,0.5
0,0,1.17934984640783,0.000145165078881717,0.5
0,0,1.16639713142851,0.000123700996731326,0.5
0,0,1.16816795029722,0.000127997744986084,0.5
0,0,1.16486863863298,0.000123947464716827,0.5
0,0,1.16191242359424,0.000120139813511607,0.5
0,0,1.15900930803529,0.000116363014291479,0.5
0,0,1.15623616876676,0.000112667068430719,0.5
0,0,1.15349916821743,0.000108966329426526,0.5
0,0,1.15100447758742,0.000105482060214057,0.5
0,0,1.14863256757455,0.000102094626971339,0.5
0,0,1.1462964037953,9.87166196433144e-05,0.5
0,0,1.14400627350138,9.53651195614413e-05,0.5
0,0,1.14179729016455,9.20735779899352e-05,0.5
0,0,1.13964045210615,8.88204801480115e-05,0.5
0,0,1.13770733673359,8.57725784555485e-05,0.5
0,0,1.13586753352795,8.28130723302922e-05,0.5
0,0,1.13404745610727,7.98691596067586e-05,0.5
0,0,1.13232543102973,7.70164748135093e-05,0.5
0,0,1.13072694841814,7.42836161625989e-05,0.5
0,0,1.12915166770408,7.1580385101571e-05,0.5
0,0,1.12771113181499,6.90059481293258e-05,0.5
0,0,1.12622964358109,6.64098431194399e-05,0.5
0,0,1.12475022279613,6.38236247119975e-05,0.5
0,0,1.12339789368588,6.13614378818317e-05,0.5
0,0,1.12207332924909,5.89413545160468e-05,0.5
0,0,1.12080519869911,5.65840061447218e-05,0.5
0,0,1.11958924528352,5.42893097197449e-05,0.5
0,0,1.11836698109922,5.20080775432819e-05,0.5
0,0,1.11723741699448,4.9821207857546e-05,0.5
0,0,1.11619861863374,4.77321037645746e-05,0.5
0,0,1.11510682440624,4.56225476387603e-05,0.5
0,0,1.11411790654116,4.36140014937527e-05,0.5
0,0,1.11320101979983,4.16959076998341e-05,0.5
0,0,1.11223679281436,3.97595419515693e-05,0.5
0,0,1.1114256079959,3.79656749091704e-05,0.5
0,0.00127581725946878,1.11053704574581,3.61415496834837e-05,0.5
0,0.00507998335649444,1.11520492395182,4.24104772272736e-05,0.5
0,0.00885278615680841,1.12279583987845,5.3330984208161e-05,0.5
0,0.0128658688603377,1.13075317492896,6.50155226337382e-05,0.5
0,0.0166996595275951,1.1406086701675,7.98714914200291e-05,0.5
0,0.00993704431931227,1.14809569291103,9.33103554557929e-05,0.5
0,0.019543224398631,1.15724277744741,0.000106398782971142,0.5
0,0,1.16386228104942,0.000122275983371651,0.5
0,0.00604770760070285,1.15318135208153,0.00010331197585932,0.5
0,0.00690367625610346,1.16984780021601,0.000129929187014145,0.5
0,0.00549931284407004,1.17247254955036,0.000135517134373233,0.5
0,0.0058771883953673,1.17639434383496,0.000142287946733723,0.5
0,0.00611763038118759,1.18185755620813,0.000151843457254514,0.5
0,0.005822659834032,1.18680808491079,0.000160774096947608,0.5
0,0.00442393278115938,1.18948022612704,0.000166221850160372,0.5
0,0.0030956634371975,1.19214054194069,0.000171606116866756,0.5
0,0.000975203003468247,1.19357824806945,0.000175144912141764,0.5
0,0,1.19192964300399,0.000173751059207916,0.5
0,0,1.18774477804645,0.000168164098210707,0.5
0,0,1.18633571329328,0.000166823108384766,0.5
0,0,1.18371791487217,0.000163603933475558,0.5
0,0,1.18137571627718,0.000160614741064414,0.5
0,0,1.17909218302762,0.000157652129885134,0.5
0,0,1.17692392682387,0.000154768825976258,0.5
0,0,1.17475600490695,0.000151833707758164,0.5
0,0,1.17266577172798,0.000148942153465763,0.5
0,0,1.17062361805468,0.000146065825679551,0.5
0,0,1.16868267645546,0.00014327030163683,0.5
0,0,1.1667473195667,0.000140447261500688,0.5
0,0,1.16497557891673,0.00013778302447498,0.5
0,0,1.16325835652076,0.00013515992520978,0.5
0,0,1.16153618774197,0.000132505897011316,0.5
0,0,1.15992567249844,0.000129957894094354,0.5
0,0,1.15841498026779,0.000127508684176299,0.5
0,0,1.15708489130741,0.000125249714386002,0.5
0,0,1.15570232215368,0.000122927134084219,0.5
0,0,1.15441223742266,0.000120694779417833,0.5
0,0,1.15316924762957,0.000118512658065058,0.5
0,0,1.15202919117663,0.000116439282367677,0.5
0,0,1.15089468238051,0.000114374083362657,0.5
0,0,1.1498184430362,0.000112370807356828,0.5
0,0,1.14878395424677,0.000110416393770695,0.5
0,0,1.14784542810026,0.00010856791188353,0.5
0,0,1.14690577855573,0.000106727057065263,0.5
0,0,1.14612730447393,0.000105060151739917,0.5
0,0,1.14530207316263,0.000103360476393722,0.5
0,0,1.14453937271645,0.00010173128801501,0.5
0,0,1.14386222946167,0.000100204335947551,0.5
0,0,1.14312119500524,9.86268366177437e-05,0.5
0,0,1.14252053906724,9.72005886848872e-05,0.5
0,0,1.14178346402554,9.56564871929911e-05,0.5
0,0,1.14106344710604,9.41341364581008e-05,0.5
0,0,1.14042516704925,9.27079875273333e-05,0.5
0,0,1.13968100921205,9.1191309374542e-05,0.5
0,0,1.1391471272445,8.98917513858898e-05,0.5
0,0,1.13859483575704,8.85956700309899e-05,0.5
0,0,1.13805558359034,8.73236669928662e-05,0.5
0,0,1.13749890365972,8.60502361991133e-05,0.5
0,0,1.1368436150915,8.46936254949226e-05,0.5
0,0,1.13632299292629,8.34757969973632e-05,0.5
0,0,1.13573232793448,8.22099673137424e-05,0.5
0,0,1.13521126853487,8.10184198604102e-05,0.5
0,0,1.13479857643457,7.99508535753897e-05,0.5
0,0.00126437389525975,1.13422842130832,7.87486257187083e-05,0.5
0,0.00427123375094206,1.1369953295248,8.2430167850795e-05,0.5
0,0.00678371860017122,1.14000885319202,8.67145885931113e-05,0.5
0,0.00949828084684994,1.14341534949768,9.16189339669532e-05,0.5
0,0.0121281760860099,1.1475795454387,9.78064284952366e-05,0.5
0,0.0145128992923606,1.15213723031229,0.000104758983282841,0.5
0,0.0167167216991821,1.15702478646376,0.000112365977139555,0.5
0.000356508722425556,0.0188211811956019,1.16223413047082,0.000120616387462824,0.5
0.0294649864085624,0.0229585197952965,1.17393467609229,0.000138924712685912,0.5
0.0458335728663499,0.0198290952548551,1.18082359635373,0.00015133385303713,0.5
0.0679784888569824,0.0250989891051555,1.18937637439286,0.000164997311226303,0.5
0.0848686367901659,0.0173776952463163,1.1969708129307,0.000179430857217447,0.5
0.104452515532799,0.0236716334999279,1.20430782915547,0.000191517536680712,0.5
0.123243862875986,0.0169736154422486,1.21263265123608,0.000207297713234322,0.5
0.139970681945144,0.0205031266984057,1.21901637484679,0.000218691881630831,0.5
0.155920515472001,0.00732136217572939,1.22677372288039,0.000234583558479444,0.5
0.163103894689037,0.0122933437443856,1.22884606648013,0.000238923122487116,0.5
0.189015332991611,0.00772993459271477,1.24007293053117,0.000259694926906033,0.5
0.196668416274362,0.00654500660980637,1.24299001043128,0.000266694361162198,0.5
0.208541212826095,0.00339721278328418,1.24794738783791,0.00027697441396046,0.5
0.21042997026949,0,1.24871476391958,0.000280539032993449,0.5
0.191896014404668,0,1.24099853321118,0.000269738655198167,0.5
0.191257389472468,0,1.24059816197103,0.000270686818634506,0.5
0.183966087447175,0,1.23750191937802,0.000267355859328821,0.5
0.177301313272229,0,1.23461307909751,0.000264049830002218,0.5
0.171033587779004,0,1.23185479898314,0.000260872453314595,0.5
0.165086893309065,0,1.22920297673224,0.000257741443872962,0.5
0.158928273458034,0,1.22648352972191,0.00025437643280946,0.5
0.153332748398722,0,1.22394892649362,0.000251194268956414,0.5
0.148094744997257,0,1.22153288056392,0.000248115759388297,0.5
0.142935828549999,0,1.2191434657837,0.000244969912361903,0.5
0.138197425387692,0,1.21689262645538,0.000241956896091083,0.5
0.133887803589087,0,1.2147831416752,0.000239091204217962,0.5
0.129344990426318,0,1.21259894643808,0.000236032533957305,0.5
0.124722632746482,0,1.21039011115942,0.00023285960478363,0.5
0.120502992592567,0,1.20831384586984,0.000229824360655802,0.5
0.11642934389057,0,1.20628620793618,0.000226800457185365,0.5
0.11269766747744,0,1.20437155379153,0.00022389539313794,0.5
0.109221591395888,0,1.20254165935205,0.000221072123202792,0.5
0.106014094391522,0,1.20080062075366,0.00021833681109549,0.5
0.103040991156799,0,1.19913705371528,0.00021567292483577,0.5
0.10043640102816,0,1.19759463057181,0.000213147374694884,0.5
0.0979475260218931,0,1.19609093025883,0.000210645186486208,0.5
0.0957392184173136,0,1.19467994809933,0.000208249235220185,0.5
0.0934405031869971,0,1.19324041448143,0.00020578507160402,0.5
0.0917328522559634,0,1.19199477596966,0.000203573392087488,0.5
0.0897754999758996,0,1.19066884700339,0.000201235192672074,0.5
0.0878759536335531,0,1.18936311823955,0.000198905634714886,0.5
0.0865481544187684,0,1.18824461341922,0.000196819208476015,0.5
0.0853033969436104,0,1.18715371754414,0.000194756304678649,0.5
0.0840744530057987,0,1.18606926044258,0.00019269448513654,0.5
0.0829818427955454,0,1.18502985368304,0.000190679073070918,0.5
0.0824435193644717,0,1.18417209825259,0.000188906465329029,0.5
0.0818347588324643,0,1.18329231957153,0.000187105783052647,0.5
0.0813159074163689,0,1.18244271047162,0.000185338803709063,0.5
0.0809190826056888,0,1.18163376221229,0.000183626438295177,0.5
0.0806085196216224,0,1.18085380028407,0.000181953096816319,0.5
0.0805365502907032,0,1.18015250655073,0.000180386134019801,0.5
0.0804310792445163,0,1.17944109856254,0.000178809873071856,0.5
0.0804422315865117,0,1.17876856533629,0.000177286467776347,0.5
0.0800642157102265,0,1.17796990100795,0.000175600420364161,0.5
0.0802297030078526,0,1.1773491399354,0.000174143333456706,0.5
0.0795226371334074,0,1.17644492788877,0.000172329998260815,0.5
0.0795745000684337,0,1.17578849051734,0.000170820927743623,0.5
0.0793201414609283,0,1.17503352546073,0.0001692070966856,0.5
0.0791186410385187,0,1.17429639133079,0.000167608249160311,0.5
0.0792253085616568,0,1.17366063096683,0.000166146953713576,0.5
0.0794098422162959,0,1.17305104080414,0.000164727190442483,0.5
0.0799952265032872,0,1.17257249876117,0.000163476367209108,0.5
0.0803814335318231,0,1.17203005808208,0.00016216087687241,0.5
0.0809290544331487,0,1.171540951996,0.000160916188345305,0.5
0.0815285703516079,0,1.17106950827499,0.000159706063290946,0.5
0.0823115018455387,0,1.17065839533393,0.000158579228203915,0.5
0.0833652067040497,0,1.17033648237857,0.000157579178462014,0.5
0.0839881350283285,0,1.16987497040881,0.000156419784107819,0.5
0.0850716002757692,0,1.16956402843176,0.00015544923854659,0.5
0.0857214421176411,0,1.16911255288844,0.000154324556024876,0.5
0.0866876333639081,0,1.16876498144848,0.000153330758040429,0.5
0.0877741295254244,0,1.1684573259277,0.000152403430193536,0.5
0.0885155550042393,0,1.16803808157365,0.000151350583638028,0.5
0.0895497823377238,0,1.16771491834725,0.000150420033667753,0.5
0.0902458524820083,0,1.16728219976023,0.000149370133356571,0.5
0.0915045226032803,0,1.16703348762786,0.000148547907265752,0.5
0.0928588589992707,0,1.1668170156751,0.000147787987234233,0.5
0.0942332775143661,0,1.16660756785639,0.00014704598780591,0.5
0.0956084876590881,0,1.16639911143249,0.000146318510765491,0.5
0.0969543634112974,0,1.16618224346136,0.000145595937246481,0.5
0.0985315584241427,0,1.16604092367573,0.000144973358308524,0.5
0.100021486917362,0,1.16587206045051,0.000144335191185439,0.5
0.101575654835926,0,1.16572477595071,0.000143732991932438,0.5
0.103312204350727,0,1.16563761877313,0.000143217659180894,0.5
0.104833570370325,0,1.16548116910457,0.000142634876951736,0.5
0.106388938011823,0,1.1653365626245,0.000142074828725003,0.5
0.108285159144068,0,1.16530316963037,0.000141659218990561,0.5
0.109860801117913,0,1.16516647020949,0.000141139540336541,0.5
0.111593842113067,0,1.16508128499362,0.000140684828517863,0.5
0.113462510314568,0,1.16504092772102,0.000140299719030438,0.5
0.115255542823899,0,1.16497665181237,0.000139899536849402,0.5
0.116947208867192,0,1.16487992128936,0.00013947014914293,0.5
0.118675997116824,0,1.16479641476042,0.000139068454158712,0.5
0.120900573265778,0,1.16487464400979,0.000138869909672724,0.5
0.12279623689462,0,1.16484646497912,0.000138564747190828,0.5
0.124822255162345,0,1.16486140697081,0.000138316089066128,0.5
0.127012676280848,0,1.16493055122235,0.000138148111657348,0.5
0.128848052920826,0,1.16488499946126,0.000137858419517501,0.5
0.131083873436039,0,1.16497034867632,0.00013772920868897,0.5
0.132868289559652,0,1.16490941502306,0.000137444868158452,0.5
0.135234220912668,0,1.16503859748034,0.000137389057100657,0.5
0.137307837337154,0,1.165073058921,0.000137242223800209,0.5
0.139451434094331,0,1.16513075743095,0.000137126012258073,0.5
0.141184301482305,0,1.16505552249264,0.000136864676826568,0.5
0.143506628825105,0,1.1651724690346,0.000136832540725789,0.5
0.145854469283489,0,1.16529863899167,0.000136833759255788,0.5
0.148183248767077,0,1.16541886995217,0.00013683520997012,0.5
0.150810637891797,0,1.16563720285976,0.000136966764982982,0.5
0.153111181638275,0,1.16574970522205,0.000136989061471857,0.5
0.15540686809094,0,1.1658608572087,0.000137012886862653,0.5
0.157523659829875,0,1.16591470214317,0.00013698101044857,0.5
0.160227491622249,0,1.16615988067691,0.000137182562620121,0.5
0.162461810853365,0,1.16625332802969,0.000137225626431229,0.5
0.165224251420435,0,1.1665193998646,0.000137475947875275,0.5
0.167860168588565,0,1.16674466422171,0.000137699082324602,0.5
0.170728031269043,0,1.16704572485421,0.000138019574987149,0.5
0.173461555801963,0,1.16730405846736,0.000138308399392371,0.5
0.175923497109868,0,1.1674741758546,0.000138497797370495,0.5
0.178848168104932,0.000165962619536387,1.16779509218853,0.000138874244602562,0.5
0.183545282682207,0.00280217269623883,1.16889313146259,0.000140479596294158,0.5
0.193087339602677,0.00601070919936442,1.17204951549778,0.00014526815057463,0.5
0.201933903419586,0.00858967639538303,1.17497175065653,0.000149897632934872,0.5
0.211668994614415,0.0111268490061921,1.17828806609156,0.000155190712437815,0.5
0.222489860281939,0.0137053681136746,1.1820753163992,0.000161321562364497,0.5
0.234067231520378,0.0162213817992721,1.18620099140513,0.00016810257276976,0.5
0.245967213073815,0.0183729302239882,1.19050946791921,0.000175325032038414,0.5
0.258158509138557,0.0203319293132921,1.19496746419627,0.000182919256017505,0.5
0.278160059110035,0.0230865394692414,1.20276077146409,0.000195848875913644,0.5
0.293611034904578,0.0245623298719829,1.20870433011477,0.000206323006969374,0.5
0.310588856762612,0.026252527615225,1.21529337943591,0.000217866629617932,0.5
0.328059992472825,0.0277126683271248,1.22212555304958,0.000230080658560738,0.5
0.350593098489627,0.0262973351413545,1.23147036080252,0.00024688297169796,0.5
0.364871095935801,0.0158699148702952,1.23813639577427,0.000260539883891262,0.5
0.386619973930075,0.0255080558481132,1.24601290413723,0.000274322621934077,0.5
0.40132338395971,0.0105200427198761,1.25333896649157,0.000289783106014862,0.5
0.414013355828436,0.01785645717342,1.25750271651612,0.000298151721287926,0.5
0.438259912330029,0.0152611879401375,1.26773318956523,0.000317589983888837,0.5
0.452533838188742,0.00920501387438245,1.27397276304987,0.000331089260297133,0.5
0.46568950419646,0.0110185198864507,1.27891867700778,0.000341757898863816,0.5
0.484793323494286,0.00911243773450606,1.28684733385193,0.000357920991414422,0.5
0.496074456793623,0.00638985231655794,1.2914476227722,0.000368785180223871,0.5
0.504272108575426,0.00280475126810809,1.29479114500717,0.000377378520779284,0.5
0.504816578866631,0,1.29497690938808,0.000380603706767821,0.5
0.489958961233966,0,1.28877799319895,0.000372626384821201,0.5
0.489014968926802,0,1.28824365929201,0.000374026895772383,0.5
0.482812032306184,0,1.2855755707125,0.000371902004441185,0.5
0.477187815190539,0,1.28309871452343,0.000369795789527437,0.5
0.47186516956903,0,1.28072101125008,0.000367765182482856,0.5
0.466909421570336,0,1.27846377943662,0.000365788793240134,0.5
0.462058427249443,0,1.27624210358215,0.000363732571633146,0.5
0.457109684007391,0,1.27398975694561,0.000361442615458843,0.5
0.452641640082615,0,1.27189513123103,0.000359333214121491,0.5
0.448290193610229,0,1.26983960310142,0.000357163980445444,0.5
0.444143741753517,0,1.26785195300222,0.000354998793684172,0.5
0.440057693376299,0,1.26588499554349,0.000352744271742492,0.5
0.436495024845001,0,1.26408949142899,0.000350720469869075,0.5
0.432747001188789,0,1.2622344176141,0.000348448135267697,0.5
0.42937237819588,0,1.26050234628386,0.000346342015642443,0.5
0.426129704181355,0,1.25881421691622,0.000344225779574443,0.5
0.423305914790756,0,1.25726346090952,0.000342292643795119,0.5
0.420446497820092,0,1.25570199042253,0.000340248443928198,0.5
0.417911466058166,0,1.25424694559133,0.000338323066722591,0.5
0.415433860169978,0,1.25281158112494,0.000336367956831693,0.5
0.413144654689395,0,1.25143861335966,0.000334472021107012,0.5
0.411103308231189,0,1.25014710809787,0.000332661864067195,0.5
0.409207612342769,0,1.24890371002065,0.000330873211137714,0.5
0.407496017792771,0,1.24772103230176,0.000329140808625183,0.5
0.405708427240036,0,1.24651443225084,0.000327307702178991,0.5
0.404159277011247,0,1.24538626496163,0.000325571557512323,0.5
0.402683910099961,0,1.24428287040912,0.000323834893370309,0.5
0.401180675176138,0,1.24317112163272,0.000322031632958583,0.5
0.399879328852092,0,1.24212589137445,0.000320313224850853,0.5
0.398350979917725,0,1.2410071883273,0.000318395096962052,0.5
0.397048025492612,0,1.23996316765259,0.000316613916882985,0.5
0.396085145158127,0,1.23903016780082,0.000314979365439161,0.5
0.394899540786891,0,1.23802564082606,0.000313200213608706,0.5
0.393950894004807,0,1.23709885973622,0.000311521485720524,0.5
0.393101273962064,0,1.23620540552005,0.000309906943056022,0.5
0.392035629965881,0,1.23524195630625,0.000308108685326866,0.5
0.391263400377049,0,1.23437486431019,0.000306471160810231,0.5
0.390255944821143,0,1.23343193189668,0.00030467704754042,0.5
0.389404060282553,0,1.23254041336927,0.000302954728462028,0.5
0.388881227977334,0,1.23175628305935,0.000301384945635525,0.5
0.388586633219151,0,1.23104686218409,0.000299923094791927,0.5
0.388146633050054,0,1.23029077700959,0.000298365315228649,0.5
0.387736621786586,0,1.22954508597126,0.000296808478041265,0.5
0.387254727933855,0,1.22877689437473,0.000295216130808116,0.5
0.386976609588323,0,1.22807544895808,0.000293714574310457,0.5
0.386960357293118,0,1.22745979343886,0.000292355875163343,0.5
0.386961063536194,0,1.22685035208796,0.000291007582407426,0.5
0.38684472943471,0,1.22620331052311,0.000289576468868026,0.5
0.386801666023725,0,1.22558089905254,0.000288191712993854,0.5
0.386728310685953,0,1.22494905118395,0.000286773266408126,0.5
0.387060011677416,0,1.22444977837734,0.000285591251579379,0.5
0.387443021735371,0,1.22396737768549,0.000284415619257422,0.5
0.387911876169391,0,1.22351373626623,0.000283304070921323,0.5
0.387965427967852,0,1.22292524534409,0.0002819399102677,0.5
0.388359886714101,0,1.22244802106465,0.000280745852262203,0.5
0.388611028431208,0,1.22192504197907,0.000279499503484709,0.5
0.388853889605022,0,1.22139971360917,0.000278228294300352,0.5
0.389352838665656,0,1.22095838410402,0.000277109213022506,0.5
0.389763393625289,0,1.22048876432754,0.000275940273121838,0.5
0.390158712344093,0,1.22001507657649,0.000274782552453793,0.5
0.390549433522481,0,1.21954034483713,0.000273616090518644,0.5
0.391162366127388,0,1.21913829816396,0.000272564199701138,0.5
0.381162375565846,0,1.21872051396326,0.000271939317054268,0.5
0.386506275383751,0,1.217417864645,0.000268936666728974,0.5
0.359204881628612,0,1.21682678225189,0.000268638461256622,0.5
0.370340933853025,0,1.21403514538833,0.000262453691285693,0.5
0.363045057002791,0,1.21278456397535,0.00025999502919083,0.5
0.359591054712024,0,1.2109792751013,0.000256309658885792,0.5
0.356897763515766,0,1.20942618261677,0.000253027328388226,0.5
0.354058198412364,0,1.20782609486843,0.000249661795086417,0.5
0.351308590570356,0,1.20625655418565,0.000246332563694804,0.5
0.348832792001783,0,1.20477763309699,0.000243158625326388,0.5
0.313977868368737,0,1.20319898552023,0.000241125042540938,0.5
0.326776226285431,0,1.1992852822107,0.000232640316659155,0.5
0.31620716838329,0,1.19741067141437,0.000228962025671732,0.5
0.310640033170277,0,1.19485505450282,0.000223787446332629,0.5
0.305741567008266,0,1.19252328149778,0.000218967900657761,0.5
0.301045923632811,0,1.19025845336065,0.000214247970602099,0.5
0.296411859605227,0,1.18801580554135,0.000209580630247195,0.5
0.292120677535076,0,1.18588646291405,0.000205083083294635,0.5
0.267458487716947,0,1.18391664868612,0.000201691011013079,0.5
0.27270497379078,0,1.180068271336,0.000193706500666526,0.5
0.263585222651788,0,1.17782380173816,0.000189163138809223,0.5
0.257661574738663,0,1.17511699810082,0.000183675711834576,0.5
0.252187947003556,0,1.17256159762804,0.000178422066402813,0.5
0.226405315849856,0,1.17016758509768,0.000174254243473967,0.5
0.230146241777031,0,1.16579081155865,0.000165439529721353,0.5
0.219797632999892,0,1.16309937116597,0.000160141842882943,0.5
0.212764638523715,0,1.15998599440272,0.000153951448872427,0.5
0.206465905746138,0,1.15711759967856,0.000148138195676408,0.5
0.158979700587921,0,1.15423430691765,0.000144029331308132,0.5
0.171258469602884,0,1.1478902973762,0.000131597752839075,0.5
0.154478164255806,0,1.14447961254267,0.000125412297055553,0.5
0.144115524477746,0,1.14019034457638,0.000117414412890528,0.5
0.134290786307584,0,1.13608636433076,0.000109783328279798,0.5
0.124751483499735,0,1.13207788587863,0.000102320000839582,0.5
0.115858696720688,0,1.12828393826669,9.51704285797764e-05,0.5
0.10730124759447,0,1.12460251333412,8.82207850156073e-05,0.5
0.0991790496600641,0,1.12106641194063,8.15028052379107e-05,0.5
0,0,1.11772061327241,7.91399758136797e-05,0.5
0.0291961316056736,0,1.10589387771115,5.76018633939052e-05,0.5
0,0,1.10115530601753,5.04828266228922e-05,0.5
0,0,1.09405927254297,3.87213648094527e-05,0.5
0,0,1.08770595223551,2.81730671174876e-05,0.5
0,0,1.0815306158317,1.78847198508005e-05,0.5
0,0,1.07559489288893,8.00965049538565e-06,0.5
0,0,1.07003138898776,-1.38876535212672e-06,0.5
0,0,1.06444650941587,-1.05726038612001e-05,0.5
0,0,1.05926623854714,-1.92991361815857e-05,0.5
0,0,1.05431995150685,-2.76702221348897e-05,0.5
0,0,1.04953430095823,-3.57275720434451e-05,0.5
0,0,1.0450331352444,-4.34291472774509e-05,0.5
0,0,1.04068810599517,-5.08467228302216e-05,0.5
0,0,1.03666257799064,-5.79085475119421e-05,0.5
0,0,1.03276697460488,-6.46872503126385e-05,0.5
0,0,1.02898597143456,-7.12365320263511e-05,0.5
0,0,1.02549364294234,-7.62541451087873e-05,0.5
0,0,1.01896665639159,-8.64398038047001e-05,0.5
0,0,1.01517963361172,-9.24554027386193e-05,0.5
0,0,1.01055349143009,-9.95957908371163e-05,0.5
0,0,1.00625804423797,-0.000106273301191964,0.5
0,0,1.00216692926959,-0.00011116147147327,0.5
0,0,0.994736240771825,-0.000122101767827398,0.5
0,0,0.990428737724033,-0.000128155821739338,0.5
0,0,0.985297043966026,-0.000135598139053516,0.5
0,0,0.980531292324798,-0.000142479923538915,0.5
0,0,0.975984361188148,-0.000149129302788845,0.5
0,0,0.971790262511201,-0.000153552908941523,0.5
0,0,0.963579815861016,-0.00016489964362692,0.5
0,0,0.959110977170501,-0.000170691364424317,0.5
0,0,0.953454047521618,-0.00017813951529996,0.5
0,0.000178991433203509,0.94836617325705,-0.000184956732851446,0.5
0,0.0151395260195474,0.943860719289032,-0.000191271985351588,0.5
0,0.0221723390990811,0.94134294630171,-0.000194496278418094,0.5
0,0.0415385363757535,0.93687668603042,-0.000200523027547166,0.5
0,0.0431034910237423,0.934798978357321,-0.000202729803792401,0.5
0,0.0655156822415497,0.930084435535118,-0.000208855958732805,0.5
0,0.0787431173793965,0.928256669228943,-0.000211353271582113,0.5
0,0.0892193776692762,0.935451586429025,-0.000202260092116077,0.5
0,0.0967544937647598,0.946823491431925,-0.000187642478704602,0.5
0,0.0810254368247623,0.957645572869559,-0.000167178408596781,0.5
0,0.0941603926236892,0.967799925140139,-0.000155967291947717,0.5
0,0.08016923281362,0.977619012877437,-0.000137505000106173,0.5
0,0.0475084077336885,0.986285712283283,-0.000116664245924138,0.5
0,0.0743824228937461,0.998294593916694,-0.000106963343213188,0.5
0,0.00793907409457463,1.00439940774599,-8.10527865532204e-05,0.5
0,0.0588326615730589,0.999840927962395,-0.000100744829772522,0.5
0,0,1.01810849946793,-5.63037022797799e-05,0.5
0,0.0352520400007782,0.991809091402274,-0.000107476169980864,0.5
0,0.00658665496102427,1.02540883735098,-5.20697095441317e-05,0.5
0,0.0225005054911684,1.01012991071485,-7.85790334826281e-05,0.5
0,0.0234818412298047,1.03040897173042,-4.98978533568484e-05,0.5
0,0.0245678544913809,1.03583773844259,-4.26598123297259e-05,0.5
0,0.0273003997516604,1.04545844805045,-2.97649811697253e-05,0.5
0,0.0121700020350744,1.05395941545912,-1.44638708544136e-05,0.5
0,0.0242298813379032,1.05499938060725,-1.63236098287223e-05,0.5
0,0.0131226286852021,1.06954313785623,7.14934465357272e-06,0.5
0,0.018039701411289,1.0691896113152,4.81322154869392e-06,0.5
0,0.0168863756930411,1.08085326601558,2.197074849644e-05,0.5
0,0.0150024655558307,1.0832341912031,2.5281830026434e-05,0.5
0,0.0141953630633768,1.08796628213181,3.18815879971161e-05,0.5
0,0.0126457349553431,1.09212317889505,3.78122870245723e-05,0.5
0,0.0109461685314115,1.09947489772584,4.87168694496398e-05,0.5
0,0.00819260378510046,1.10222911181977,5.27709584397363e-05,0.5
0,0.00521426170373715,1.10337621629052,5.43324328807951e-05,0.5
0,0.00162810316034283,1.1017314596993,5.16728650925711e-05,0.5
0,0,1.09418301723792,3.9958916842517e-05,0.5
0,0,1.08094242009375,1.97154781480885e-05,0.5
0,0,1.07427199233827,9.43247822980365e-06,0.5
0,0,1.06517379444634,-4.55818826017832e-06,0.5
0,0,1.05667782502183,-1.76300773917058e-05,0.5
0,0,1.04858076285385,-3.01829487196659e-05,0.5
0,0,1.0408029424574,-4.22049140595634e-05,0.5
0,0,1.03351433327237,-5.36470024729188e-05,0.5
0,0,1.02653609461917,-6.46150141963117e-05,0.5
0,0.00397705821148975,1.01992704390195,-7.50995523202687e-05,0.5
0,0.00848835378209042,1.027220219851,-6.57051499145543e-05,0.5
0,0.0113927367032168,1.03077002074398,-6.13723813312209e-05,0.5
0,0.0148960193361741,1.03635826754678,-5.41540483447855e-05,0.5
0,0.0180320006201721,1.04439692688616,-4.33029972053057e-05,0.5
0,0.0202122073432943,1.05321806838891,-3.09693780661348e-05,0.5
0,0.022128916972486,1.06259591241963,-1.7676241539714e-05,0.5
0,0.00813974871005442,1.07051003253989,-2.97796755289103e-06,0.5
0,0.018311905081591,1.06980305589888,-6.66475192280364e-06,0.5
0,0.0132243115667617,1.08561131791842,1.80086512813705e-05,0.5
0,0.0141590052817581,1.08801181497118,2.12883577407008e-05,0.5
0,0.0135240536267835,1.0966511766199,3.42760831177779e-05,0.5
0,0.0121144308939447,1.10270115240027,4.36271512985961e-05,0.5
0,0.0108385006998929,1.11021368868921,5.52044660690943e-05,0.5
0,0.00857305172225321,1.11526121532452,6.32319095883165e-05,0.5
0,0.00584952279154561,1.1184411754494,6.83789211178865e-05,0.5
0,0.00222728903810776,1.11892970909222,6.94422589586586e-05,0.5
0,0,1.11357773272771,6.15614946089498e-05,0.5
0,0,1.10024931808543,4.12363986290075e-05,0.5
0,0,1.09498540824504,3.33214312239391e-05,0.5
0,0,1.08674994885861,2.07791494665489e-05,0.5
0,0,1.07913027767495,9.07301208093838e-06,0.5
0,0,1.07174948762795,-2.28987764404926e-06,0.5
0,0,1.06464006123147,-1.32356186680105e-05,0.5
0,0,1.05780018627215,-2.37674260108179e-05,0.5
0,0,1.05135522648686,-3.38456660155392e-05,0.5
0,0,1.04513500196995,-4.35663824097766e-05,0.5
0,0,1.03913439988043,-5.29328641822146e-05,0.5
0,0,1.03344750006354,-6.19229008121513e-05,0.5
0,0,1.0280630051146,-7.0552217763508e-05,0.5
0,0,1.0227983320168,-7.88842849572402e-05,0.5
0,0.0035130111268469,1.01781903662933,-8.68703125109244e-05,0.5
0,0.00877629462976147,1.02373249615935,-7.96285171669148e-05,0.5
0,0.0125045688291037,1.02794719518601,-7.44045567817798e-05,0.5
0,0.016775722837359,1.03366329141547,-6.71266773107442e-05,0.5
0,0.0205780420528523,1.04152495991293,-5.66018796000357e-05,0.5
0,0.0230986270899952,1.05287406638135,-4.06143256490503e-05,0.5
0,0.0183871183373066,1.06050132715055,-2.81648634780311e-05,0.5
0,0.0254816894713084,1.06881995535053,-1.7513009313926e-05,0.5
0,0.0240311500444779,1.0785894287767,-2.48535572570242e-06,0.5
0,0.00354197787347048,1.08556645395031,1.24781911358312e-05,0.5
0,0.0164777647504825,1.07816904032728,-1.93060234965579e-06,0.5
0,0.0144457447537919,1.09877678413863,2.97505990141638e-05,0.5
0,0.0129225531198177,1.10157830728347,3.4622298667957e-05,0.5
0,0.0125584647533864,1.10819157280642,4.47031994069383e-05,0.5
0,0.0115893173869955,1.11488650368462,5.52845221291313e-05,0.5
0,0.00997012975547248,1.12036899957923,6.41306441150581e-05,0.5
0,0.00780499052974691,1.12458892352314,7.11150409193653e-05,0.5
0,0.00495234238214675,1.12707028859123,7.54788859704674e-05,0.5
0,0.00154004208581894,1.12824607374095,7.7848774998304e-05,0.5
0,0,1.12249450604958,6.95570724383532e-05,0.5
0,0,1.11197991090942,5.37159375249002e-05,0.5
0,0,1.10740614968918,4.68974503159141e-05,0.5
0,0,1.1004972435392,3.64930508780631e-05,0.5
0,0,1.09404938464478,2.66489172679804e-05,0.5
0,0,1.08789175080981,1.71314318763993e-05,0.5
0,0,1.08194787911486,7.90800784652917e-06,0.5
0,0,1.07620338642632,-1.03312229476398e-06,0.5
0,0,1.07074673299936,-9.64387235258366e-06,0.5
0,0,1.06556860035896,-1.79355682477814e-05,0.5
0,0,1.06056150210669,-2.59691311418972e-05,0.5
0,0,1.05591705383348,-3.36602053186628e-05,0.5
0,0,1.05110153943185,-4.12456582441573e-05,0.5
0,0,1.04659044014854,-4.85379105345289e-05,0.5
0,0,1.04222806545777,-5.55891030226322e-05,0.5
0,0,1.03807382614038,-6.23946651517097e-05,0.5
0,0,1.0341306886749,-6.89393766286604e-05,0.5
0,0,1.03032309152589,-7.52800171554634e-05,0.5
0,0.00284047683845421,1.02669328952402,-8.13947029364591e-05,0.5
0,0.00766285138218023,1.0328660032089,-7.36828372014676e-05,0.5
0,0.0112980970234915,1.0364109784669,-6.93790363407551e-05,0.5
0,0.0150370915390152,1.04204644216591,-6.20631007554045e-05,0.5
0,0.0183865420705566,1.04906793444176,-5.25904724140853e-05,0.5
0,0.021644524090614,1.05971256896781,-3.77647000507654e-05,0.5
0,0.00843444113494642,1.06713650599947,-2.35712264667923e-05,0.5
0,0.0201116559074099,1.0694027988576,-2.29342336884106e-05,0.5
0,0,1.08174682040678,6.9779291197541e-07,0.5
0,0.00814029593419532,1.06291940922573,-3.03192591564837e-05,0.5
0,0.00996256946626179,1.08543330489493,2.95166676798764e-06,0.5
0,0.00873224588671809,1.09044427463522,1.11229569011575e-05,0.5
0,0.00990676102814812,1.09810180345308,2.24610911816888e-05,0.5
0,0.00670405224342764,1.10655836898122,3.62139394576828e-05,0.5
0,0.00823253057880928,1.1110091153586,4.28512538837316e-05,0.5
0,0.00782449243784716,1.12068365172351,5.80245227300327e-05,0.5
0,0.00645440749644572,1.1268698676332,6.82087359138078e-05,0.5
0,0.0044773895200923,1.13168749444101,7.6300054660571e-05,0.5
0,0.00150048985694504,1.13404767368133,8.07095248402957e-05,0.5
0,0,1.13037993489943,7.58550340147112e-05,0.5
0,0,1.12063444343181,6.14799331840373e-05,0.5
0,0,1.11745953934756,5.69916398946088e-05,0.5
0,0,1.11161217220722,4.85019131800671e-05,0.5
0,0,1.10622469642901,4.04896015804908e-05,0.5
0,0,1.10105476671954,3.2706750613306e-05,0.5
0,0,1.09592652350546,2.50370580592452e-05,0.5
0,0,1.0911117780875,1.7667843124834e-05,0.5
0,0,1.08645667259622,1.05017036236562e-05,0.5
0,0,1.08199262734295,3.55159145579585e-06,0.5
0,0,1.07777205673609,-3.14990618340041e-06,0.5
0,0,1.07361230384415,-9.70799792011282e-06,0.5
0,0,1.06974921344002,-1.59991244350816e-05,0.5
0,0,1.06591442632816,-2.21586589228307e-05,0.5
0,0,1.06236668214981,-2.80681482652903e-05,0.5
0,0,1.05883433974048,-3.38500025331021e-05,0.5
0,0,1.05557849639899,-3.93972960839715e-05,0.5
0,0,1.05245610081885,-4.47653900231391e-05,0.5
0,0,1.0495004121752,-4.9950591769309e-05,0.5
0,0,1.04670133942395,-5.49558954755962e-05,0.5
0,0,1.04392348509303,-5.98365750652869e-05,0.5
0,0,1.04132744735987,-6.45393971521531e-05,0.5
0,0,1.0387584888781,-6.91153347418492e-05,0.5
0,0.000706585709363597,1.03621903462056,-7.35727445799286e-05,0.5
0,0.00542288996792266,1.03935306513737,-7.02246872721734e-05,0.5
0,0.0102967510912228,1.04827327979773,-5.86644186928495e-05,0.5
0,0.0140399743420754,1.05701785938358,-4.67731340626888e-05,0.5
0,0,1.06496139043474,-3.0937872823472e-05,0.5
0,0.0104883628254631,1.05062019907209,-5.53762580681562e-05,0.5
0,0.0141130641343793,1.0769151166221,-1.8001315193917e-05,0.5
0,0.0012164247086111,1.07943177578953,-1.05862475534551e-05,0.5
0,0.01084578922328,1.07344215788592,-2.19867899839852e-05,0.5
0,0.0129075846170056,1.09381535250714,7.88388088277639e-06,0.5
0,0,1.09760051015792,1.78731152635095e-05,0.5
0,0.00460727444704474,1.08295182531224,-6.59030313138946e-06,0.5
0,0.00720167569253084,1.10254014802772,2.25118729273792e-05,0.5
0,0.00680433599293308,1.10794483380876,3.13362988640224e-05,0.5
0,0.00841384326517395,1.11583821531982,4.32371940024696e-05,0.5
0,0.00321217255535615,1.1240090161771,5.72664719687359e-05,0.5
0,0.00532808273738302,1.12409725952891,5.72065945617421e-05,0.5
0,0.0054120104436079,1.13463956372158,7.38487164715398e-05,0.5
0,0.00425523536136175,1.13999397377333,8.30050287302226e-05,0.5
0,0.00235183116963819,1.14377926328376,8.96690829958143e-05,0.5
0,0,1.14421255467525,9.13270483309886e-05,0.5
0,0,1.13340622871441,7.55788122711015e-05,0.5
0,0,1.13211435420864,7.40780544940304e-05,0.5
0,0,1.12737516894875,6.74752961869301e-05,0.5
0,0,1.12304270838259,6.12357017640225e-05,0.5
0,0,1.11882334420208,5.51119124563451e-05,0.5
0,0,1.11471297854171,4.90946651972146e-05,0.5
0,0,1.1108048538031,4.32649283414786e-05,0.5
0,0,1.10709378500629,3.76207707967818e-05,0.5
0,0,1.10336344662312,3.20033804819375e-05,0.5
0,0,1.09982142769662,2.65614150719371e-05,0.5
0,0,1.09642930889855,2.12750926627695e-05,0.5
0,0,1.09315712855173,1.61207388748845e-05,0.5
0,0,1.08995302163202,1.10659775809317e-05,0.5
0,0,1.08691906596131,6.17572664654047e-06,0.5
0,0,1.08392792292504,1.37435041831149e-06,0.5
0,0,1.08116213375575,-3.2329996406233e-06,0.5
0,0,1.07842913017016,-7.74284703342536e-06,0.5
0,0,1.07577309283489,-1.21545443633131e-05,0.5
0,0,1.0731393144494,-1.64838807800255e-05,0.5
0,0,1.07068577689968,-2.06526392734179e-05,0.5
0,0,1.06830052729768,-2.47146928086098e-05,0.5
0,0,1.06601440981926,-2.86603101300931e-05,0.5
0,0,1.06388273844146,-3.24602994641809e-05,0.5
0,0,1.06185566489983,-3.61383237269777e-05,0.5
0,0,1.06000775096505,-3.96623204561311e-05,0.5
0,0,1.05816152604864,-4.31106062958596e-05,0.5
0,0,1.05648699181128,-4.64150431154244e-05,0.5
0,0,1.05489871834821,-4.96056684822389e-05,0.5
0,0,1.05335056918003,-5.27085658628737e-05,0.5
0,0,1.05188497003396,-5.57072214682667e-05,0.5
0,0.00141617419446295,1.05042055772418,-5.86342165577738e-05,0.5
0,0.00650571929047055,1.05775561216468,-4.93873435062527e-05,0.5
0,0.0112917298096094,1.06870698408486,-3.46489828222208e-05,0.5
0,0,1.07596575709561,-2.03199075855017e-05,0.5
0,0.00880666156446974,1.06372789573097,-4.12727586422617e-05,0.5
0,0.00526365050491067,1.08803629457906,-5.08184671006482e-06,0.5
0,0.0112072869978185,1.08918297989123,-3.95555663244787e-06,0.5
0,0,1.09919735748392,1.45906711195256e-05,0.5
0,0.00431082037158218,1.08608170958063,-7.20394427706371e-06,0.5
0,0.0075758592954749,1.10594239681833,2.17860745653445e-05,0.5
0,0.00816394240035951,1.11180514399083,3.12470974919954e-05,0.5
0,0.0106941520885749,1.1201379590494,4.3644558217211e-05,0.5
0,0.0122276143657542,1.12711232864297,5.45410069805113e-05,0.5
0,0.00649754223056567,1.13621311504383,7.02153287067672e-05,0.5
0,0.0114386546489664,1.140186059728,7.59898669344029e-05,0.5
0,0,1.15054880534931,9.52143274176428e-05,0.5
0,0,1.13545346561639,7.16100525942864e-05,0.5
0,0,1.13740008266109,7.53882421638141e-05,0.5
0,0,1.13393700029309,7.08251607182177e-05,0.5
0,0,1.1309645090575,6.66626584863358e-05,0.5
0,0,1.12805841016332,6.25624434944067e-05,0.5
0,0,1.12524462118983,5.85251757620081e-05,0.5
0,0,1.12267047437988,5.4686613431493e-05,0.5
0,0,1.1201703869805,5.09150016496134e-05,0.5
0,0,1.11781537518101,4.72649165132153e-05,0.5
0,0,1.11540538764322,4.35838384302645e-05,0.5
0,0,1.11319107492848,4.00638312096157e-05,0.5
0,0,1.11109295044051,3.66548541067649e-05,0.5
0,0,1.10897913060863,3.32526135868176e-05,0.5
0,0,1.10706707294152,3.00187091541403e-05,0.5
0,0,1.10523250846084,2.6871407985405e-05,0.5
0,0,1.10344617935453,2.37839095685142e-05,0.5
0,0,1.10162753015462,2.07012828919587e-05,0.5
0,0,1.10001403454308,1.77960857424544e-05,0.5
0,0,1.0985244176662,1.50075201349832e-05,0.5
0,0,1.09708438960667,1.22883406112525e-05,0.5
0,0.000156080832520387,1.09575141930143,9.6749600084032e-06,0.5
0,0.00313783191310168,1.09715117362345,1.10616852167241e-05,0.5
0,0.00761800943714123,1.10602941311554,2.34596123680754e-05,0.5
0,0.0114430281535177,1.11368967748829,3.45308649429267e-05,0.5
0,0.00715200435302472,1.12309167837037,5.0030037686321e-05,0.5
0,0.0152105734108666,1.12917688911521,5.81391488753731e-05,0.5
0,0,1.13817499505743,7.62803225330354e-05,0.5
0,0.00533564798824335,1.1258706158818,5.53433725668199e-05,0.5
0,0.00832112553047582,1.1448348222206,8.43794770052699e-05,0.5
0,0.00837156882089553,1.15091968737895,9.49279734013552e-05,0.5
0,0.01027669019969,1.15834406346724,0.00010679179881727,0.5
0,0.00700566048926469,1.16677413243383,0.000121541102985783,0.5
0,0.0109723157265762,1.17441069549134,0.000133912830259138,0.5
0,0.00290929117010529,1.18229778339489,0.000148927953643046,0.5
0,0.00376153528991313,1.17976281154291,0.00014549716939697,0.5
0,0.00276438359338118,1.18755790290878,0.000159017008330157,0.5
0,0,1.18858799356964,0.000162266217756524,0.5
0,0,1.17951777680333,0.000149174604920896,0.5
0,0,1.17912290303403,0.000149383654214562,0.5
0,0,1.17572275987954,0.000145100345187782,0.5
0,0,1.17263468820836,0.000141005078424142,0.5
0,0,1.16961633466278,0.00013695978007836,0.5
0,0,1.16671404091851,0.000132982621927886,0.5
0,0,1.16386298975925,0.000129014410066148,0.5
0,0,1.16115734681546,0.000125162475867051,0.5
0,0,1.15848244068036,0.000121308093068289,0.5
0,0,1.15600294067036,0.000117630276800678,0.5
0,0,1.1535611038762,0.000113969453344599,0.5
0,0,1.15126666654112,0.000110441790316098,0.5
0,0,1.14902650050197,0.000106954123664697,0.5
0,0,1.14686683743061,0.000103538200743109,0.5
0,0,1.14479748436255,0.000100202855949022,0.5
0,0,1.14278862668247,9.69269249841803e-05,0.5
0,0,1.14086582598326,9.37304680207282e-05,0.5
0,0,1.13895579343543,9.05488340136423e-05,0.5
0,0,1.13715905171995,8.74770579677229e-05,0.5
0,0,1.13535985640658,8.44110528070327e-05,0.5
0,0,1.13367093495891,8.14530853371199e-05,0.5
0,0,1.13214523215453,7.86587371798326e-05,0.5
0,0,1.13064091062451,7.59040896444617e-05,0.5
0,0,1.12919243237388,7.32095997930059e-05,0.5
0,0,1.12775268054599,7.0541502014528e-05,0.5
0,0,1.12641037808257,6.79756169617672e-05,0.5
0,0,1.12516397120741,6.55151428599764e-05,0.5
0,0,1.12387027120262,6.30353015213181e-05,0.5
0,0,1.12268391038707,6.06648597280823e-05,0.5
0,0,1.12141598067274,5.82506091667952e-05,0.5
0,0,1.12034014044173,5.60142945724296e-05,0.5
0,0,1.11923799508443,5.37866976878531e-05,0.5
0,0,1.1181979755583,5.16295933720785e-05,0.5
0,0,1.11719975754509,4.95333944034725e-05,0.5
0,0,1.11630124577838,4.75431490423244e-05,0.5
0,0,1.11534254305833,4.55329711521442e-05,0.5
0,0,1.11442367539649,4.35758046029777e-05,0.5
0,0,1.11351305085473,4.16522128674967e-05,0.5
0,0,1.11267015197338,3.98057958388296e-05,0.5
0,0,1.1118506055626,3.80048928403115e-05,0.5
0,0,1.11112577220678,3.63024402533322e-05,0.5
0,0,1.11050743180616,3.47118211385204e-05,0.5
0,0,1.10979253956711,3.30778144873251e-05,0.5
0,0,1.10912345245321,3.14998536310577e-05,0.5
0,0,1.10833904321215,2.9863781327982e-05,0.5
0,0,1.10770241561384,2.83565534179906e-05,0.5
0,0,1.10699602596525,2.68289413433821e-05,0.5
0,0,1.1063675056913,2.53770539557958e-05,0.5
0,0,1.10575418563504,2.39641521709129e-05,0.5
0,0.000214682917310586,1.10505752474233,2.25130923596475e-05,0.5
0,0.00302431513940418,1.10640405586003,2.39385040375503e-05,0.5
0,0.00690779806706285,1.11283503667838,3.28009887787033e-05,0.5
0,0.0102077717010674,1.11926291082899,4.20284430173108e-05,0.5
0,0.0135203807395179,1.12676536564522,5.29954358375947e-05,0.5
0,0.0133756992724258,1.13668746742419,6.85239726604982e-05,0.5
0,0.0150400377692937,1.14456060633391,8.08713774192817e-05,0.5
0,0.0114156611076766,1.15282801161694,9.49047529719732e-05,0.5
0,0.0180318597898581,1.16119708133034,0.000107460955182858,0.5
0,0.00292996076741392,1.16870365635808,0.000122719082112864,0.5
0,0.0110587488515229,1.16863210463014,0.000121905152641281,0.5
0,0.00646154438600522,1.18262971988698,0.000145617252160641,0.5
0,0.00799396374375664,1.1852682208311,0.000150875723994639,0.5
0,0.00703728722816595,1.19560042184428,0.000168528981047609,0.5
0.00595938108022305,0.00720956007299693,1.20186136303252,0.000180036692071082,0.5
0.0240849940703966,0.00210580268339968,1.20977714740651,0.000194941113755743,0.5
0.0221202903184549,0.000141723216959907,1.208601574414,0.000194571700153417,0.5
0.0120160360664434,0,1.20438745460149,0.000189553450539497,0.5
0.00710615419419303,0,1.2021698596303,0.000187428710958387,0.5
0.0021743917291018,0,1.19994020562216,0.00018525188157641,0.5
0,0,1.1971607810764,0.000182066982728874,0.5
0,0,1.19451388397534,0.000178955540358895,0.5
0,0,1.19195249039414,0.000175875178251682,0.5
0,0,1.18948258673122,0.00017283257097459,0.5
0,0,1.18715184224643,0.000169897292416574,0.5
0,0,1.18486658575584,0.000166953768085907,0.5
0,0,1.18262335033292,0.000164000213841702,0.5
0,0,1.18049610072151,0.000161136590579763,0.5
0,0,1.17832740932955,0.000158170750889239,0.5
0,0,1.17631090346566,0.000155343294957918,0.5
0,0,1.1743394305869,0.000152532523143479,0.5
0,0,1.17243927587255,0.000149768810564811,0.5
0,0,1.1706581377712,0.000147115567834563,0.5
0,0,1.16889019581012,0.000144450445967727,0.5
0,0,1.16729976081103,0.000141967745312895,0.5
0,0,1.16564293104877,0.000139389754031218,0.5
0,0,1.16410681086673,0.000136927730974362,0.5
0,0,1.16266377486974,0.000134560813641886,0.5
0,0,1.16123607729948,0.000132198783857431,0.5
0,0,1.1599788553579,0.000130018100634054,0.5
0,0,1.1586905543556,0.000127800085278674,0.5
0,0,1.15747626623809,0.000125655342512883,0.5
0,0,1.15630501981993,0.000123557392337949,0.5
0,0,1.15528415179407,0.000121623020430422,0.5
0,0,1.15422504485042,0.000119652366508856,0.5
0,0,1.15317935420558,0.00011769472543078,0.5
0,0,1.15215661214936,0.000115765532779094,0.5
0,0,1.15119819751631,0.000113908977203704,0.5
0,0,1.15026393753606,0.000112084670293862,0.5
0,0,1.1493011120174,0.000110237310155674,0.5
0,0,1.14851723990924,0.000108583102822946,0.5
0,0,1.14762583040431,0.000106830943975251,0.5
0,0,1.146725849121,0.000105071759870609,0.5
0,0,1.14592271241944,0.000103421516005587,0.5
0,0,1.14507228996226,0.00010173481997554,0.5
0,0,1.14424192517099,0.000100074116808199,0.5
0,0,1.14352239718425,9.85361329394645e-05,0.5
0,0,1.14278080697375,9.69900213498776e-05,0.5
0,0,1.14197623764291,9.53891226780054e-05,0.5
0,0,1.14127975391568,9.39040002471631e-05,0.5
0,0,1.14058496238145,9.24361341417957e-05,0.5
0,0,1.13976011445938,9.08495084017927e-05,0.5
0,0,1.13908319272923,8.94128254260122e-05,0.5
0,0,1.13850055882651,8.80860109365297e-05,0.5
0,0,1.13781469077732,8.66727731460725e-05,0.5
0,0,1.13722190946553,8.53563679168974e-05,0.5
0,0,1.13669259477,8.41185447964865e-05,0.5
0,0,1.13609561769261,8.28303818320598e-05,0.5
0,0,1.13552255078064,8.15744967351596e-05,0.5
0,0,1.13489165095761,8.02779690351997e-05,0.5
0,0,1.13440565339931,7.91271411990358e-05,0.5
0,0,1.13387669189164,7.79551141020397e-05,0.5
0,0,1.13338619862139,7.68282961299281e-05,0.5
0,0,1.13286306189842,7.56863111120214e-05,0.5
0,0,1.13250909507446,7.47123767785687e-05,0.5
0,0,1.13202856138207,7.36428272179317e-05,0.5
0,0,1.13163669187059,7.26612490811798e-05,0.5
0,0,1.1313020092005,7.17516654100092e-05,0.5
0,0,1.13100105266707,7.08887867194872e-05,0.5
0,0,1.13074467736459,7.00830925440091e-05,0.5
0,0,1.1305196299413,6.93273386587018e-05,0.5
0,0,1.13034482705453,6.86321655450736e-05,0.5
0,0,1.13015373154161,6.7942145658196e-05,0.5
0,0,1.12998905476314,6.72916382561782e-05,0.5
0,0,1.129782334008,6.66211047065146e-05,0.5
0,0,1.12968262157911,6.60609290169333e-05,0.5
0,0,1.12948710200207,6.54358872826643e-05,0.5
0,0,1.12935882795902,6.48810784431176e-05,0.5
0,0,1.1291736584248,6.42944957162463e-05,0.5
0,0,1.12898838706883,6.37183004709636e-05,0.5
0,0,1.12878803676161,6.31425546212673e-05,0.5
0,0,1.1285743568799,6.25663563904123e-05,0.5
0,0,1.1284010533749,6.20373321793061e-05,0.5
0,0,1.1280677953884,6.13789720116585e-05,0.5
0,0,1.12792292524707,6.08897408768244e-05,0.5
0,0,1.127925092879,6.05518684785097e-05,0.5
0,0,1.12779612410833,6.01151935898667e-05,0.5
0,0,1.12773145696694,5.97410765012371e-05,0.5
0,0,1.12761963280767,5.93425719595004e-05,0.5
0,0.000173249154387311,1.12755890161223,5.89979610255825e-05,0.5
0,0.00252055260726312,1.12866117194026,6.03510250126495e-05,0.5
0,0.00544154775195149,1.13218959165212,6.52795978358702e-05,0.5
0,0.00802860446460643,1.13566173297803,7.02997470255208e-05,0.5
0,0.0109777811441185,1.139855754905,7.63976616987698e-05,0.5
0.00907638484412052,0.0144252034780289,1.14705826695219,8.70786827229608e-05,0.5
0.0326272517526156,0.0182502614681654,1.15629427677797,0.000101075856272139,0.5
0.0510745783731845,0.0113010298881515,1.1644116423813,0.000115456922786107,0.5
0.0710391361855053,0.0203129653305273,1.17156089221212,0.000125801716577072,0.5
0.0887700923071928,0.0068201715704926,1.18004305596006,0.000142051270258959,0.5
0.10031655601627,0.0164620685476964,1.18345664546582,0.000146870234435072,0.5
0.122652959575399,0.000453391943632082,1.19421432674218,0.000167170524771368,0.5
0.108785624018036,0.00593498921953932,1.18696272619669,0.000155928216353724,0.5
0.147436412037939,0.0081891719528031,1.20296975750833,0.000181750952075774,0.5
0.16024376348578,0.000184641399422841,1.20876593254419,0.000193893941761342,0.5
0.1428312942697,0,1.20068498932113,0.000182036705730068,0.5
0.144180678969788,0,1.20096129131688,0.000183687652385025,0.5
0.142423612437578,0,1.19986193790303,0.000183289463740306,0.5
0.139178406519227,0,1.19812771035734,0.000181705878602925,0.5
0.136312423340738,0,1.1965180205323,0.000180220092232236,0.5
0.13354083031212,0,1.19494027287252,0.00017871170979655,0.5
0.131059815609353,0,1.1934582065684,0.000177261865467247,0.5
0.128234951901144,0,1.19186537852668,0.000175601218725926,0.5
0.125757816960255,0,1.19038691367137,0.000174026918144129,0.5
0.123120060308171,0,1.18885810434684,0.00017233850974456,0.5
0.120724104675446,0,1.18740881793645,0.000170694392667914,0.5
0.118602365376753,0,1.18604981706331,0.000169120711636178,0.5
0.116931399399051,0,1.18483888920237,0.000167696930351129,0.5
0.115237367540387,0,1.18362122948609,0.000166224466573675,0.5
0.113688379410515,0,1.18245198489531,0.000164775000947191,0.5
0.112437670811425,0,1.18138094240566,0.000163418530570161,0.5
0.111464123863316,0,1.18040097907467,0.000162148273990217,0.5
0.110048876592782,0,1.1792784309968,0.000160671183598971,0.5
0.109099001534628,0,1.17830827239451,0.00015935211634234,0.5
0.108152967570757,0,1.17734029917219,0.00015801782636102,0.5
0.107438356947905,0,1.17644846344574,0.000156752763485664,0.5
0.106732413072346,0,1.17556045247189,0.000155475339890816,0.5
0.106001716547538,0,1.1746651546251,0.000154167934279004,0.5
0.105625739609998,0,1.17388642272179,0.000152988387483357,0.5
0.105492569679395,0,1.17318768390566,0.000151897339415462,0.5
0.105411315070801,0,1.17250665873091,0.000150816932546718,0.5
0.105492306847363,0,1.17187909970369,0.000149790312694739,0.5
0.105743311659939,0,1.17130792305885,0.000148827132364554,0.5
0.105828122590224,0,1.17068322287476,0.000147791671556088,0.5
0.106131033527635,0,1.17013043956847,0.000146834726446276,0.5
0.106552457096602,0,1.1696165492932,0.000145920553340671,0.5
0.106971009325665,0,1.16910278509481,0.000145004488815997,0.5
0.107750238359784,0,1.1687070492355,0.000144226313837722,0.5
0.108255609381209,0,1.16822306848345,0.000143346337295033,0.5
0.108825301214416,0,1.16776059166551,0.000142484421747433,0.5
0.109403299905491,0,1.16730181049597,0.000141628932908207,0.5
0.110397170431201,0,1.16697921178803,0.000140935068861911,0.5
0.111185482533424,0,1.16659026350091,0.000140168114746666,0.5
0.112407970623336,0,1.16634363362134,0.000139568669678153,0.5
0.113316703560574,0,1.16599552887229,0.000138858725284114,0.5
0.114439240802924,0,1.16571769759798,0.000138228475069239,0.5
0.115135807811393,0,1.16530186052415,0.00013744213323204,0.5
0.116350825837245,0,1.16505566717538,0.000136851640467404,0.5
0.117844257779977,0,1.164900916619,0.000136382052067757,0.5
0.119108544504134,0,1.1646722942324,0.000135832649748447,0.5
0.120192080493316,0,1.16438522751552,0.000135214491780066,0.5
0.121385214763993,0,1.16413460861054,0.000134642144628725,0.5
0.122679519758374,0,1.16391784735271,0.000134116415828586,0.5
0.123801789348505,0,1.16364544837212,0.000133529457117372,0.5
0.124805821569343,0,1.16333543307828,0.000132899913616492,0.5
0.126384984326771,0,1.16321276517264,0.000132489795633085,0.5
0.127808152708344,0,1.16304032760193,0.000132036565655702,0.5
0.129248010033555,0,1.16287382751907,0.000131590826561547,0.5
0.130471804104233,0,1.16263771021941,0.000131070932011389,0.5
0.132111880984703,0,1.16253805945447,0.000130712217265919,0.5
0.133882476631456,0,1.16248141704303,0.000130416167070472,0.5
0.135752803758031,0,1.16245747311372,0.000130164870748295,0.5
0.137657751937614,0,1.1624454854128,0.000129937668572685,0.5
0.139672956941666,0,1.16246985506724,0.000129761681177547,0.5
0.141765337512507,0,1.16251982906148,0.000129626538679541,0.5
0.143808183831102,0,1.16255432264091,0.000129484479752665,0.5
0.145893774774833,0,1.16260327375651,0.000129368061882691,0.5
0.148270328117067,0,1.16274741874875,0.000129373091304116,0.5
0.150419973555211,0,1.16281803164647,0.000129307431291373,0.5
0.152543052253253,0,1.16288090425271,0.000129239474020504,0.5
0.154938815838618,0,1.16303325411303,0.000129286576609755,0.5
0.157021748103643,0,1.16308401563841,0.000129229072806076,0.5
0.159275290515981,0,1.16319104224739,0.000129240980217741,0.5
0.161494010807426,0,1.16328723869193,0.000129253350672883,0.5
0.163878036922532,0.00178931354020853,1.16343788669974,0.000129337165751254,0.5
0.179461781187487,0.00529816462904931,1.16919464829099,0.000137906301150405,0.5
0.2023141573695,0.00913859180559446,1.17810065510478,0.000151649182547897,0.5
0.220315284129099,0.0120992437539783,1.18498064119581,0.000162692941075623,0.5
0.241716581943462,0.00831276602290732,1.19404274988265,0.000178147058577133,0.5
0.261404511058825,0.0155794137000461,1.20122776529689,0.00018955570560274,0.5
0.281417366053167,0.00966576891182738,1.20991200686852,0.000205147862197909,0.5
0.303353089148051,0.0157953505232075,1.21820664995936,0.000218977861627797,0.5
0.317172824431281,0,1.22525052672518,0.000233532985119095,0.5
0.298102058340677,0.00434739096955423,1.21577617399136,0.000218812133359716,0.5
0.334442931044524,0.00612447102508207,1.23080571091028,0.0002438378064367,0.5
0.345354369129303,0.00485959281762715,1.23506026760803,0.000252932343310046,0.5
0.355812045225413,0.00412142752345053,1.23905473004195,0.000260919520935048,0.5
0.367212896784744,0.00320011112954552,1.24348449374588,0.000269881362085719,0.5
0.376014877247455,0.0017565707881958,1.24683299569697,0.000277210370021981,0.5
0.380087292273999,0,1.24820332258789,0.000281336336868919,0.5
0.368742311807462,0,1.24316768236982,0.000274894840435826,0.5
0.370202658210482,0,1.24338411236928,0.000276678389425571,0.5
0.366955621325102,0,1.24168788914212,0.00027553619330997,0.5
0.364189668480924,0,1.24015043154594,0.000274401053468633,0.5
0.361513551882349,0,1.23864304288505,0.000273258006177416,0.5
0.359141635784094,0,1.23723584281081,0.000272186666855402,0.5
0.356729699235539,0,1.23581693083605,0.00027101591674261,0.5
0.354422776793117,0,1.23443288912061,0.000269802059670786,0.5
0.352335885441062,0,1.23312158935276,0.000268635588175175,0.5
0.350213224927486,0,1.23179949215826,0.000267368779176494,0.5
0.348353979518298,0,1.23056438317757,0.000266183959232878,0.5
0.346683012983686,0,1.22939114069222,0.000265023349605292,0.5
0.344805942424479,0,1.22815191523106,0.000263694921569215,0.5
0.343099156973843,0,1.22696865267058,0.000262379225449129,0.5
0.34145286632777,0,1.22580631381923,0.000261056215584003,0.5
0.339994775651582,0,1.22470615984575,0.000259781036855473,0.5
0.338717478595714,0,1.2236654154114,0.000258542877961113,0.5
0.33775098466061,0,1.22272695359017,0.000257437517925799,0.5
0.336567347419603,0,1.22171837935584,0.000256165258321344,0.5
0.335563173655115,0,1.22076949124697,0.000254961856736284,0.5
0.334938085548284,0,1.21994441415619,0.00025390860243943,0.5
0.334335563051849,0,1.21912760948748,0.000252843848637967,0.5
0.33326789618669,0,1.21816023930926,0.000251501311155012,0.5
0.332695396434657,0,1.21735474681464,0.000250377631567444,0.5
0.332193398387962,0,1.21657276762921,0.000249263380861807,0.5
0.331695517051239,0,1.2157929539997,0.000248126123706031,0.5
0.331560823543267,0,1.21513195340006,0.000247147762900764,0.5
0.331638875220752,0,1.21454146597774,0.000246286321201313,0.5
0.331700178229606,0,1.21394542165684,0.000245364745585497,0.5
0.331834385299624,0,1.21337413472695,0.000244478413169301,0.5
0.332049182283263,0,1.2128296453983,0.000243613331844362,0.5
0.332180254409219,0,1.21225847439137,0.000242687818008269,0.5
0.332781054013813,0,1.21184121574621,0.000242003169559685,0.5
0.33329206439812,0,1.21139491074018,0.000241249644257098,0.5
0.333844994669993,0,1.21096304865472,0.000240511643812866,0.5
0.334494201516384,0,1.21056329446406,0.00023982051027303,0.5
0.335171507856365,0,1.21017312837291,0.000239129588528779,0.5
0.336018436915203,0,1.20983865305034,0.000238513368430867,0.5
0.336842235063307,0,1.20949752019793,0.000237893400399473,0.5
0.337838816180843,0,1.20921287913029,0.000237340755093919,0.5
0.338885112890503,0,1.20894475488744,0.000236803920750858,0.5
0.340068438324759,0,1.20872205221281,0.000236344462645337,0.5
0.341081087219684,0,1.20844436674009,0.000235798601739831,0.5
0.342249210835623,0,1.2082177565816,0.000235322585398358,0.5
0.343416056367266,0,1.20799128403369,0.000234848436600186,0.5
0.344615407304795,0,1.20777593204224,0.000234388470136807,0.5
0.346107157596859,0,1.20765618021876,0.00023407232236013,0.5
0.34716652921006,0,1.20739635694235,0.000233548967443376,0.5
0.348536744311466,0,1.20723839448039,0.000233179089236793,0.5
0.349800351321573,0,1.20704569247421,0.000232740531437984,0.5
0.327082682912408,0,1.20683000237874,0.000233251211211458,0.5
0.339826119246918,0,1.20485944331345,0.000229042224762859,0.5
0.334777370156338,0,1.20428226425787,0.000228096738866734,0.5
0.333723204695087,0,1.20328531563869,0.000226208736599601,0.5
0.333097585149827,0,1.20243193789196,0.000224527653884651,0.5
0.332873887423621,0,1.20170936257262,0.000223023395776615,0.5
0.332435049821762,0,1.20091797874418,0.000221423334041125,0.5
0.283925839371402,0,1.20019604644234,0.000221886615876885,0.5
0.307147976574208,0,1.19596931682073,0.000212965192591467,0.5
0.294378690577125,0,1.19453674437691,0.000210583666097385,0.5
0.289456626221538,0,1.19218465089611,0.000206184817898502,0.5
0.284908332422958,0,1.18996216898582,0.000201966003370539,0.5
0.280802382180441,0,1.18788476180244,0.000197952239423362,0.5
0.276930422357568,0,1.18588537256211,0.000194042955018735,0.5
0.273202965596265,0,1.18393480618538,0.000190197386736631,0.5
0.269721794790107,0,1.1820662326051,0.000186465493563234,0.5
0.266695560026375,0,1.18034717850364,0.000182933005085652,0.5
0.263618698275747,0,1.1786130622121,0.000179382534803031,0.5
0.260396995055355,0,1.17683380754186,0.000175784006141887,0.5
0.219918107296794,0,1.17515638783054,0.000173852282254143,0.5
0.233902880581579,0,1.17028473156192,0.000164139931597516,0.5
0.221190397175281,0,1.16803515723682,0.000160055414136961,0.5
0.214245634980484,0,1.16495380524808,0.000154267747536923,0.5
0.207668808934475,0,1.16200046200197,0.000148700717629871,0.5
0.2014139063816,0,1.15915364702487,0.000143281498361834,0.5
0.195931954899064,0,1.15656077320136,0.0001381912823974,0.5
0.190241451951216,0,1.15390253295325,0.000133058749719048,0.5
0.185074775252922,0,1.15141743166758,0.000128155541964542,0.5
0.116033079970757,0,1.14915939121755,0.000126189575885471,0.5
0.13925562630483,0,1.14095397095176,0.000110746219358764,0.5
0.117475823709174,0,1.13755761363966,0.000105114571949909,0.5
0.105427552058508,0,1.13266640592965,9.65016020804637e-05,0.5
0.0944101548855622,0,1.12812500073837,8.84718712589217e-05,0.5
0.083840965807199,0,1.12373216894183,8.06516258464461e-05,0.5
0.0736664647152694,0,1.11947227768677,7.30540988884867e-05,0.5
0.0640998970729275,0,1.11541435036106,6.57405157912569e-05,0.5
0.0548062262215026,0,1.11144918789058,5.86108483194456e-05,0.5
0.046018843920071,0,1.10765352119473,5.17233059984575e-05,0.5
0.0378945013714899,0,1.10407735464257,4.51273762338176e-05,0.5
0.0302293943977398,0,1.10065462031925,3.87595147203452e-05,0.5
0.0228970899251221,0,1.09734389745386,3.25848372229414e-05,0.5
0,0,1.09422892579428,2.98549490504371e-05,0.5
0,0,1.08515150413372,1.37882005168851e-05,0.5
0,0,1.08112133844759,7.66978127728999e-06,0.5
0,0,1.07550110265377,-1.53954267471192e-06,0.5
0,0,1.07033207109953,-9.98717401061527e-06,0.5
0,0,1.06521946887176,-1.82710194472711e-05,0.5
0,0,1.06036443858362,-2.62165544102746e-05,0.5
0,0,1.05584688692845,-3.37894578519649e-05,0.5
0,0,1.05136779207493,-4.11561031437286e-05,0.5
0,0,1.04722932430438,-4.81843703257181e-05,0.5
0,0,1.04320666907516,-5.4968584658696e-05,0.5
0,0,1.03936925730798,-6.14833512388198e-05,0.5
0,0,1.03569836631476,-6.77467121491309e-05,0.5
0,0,1.03220069009915,-7.32514443104208e-05,0.5
0,0,1.02797856276245,-8.04265014885929e-05,0.5
0,0,1.02469203032453,-8.4303819116695e-05,0.5
0,0,1.01811993361499,-9.47155630574213e-05,0.5
0,0,1.01443699410904,-0.000100306940263478,0.5
0,0.00404443925127112,1.00974179614341,-0.000107304204298691,0.5
0,0.0136543303519573,1.00554256422225,-0.000113780786911199,0.5
0,0.0234169988734744,1.00378558847358,-0.000117116223224378,0.5
0,0.0332438526051562,1.00120111872545,-0.000121497267824547,0.5
0,0.0426485049512875,1.00276908682712,-0.00012037257904945,0.5
0,0.0511041710468789,1.00638042135316,-0.000116441528397535,0.5
0,0.0591147405169984,1.00844329111358,-0.00011430939829612,0.5
0,0.0657664626738515,1.02114369562582,-9.82147071110386e-05,0.5
0,0.0497840565191143,1.03068460433138,-8.05069866383652e-05,0.5
0,0.0491807521065101,1.03947809161094,-6.78756695300511e-05,0.5
0,0.0109949072261734,1.04706769610164,-4.8096759130466e-05,0.5
0,0.0479258085569642,1.04826191324313,-5.47553940445301e-05,0.5
0,0.00502477429424141,1.06297555329089,-2.39202587914647e-05,0.5
0,0.0326253177004889,1.05479647854765,-4.17604177548472e-05,0.5
0,0,1.07415141376681,-5.32930865337546e-06,0.5
0,0.0189327146636114,1.05123530526085,-4.42100049988027e-05,0.5
0,0.014884013688611,1.08211303459551,9.23343663702408e-07,0.5
0,0.0172998640236067,1.08446312682996,4.36939552204185e-06,0.5
0,0.00123709200459308,1.09289100677071,1.97326743502025e-05,0.5
0,0.0136719687862415,1.08219075206614,1.39743194914572e-06,0.5
0,0.000702815879692866,1.10514766122816,3.75778901583981e-05,0.5
0,0.00652814321951199,1.08723241349817,9.91771316543873e-06,0.5
0,0.00964535585236873,1.10642108762551,3.74951232216465e-05,0.5
0,0.00894752026956004,1.11315470823996,4.79500405081892e-05,0.5
0,0.00969548222883074,1.11932100739748,5.70578187862014e-05,0.5
0,0.0101867476652002,1.1282918937299,7.058734306914e-05,0.5
0,0.0100641363689297,1.13681046691369,8.37362114796289e-05,0.5
0.00817867512419001,0.00931620782764126,1.14474721827589,9.62083909856676e-05,0.5
0.0222938248789835,0.00801432002307769,1.15174221282724,0.000107423728846495,0.5
0.0374086829678396,0.00638404887562295,1.15920242047507,0.00011949207534413,0.5
0.0443777914435144,0.00337247744986058,1.16323864934502,0.000126528026610422,0.5
0.0391284360182667,0,1.16211869697079,0.000125656015238818,0.5
0,0,1.14613035561586,0.000101899217088597,0.5
0,0,1.14328237638435,9.79061708796408e-05,0.5
0,0,1.13555486582851,8.66541410494585e-05,0.5
0,0,1.12857682279437,7.62772879764157e-05,0.5
0,0,1.12170646572981,6.60737846209202e-05,0.5
0,0,1.11513027617299,5.62187361522904e-05,0.5
0,0,1.10891203969263,4.67712375043318e-05,0.5
0,0,1.1028950855285,3.75972302977223e-05,0.5
0,0,1.09714736249097,2.87479652577305e-05,0.5
0,0,1.09168490038558,2.02404263681507e-05,0.5
0,0,1.08640302396168,1.19931827101424e-05,0.5
0,0,1.08146142571152,4.11650375060121e-06,0.5
0,0,1.0765924885505,-3.58081575385721e-06,0.5
0,0,1.07200203556554,-1.09695573364048e-05,0.5
0,0,1.06758801649082,-1.81104466161941e-05,0.5
0,0,1.06330127539793,-2.50371315682214e-05,0.5
0,0,1.05918099061777,-3.173187858997e-05,0.5
0,0,1.05526807576335,-3.81789718340177e-05,0.5
0,0,1.05150886312199,-4.44073150317454e-05,0.5
0,0.00350900976933612,1.04791409727877,-5.04180426313653e-05,0.5
0,0.00894463899028362,1.05399360532386,-4.29725324776989e-05,0.5
0,0.0132048939508569,1.06066444821021,-3.43578978816605e-05,0.5
0,0.0173637587725687,1.06780896197879,-2.49129386377164e-05,0.5
0,0.0197511082501914,1.07915523718113,-9.0092359913589e-06,0.5
0,0.0050370775392568,1.08622940375483,4.60616268438001e-06,0.5
0,0.0197605347382771,1.08450786752642,-9.85146497918869e-07,0.5
0,0.0112688377136822,1.10161497454237,2.58926227171154e-05,0.5
0,0.0182491638820373,1.10370636492898,2.79862195849162e-05,0.5
0,0.0139537861688435,1.11567411595362,4.67300638105735e-05,0.5
0,0.017067947718457,1.12358565828696,5.83999703853323e-05,0.5
0,0.0157404430323607,1.13216588487418,7.19624939039526e-05,0.5
0,0.0180980248257273,1.14064758410852,8.48606439802351e-05,0.5
0,0.0113346387961137,1.14867558822744,9.88464147935392e-05,0.5
0,0.0147950988181261,1.15518354076433,0.000108730901821228,0.5
0.00908932514372103,0.00667707042623413,1.16400664893249,0.00012434725237426,0.5
0.00830918897983449,0.00735301031895954,1.16393194675134,0.000124566812747523,0.5
0.0221641564415057,0.00486839582642588,1.17056252946804,0.000135776578570486,0.5
0.0166471441052385,0,1.16897759697945,0.000134507505442036,0.5
0,0,1.15590586183663,0.000115233465649899,0.5
0,0,1.15351119216001,0.000112072243704909,0.5
0,0,1.14731654199687,0.000103198193127477,0.5
0,0,1.1415494022039,9.47674696115912e-05,0.5
0,0,1.13600448264831,8.65812348327117e-05,0.5
0,0,1.13073202334886,7.8679067095882e-05,0.5
0,0,1.12556916290836,7.09146761638188e-05,0.5
0,0,1.12067244695439,6.34323498397369e-05,0.5
0,0,1.1160160962849,5.62118679486849e-05,0.5
0,0,1.11165495952497,4.93060298010192e-05,0.5
0,0,1.10737737577965,4.25257541280502e-05,0.5
0,0,1.10337183289231,3.60277222492602e-05,0.5
0,0,1.09942168580186,2.96494749877079e-05,0.5
0,0,1.09563318308962,2.34641780217912e-05,0.5
0,0,1.0918441721637,1.73629526335415e-05,0.5
0,0,1.08833011422676,1.15287255222753e-05,0.5
0,0,1.08497508494052,5.88937527694032e-06,0.5
0,0,1.08147272744103,2.44779342376565e-07,0.5
0,0,1.07824830801835,-5.14672206096589e-06,0.5
0,0,1.07507564156837,-1.04094551403321e-05,0.5
0,0,1.07206994429649,-1.5490532674772e-05,0.5
0,0,1.06917388256971,-2.04164948185621e-05,0.5
0,0,1.06652446266545,-2.51200650831552e-05,0.5
0,0.0015474812738335,1.06395858247421,-2.96827108235997e-05,0.5
0,0.00667239079235238,1.06805298772292,-2.49671301672082e-05,0.5
0,0.011301195388692,1.0744014259131,-1.68264680546809e-05,0.5
0,0.0156579928540005,1.08127933579459,-7.70929259951125e-06,0.5
0,0.0201683549209117,1.09248041452093,7.75753096485064e-06,0.5
0,0.0140000755793234,1.1001908082287,2.06814066193158e-05,0.5
0,0.0235892992021435,1.10801322357614,3.04793315074822e-05,0.5
0,0,1.1153139407398,4.95825525707369e-05,0.5
0,0.00799520322134165,1.10092946699226,2.28261807313348e-05,0.5
0,0.00658513152001392,1.12377227020684,5.74684610383234e-05,0.5
0,0.00464611018340279,1.12358161555053,5.82508576583026e-05,0.5
0,0.0057352979866182,1.12712867264109,6.34134787499675e-05,0.5
0,0.0071794415464318,1.13558464371944,7.63250401821597e-05,0.5
0,0.00810322044896634,1.14321124104168,8.83014754828135e-05,0.5
0,0.00891506687750327,1.1512809292169,0.000101091525488402,0.5
0,0.00859561883558354,1.15963701034562,0.000114708363611728,0.5
0.00277144181858972,0.00879827459075264,1.16732186154601,0.000127347404123802,0.5
0.0206490006984575,0.00750789801234532,1.17530374915367,0.000140837397973431,0.5
0.0341670265305254,0.00635742818538357,1.18136558110214,0.00015140572956506,0.5
0.0414579838894864,0.00350628780693368,1.18487676147863,0.000158177549854133,0.5
0.0415478299539262,0,1.18536692282697,0.000160221641863843,0.5
0.0126263302334246,0,1.1736707414028,0.000143180057281254,0.5
0.00819909262938612,0,1.17205311662061,0.000141417887978644,0.5
0,0,1.16673462165847,0.000134111091327568,0.5
0,0,1.16196361559028,0.000127322844818061,0.5
0,0,1.15731464638576,0.000120655543057518,0.5
0,0,1.15282466510404,0.00011412396299779,0.5
0,0,1.14851852583868,0.000107770798105688,0.5
0,0,1.14420772234961,0.000101400297083229,0.5
0,0,1.1401283454442,9.52616025623009e-05,0.5
0,0,1.13620284822452,8.92826370225479e-05,0.5
0,0,1.13234525981619,8.33816878884361e-05,0.5
0,0,1.12863090307676,7.76301856877466e-05,0.5
0,0,1.12502483139044,7.20029565300643e-05,0.5
0,0,1.12158541074595,6.6552321862661e-05,0.5
0,0,1.11826446984783,6.12384938272733e-05,0.5
0,0,1.11501518081512,5.60215365713922e-05,0.5
0,0,1.11191845751324,5.09757875294658e-05,0.5
0,0,1.10887994855186,4.60182640941137e-05,0.5
0,0,1.10599860471613,4.12307628684584e-05,0.5
0,0,1.10315700333715,3.65241615557756e-05,0.5
0,0,1.10041167564554,3.19385663169669e-05,0.5
0,0,1.09785851605397,2.75475588474579e-05,0.5
0,0,1.09540812080734,2.32868920766923e-05,0.5
0,0,1.0930283452887,1.9130854416467e-05,0.5
0,0,1.09069855015218,1.50659937739207e-05,0.5
0,0,1.08862002344719,1.1227347611282e-05,0.5
0,0,1.08652563715328,7.44272752117548e-06,0.5
0,0,1.08448900159391,3.75002979100356e-06,0.5
0,0,1.08251669161155,1.58860906506924e-07,0.5
0,0,1.08071203882646,-3.26925885017952e-06,0.5
0,0,1.07904308878041,-6.55159571506621e-06,0.5
0,0,1.07743360182512,-9.73635408844505e-06,0.5
0,0,1.0758783220315,-1.28287711617884e-05,0.5
0,0,1.07440272615847,-1.58142543313214e-05,0.5
0,0,1.07299031223095,-1.8702529192108e-05,0.5
0,0,1.07158065469327,-2.15292084970319e-05,0.5
0,0,1.07027618085103,-2.42412890351405e-05,0.5
0,0.00408787667889373,1.06907398424015,-2.68372703626703e-05,0.5
0,0.0104330842899798,1.07878798146469,-1.44220904699954e-05,0.5
0,0.0150901779707434,1.08899400068359,-4.928226219046e-07,0.5
0,0.0127214298933653,1.09714476281334,1.2140001426174e-05,0.5
0,0.0214538625421391,1.10638822830865,2.41365539772025e-05,0.5
0,0.0114705419135896,1.11459843225403,3.86812683523777e-05,0.5
0,0.0215946347813332,1.11852078790821,4.28749545079982e-05,0.5
0,0.0219206090425903,1.13132469838153,6.23746665468759e-05,0.5
0,0.0225933500332829,1.13868655145278,7.41534801416268e-05,0.5
0,0.0226352536340632,1.14727619010417,8.78223479596793e-05,0.5
0,0.0113455002063995,1.15492968545853,0.000102291980747999,0.5
0.00581414650167691,0.0212189946002576,1.160602751621,0.000110073011873689,0.5
0.0252479010179121,0.00761422537709493,1.17025951463901,0.000128225926915392,0.5
0.0296429867603598,0.0138402205488086,1.17131800530956,0.000129738792395975,0.5
0.0576702141473401,0.00910881023959912,1.18381784180109,0.000150972851732979,0.5
0.0659358958329654,0.00992559089849435,1.18712594337687,0.000157339420526455,0.5
0.0838783073386828,0.008667787799725,1.19486739286674,0.00017080149841082,0.5
0.100373784183317,0.0075736005455986,1.2019641733802,0.000183595683954635,0.5
0.117256946095547,0.006349367372275,1.20924324114257,0.000196789512353652,0.5
0.128730920834483,0.00388148054381385,1.21428626397213,0.000206662486835956,0.5
0.132790921140631,0,1.21624491954164,0.000211638470677669,0.5
0.104508480829933,0,1.20471598829539,0.000195000928997173,0.5
0.103394388007162,0,1.20430253391089,0.000195522611454734,0.5
0.0919211923337728,0,1.19973821523006,0.000189753940408061,0.5
0.0820736223311364,0,1.1957097616207,0.000184449393092593,0.5
0.072535799921185,0,1.19178443542532,0.000179233172059623,0.5
0.0628619192292767,0,1.18781707164182,0.000173848110852871,0.5
0.0538394836923846,0,1.18406498084355,0.000168666198690336,0.5
0.045538648008642,0,1.18055094173696,0.000163723628850522,0.5
0.0373595124844603,0,1.17707887587231,0.000158766880922113,0.5
0.0296396888281717,0,1.17375911210339,0.000153942860900985,0.5
0.0219538513674488,0,1.17045260476846,0.000149086116753463,0.5
0.0150225132201277,0,1.1673947496676,0.000144489801418754,0.5
0.0083889636698657,0,1.16443620091142,0.000139980088514701,0.5
0.00217012952360026,0,1.1616151709562,0.00013560160664258,0.5
0,0,1.15892386167796,0.000131351759267637,0.5
0,0,1.15639957437571,0.000127276048274278,0.5
0,0,1.15385918876009,0.000123170033167158,0.5
0,0,1.1515689742688,0.000119331842542576,0.5
0,0,1.14928007965802,0.000115495676841548,0.5
0,0,1.14720958948889,0.000111891547341623,0.5
0,0,1.14524509106926,0.000108409166797061,0.5
0,0,1.14330412301925,0.000104957445347705,0.5
0,0,1.14145002961375,0.000101605924883828,0.5
0,0,1.13956483912826,9.8234481753826e-05,0.5
0,0,1.13788216289426,9.50793891242799e-05,0.5
0,0,1.13619726257109,9.1943215918818e-05,0.5
0,0,1.13459309304013,8.89006951227495e-05,0.5
0,0,1.13319057356322,8.60817775311653e-05,0.5
0,0,1.13174193841041,8.32411892075294e-05,0.5
0,0,1.13038635240126,8.05090996933213e-05,0.5
0,0,1.12908243681754,7.78533576975954e-05,0.5
0,0,1.12776455995628,7.52119550060722e-05,0.5
0,0,1.1265485343049,7.26865327681923e-05,0.5
0,0,1.12536515319033,7.02209417890457e-05,0.5
0,0,1.12423177207148,6.78265273692902e-05,0.5
0,0,1.12314521182891,6.55024845623601e-05,0.5
0,0,1.1221043218124,6.32474223672603e-05,0.5
0,0,1.12110761025736,6.10601760445369e-05,0.5
0,0,1.1202093708291,5.89886520271584e-05,0.5
0,0,1.1192985671942,5.69422502072503e-05,0.5
0,0,1.11845066485195,5.49743874726919e-05,0.5
0,0,1.11763680677179,5.30686053456536e-05,0.5
0,0,1.11686052044086,5.12242896417586e-05,0.5
0,0,1.11606416234496,4.93931303899057e-05,0.5
0,0,1.11523340928113,4.75599983135015e-05,0.5
0,0,1.11450736093763,4.58402630656678e-05,0.5
0,0,1.11378828756336,4.41580563305173e-05,0.5
0,0,1.11310531483601,4.25316033039893e-05,0.5
0,0,1.11251088877873,4.10064581546277e-05,0.5
0,0,1.11196213361826,3.9549638778232e-05,0.5
0,0.000208707091621154,1.11141575675969,3.81240411044456e-05,0.5
0,0.00419582155228009,1.1133971444557,4.03469411074506e-05,0.5
0,0.00919215634678109,1.12217027043574,5.25489898086666e-05,0.5
0,0.0133623202291511,1.13055121613766,6.47136227628541e-05,0.5
0.00411500290697466,0.00734155779845793,1.13929497552025,7.9394435554291e-05,0.5
0.0204565634805432,0.0166043329337016,1.14504365834157,8.69918171349459e-05,0.5
0.0394238405310555,0,1.15465754982305,0.000105158904760308,0.5
0.016022192875016,0.00794195796607353,1.14312294725233,8.64473754234836e-05,0.5
0.0705305941411234,0.0127142137556367,1.16599223609602,0.000120901945950356,0.5
0.0703261658786891,0,1.16814015169618,0.000129847025380294,0.5
0.0497294237796611,0,1.15740422121779,0.000111191570366358,0.5
0.0557186278055725,0,1.15995948227936,0.000116291676942572,0.5
0.0516397786150708,0,1.1578908396955,0.000113776618470931,0.5
0.048891502733592,0,1.15626066504693,0.00011164698576431,0.5
0.0462368039595924,0,1.15466185325067,0.000109552075078671,0.5
0.0435251227788032,0,1.15304641717715,0.000107398574088366,0.5
0.0409978300486553,0,1.15149242922933,0.000105285519186314,0.5
0.0387360019962166,0,1.1500266210501,0.000103243979764637,0.5
0.0367386976791783,0,1.14864831478215,0.000101277971828267,0.5
0.0348508784156696,0,1.14730762260857,9.93321251881659e-05,0.5
0.0332936574802636,0,1.14607598173006,9.74873919632287e-05,0.5
0.0317753198208775,0,1.14485844151919,9.56479420726071e-05,0.5
0.0301202995477731,0,1.14359767008459,9.3752719798009e-05,0.5
0.0290138244540014,0,1.14251729135275,9.20319517951555e-05,0.5
0.0278419080172182,0,1.14141682047861,9.02914069705235e-05,0.5
0.0268527401556184,0,1.140377326048,8.86048397068687e-05,0.5
0.026119154275063,0.00130557631129471,1.13942223480467,8.70055995937613e-05,0.5
0.0402638257807748,0.0043348073665444,1.14480109701923,9.48209760882943e-05,0.5
0.055698395645259,0.00697851420574756,1.15078667516908,0.000103886475939963,0.5
0.072751039530304,0.00943417829143548,1.1575018024031,0.000114229746981899,0.5
0.0928657661718563,0.0121093912583216,1.16553289053704,0.000126775059219436,0.5
0.115830035757811,0.0149542405306605,1.17479315686885,0.000141485224302658,0.5
0.13436180575881,0.0166831991360104,1.18223579901869,0.000153801884917447,0.5
0.155259057668613,0.016760910878084,1.19088303241728,0.000168375286841104,0.5
0.174612349344388,0.0169741170518481,1.19884862353058,0.000182128337288852,0.5
0.193664139004792,0.0162025842849086,1.20678529607578,0.000196144007232249,0.5
0.213021311762522,0.0168549198137798,1.21471233921718,0.000210185415977582,0.5
0.230960558316073,0.0145454020126573,1.22232687717751,0.000224302144661063,0.5
0.241685271588505,0.0142664574476667,1.22658152891403,0.000232831439996111,0.5
0.256878675661495,0.0126823069465799,1.23292419759253,0.000244921482031679,0.5
0.278101609096878,0.0103180421765854,1.24198777730038,0.000261865465822065,0.5
0.292860516089033,0.0068218745895491,1.24834591223991,0.000274732185014469,0.5
0.303434040798985,0.00553488201906162,1.25264846663988,0.000283930347462363,0.5
0.31371126506575,0.0017421427451433,1.25707971498697,0.000293613016579574,0.5
0.308352225998997,0,1.25497084567532,0.000292492824988248,0.5
0.292507866909469,0,1.24847630320975,0.000283698775877366,0.5
0.289110454524749,0,1.24706637776493,0.000283142475454298,0.5
0.280550518878369,0,1.2435496492698,0.000279125210524735,0.5
0.272839651162223,0,1.24031299189098,0.000275313254219632,0.5
0.265381130728888,0,1.23715990592783,0.000271523102405441,0.5
0.258320874120389,0,1.23413846958063,0.000267809466857494,0.5
0.251259553466149,0,1.2311186722842,0.000263969224884318,0.5
0.244826786305238,0,1.22830523080235,0.000260345943092448,0.5
0.238505165457735,0,1.22552958156589,0.000256669882899387,0.5
0.232407641100157,0,1.22282900988853,0.000253018606410213,0.5
0.226654694760963,0,1.22024219833646,0.000249450949938064,0.5
0.221136929071791,0,1.21773367516209,0.000245921738385511,0.5
0.216020186207531,0,1.21535749614737,0.000242523872721004,0.5
0.211154614810456,0,1.21306444906704,0.000239176413015683,0.5
0.206652234197822,0,1.21089173874578,0.000235961641660286,0.5
0.202123215966166,0,1.20871146012678,0.000232661201939826,0.5
0.198313446320227,0,1.20676657242652,0.000229655624423547,0.5
0.194412187841258,0,1.2047935956844,0.000226568306803926,0.5
0.191098547946889,0,1.20301351583868,0.000223722858029322,0.5
0.187748817530321,0,1.20122287242269,0.000220820407498883,0.5
0.184806790343301,0,1.19956650915626,0.000218079608664705,0.5
0.182073566977838,0,1.19797945185502,0.000215410570653358,0.5
0.179585354121908,0,1.19647351268508,0.00021283059177078,0.5
0.177030873784682,0,1.19494711617798,0.000210191618937767,0.5
0.174778239689171,0,1.19352036107432,0.000207672286862754,0.5
0.17236424163963,0,1.19204232657862,0.000205061450367773,0.5
0.170030458469115,0,1.19059169181771,0.000202466806943231,0.5
0.168215323976743,0,1.18931077035483,0.000200087795075985,0.5
0.166146207366941,0,1.18794844355602,0.000197587796072625,0.5
0.164662733932575,0,1.1867779360421,0.000195335733485045,0.5
0.162941990653205,0,1.18553145035544,0.000192979499506984,0.5
0.161510780139255,0,1.18438028702496,0.000190737821853038,0.5
0.16001424656506,0,1.18320888630344,0.000188465020495499,0.5
0.158781404081693,0,1.18212478378594,0.000186309214842243,0.5
0.157302098726382,0,1.1809611346824,0.000184037410194902,0.5
0.156200562601475,0,1.17992203977039,0.00018193414874162,0.5
0.155140882177705,0,1.17889763862662,0.000179853587132723,0.5
0.153577468447053,0,1.17770983899328,0.000177545272107667,0.5
0.152606348208566,0,1.17671656201568,0.0001754972628906,0.5
0.151418484929189,0,1.17565335967681,0.000173359244645633,0.5
0.150467101692498,0,1.17466836149038,0.000171321501458636,0.5
0.149457157250923,0,1.17366544804156,0.000169268007141762,0.5
0.148643591648835,0,1.17272740495341,0.000167297198290845,0.5
0.148172382365798,0,1.1719017721154,0.000165476762662572,0.5
0.14762326704031,0,1.17105203846937,0.00016363832885773,0.5
0.147821255863727,0,1.17044667377191,0.000162117091103663,0.5
0.14780591713527,0,1.16977261252395,0.000160526267066171,0.5
0.148034332500274,0,1.16917873530661,0.000159039547106383,0.5
0.148089488562482,0,1.16852913871114,0.0001574959878997,0.5
0.148255837100756,0,1.16791704156357,0.000156011516245843,0.5
0.1487874806675,0,1.16742424213961,0.000154682885928548,0.5
0.149296618219844,0,1.16692506253995,0.000153364754907214,0.5
0.149994091749152,0,1.16648820744669,0.000152136797754513,0.5
0.150663367841726,0,1.16604292072395,0.000150914146042248,0.5
0.151146930831646,0,1.16553814790505,0.000149632000299378,0.5
0.151739308856782,0,1.16506954564664,0.000148403400581073,0.5
0.152306430895658,0,1.1645938038627,0.000147183136150563,0.5
0.153478431172864,0,1.16431618510106,0.000146219676387253,0.5
0.154436373792971,0,1.16396917340037,0.0001451898784075,0.5
0.155783615296524,0,1.16375012541864,0.000144329186615826,0.5
0.156940999273389,0,1.16346963591821,0.00014341301937102,0.5
0.158265229770392,0,1.16324473503185,0.000142579813214671,0.5
0.159414529950526,0,1.16296311888005,0.00014169226782003,0.5
0.160338893547239,0,1.16260962767106,0.000140733961478492,0.5
0.161254418044078,0,1.16225369225835,0.00013977948613729,0.5
0.16234291526957,0,1.16195503765726,0.000138907743261385,0.5
0.163377987469326,0,1.16163950389174,0.000138027543377377,0.5
0.164356497351639,0,1.1613067059545,0.000137139400471948,0.5
0.165619705149435,0,1.16106730679713,0.000136372608510301,0.5
0.167061033236323,0,1.16088653779651,0.000135691265800946,0.5
0.168501522368438,0,1.16070616872949,0.000135024499042621,0.5
0.169797740222882,0,1.1604796253098,0.000134315938887815,0.5
0.170991462994129,0,1.16022060856009,0.000133579988194836,0.5
0.172543952416787,0,1.1600791613747,0.00013299392900635,0.5
0.173822617735851,0,1.15984942138411,0.00013232166939511,0.5
0.175428330340389,0,1.15972692907643,0.000131782131322945,0.5
0.176944373201301,0,1.15957616862094,0.00013122867081393,0.5
0.178668465720664,0,1.15949382454904,0.000130764784992783,0.5
0.180311327523984,0,1.15938574312019,0.000130286970067627,0.5
0.18233001115643,0,1.15940090577729,0.000129965807340351,0.5
0.18414117232669,0,1.15934907775415,0.000129585250648231,0.5
0.186054076665589,0,1.15933114825954,0.000129253729336391,0.5
0.188163821383626,0,1.15937828452844,0.000129016395421882,0.5
0.190132919443436,0,1.15937986607059,0.000128739705156743,0.5
0.19231393408653,0,1.15945121093944,0.000128556462648211,0.5
0.194406194528116,0,1.15949438248473,0.000128358383122259,0.5
0.196574105644358,0,1.15956307807036,0.000128202704092927,0.5
0.19901778910559,0,1.15972194771192,0.000128167256387217,0.5
0.201812718781571,0,1.15999547007442,0.000128284608382408,0.5
0.204254824941538,0,1.16015479248088,0.000128289783811856,0.5
0.206724068743108,0,1.16032387706124,0.000128316951690503,0.5
0.209278034732958,0,1.16052100453028,0.000128393717429769,0.5
0.211468287642612,0,1.16060004424948,0.000128345270656143,0.5
0.214175797922973,0,1.16084808562593,0.000128503035810224,0.5
0.216481500184292,0.00191067536709315,1.16096621661442,0.00012853229677565,0.5
0.225746419311066,0.00543975641071956,1.16402570084976,0.000132969344118624,0.5
0.234246902732707,0.00825406389732998,1.16683022536836,0.000137258760652323,0.5
0.243754120846972,0.0112840702942241,1.170050813654,0.000142196974598156,0.5
0.254380085657116,0.0140540663944542,1.17379029878657,0.000148068707461888,0.5
0.265857850410204,0.0169395206284453,1.17788976608127,0.000154598748970031,0.5
0.285036254056229,0.0206926018954489,1.1852654244401,0.000166247158381368,0.5
0.300469483586465,0.0230870786825754,1.1911537464107,0.000176056378225575,0.5
0.324928937918923,0.0192202337248546,1.20162962051284,0.00019392983392693,0.5
0.34510599939528,0.0249169188498496,1.20926046882214,0.000206662450114913,0.5
0.362692921156268,0.016845520425883,1.21717023344616,0.00022149810561064,0.5
0.384823639567449,0.0255176615665076,1.22535655268945,0.000235199464418836,0.5
0.401040631804805,0.0135327266873528,1.23308160755428,0.000250564836728297,0.5
0.423533232208302,0.0218517592750881,1.24147078524495,0.000265192389396571,0.5
0.436055209107163,0.00372035679558865,1.24822053668466,0.000279817979801923,0.5
0.43839968230426,0.0117174839279072,1.24785033907324,0.000280427178336635,0.5
0.469100189355973,0.0113363737222055,1.26072011106323,0.000303558011340434,0.5
0.481176742617807,0.00954628980623703,1.26561621556444,0.000314492763496552,0.5
0.494824629460651,0.0084217408804845,1.27112475247117,0.00032598104187958,0.5
0.507975891724056,0.00688440638478329,1.27646293547498,0.000337521205080824,0.5
0.51343012234881,0.00355694699449003,1.27862399651431,0.00034386131473815,0.5
0.51620817619969,0,1.27966214534518,0.000348190589557278,0.5
0.502085799673909,0,1.27367972031956,0.000340675376950658,0.5
0.501513526623186,0,1.27325026212548,0.000342021510966474,0.5
0.495995945876518,0,1.27080460542214,0.000340172998360819,0.5
0.491167710854783,0,1.26858603031183,0.000338412077332298,0.5
0.486530773602005,0,1.26643085553851,0.000336668261242912,0.5
0.482328765508664,0,1.26441875108175,0.000335053653998802,0.5
0.47815064420212,0,1.26241539107171,0.000333289943862511,0.5
0.474371044862082,0,1.2605430818286,0.000331648406418757,0.5
0.470833404225326,0,1.2587508709084,0.000330041913319857,0.5
0.467279667764286,0,1.25695446433746,0.000328290576267668,0.5
0.464086555608573,0,1.25527711478413,0.000326683358184509,0.5
0.461134352279793,0,1.25367906880653,0.000325105909121757,0.5
0.458264990255631,0,1.25210913610548,0.000323481074511483,0.5
0.455702303518288,0,1.25063999038319,0.000321944120787616,0.5
0.453322923196503,0,1.24923150806978,0.000320430994072757,0.5
0.451037333308848,0,1.24785465153033,0.000318895203013777,0.5
0.448920798406712,0,1.24653380201077,0.000317382085526061,0.5
0.446940193066289,0,1.2452581782201,0.000315878763758094,0.5
0.445092302999994,0,1.24402671738978,0.000314386671075037,0.5
0.443645797303037,0,1.24292695786566,0.00031308395055439,0.5
0.442349230677516,0,1.24187653243475,0.000311790769663415,0.5
0.440950169238332,0,1.24079400848704,0.000310401970489312,0.5
0.439916042024572,0,1.23983085979735,0.000309158988458134,0.5
0.438732420956591,0,1.23881996797119,0.000307784836690686,0.5
0.437900492389483,0,1.23792428123272,0.000306563972617467,0.5
0.437182908941089,0,1.2370667543653,0.000305382680258553,0.5
0.436605750355719,0,1.23625554015627,0.000304230698944028,0.5
0.436041912035907,0,1.23544937006048,0.00030304585250089,0.5
0.435746397930608,0,1.23473147325993,0.000301997016712934,0.5
0.435305719946866,0,1.23396715593151,0.000300835920847315,0.5
0.435066460192582,0,1.23326908661351,0.000299755714778339,0.5
0.434872110252193,0,1.23258640051937,0.000298679334595539,0.5
0.43475431277367,0,1.23192937552435,0.000297621412820768,0.5
0.380404846552642,0,1.23121992806503,0.000298670048010898,0.5
0.4000216517311,0,1.22439094827597,0.000284377814231077,0.5
0.384270997068386,0,1.22238617584841,0.000281080993389047,0.5
0.375634978499862,0,1.21877904115995,0.000274274077660457,0.5
0.36768081324695,0,1.21540376343672,0.000267809771949649,0.5
0.360207080875815,0,1.21218602712808,0.000261579951094227,0.5
0.353104476899503,0,1.20909169728206,0.000255533634844832,0.5
0.346249598222991,0,1.20608027871208,0.00024959320900029,0.5
0.339772635945157,0,1.20319447215611,0.000243851310586478,0.5
0.333303637214165,0,1.20031343843545,0.000238097686754254,0.5
0.327341239511308,0,1.19759960152125,0.000232597822164164,0.5
0.3218989825191,0,1.19505743026662,0.000227369529421747,0.5
0.316539214970589,0,1.19254437106118,0.000222189354224171,0.5
0.258010578732671,0,1.1901381130407,0.000219350607528585,0.5
0.272902599211637,0,1.18176169343315,0.000202466182367733,0.5
0.252760209111038,0,1.17814421646287,0.00019585836867899,0.5
0.239942950220835,0,1.17303546121235,0.000186117046794399,0.5
0.228064363845371,0,1.16824493060528,0.000176957840470936,0.5
0.216544840404328,0,1.16357373596787,0.000167990256589806,0.5
0.205463235802949,0,1.15904891590771,0.000159272222258137,0.5
0.194809274401909,0,1.15466716486223,0.000150802345230949,0.5
0.184726183519542,0,1.15047510462014,0.000142637908470414,0.5
0.174942512356116,0,1.14638434884908,0.000134671815134111,0.5
0.16585135978767,0,1.14252241959966,0.000127044048233502,0.5
0.12132705898933,0,1.13876356734285,0.000121078244045806,0.5
0.126850311187841,0,1.13134395869786,0.000107004308398502,0.5
0.10879945181717,0,1.12705050134327,9.92039751163695e-05,0.5
0.0961322701112105,0,1.12192228508813,8.97178065952611e-05,0.5
0.0841580304530885,0,1.11703024655687,8.06936512995359e-05,0.5
0.0728270846106083,0,1.11235129246381,7.1988029456587e-05,0.5
0.0618468738728979,0,1.10779101139238,6.35322029389272e-05,0.5
0.00315550880956718,0,1.10345668527547,5.73916041425271e-05,0.5
0.0126858780666624,0,1.0943311975541,4.12491506888766e-05,0.5
0,0,1.08943824059343,3.30136718345515e-05,0.5
0,0,1.08334773608704,2.25459067673762e-05,0.5
0,0,1.07775691704557,1.28489929801724e-05,0.5
0,0,1.07237036881283,3.46655991649469e-06,0.5
0,0,1.06726432799513,-5.51200588653317e-06,0.5
0,0,1.06233281105371,-1.41564787504643e-05,0.5
0,0,1.05757894991083,-2.22430949083118e-05,0.5
0,0,1.0524979821844,-3.11066099647702e-05,0.5
0,0,1.04806890243928,-3.39044828884464e-05,0.5
0,0,1.0319256030412,-5.93565956320758e-05,0.5
0,0,1.0258570146143,-6.71605015874892e-05,0.5
0,0,1.01620026697932,-8.09632679256429e-05,0.5
0,0,1.00781729832476,-9.29344943943254e-05,0.5
0,0,0.999535240887077,-0.000104633459456828,0.5
0,0,0.991846051094455,-0.000115706377055041,0.5
0,0,0.984571470205456,-0.000126203566634753,0.5
0,0,0.977609833689044,-0.000136237180808596,0.5
0,0,0.970883355989993,-0.000145773966300848,0.5
0,0,0.964534974548102,-0.000154865382091756,0.5
0,0,0.958525304798886,-0.000163529758521707,0.5
0,0,0.95273521932567,-0.000171777120655487,0.5
0,0.000754032930431916,0.947431291955952,-0.000179650316213868,0.5
0,0.0156406121780339,0.943747568992543,-0.000185235805276952,0.5
0,0.029019671477952,0.94434617693997,-0.000185202424013104,0.5
0,0.042364289675298,0.944007403970627,-0.00018641630943284,0.5
0,0.0554134488917225,0.945156963397975,-0.000185634765620295,0.5
0,0.0661208778878124,0.951189079888682,-0.000178445403168069,0.5
0,0.0750040317872926,0.959514547836175,-0.000168060374319721,0.5
0,0.0823416842144255,0.971161815737116,-0.000153156636054354,0.5
0,0.0740985260123442,0.981497047967064,-0.00013574188041633,0.5
0,0.0828612236589169,0.991983631803825,-0.000122897209875081,0.5
0,0.0531778633917524,1.0006573641732,-0.000102470482189706,0.5
0,0.0612940856031076,1.01149202583381,-8.9533527179239e-05,0.5
0,0.0390554807460493,1.0201999673089,-7.136965438408e-05,0.5
0,0.0604815596474461,1.0314524036198,-6.07081762824658e-05,0.5
0,0.00520918829638345,1.03767078220491,-3.86918589311332e-05,0.5
0,0.0445680306203991,1.02938886214612,-6.05111426198329e-05,0.5
0,0,1.05046154271868,-1.83921812439245e-05,0.5
0,0.0250181575128267,1.02221000373225,-6.77671595658799e-05,0.5
0,0.0227317088646886,1.04769057153906,-2.95698541758714e-05,0.5
0,0.022484685806577,1.04498562420651,-3.40663634611396e-05,0.5
0,0.0263581348087268,1.04993539727509,-2.79330992525543e-05,0.5
0,0.0281609827597245,1.06256121708181,-1.01808684128694e-05,0.5
0,0.0191759128838597,1.07015472371976,2.68211288153751e-06,0.5
0,0.0271732184318487,1.07578183696433,8.88813394187736e-06,0.5
0,0.0258917860499215,1.08633007713943,2.46453419151079e-05,0.5
0,0.0250214562030601,1.08992098295338,2.98375298612432e-05,0.5
0,0.0250328577865735,1.09987287502489,4.4478288053397e-05,0.5
0,0.0190033153644485,1.10829947287501,5.81583051063137e-05,0.5
0,0.0203919136655207,1.11315688048831,6.48828998766792e-05,0.5
0,0.0176743365652087,1.12159804254295,7.80439369953301e-05,0.5
0,0.0148097793726016,1.12880418211971,8.93819656802114e-05,0.5
0,0.0112284174824571,1.13302075449636,9.61647340914099e-05,0.5
0,0.00646792672166605,1.13299008174949,9.63803486786786e-05,0.5
0,0.00161129977749194,1.13087809893596,9.32746286287515e-05,0.5
0,0,1.12200044708514,7.97668970219396e-05,0.5
0,0,1.10957504159137,6.07268820547222e-05,0.5
0,0,1.10228759870199,4.95842697830178e-05,0.5
0,0,1.09308198181708,3.54001263588613e-05,0.5
0,0,1.0844375048936,2.20479810883772e-05,0.5
0,0,1.07611641075984,9.1689055948414e-06,0.5
0,0,1.06817954762229,-3.16187980084435e-06,0.5
0,0,1.06059410979406,-1.49858402413914e-05,0.5
0,0,1.05321112242273,-2.63895244249192e-05,0.5
0,0,1.04617134057136,-3.73043737184917e-05,0.5
0,0,1.03961249411796,-4.77144258613652e-05,0.5
0,0,1.03320700051812,-5.77328341494336e-05,0.5
0,0,1.02721371705653,-6.73191447747871e-05,0.5
0,0.000358756755422244,1.02142974838301,-7.65256186733936e-05,0.5
0,0.00623599167227491,1.01935336851377,-8.05923514269487e-05,0.5
0,0.0111350459280115,1.02543624982673,-7.29673709606917e-05,0.5
0,0.0151867062574193,1.02928882371942,-6.82537925540924e-05,0.5
0,0.0194799155554823,1.03548524321349,-6.024130521863e-05,0.5
0,0.0228819650313997,1.04319529720917,-4.97875416445773e-05,0.5
0,0.0257181033467977,1.0545431547377,-3.38970707132289e-05,0.5
0,0.0212513761337754,1.06238306866484,-2.1237957850708e-05,0.5
0,0.00949791849299551,1.070598260689,-6.60114284102539e-06,0.5
0,0.0210472191698732,1.07341870423572,-5.05253798621597e-06,0.5
0,0,1.08508781603163,1.90050880151828e-05,0.5
0,0.00529038313951322,1.06206177252224,-1.9766359218043e-05,0.5
0,0.00465050494100897,1.08060479913393,8.57851799056959e-06,0.5
0,0.0019445356449575,1.0770389815622,3.42369987695216e-06,0.5
0,0.00232543100999899,1.07245724789004,-3.75936582098939e-06,0.5
0,0.0032033896054018,1.07339522013655,-2.67413832476646e-06,0.5
0,0.00350655626973265,1.07394734548247,-2.10366355843889e-06,0.5
0,0.00397451861807561,1.07409327451089,-2.15827352675414e-06,0.5
0,0.00424037749460001,1.07506279216394,-9.04816780817559e-07,0.5
0,0.00423556382128354,1.07468016092657,-1.62024645945788e-06,0.5
0,0.00448626264328938,1.0764969113375,9.11586885074068e-07,0.5
0,0.00483411570720661,1.07771877962915,2.50570435731436e-06,0.5
0,0.00501325827564376,1.07948325720921,4.97728103769376e-06,0.5
0,0.00510461434249063,1.0812429923931,7.45564105942483e-06,0.5
0,0.00478519685727014,1.082979746021,1.00089107431293e-05,0.5
0,0.00458398216390633,1.08287435150783,9.72141434772892e-06,0.5
0,0.00428126183978736,1.08382994118549,1.10848026869208e-05,0.5
0,0.00439487254827587,1.08430149962532,1.1581598139942e-05,0.5
0,0.00442438224384661,1.08521499413646,1.27908731084609e-05,0.5
0,0.00442644422716202,1.08731845752547,1.58126853947914e-05,0.5
0,0.00420264032687211,1.0884711991635,1.7443670326543e-05,0.5
0,0.00409323322613606,1.09092389413522,2.10290564826531e-05,0.5
0,0.00364577382324411,1.09245881338657,2.32994927023585e-05,0.5
0,0.00275347323942076,1.09336823607267,2.47140466205913e-05,0.5
0,0.00180018616430257,1.09295516091103,2.40957349576249e-05,0.5
0,0.000662896940557301,1.09124442771542,2.1529111757495e-05,0.5
0,0,1.0866750237483,1.47083441472836e-05,0.5
0,0,1.07818866456517,2.01495277661643e-06,0.5
0,0,1.07382606708485,-4.69661180886514e-06,0.5
0,0,1.06802555212882,-1.35202019597899e-05,0.5
0,0,1.06258253018271,-2.19149877086881e-05,0.5
0,0,1.05740857998643,-3.00168769590972e-05,0.5
0,0.00085450899226297,1.05227775343352,-3.7917332923918e-05,0.5
0,0.00343707340306667,1.05459260058863,-3.51517506549038e-05,0.5
0,0.00545904617100987,1.05775589916006,-3.10597120056386e-05,0.5
0,0.00756567095651678,1.06177622258553,-2.56696690512355e-05,0.5
0,0.0100887626922352,1.06779216331827,-1.74149259664203e-05,0.5
0,0.0120329338163323,1.07533989637238,-6.64006785255739e-06,0.5
0,0.0137423376762897,1.08344401217227,5.13064895843129e-06,0.5
0,0.015186751880541,1.0923789180689,1.83396203774878e-05,0.5
0,0.012795644965346,1.1006786787004,3.15421532703582e-05,0.5
0,0.0118806683459215,1.10897979582474,4.44899622245571e-05,0.5
0,0.00528766861044273,1.11686925807626,5.80692788072379e-05,0.5
0,0.00779563604490539,1.11758025725754,5.86485999079852e-05,0.5
0,0.00648200783653631,1.12792337131017,7.50603604552356e-05,0.5
0,0.0036373179699712,1.12927585065224,7.7869951498386e-05,0.5
0,0.000712585601719577,1.12920368405743,7.81968567691078e-05,0.5
0,0,1.12312244720442,6.93248400664039e-05,0.5
0,0,1.11532604609182,5.77063318001761e-05,0.5
0,0,1.1108439975118,5.10500902157401e-05,0.5
0,0,1.10488997917224,4.210094400399e-05,0.5
0,0,1.09933415133415,3.35852770445159e-05,0.5
0,0,1.09386895677,2.5231806148552e-05,0.5
0,0,1.08869376707677,1.71855144448588e-05,0.5
0,0,1.08358488397673,9.30315064615145e-06,0.5
0,0,1.07878193362804,1.72866874603577e-06,0.5
0,0,1.07427155077275,-5.54536313593476e-06,0.5
0,0,1.06985679533384,-1.26375925351434e-05,0.5
0,0,1.0656585988909,-1.94859373036947e-05,0.5
0,0,1.06174463263878,-2.60435988115268e-05,0.5
0,0,1.05778287053338,-3.24970536747339e-05,0.5
0,0,1.05403002381092,-3.87100090469746e-05,0.5
0,0,1.05045919342182,-4.47143320926383e-05,0.5
0,0,1.0470214456413,-5.05262227918607e-05,0.5
0,0.000648652955608428,1.04373127809209,-5.61469385625389e-05,0.5
0,0.00513472438176607,1.04535754968573,-5.48789571328813e-05,0.5
0,0.00936029165679553,1.05348502354716,-4.41619845220061e-05,0.5
0,0.0131389167538085,1.06072162716035,-3.4414320291639e-05,0.5
0,0.0135720400215751,1.07136519871422,-1.8825768424572e-05,0.5
0,0.0134235542454202,1.07926130097199,-6.92247476783864e-06,0.5
0,0.00500269150557123,1.08758627004489,7.42209541842902e-06,0.5
0,0.01410590666389,1.08953795586602,8.41176609362451e-06,0.5
0,0,1.1010999229055,3.33818465944231e-05,0.5
0,0,1.08378564825736,2.36226943363185e-06,0.5
0,0,1.08535210054885,6.07585064578919e-06,0.5
0,0,1.0809772325431,-7.77484648627814e-07,0.5
0,0,1.07709178811524,-6.85747353711728e-06,0.5
0,0,1.0734027044494,-1.28107052544918e-05,0.5
0,0,1.06985714623872,-1.85708300703757e-05,0.5
0,0,1.06642488621071,-2.41732087123562e-05,0.5
0,0.00105214942256742,1.06314203717672,-2.9594752617267e-05,0.5
0,0.00456931153631473,1.06680728311059,-2.50709138485374e-05,0.5
0,0.00782586161170661,1.07292702005359,-1.68074056696506e-05,0.5
0,0.0108424747590836,1.07968514243807,-7.38903167479909e-06,0.5
0,0.0137325651498656,1.08818507806411,4.77676510322797e-06,0.5
0,0.0156864805974011,1.09773421980916,1.89220435636402e-05,0.5
0,0.000895882860220459,1.1046938260023,3.28236542622282e-05,0.5
0,0.00947924510014737,1.09622279926792,1.79734281030757e-05,0.5
0,0.0114205565711602,1.11588548648401,4.76076860690507e-05,0.5
0,0.000406238460260793,1.12057261414889,5.76940154446703e-05,0.5
0,0.00290567848083183,1.10968610841563,4.00923009927873e-05,0.5
0,0.00446374191345217,1.1224072392678,5.95478835582509e-05,0.5
0,0.00354275499717837,1.12712269044226,6.74390788196223e-05,0.5
0,0.00279386562471307,1.12960388194316,7.16098124772573e-05,0.5
0,0.00169353785844026,1.13230849020073,7.62247081446598e-05,0.5
0,0,1.1325452979816,7.70870270801945e-05,0.5
0,0,1.12275818947885,6.26286696215587e-05,0.5
0,0,1.12121365945522,6.03692439098113e-05,0.5
0,0,1.11683425190227,5.39363541002794e-05,0.5
0,0,1.11271994460851,4.77538633419539e-05,0.5
0,0,1.10865929008915,4.16523266493888e-05,0.5
0,0,1.10483642347024,3.5769159838049e-05,0.5
0,0,1.10119589144051,3.00694739898274e-05,0.5
0,0,1.09764199892452,2.44898279664594e-05,0.5
0,0,1.0942577890963,1.90755060765388e-05,0.5
0,0,1.09100381294706,1.3811229322244e-05,0.5
0,0,1.08800516051569,8.77470082653732e-06,0.5
0,0,1.08503780299757,3.82614853192292e-06,0.5
0,0,1.08222329170124,-9.65114249286169e-07,0.5
0,0,1.07944287069187,-5.65472976146499e-06,0.5
0,0,1.07683442205387,-1.01843168153235e-05,0.5
0,0,1.07437540423078,-1.45523116108727e-05,0.5
0,0,1.07191225278882,-1.88502723521513e-05,0.5
0,0.00218267911947938,1.0696758495724,-2.29569344807886e-05,0.5
0,0.00716217600382616,1.07842647718334,-1.12880298232124e-05,0.5
0,0.0110761690345755,1.08972233390587,4.75574421999249e-06,0.5
0,0,1.09566959431309,1.80022865300928e-05,0.5
0,0.00546017233506182,1.08240080594481,-5.27375241936817e-06,0.5
0,0.00836555267832264,1.10543505502278,2.87087366242081e-05,0.5
0,0,1.10985366320969,3.79141175360373e-05,0.5
0,0.00215012517914399,1.09523347176022,1.47706664839033e-05,0.5
0,0.00642593771676989,1.11084506098582,3.76415358154977e-05,0.5
0,0.00772036789053528,1.12069245154754,5.29369062498286e-05,0.5
0,0.00911545421984792,1.12735050254014,6.33239236931347e-05,0.5
0,0.00419234094102568,1.13547997850977,7.72707678413821e-05,0.5
0,0.00762035132618497,1.13782417903544,8.06583985330735e-05,0.5
0,0.00839783814440076,1.14849545560344,9.76768273332701e-05,0.5
0,0.00826414757774408,1.15567798077383,0.000109801213408554,0.5
0,0.00780161057072406,1.16274425579621,0.000121757718216216,0.5
0,0.00705226158363483,1.16948041733856,0.000133405530456311,0.5
0,0.00587251114097922,1.17549108190712,0.000144064950398416,0.5
0,0.00398139155154875,1.18020650608656,0.000152806847639757,0.5
0,0.000614382922256421,1.18238734602794,0.000157630914950713,0.5
0,0,1.17626969157588,0.000149205615625041,0.5
0,0,1.17118227551354,0.000142111643288249,0.5
0,0,1.16791141499318,0.00013786610352455,0.5
0,0,1.16350950476954,0.000131716054004196,0.5
0,0,1.15937349993351,0.000125800247897091,0.5
0,0,1.15527766261363,0.000119891865178521,0.5
0,0,1.1513201406586,0.000114098361276396,0.5
0,0,1.14754868424163,0.000108475209597729,0.5
0,0,1.14390212777871,0.000102964520559403,0.5
0,0,1.14039419559036,9.75823845280657e-05,0.5
0,0,1.1371339814821,9.24407935059907e-05,0.5
0,0,1.13385573403917,8.72871780518921e-05,0.5
0,0,1.13083133894015,8.2376541371551e-05,0.5
0,0,1.12797953585274,7.7643651550242e-05,0.5
0,0,1.12522734541975,7.30183612260891e-05,0.5
0,0,1.1225082482241,6.84442249268241e-05,0.5
0,0,1.11994935035485,6.40335288867401e-05,0.5
0,0,1.11757666114042,5.98182839955598e-05,0.5
0,0,1.11522318903236,5.5648813432353e-05,0.5
0,0,1.11298771152922,5.16091187957729e-05,0.5
0,0,1.11083809699723,4.76774305041091e-05,0.5
0,0,1.10877387136364,4.38515316321094e-05,0.5
0,0,1.10677697098139,4.01249239139765e-05,0.5
0,0,1.10481099689957,3.64583178379793e-05,0.5
0,0,1.1029632142167,3.29234529732918e-05,0.5
0,0,1.10093690784862,2.9301645497168e-05,0.5
0,0,1.09916599819169,2.58991584775883e-05,0.5
0,0,1.0974650173757,2.25996757010958e-05,0.5
0,0,1.09579506229862,1.93637872867893e-05,0.5
0,0,1.09408842468317,1.61471227640674e-05,0.5
0,0,1.09265728457048,1.31602009615652e-05,0.5
0,0,1.09128885015989,1.02712348819638e-05,0.5
0,0,1.08992461498211,7.43022689927239e-06,0.5
0,0,1.08864668088821,4.69239579322556e-06,0.5
0,0,1.08742247053534,2.03941894539858e-06,0.5
0,0,1.0862525565173,-5.31236659494619e-07,0.5
0,0,1.085134605779,-3.02091399639895e-06,0.5
0,0,1.08412742420724,-5.39368693883641e-06,0.5
0,0,1.08306231882537,-7.75127247783188e-06,0.5
0,1.96676772653206e-05,1.08222679452297,-9.92699777079911e-06,0.5
0,0.00348546788974285,1.0818684968057,-1.12070366459238e-05,0.5
0,0.00909414539456052,1.08944652208581,-1.28911577967376e-06,0.5
0,0.0133708081193025,1.09649535175382,8.48038018084257e-06,0.5
0,0.0184310373752723,1.10709237274927,2.34846224228501e-05,0.5
0,0.0133961516499956,1.11506328565748,3.70302111842918e-05,0.5
0,0.0236269650010541,1.12382687765823,4.86339640738789e-05,0.5
0,0,1.13093081291435,6.62085614359942e-05,0.5
0,0.0121089114058395,1.12011657802645,4.57323340654939e-05,0.5
0,0.0116304372913498,1.14374178568869,8.2494233828982e-05,0.5
0,0.0117171840602147,1.14735457744182,8.94306451608024e-05,0.5
0,0.00466889049211372,1.15542492542627,0.000103764934114203,0.5
0,0.0105018460430491,1.1581799101044,0.000107836407119334,0.5
0,0,1.16917833113129,0.000129524950428893,0.5
0,0,1.15517087725661,0.000106594459848638,0.5
0,0,1.15731091874771,0.000111057176613882,0.5
0,0,1.15438360496682,0.000107367081008422,0.5
0,0,1.15194351475193,0.000104070598121917,0.5
0,0,1.1495882714533,0.000100852758918157,0.5
0,0,1.14732741489371,9.76913089020864e-05,0.5
0,0,1.14514001618888,9.4577411520175e-05,0.5
0,0,1.1429946635005,9.14816633456194e-05,0.5
0,0,1.14103051721636,8.85441930808552e-05,0.5
0,0,1.13897562176796,8.55073485057329e-05,0.5
0,0,1.13704235740273,8.25685817937247e-05,0.5
0,0,1.13519639773219,7.97078502818148e-05,0.5
0,0,1.13341162983026,7.68984581173603e-05,0.5
0,0,1.13164155771596,7.4099803427815e-05,0.5
0,0,1.12998287155366,7.14013594568186e-05,0.5
0,0,1.12837622937683,6.87548217007627e-05,0.5
0,0,1.12683529547247,6.61709330384382e-05,0.5
0,0,1.12552785569508,6.38017659952123e-05,0.5
0,0,1.1241505856219,6.13887116653454e-05,0.5
0,0,1.12281659584804,5.9018788647958e-05,0.5
0,0,1.12167784872184,5.68376816419204e-05,0.5
0,0,1.12044308192387,5.4592156640817e-05,0.5
0,0,1.1193290046395,5.24591552110618e-05,0.5
0,0,1.11824617082057,5.03751647750075e-05,0.5
0,0,1.11721192992125,4.83485488504155e-05,0.5
0,0.000474425959844992,1.11616517156132,4.63318736045631e-05,0.5
0,0.0034098702259615,1.11896682970676,5.0006303629994e-05,0.5
0,0.00681276534937177,1.1253676527982,5.92251345604293e-05,0.5
0,0.00987583642581271,1.13220970610149,6.94082701711693e-05,0.5
0,0.0131428595022236,1.14040814256628,8.18134838197831e-05,0.5
0,0.0157677771553007,1.14980925992774,9.64715734532342e-05,0.5
0,0.0111502106805007,1.15742985181824,0.000109886417106224,0.5
0,0.0176961623561167,1.16490824569349,0.000121187085279688,0.5
0,0.00627744208463792,1.17338352023187,0.000137394000936062,0.5
0,0.0132538527183018,1.1756545243311,0.000140661542021444,0.5
0,0.00379488242079502,1.18743559570467,0.000161921165624904,0.5
0,0.00696418408023631,1.18633264325909,0.000160729354822645,0.5
0,0.00735983723690408,1.19837804493676,0.00018101721221647,0.5
0.0134642980799235,0.0061307942621761,1.20435169401571,0.000192432299628933,0.5
0.0266616514333853,0.00502276132955244,1.20977047037338,0.000202673453207001,0.5
0.0462888624615861,0.00463051759580521,1.21793050712527,0.000217554315806631,0.5
0.0598536548947831,0.00261664029358985,1.22361239809561,0.000228799477153001,0.5
0.0638891908646465,0,1.22533675435167,0.00023358846118167,0.5
0.0400738865151061,0,1.21549668368869,0.000219343021678737,0.5
0.0402504197297788,0,1.21546794505629,0.000220607697602284,0.5
0.0314222950105363,0,1.21180955990966,0.000216246086879452,0.5
0.0234608391166337,0,1.20843839269623,0.000212002047440991,0.5
0.0157411851225015,0,1.20514773409282,0.000207813268951979,0.5
0.00855546825083773,0,1.20203323137478,0.000203763083471493,0.5
0.00155697368552889,0,1.19898168488831,0.000199707244509428,0.5
0,0,1.1959982965741,0.000195656053088429,0.5
0,0,1.19310311073073,0.000191646565311674,0.5
0,0,1.19028127679361,0.000187664171799072,0.5
0,0,1.18742823816305,0.000183571305701647,0.5
0,0,1.18472029565614,0.00017961101671522,0.5
0,0,1.18222034720298,0.000175870747727246,0.5
0,0,1.17971270847525,0.000172076991611294,0.5
0,0,1.17730789224347,0.000168368440425996,0.5
0,0,1.17494120661263,0.000164674567995539,0.5
0,0,1.17253522482464,0.000160896841154704,0.5
0,0,1.17031065399055,0.000157314935805402,0.5
0,0,1.1682281947917,0.000153887393092333,0.5
0,0,1.16618462853307,0.000150486959084,0.5
0,0,1.1641562005833,0.000147088039606823,0.5
0,0,1.16229591473103,0.000143875527227833,0.5
0,0,1.16055401224075,0.000140796451057075,0.5
0,0,1.15881140195673,0.000137711147929015,0.5
0,0,1.15724819812087,0.000134827479740077,0.5
0,0,1.15561864579733,0.000131872814324288,0.5
0,0,1.15416136067518,0.000129109259031513,0.5
0,0,1.15259712877169,0.000126235852946064,0.5
0,0,1.15112635741971,0.00012346447524049,0.5
0,0,1.14975923659336,0.000120817656140369,0.5
0,0,1.14829431305261,0.000118073404886227,0.5
0,0,1.14702185080847,0.000115540302636408,0.5
0,0,1.14578263141004,0.000113060310252138,0.5
0,0,1.14445896151805,0.000110501196089113,0.5
0,0,1.14327186401555,0.000108094214442258,0.5
0,0,1.14214199978213,0.000105766912971633,0.5
0,0,1.14101395840189,0.000103456573437707,0.5
0,0,1.13989271372312,0.000101167144151797,0.5
0,0,1.1388478246877,9.89712644338048e-05,0.5
0,0,1.1378823587521,9.68741388426641e-05,0.5
0,0,1.13695738385841,9.48390388145921e-05,0.5
0,0,1.13610460922843,9.28932299996352e-05,0.5
0,0,1.13520202337317,9.09207531922235e-05,0.5
0,0,1.13433253951282,8.89971992440058e-05,0.5
0,0,1.13346774554528,8.70992632583638e-05,0.5
0,0,1.13260948372404,8.52260983678173e-05,0.5
0,0,1.13186449001625,8.34803831317681e-05,0.5
0,0,1.13109781519684,8.17378608449069e-05,0.5
0,0,1.13037622158514,8.00555996676992e-05,0.5
0,0,1.12968289390458,7.84221812889712e-05,0.5
0,0,1.1290722962678,7.68869021115141e-05,0.5
0,0,1.1283947773135,7.53133323944807e-05,0.5
0,0,1.1277443082391,7.37814686090583e-05,0.5
0,0,1.12703810662933,7.22200935319676e-05,0.5
0,0,1.12642666134545,7.07612893580756e-05,0.5
0,0,1.12592269097604,6.94236705438072e-05,0.5
0,0,1.12541927786543,6.81100321372897e-05,0.5
0,0,1.12492656135619,6.68258327773003e-05,0.5
0,0,1.12452244551695,6.56426561950786e-05,0.5
0,0,1.12409867868281,6.44669143490944e-05,0.5
0,0,1.12370952020419,6.33414000245973e-05,0.5
0,0,1.12344751192078,6.23519291131622e-05,0.5
0,0,1.12312296500479,6.13346226908759e-05,0.5
0,0,1.12289800506111,6.04231962642381e-05,0.5
0,0,1.12264656152844,5.95164403117909e-05,0.5
0,0,1.12235933039053,5.86020971795378e-05,0.5
0,0,1.12228761684548,5.78975913879124e-05,0.5
0,0,1.12209963192942,5.71224119413893e-05,0.5
0,0,1.12212912254816,5.65525683577815e-05,0.5
0,0,1.12204400769319,5.59190695621704e-05,0.5
0,0,1.1219573703766,5.52995625270052e-05,0.5
0,0,1.12186387632183,5.46980873043571e-05,0.5
0,0,1.12186287865873,5.41973616501915e-05,0.5
0,0,1.12176329332578,5.36370820999721e-05,0.5
0,0,1.12167510532049,5.31009473088414e-05,0.5
0,0,1.12167741520008,5.2663771838546e-05,0.5
0,0,1.12169081466995,5.22594953822658e-05,0.5
0,0,1.12179682738509,5.19545252775192e-05,0.5
0,0,1.12178696478684,5.1574902391358e-05,0.5
0,0,1.12185296910718,5.12734141962638e-05,0.5
0,0,1.12191026362792,5.09886272649232e-05,0.5
0,0,1.12192163215931,5.06811903589234e-05,0.5
0,0,1.12198105646712,5.04304529393437e-05,0.5
0,0,1.12196826248909,5.01419683288063e-05,0.5
0,0,1.12201374311836,4.99112624449479e-05,0.5
0,0,1.12199569133769,4.96459577424897e-05,0.5
0,0.00148921878613149,1.12208259915562,4.9480776350799e-05,0.5
0,0.00454581360513483,1.1245605058502,5.28669813720161e-05,0.5
0,0.0075727543877608,1.12714967033755,5.65048463132832e-05,0.5
0,0.0107288643424352,1.13026223923292,6.09427288892271e-05,0.5
0,0.0131734369224563,1.1316215158733,6.29577752306318e-05,0.5
0,0.0160733678188334,1.13459235788185,6.72884304893691e-05,0.5
0,0.0186172834527401,1.13738217589999,7.15193663269213e-05,0.5
0,0.0213997785179457,1.14040368731996,7.60900438929834e-05,0.5
0.00767696773329831,0.023519597597136,1.14344168087419,8.08682646393128e-05,0.5
0.0169418640230723,0.0257663652587159,1.14661692943595,8.58809636773639e-05,0.5
0.0264185028090385,0.0278170007686358,1.14990645459288,9.11625529461645e-05,0.5
0.0448848881694063,0.030960462403817,1.15701290912397,0.000102157380470563,0.5
0.0668775433658648,0.0338937156000863,1.1656897426929,0.000115901200783808,0.5
0.0808477280388058,0.015163138924439,1.17308842113683,0.000131376164790714,0.5
0.101731454237699,0.0195792861620543,1.18113911775726,0.000144124304283315,0.5
0.107298786811305,0,1.18681443527055,0.000159819074966041,0.5
0.0935596384974314,0.00341498440159608,1.17799368896945,0.000143292409172844,0.5
0.130392620071368,0,1.19381137235909,0.000169647898126728,0.5
0.10343619697931,0,1.18223724109153,0.000153652592594294,0.5
0.109241813905065,0,1.18410693758388,0.000156939645241182,0.5
0.10623263908739,0,1.18244178982318,0.000155534681132669,0.5
0.103935528990878,0,1.18101263165835,0.000154126414560589,0.5
0.101603533429449,0,1.17957271819091,0.000152705836441252,0.5
0.099246135657947,0,1.17812592767692,0.000151210852672487,0.5
0.0970852881849113,0,1.17674446962682,0.000149746691409228,0.5
0.0947591236796126,0,1.17530972668068,0.0001481670248731,0.5
0.0928054471586303,0,1.17399790490266,0.000146691731958314,0.5
0.0912168305488239,0,1.17280619639766,0.000145326642223485,0.5
0.0895774380162768,0,1.17159917194122,0.000143906371309193,0.5
0.0881218476860239,0,1.17045297996247,0.000142522586513902,0.5
0.0868281078396411,0,1.1693608989734,0.000141174652882355,0.5
0.0857538125303783,0,1.16834096491492,0.000139884378952205,0.5
0.0848675507934645,0,1.16738356666536,0.000138644822599723,0.5
0.0838866239401826,0,1.16639640238825,0.000137346558246799,0.5
0.0830183776782756,0,1.16544703012752,0.000136069017921795,0.5
0.0823117465122617,0,1.16455118223604,0.000134835740606183,0.5
0.0816782402166832,0,1.16368014578263,0.000133614247651582,0.5
0.0809600558074096,0,1.16278211980912,0.00013234356402037,0.5
0.0803219081083173,0,1.16191128740538,0.000131087553593063,0.5
0.079876925960371,0,1.1611045559351,0.00012989291017418,0.5
0.0794655081288389,0,1.16030945466899,0.000128700287904403,0.5
0.0793069141739625,0,1.15959776061766,0.000127592480448346,0.5
0.0790881470014367,0,1.15886700322985,0.000126455804749326,0.5
0.0790447062823259,0,1.15819472135472,0.000125376245709034,0.5
0.0790164773056936,0,1.1575277313211,0.000124297901434562,0.5
0.0791275657752079,0,1.15690749073662,0.000123266236583442,0.5
0.0792814635853627,0,1.15630178167961,0.000122247833098266,0.5
0.0797928620109071,0,1.15581330542485,0.000121358670646231,0.5
0.0800106652076854,0,1.15522996508436,0.000120364618800842,0.5
0.0804788031033595,0,1.15472905540094,0.000119456528481888,0.5
0.0809963650330607,0,1.15424525104485,0.000118571015472821,0.5
0.0818344510889249,0,1.15386635015173,0.000117802933816813,0.5
0.0825295568773143,0,1.15344174301248,0.000116989501018408,0.5
0.0834736266907497,0,1.15309881042305,0.000116266641281779,0.5
0.0844010393440874,0,1.15275155548274,0.000115545821747517,0.5
0.085542053768297,0,1.15247447829652,0.000114905840187875,0.5
0.0864638266884732,0,1.15212662846581,0.000114195310902267,0.5
0.0874892131360755,0,1.15181379956213,0.000113523288747887,0.5
0.0887417647190162,0,1.15157541663201,0.000112940901564576,0.5
0.0899004653860979,0,1.15130720285628,0.000112333542611418,0.5
0.0911397734604194,0,1.1510659869194,0.000111759480797169,0.5
0.0927245115325545,0,1.15093810738419,0.000111317592590688,0.5
0.0939598844806011,0,1.150696919087,0.000110763409276626,0.5
0.0955781702001111,0,1.15058133404325,0.000110347547032888,0.5
0.0971264564319161,0,1.15044400827043,0.000109921592616251,0.5
0.0989568404907359,0,1.1503985445937,0.000109603601211539,0.5
0.100511547095843,0,1.15026446234649,0.000109201013336959,0.5
0.10268680268757,0,1.15033292285046,0.000109024621929042,0.5
0.104366390745387,0,1.15024050979144,0.000108693237316906,0.5
0.106763766819877,0,1.15038281405303,0.000108618287154365,0.5
0.10890923177172,0,1.15044324839257,0.000108480051059269,0.5
0.111252440357873,0,1.15056897805291,0.000108418259703326,0.5
0.113512809367839,0.000920653227912272,1.15066820898213,0.00010834516018273,0.5
0.122395427697862,0.00404261260479041,1.15354892049806,0.000112402360440318,0.5
0.133407041557539,0.00707480943409965,1.157372398816,0.000118059957366483,0.5
0.145108558272579,0.0100627330222985,1.16150261394409,0.000124297227337772,0.5
0.163842526608858,0.0138183730111404,1.16862811155762,0.000135176996238624,0.5
0.181100331695303,0.016604738034396,1.17521673781185,0.000145657504075995,0.5
0.200305676361171,0.019855214873892,1.18260669702847,0.000157474600768365,0.5
0.221172931072462,0.0229620825785851,1.19074203773506,0.00017075474996794,0.5
0.241124998379975,0.0171546329792793,1.19939911814587,0.000186284139114231,0.5
0.263559614176933,0.0254132309460695,1.20770246592348,0.000199688873674076,0.5
